# This file uses centimeters as units for non-parametric coordinates.

mtllib Display_Leg.mtl
adobe_mdllib Display_Leg.mdl
g default
v 5.297200 8.684000 -7.923750
v 5.291400 8.404300 -7.670950
v 5.012000 8.326900 -8.103849
v 5.117600 8.762600 -8.282049
v 4.643600 8.418600 -8.542550
v 4.801600 8.970000 -8.692450
v 4.909100 7.929500 -7.750250
v 4.470200 7.943300 -8.215651
v 5.259800 8.074100 -7.275650
v -0.910000 1.950800 2.857550
v -0.404900 2.375200 2.997250
v -0.375100 2.887300 1.851350
v -0.844300 2.568000 1.622450
v -0.267600 3.595600 0.929050
v -0.691500 3.328100 0.560850
v 0.134300 3.048500 2.163450
v 0.207500 3.772100 1.290950
v 0.211100 2.238300 3.495850
v -0.806800 0.378700 2.871850
v -1.133200 0.144300 2.519050
v -0.770600 0.067600 2.168650
v -0.430400 0.160000 2.879950
v -0.219400 0.062700 1.945250
v 0.228800 0.319100 3.264350
v -1.016200 0.125300 1.175350
v -0.403600 0.142500 0.493650
v -1.485800 0.254100 2.040850
v -1.447700 0.523800 0.541250
v -0.945100 0.445000 -0.399750
v -0.249900 0.589300 -1.212850
v -0.651600 1.322900 -2.152950
v 0.036800 1.581800 -2.712050
v -1.197900 1.303900 -1.426750
v -0.388900 4.345400 -4.586250
v -0.104600 5.340300 -5.701650
v 0.401800 5.178800 -5.903550
v 0.131000 4.242700 -4.839450
v 1.050700 5.206900 -5.960850
v 0.770000 4.291300 -4.956650
v 0.546600 5.967300 -6.732150
v 1.222100 5.995100 -6.792850
v 0.036200 6.144900 -6.516450
v 1.376500 9.577100 -9.123051
v 1.782100 9.575900 -9.296749
v 1.565100 9.029200 -9.267950
v 1.121900 9.223900 -9.010050
v 1.269900 8.494699 -9.018850
v 0.826500 8.742800 -8.718650
v 2.221700 8.989000 -9.441750
v 1.906900 8.396300 -9.203150
v 2.438000 9.635300 -9.444250
v 4.247000 5.300300 -3.744950
v 3.768900 5.074400 -4.194750
v 4.020900 5.810000 -5.006750
v 4.421800 6.070200 -4.583450
v 4.319100 6.341000 -5.698250
v 4.700400 6.607200 -5.284850
v 3.531500 5.598100 -5.323750
v 3.832300 6.180400 -6.015450
v 3.225600 4.829800 -4.525150
v 5.094200 0.822200 1.289550
v 4.211400 0.367400 0.920150
v 3.977000 1.055100 -1.005650
v 4.789200 1.449500 -0.513750
v 3.765700 2.447400 -2.366650
v 4.461000 2.768600 -1.838650
v 3.041800 0.918600 -1.379750
v 2.989200 2.175600 -2.733050
v 3.142800 0.217500 0.552250
v 5.083300 0.622400 4.529550
v 4.259800 0.192200 4.390950
v 4.295200 0.131400 2.760650
v 5.202600 0.589100 3.039050
v 3.212200 0.022500 2.543050
v 3.127600 0.243200 4.595250
v 1.391900 2.310800 4.447050
v 2.042100 2.729000 4.572550
v 2.010100 3.455200 3.118950
v 1.282200 3.304800 2.893250
v 2.007800 4.143800 2.252950
v 1.301500 3.998600 1.984150
v 2.867900 3.641600 3.247050
v 2.877400 4.375600 2.398150
v 2.962100 2.526000 4.992750
v 3.823200 9.496400 -9.304550
v 3.872800 10.354899 -9.087650
v 4.440300 10.063600 -8.864849
v 4.372300 9.243500 -9.046049
v 4.879200 9.681600 -8.539150
v 4.204800 11.098800 -8.087749
v 4.607400 10.680700 -7.729750
v 3.683500 11.367800 -8.320250
v 1.306400 10.090899 -8.838551
v 1.838600 10.313300 -9.060450
v 2.505900 10.463900 -9.203850
v 1.803600 11.276200 -8.235750
v 2.399800 11.475200 -8.415450
v 1.322500 10.987100 -7.985950
v 5.369800 9.068600 -7.650750
v 5.433100 8.799700 -7.178850
v 5.440300 8.504400 -6.700650
v 5.152100 9.725699 -6.367150
v 5.182100 9.418600 -5.871050
v 5.086000 9.994900 -6.858950
v 0.335200 7.588000 -7.817650
v 0.126100 8.125500 -7.352450
v 0.336400 8.732300 -7.847650
v 0.540500 8.189500 -8.338350
v 0.612000 9.279500 -8.219549
v 0.411800 9.692500 -7.035850
v 0.651900 10.197100 -7.369950
v 0.195000 9.053200 -6.582150
v 5.119000 7.382500 -6.397750
v 5.341300 7.833200 -5.775650
v 5.160100 7.459800 -5.237850
v 4.950800 7.020400 -5.880950
v 4.907200 7.001600 -4.616550
v 5.025900 8.131500 -4.185450
v 4.865000 7.501600 -3.455350
v 5.157800 8.635799 -4.823550
v -0.673900 4.723200 -4.086350
v -0.376000 5.780700 -5.242350
v -0.194800 6.632200 -6.052750
v -0.484500 6.352400 -4.456950
v -0.216700 7.313000 -5.337450
v -0.783600 5.235200 -3.257450
v 4.628200 5.475000 -3.036450
v 4.747100 4.351700 -2.125550
v 4.268600 4.193900 -2.839350
v 5.012600 3.150500 -1.103950
v 4.982700 4.524800 -1.089950
v 5.246300 3.491200 -0.166550
v 4.818000 5.650900 -1.926050
v -1.673300 0.785900 2.194850
v -1.645200 1.002900 1.006150
v -1.437700 1.692800 -0.798650
v -1.604600 1.713600 1.232050
v -1.379400 2.428400 -0.247750
v -1.665600 1.397900 2.330850
v 5.590700 1.568200 1.574850
v 5.600100 1.447000 3.147250
v 5.374000 1.475400 4.611850
v 5.553000 2.390000 2.820150
v 5.042500 2.675400 4.394350
v 5.651400 2.194900 1.728950
v -1.049200 0.370700 4.730150
v -1.007700 0.558400 4.777050
v -1.245300 0.475100 4.802950
v -1.249800 0.290100 4.741450
v -1.447700 0.409400 4.680250
v -1.426100 0.285200 4.661950
v -1.214500 0.592500 4.687250
v -1.381600 0.523600 4.615350
v -1.053900 0.671700 4.708150
v -0.538300 6.045500 -1.242550
v -0.142200 6.263900 -0.422050
v -0.111300 7.680900 -1.337050
v -0.452600 7.374500 -2.337850
v -0.014300 9.142300 -2.270050
v -0.267700 8.686500 -3.371450
v 0.361500 7.950200 -0.471750
v 0.254700 9.864700 -1.198150
v 0.349800 6.401900 0.258250
v 1.417900 6.568900 1.204950
v 2.038400 6.658500 1.473650
v 1.914000 8.437900 0.974350
v 1.347300 8.422800 0.705250
v 1.561800 11.128600 0.627950
v 0.953300 11.259500 0.336150
v 2.707100 8.377200 1.062450
v 2.319300 10.696100 0.684850
v 2.897500 6.781900 1.577850
v 1.963600 60.144100 -4.972150
v -0.079200 59.191700 -5.857250
v -1.927100 59.489902 -5.399350
v 0.143700 55.453903 -4.358650
v -1.480500 55.675903 -3.938750
v 2.084500 55.414303 -4.100650
v -4.368800 61.462803 -2.739450
v -5.749500 61.197903 -1.709850
v -6.368600 61.849800 -0.168650
v -4.932300 56.971802 -0.571250
v -5.536800 57.482502 0.892950
v -4.034300 56.494904 -1.924650
v 6.047000 62.405403 1.198350
v 6.602900 60.628502 -1.027850
v 5.827100 59.928402 -2.966750
v 6.009900 56.074402 -0.164950
v 5.249700 55.722603 -1.858850
v 6.310700 56.655804 1.670050
v -6.154700 63.853703 2.828050
v -6.520000 63.891701 4.921850
v -5.778900 64.477798 6.480750
v -5.622400 59.102001 5.743150
v -4.707600 59.553101 7.132850
v -5.990500 58.569500 4.028050
v 2.463600 65.319702 7.764150
v 4.451400 64.166405 7.048450
v 5.557500 63.334301 5.330750
v 4.660800 59.375900 6.619950
v 5.493900 58.466400 5.313050
v 3.554400 60.080101 7.868750
v -2.831200 65.680504 7.816750
v -1.272800 65.357605 9.203150
v 0.066400 65.377800 9.394350
v -0.412600 60.404503 9.226749
v 0.935800 60.499702 9.275650
v -1.928300 60.189602 8.793951
v 1.898300 51.591801 -2.082550
v 0.365000 51.632301 -2.269250
v -0.976900 51.800201 -1.940250
v 0.493800 48.484001 -0.644150
v -0.649100 48.579601 -0.398950
v 1.721300 48.475101 -0.487650
v -3.211500 52.418201 -0.588650
v -4.107500 52.761402 0.399250
v -4.681400 53.159801 1.653550
v -3.541600 49.045002 1.306150
v -4.154000 49.283802 2.328750
v -2.597300 48.907402 0.610250
v 6.056400 52.436001 2.433250
v 5.636900 52.040501 0.715650
v 4.778900 51.791203 -0.609950
v 5.383100 48.770401 1.601750
v 4.341200 48.638500 0.597350
v 5.962700 48.994602 3.073850
v -4.867800 53.956802 4.419650
v -4.393800 54.249500 5.753750
v -3.581700 54.502201 7.020150
v -3.681600 49.901703 5.837950
v -3.246900 49.961300 7.124250
v -4.001600 49.824600 4.697150
v 3.501800 54.536201 8.154850
v 4.524400 54.067402 6.992950
v 5.324500 53.515400 5.713350
v 3.908200 49.638103 7.120350
v 4.924100 49.448002 5.995750
v 2.929200 49.791000 8.037651
v -1.486200 54.886402 8.890350
v -0.251500 54.968304 9.353350
v 1.030600 54.960503 9.395050
v -0.359200 49.977001 9.393250
v 0.832700 49.959602 9.235750
v -1.501900 50.023903 9.068350
v -2.251500 45.068901 -0.668450
v -2.352800 46.552002 0.863450
v -1.527700 46.714302 0.308350
v -1.428600 45.281502 -1.049750
v -0.554100 46.662701 -0.135450
v -0.411700 45.419502 -1.380450
v -1.665800 48.763203 0.076050
v -2.562200 39.630302 -4.152650
v -2.367400 42.712200 -2.449750
v -1.416100 42.886002 -2.776650
v -1.429500 39.829601 -4.664050
v -0.268800 42.968803 -2.986550
v -0.136700 39.874500 -4.892350
v -2.026600 31.420401 -5.947950
v -2.561700 35.728302 -5.416250
v -1.265700 35.904701 -6.094650
v -0.778000 31.532900 -6.583450
v 0.083800 35.929901 -6.346550
v 0.459300 31.514999 -6.817250
v -0.292300 22.826300 -5.930250
v -1.179700 27.129801 -5.986150
v -0.082500 27.205700 -6.434650
v 0.654600 22.909000 -6.206550
v 0.956300 27.167999 -6.570350
v 1.503500 22.889299 -6.236950
v 1.777000 13.945900 -5.693350
v 0.786100 18.319599 -5.752550
v 1.435700 18.407900 -6.034450
v 2.124200 14.015300 -5.944450
v 2.096900 18.424000 -6.089450
v 2.596500 14.022300 -6.150150
v -3.731500 43.386303 2.775550
v -3.735100 46.161800 4.369650
v -4.028100 46.246502 3.452850
v -3.799400 43.885002 1.729650
v -3.898800 46.191002 2.484650
v -3.661000 44.337402 0.725450
v -4.256400 49.600403 3.526850
v -4.691500 37.610500 0.415650
v -4.205700 40.669403 1.468450
v -4.138300 41.305103 0.215650
v -4.477000 38.203003 -0.987350
v -3.884800 41.889702 -0.915550
v -4.138500 38.749001 -2.229250
v -4.047100 30.163500 -1.468350
v -4.611800 34.067501 -0.566350
v -4.465700 34.552303 -2.005750
v -3.950800 30.536400 -2.846950
v -4.186600 34.980400 -3.264350
v -3.648100 30.852100 -3.987050
v -2.316900 21.958300 -2.671150
v -3.250800 26.108000 -2.163950
v -3.041800 26.417799 -3.437050
v -2.026300 22.199499 -3.848350
v -2.694000 26.671400 -4.402850
v -1.666200 22.416100 -4.671850
v -0.244400 12.767100 -3.943450
v -1.174100 17.563499 -3.211350
v -0.739300 17.749201 -4.223650
v 0.292200 13.432899 -4.808850
v -0.276500 17.953600 -4.838950
v 0.932400 13.648499 -5.164550
v 3.480200 14.060500 -5.850650
v 3.279500 18.357100 -5.538350
v 3.672100 18.268000 -5.065850
v 3.697400 14.047400 -5.528150
v 3.967800 18.139500 -4.431450
v 3.862600 13.935200 -5.013650
v 3.737800 22.626301 -4.923350
v 4.167000 22.469601 -4.131150
v 3.118700 22.752701 -5.564450
v 3.091000 26.986401 -5.891750
v 3.987300 26.827299 -5.078650
v 4.627800 26.624800 -4.116350
v 4.279500 31.099899 -5.190750
v 5.124600 30.831100 -4.047450
v 3.097400 31.294701 -6.164350
v 2.927900 35.726200 -5.708950
v 4.231900 35.472702 -4.775150
v 5.168600 35.124500 -3.495250
v 3.855700 39.488503 -3.988150
v 4.837900 39.135601 -2.609850
v 2.550200 39.714603 -4.705050
v 2.179100 42.998802 -2.946550
v 3.410200 42.838802 -2.400150
v 4.378300 42.487103 -1.389450
v 2.931800 45.379200 -0.816950
v 3.867100 45.091702 0.000650
v 1.848600 45.497303 -1.339850
v 1.688600 46.751904 -0.152350
v 2.836600 47.041103 0.269450
v 4.015100 47.115402 0.885150
v 3.023300 48.554802 -0.059850
v -1.170800 41.457302 6.555150
v -1.339600 44.748703 8.002451
v -2.371100 44.973400 7.435450
v -2.189500 41.690601 6.044950
v -3.100700 45.400101 6.444450
v -3.025000 42.205803 5.055150
v -2.514900 50.008701 8.296249
v -1.494100 35.798000 4.810650
v -1.245100 38.703503 5.502550
v -2.535400 38.891003 5.041150
v -2.978100 35.977203 4.251450
v -3.645900 39.356201 4.115950
v -4.051300 36.408703 3.243850
v -1.250300 28.961901 2.961350
v -1.521700 32.533901 3.969750
v -3.007200 32.692703 3.289450
v -2.671400 29.063801 2.226150
v -3.928100 33.067402 2.222150
v -3.484200 29.354200 1.185150
v 0.007500 21.699699 1.073950
v -0.668000 25.304399 1.905650
v -2.055800 25.312901 1.267150
v -1.312300 21.633200 0.512150
v -2.840700 25.489901 0.328750
v -2.039400 21.658199 -0.341250
v 1.010100 16.211800 0.442150
v 0.581600 18.432899 0.589350
v -0.655300 18.265100 -0.046150
v -0.163300 15.864799 -0.326550
v -1.235200 18.014999 -0.947850
v -0.614300 15.117800 -1.375850
v 3.968200 13.822800 -4.106950
v 4.174400 17.888901 -3.252150
v 4.160000 17.751600 -2.794550
v 4.016900 13.660200 -3.814150
v 4.083300 17.610001 -2.151950
v 4.119800 13.510900 -3.188350
v 4.576400 22.033699 -1.812150
v 4.378000 21.915699 -1.066550
v 4.580100 22.160700 -2.527450
v 5.158600 26.226099 -1.991450
v 5.052200 26.080299 -1.052450
v 4.753100 25.960699 -0.171250
v 5.543400 30.060801 -0.271950
v 5.043300 29.896299 0.704950
v 5.810600 30.270901 -1.422450
v 5.936600 34.352703 -0.655450
v 5.633200 34.036301 0.550850
v 4.996600 33.768501 1.571750
v 5.316800 37.732700 1.306950
v 4.702500 37.330601 2.366250
v 5.626300 38.167004 0.164350
v 5.316200 41.494400 1.027850
v 5.128700 40.954403 2.188550
v 4.597000 40.422802 3.288450
v 5.298600 43.769901 3.266850
v 4.677300 43.209301 4.326450
v 5.354700 44.309803 2.038750
v 5.768300 46.712402 2.991150
v 5.641700 46.355602 4.354850
v 4.874000 45.978603 5.444450
v 5.715600 49.243603 4.672450
v 2.653200 42.287701 5.782550
v 2.649200 45.370800 6.996850
v 1.823300 45.074802 7.625450
v 1.782600 41.949100 6.252550
v 0.800900 44.833603 8.095949
v 0.775300 41.652802 6.603350
v 1.918900 49.884903 8.672850
v 2.921600 36.677002 3.804850
v 2.800300 39.543602 4.813450
v 1.900400 39.222301 5.252050
v 2.048500 36.411201 4.233150
v 0.867900 38.938900 5.547850
v 1.009800 36.136101 4.591050
v 3.479600 29.629101 2.045150
v 3.189500 33.353901 2.863450
v 2.281300 33.158604 3.219050
v 2.539200 29.486200 2.351750
v 1.218600 32.909500 3.608350
v 1.487200 29.300499 2.651950
v 3.486500 21.764999 0.045250
v 3.545800 25.765600 1.118650
v 2.732300 25.673599 1.370550
v 2.937000 21.762600 0.361150
v 1.821000 25.558899 1.611950
v 2.238100 21.770201 0.689450
v 4.153700 12.883300 -1.292150
v 3.642800 17.496700 -0.955250
v 3.299200 17.879801 -0.533650
v 3.683200 14.683500 -0.622950
v 2.768200 18.191799 0.004250
v 3.189700 15.549900 -0.122050
v 3.358600 12.370000 -7.061950
v 2.874200 12.475699 -7.246750
v 3.120200 14.019400 -6.096050
v 2.310000 12.417500 -7.185350
v 3.057600 11.505199 -8.444150
v 1.560700 11.956300 -6.704450
v 1.269900 11.683200 -6.492650
v 1.434000 13.821000 -5.444350
v 0.915000 11.360800 -6.233550
v 0.950300 10.623300 -7.683850
v 4.254800 11.379700 -5.576050
v 4.092800 11.650900 -5.915450
v 3.918500 13.914900 -4.446050
v 3.906600 11.939700 -6.356650
v 4.905900 10.293500 -7.313450
v 4.689000 9.797500 -3.422750
v 4.638300 10.322599 -4.137750
v 4.174000 13.243900 -2.302650
v 4.542800 10.734500 -4.772350
v 5.198200 9.058800 -5.370950
v 4.696700 3.608300 2.736050
v 3.790500 3.883400 3.196850
v 3.979000 3.158600 4.746150
v 3.782100 4.516200 2.298950
v 4.567000 4.236600 1.684650
v 0.635000 3.236500 2.540250
v 0.685000 2.593500 3.815950
v 0.710300 3.907700 1.653350
v 1.023200 14.347000 0.352850
v 2.101300 13.978300 0.517850
v 2.387700 16.045599 0.375750
v 2.790500 13.247900 0.322750
v -0.081900 10.222600 -3.907450
v -0.042800 11.124500 -2.614350
v -0.588200 14.117599 -2.470150
v -0.118000 12.460100 -1.507250
v -0.559600 6.922700 -3.407150
v -0.775500 5.708300 -2.207850
v -0.277900 8.057400 -4.430550
v -1.322000 2.213000 1.419950
v -1.392300 1.828400 2.491850
v -1.111400 2.946900 0.175550
v 4.123000 10.339800 -1.154550
v 4.687300 8.913700 -2.747750
v 4.711700 8.047900 -2.039150
v 4.282200 8.954000 -0.595850
v 4.845000 5.949400 -0.624450
v 4.971600 4.787900 0.047050
v 5.100800 3.786300 0.781650
v 4.605600 5.200900 1.052050
v 4.608400 6.447200 0.595550
v 2.855700 7.181400 -8.028450
v 2.753700 6.671400 -7.312550
v 2.039100 6.688400 -7.500050
v 2.125000 7.235900 -8.199850
v 1.333400 6.669100 -7.526650
v 1.427200 7.269300 -8.195049
v 1.931400 6.055500 -6.751250
v 2.620900 6.078500 -6.557450
v 4.550600 6.773200 -6.318350
v 4.705200 7.167700 -6.856450
v 4.038800 6.660000 -6.663350
v 4.183300 7.089700 -7.267150
v 4.689000 6.366600 -3.874750
v 4.781200 6.670900 -2.703350
v 0.187300 6.896400 -7.197150
v -0.025100 7.414400 -6.730350
v 0.016600 8.220000 -6.020750
v 4.522700 7.671500 -0.038950
v 3.708700 8.151299 0.753750
v 3.874200 6.737700 1.326050
v 3.311500 9.972899 0.331350
v 0.852400 8.229600 0.213250
v 0.878300 6.497700 0.804250
v 0.507900 10.729700 -0.309250
v -0.000100 9.167000 -5.148150
v 0.178700 10.330400 -5.580950
v 4.781100 7.045500 -1.350750
v 4.813300 7.548200 -7.325850
v 5.213800 7.731400 -6.849150
v 4.312000 7.510100 -7.778450
v 3.560900 7.105900 -7.670350
v 3.434500 6.640400 -6.995050
v 3.262500 6.104700 -6.298250
v 3.680800 12.211800 -6.779950
v 4.810800 44.753201 0.894750
v 5.132200 46.971001 1.722750
v 5.481000 38.657501 -1.190750
v 5.060500 42.020901 -0.204550
v 5.656500 30.541201 -2.752950
v 5.772600 34.732002 -2.072150
v 4.449600 22.306499 -3.288150
v 5.021700 26.412500 -3.043750
v 4.131700 18.016001 -3.755850
v 3.933400 55.521000 -3.224950
v 3.464600 51.655403 -1.534250
v 3.958300 60.410702 -4.007450
v 5.185900 9.340100 -8.122850
v 1.172700 0.162000 0.081350
v 2.093600 0.179900 0.239550
v 2.141100 0.000000 2.251350
v 1.230200 0.029000 2.053550
v 2.238500 0.057900 3.997550
v 1.491800 0.284600 3.980950
v 2.040400 4.480400 -4.932650
v 2.645100 4.628900 -4.772450
v 2.379800 3.506300 -3.891750
v 1.724200 3.336000 -4.021350
v 2.215100 2.016000 -2.951650
v 1.473800 1.887100 -3.050250
v 3.038700 3.723500 -3.659650
v 2.978600 5.449300 -5.586250
v 2.373200 5.352300 -5.797450
v 4.188200 8.601700 -8.947149
v 3.630100 8.809000 -9.268950
v 3.950800 8.060400 -8.662550
v 3.343200 8.220900 -9.023750
v 2.324100 7.774500 -8.775450
v 3.045700 7.686400 -8.608950
v 2.641100 8.335900 -9.216249
v 1.618700 7.836500 -8.753050
v 0.806300 7.348700 -8.070350
v 0.681500 6.690100 -7.437750
v 1.875300 12.200500 -6.926550
v 2.748300 18.403700 -5.908650
v 2.334700 22.835501 -6.038250
v 2.012800 27.094400 -6.425350
v 1.742900 31.441799 -6.713750
v 1.482600 35.876503 -6.263850
v 1.206400 39.837303 -4.998850
v 0.950500 43.044201 -3.114450
v 0.713500 45.525002 -1.540950
v 0.545900 46.642303 -0.325950
v -2.862900 56.046703 -3.109750
v -2.157700 52.096104 -1.361850
v -3.459800 59.963902 -4.458550
v 3.155300 9.638500 -9.450150
v 3.204400 10.493000 -9.209450
v 2.954900 8.951800 -9.451349
v 1.414500 4.374000 -4.993450
v 1.724700 5.280100 -5.936550
v 0.335700 0.162500 0.123750
v 0.506000 0.722200 -1.640150
v 1.295700 0.772400 -1.732750
v 0.754000 1.783600 -2.993850
v 0.743100 0.124500 3.363450
v 0.433100 0.035200 1.887350
v 4.392200 11.090100 -5.248550
v 0.520800 10.987800 -5.952050
v 3.624200 42.697102 5.157750
v 3.627400 45.662201 6.284850
v 3.810000 36.969902 3.219050
v 3.721000 39.935402 4.181350
v 4.332800 29.758200 1.502250
v 4.100400 33.542103 2.353450
v 3.983000 21.816799 -0.406750
v 4.244600 25.858900 0.592650
v 3.884600 17.478001 -1.481250
v 0.210500 18.152399 -5.321450
v -1.135600 22.633200 -5.348250
v -2.106600 26.920900 -5.232650
v -3.024100 31.163500 -4.998150
v -3.573400 35.389503 -4.402350
v -3.482100 39.248001 -3.313550
v -3.223100 42.379601 -1.847450
v -3.050000 44.749702 -0.116450
v -3.237700 46.285103 1.555750
v 6.071700 57.515301 3.753150
v 5.892200 52.958302 4.245850
v -5.913300 58.027802 2.421150
v -4.934200 53.585102 3.048450
v 5.592300 63.229103 3.141650
v -6.705700 62.512703 1.433450
v 0.914500 9.745200 -8.557050
v 5.422300 8.182100 -6.242950
v 1.002600 7.942300 -8.601450
v 3.721200 7.568700 -8.234350
v 0.129600 13.789900 -0.439750
v 3.406900 12.056499 -0.177450
v -4.579200 64.891304 7.652250
v -3.421000 59.904003 8.102850
v 1.066600 65.687004 8.443350
v 2.239100 60.437801 8.856850
v -2.588100 54.722900 8.108450
v 2.271100 54.828503 8.979151
v -3.625400 42.798203 3.932250
v -3.458500 45.856602 5.342850
v -4.587400 36.982403 1.924050
v -4.173900 39.989101 2.853150
v -3.900900 29.739399 -0.030650
v -4.432400 33.544903 0.934150
v -2.355500 21.767599 -1.369450
v -3.216000 25.766500 -0.785950
v -1.379300 17.757700 -1.971750
v -0.266900 41.470203 6.702550
v -0.321500 44.717201 8.201851
v -0.142600 35.899803 4.827850
v -0.202100 38.741100 5.643850
v 0.277100 29.093300 2.979050
v -0.002900 32.662003 3.953450
v 1.324900 21.761801 1.016850
v 0.741600 25.419399 1.924550
v 1.927200 18.400200 0.497050
v 4.138700 0.409200 8.735651
v 4.249200 0.730100 8.996050
v 3.660100 0.821500 9.119551
v 3.664300 0.418000 8.796051
v 3.191900 0.900000 8.910950
v 3.226300 0.560200 8.708450
v 3.808300 1.082000 9.092449
v 3.425100 1.064000 8.947350
v 4.224600 1.047200 9.032049
v 1.756500 0.527300 8.473249
v 1.986700 0.459200 8.656651
v 1.932400 0.826400 8.783550
v 1.689900 0.821200 8.509150
v 2.011800 1.032700 8.654850
v 1.823200 0.976400 8.483950
v 2.306200 0.818600 8.815350
v 2.252600 1.034300 8.731550
v 2.276900 0.519300 8.700850
v 0.570800 0.328200 7.671150
v 0.868200 0.324600 7.899050
v 0.817200 0.690900 8.007650
v 0.492700 0.607600 7.741251
v 0.809900 0.892600 7.859850
v 0.597900 0.808800 7.705451
v 1.130600 0.744000 8.035250
v 1.021700 0.941700 7.950150
v 1.138100 0.433600 7.965450
v -0.669800 0.294100 5.795650
v -0.411400 0.197000 6.254150
v -0.537900 0.454400 6.461650
v -0.798700 0.519400 5.836950
v -0.523500 0.670900 6.266650
v -0.747900 0.735700 5.834050
v -0.137800 0.558600 6.651350
v -0.274800 0.706600 6.497050
v -0.107400 0.288300 6.477350
v -0.961400 0.461800 3.060150
v -1.257200 0.201900 2.916350
v -1.533800 0.309500 2.820350
v -1.261400 0.224700 3.290150
v -1.518200 0.311200 3.244350
v -0.982000 0.462800 3.384450
v -1.639000 0.709800 2.850750
v -1.570900 1.188800 2.952950
v -1.616800 0.641200 3.262650
v -1.549300 1.055000 3.357350
v -1.325500 1.511800 3.089850
v -1.001500 1.479300 3.208150
v -1.314400 1.317700 3.474750
v -1.028100 1.287600 3.541450
v -0.847300 1.012900 3.196950
v -0.806600 1.091800 3.063250
v -0.870400 0.920400 3.492850
v 4.932700 0.685900 5.589450
v 4.192200 0.289300 5.521850
v 3.372800 0.448300 5.616350
v 4.099700 0.307400 6.291850
v 3.336500 0.454500 6.360750
v 4.806300 0.681400 6.316150
v 3.131200 1.220900 5.890350
v 3.058400 1.201600 5.496950
v 3.455400 2.200100 5.998650
v 3.111900 1.165800 6.522950
v 3.438300 2.032300 6.762550
v 4.142700 2.614700 5.932550
v 4.871600 2.203500 5.764550
v 4.123700 2.362200 6.770650
v 4.808700 1.969300 6.570850
v 5.191000 1.437600 5.682550
v 5.090800 1.348300 6.412750
v 0.514600 0.473800 3.953950
v 0.373900 1.153900 4.076450
v 0.359300 1.217200 3.722550
v 0.402700 1.818200 4.407550
v 0.330800 0.994200 4.669450
v 0.410500 1.511500 5.163450
v 0.536000 0.417900 4.533650
v 0.754500 2.037800 4.825150
v 1.223400 1.754100 5.106650
v 0.765900 1.708800 5.640750
v 1.230700 1.503900 5.869350
v 1.478300 1.099100 5.048850
v 1.505900 1.186300 4.714750
v 1.343900 0.441100 4.618950
v 1.483100 0.958100 5.762450
v 1.360800 0.373400 5.361950
v 0.889700 0.201800 4.170450
v 0.931100 0.153400 4.820350
v -0.974500 0.435400 3.727150
v -1.243900 0.236900 3.643850
v -1.499000 0.304400 3.592450
v -1.235500 0.232400 4.021250
v -1.489000 0.295600 3.954850
v -0.965600 0.384300 4.098850
v -1.607300 0.578900 3.592350
v -1.553200 0.962000 3.687550
v -1.591900 0.524100 3.928450
v -1.517100 0.825900 3.991950
v -1.321000 1.182600 3.790550
v -1.053600 1.173300 3.864250
v -1.275200 0.999500 4.083450
v -1.006500 0.988400 4.166650
v -0.873800 0.839100 3.821150
v -0.857700 0.713000 4.159550
v 4.679500 0.572600 6.949050
v 3.993100 0.252700 6.940850
v 3.271300 0.413300 6.992250
v 3.870900 0.166900 7.575750
v 3.202400 0.373500 7.613750
v 4.542300 0.387200 7.590550
v 3.039600 1.064700 7.113750
v 3.388800 1.750700 7.294950
v 2.989500 0.952800 7.736650
v 3.390500 1.402900 7.867850
v 4.134600 2.036400 7.362550
v 4.811800 1.759400 7.221150
v 4.145800 1.624100 7.958350
v 4.763800 1.530400 7.872350
v 5.031400 1.174000 7.045250
v 4.943900 0.947000 7.695950
v 0.546400 0.314300 5.268650
v 0.321500 0.824300 5.417950
v 0.391400 1.331000 5.926050
v 0.333500 0.684900 6.270650
v 0.447900 1.113600 6.662150
v 0.555500 0.244100 6.203250
v 0.760300 1.536100 6.397150
v 1.210200 1.356900 6.628850
v 0.807100 1.230000 7.007250
v 1.168500 1.139400 7.235651
v 1.472000 0.845200 6.544050
v 1.377200 0.292000 6.192450
v 1.419500 0.752200 7.235150
v 1.334700 0.258200 6.996350
v 0.955600 0.072300 5.615550
v 0.958200 0.033000 6.548250
v -0.986300 0.328300 4.512350
v -1.240500 0.198400 4.466450
v -1.476300 0.251600 4.399750
v -1.558600 0.436400 4.358650
v -1.450300 0.627400 4.371250
v -1.222300 0.743400 4.438650
v -1.002500 0.787900 4.518750
v -0.885100 0.597700 4.543250
v 4.364300 0.301600 8.241650
v 3.752800 0.186400 8.226650
v 3.154600 0.421800 8.255550
v 3.034800 0.895500 8.420151
v 3.427800 1.138300 8.586849
v 4.034000 1.261200 8.706650
v 4.544000 1.235200 8.618250
v 4.714300 0.759800 8.407551
v 0.523100 0.224800 7.099050
v 0.329900 0.615800 7.071150
v 0.520900 0.899300 7.334150
v 0.803100 0.992800 7.547750
v 1.091200 1.016600 7.734450
v 1.325700 0.726100 7.779550
v 1.262300 0.296800 7.666151
v 0.920900 0.078400 7.402050
v 1.771900 0.369400 4.929450
v 1.568300 1.078000 5.187850
v 1.686600 1.754400 5.445350
v 1.576300 0.945100 5.954350
v 1.710800 1.525700 6.264650
v 1.793300 0.308000 5.769550
v 2.131100 2.046200 5.662250
v 2.739100 1.813200 5.844150
v 2.138100 1.784300 6.508350
v 2.704400 1.571400 6.607950
v 3.011900 1.086100 5.861450
v 2.799200 0.337800 5.482550
v 2.968400 0.984900 6.531650
v 2.767900 0.315800 6.279450
v 2.260100 0.063500 5.071050
v 2.268500 0.021300 5.929150
v -0.638000 0.464700 3.222350
v -0.767200 1.068800 3.301350
v -0.751900 1.712700 3.490650
v -0.774900 0.992700 3.670150
v -0.742300 1.507800 3.934050
v -0.620000 0.464200 3.607050
v -0.396100 2.026200 3.784850
v 0.092500 1.810700 4.010050
v -0.441100 1.787700 4.321650
v 0.042800 1.577000 4.542750
v 0.323000 1.159200 3.973050
v 0.154900 0.484800 3.692550
v 0.282200 1.025400 4.457950
v 0.134400 0.456000 4.160650
v -0.284800 0.230100 3.373750
v -0.263300 0.236800 3.808950
v 1.802000 0.282000 6.591850
v 1.602800 0.859800 6.733950
v 1.729900 1.391600 7.002050
v 1.621600 0.804600 7.448850
v 1.818600 1.179700 7.625250
v 1.808700 0.310000 7.398150
v 2.126900 1.626300 7.213650
v 2.638200 1.439200 7.281450
v 2.153000 1.326600 7.781150
v 2.526400 1.241400 7.893450
v 2.896000 0.918400 7.199450
v 2.732000 0.316000 6.994050
v 2.766400 0.838400 7.871650
v 2.630600 0.343400 7.693250
v 2.264800 0.030300 6.722950
v 2.221700 0.101200 7.506250
v -0.638900 0.425300 4.031750
v -0.805500 0.886400 4.085050
v -0.784000 1.336300 4.359850
v -0.851400 0.719100 4.596550
v -0.837800 1.162400 4.839950
v -0.659000 0.342000 4.577450
v -0.502900 1.604300 4.813650
v -0.000200 1.393700 5.101050
v -0.515400 1.341300 5.281050
v -0.048100 1.139800 5.636050
v 0.255800 0.871900 5.034550
v 0.125200 0.383000 4.710250
v 0.217500 0.728300 5.679650
v 0.103000 0.318600 5.391650
v -0.265100 0.213100 4.292850
v -0.268600 0.173500 4.921450
v 1.765400 0.387400 8.091450
v 1.628300 0.797900 8.061150
v 1.853800 1.016200 8.170351
v 2.130100 1.094600 8.321449
v 2.404500 1.080600 8.456350
v 2.594100 0.788200 8.488850
v 2.467000 0.397200 8.356951
v 2.115400 0.216200 8.227350
v -0.677700 0.302700 5.212350
v -0.882700 0.641000 5.124150
v -0.823600 0.960200 5.339750
v -0.502500 0.983600 5.766450
v -0.146700 0.858900 6.206750
v 0.134000 0.612900 6.323450
v 0.053000 0.261000 6.101050
v -0.298300 0.141800 5.653650
v -0.564900 4.547400 -0.324050
v -0.158900 4.750800 0.243450
v 0.306800 4.896600 0.740150
v 0.390800 3.063800 -3.894750
v -0.280900 2.862900 -3.626450
v -0.819500 2.821100 -3.198050
v 3.685000 3.993800 -3.317650
v 1.371600 5.073000 1.531650
v 2.031700 5.215200 1.825450
v 2.913600 5.415300 1.964950
v 5.361300 2.102500 0.101550
v 5.518800 2.669700 0.834050
v -1.070900 3.160600 -2.604350
v -1.073600 3.750500 -1.824050
v 3.873800 5.458700 1.737750
v 0.814100 4.991100 1.172350
v -0.900200 4.246900 -1.000350
v 5.286000 3.095600 1.755250
v 2.130700 0.841100 -1.629850
v 1.065200 3.210500 -4.025650
v -0.495700 63.149902 1.990250
v 2.250100 59.135303 -5.621150
v -0.157700 60.197403 -5.174150
v -1.827900 60.473701 -4.760250
v -4.757700 60.563503 -3.153850
v -5.257900 62.046101 -1.452350
v -5.803400 62.642101 -0.080150
v 6.810100 61.497501 1.171050
v 5.883100 61.594902 -0.809450
v 5.195700 60.921501 -2.564150
v -6.781000 63.184803 3.105050
v -5.941700 64.499702 4.441450
v -5.320100 65.034599 5.847250
v 2.960700 64.839104 8.400450
v 3.843400 64.734299 6.548650
v 4.864600 64.018105 4.957150
v -2.952000 65.197304 8.607250
v -1.326800 65.812500 8.375450
v -0.142700 65.816902 8.571650
v 4.442600 59.407902 -4.559750
v -3.204800 60.910004 -3.909050
v 6.341500 62.425003 3.355650
v -6.090400 63.243301 1.345350
v -4.281500 65.408005 6.923150
v 1.422600 65.245903 9.204950
v 2.263200 59.765202 -5.818950
v 2.272000 59.721703 -5.835750
v -0.114500 59.781200 -6.065050
v -0.117700 59.824902 -6.046150
v -1.993000 60.091103 -5.602450
v -1.990500 60.134300 -5.583350
v -4.845400 61.243103 -3.319450
v -4.860300 61.202900 -3.334550
v -5.866500 61.860203 -1.885450
v -5.846200 61.897800 -1.875350
v -6.485300 62.532703 -0.337950
v -6.460600 62.567303 -0.334150
v 6.852700 62.301701 1.102750
v 6.881500 62.265202 1.102050
v 6.689900 61.352402 -1.157750
v 6.664700 61.392002 -1.151050
v 5.911200 60.595501 -3.129550
v 5.890900 60.637100 -3.118150
v -6.855400 63.928703 2.933750
v -6.882700 63.900600 2.945550
v -6.637900 64.629898 4.766950
v -6.614100 64.654900 4.747350
v -5.931200 65.233002 6.350350
v -5.913300 65.255501 6.325450
v 2.828900 65.574799 8.473150
v 2.848200 65.552704 8.496151
v 4.403800 64.892601 7.128650
v 4.379900 64.917603 7.109550
v 5.555400 64.084503 5.338850
v 5.527300 64.113098 5.323750
v -3.115700 65.979904 8.534349
v -3.119900 65.959801 8.564150
v -1.422300 66.107498 9.190550
v -1.424900 66.127502 9.160151
v -0.088700 66.112000 9.408449
v -0.097200 66.132103 9.378851
v 4.502700 60.064404 -4.736150
v 4.517000 60.021702 -4.750650
v -3.545100 60.580902 -4.648750
v -3.536600 60.623001 -4.630650
v 6.343800 63.226803 3.285250
v 6.374100 63.194103 3.293950
v -6.811300 63.211601 1.271550
v -6.783900 63.243103 1.267850
v -4.757100 65.653305 7.559850
v -4.745900 65.674202 7.531750
v 1.259800 65.986801 9.235149
v 1.273700 65.966103 9.262251
v 5.194200 8.514300 -8.020950
v 4.908100 8.594000 -8.434150
v 4.768400 8.133400 -8.170150
v 5.130800 8.157200 -7.715050
v -0.649000 2.463600 2.321050
v -0.550700 3.065300 1.206750
v -0.087500 3.301100 1.507850
v -0.123000 2.659100 2.597050
v -0.804800 0.151700 2.601750
v -0.316200 0.117500 2.563850
v -0.656500 0.061700 1.467450
v -1.147500 0.108000 2.019550
v -1.285100 0.257600 0.920050
v -0.704400 0.261500 0.008950
v -0.478400 0.891700 -1.681750
v -1.112100 0.766600 -0.840550
v 0.006900 4.792100 -5.312250
v 0.597500 4.750300 -5.446550
v 0.803500 5.584300 -6.382150
v 0.200200 5.634100 -6.265350
v 1.444000 9.321500 -9.212650
v 1.170100 8.851399 -9.040150
v 1.725100 8.714900 -9.276550
v 1.998600 9.288700 -9.401550
v 4.108400 5.598700 -4.417950
v 4.380000 6.216700 -5.178850
v 3.941500 5.990500 -5.529850
v 3.633300 5.355700 -4.784950
v 4.559700 0.805400 0.137350
v 4.255300 1.846400 -1.516550
v 3.438100 1.571300 -1.961350
v 3.604800 0.542300 -0.273750
v 4.773500 0.307700 3.719450
v 4.766900 0.387800 2.032350
v 3.740800 0.106300 1.705450
v 3.745000 0.085200 3.582750
v 1.656800 2.990400 3.731850
v 1.627300 3.699100 2.499150
v 2.422800 3.884700 2.687150
v 2.440700 3.126100 3.942350
v 4.167200 9.776800 -9.141251
v 4.664100 9.461100 -8.855749
v 4.605200 10.362500 -8.399349
v 4.105300 10.729899 -8.679250
v 1.561400 9.853000 -9.141550
v 2.146300 9.973100 -9.314751
v 2.135600 10.892200 -8.817450
v 1.541500 10.665800 -8.613150
v 5.386300 8.685400 -7.647950
v 5.395400 8.394800 -7.234550
v 5.369100 9.066100 -6.561650
v 5.341500 9.340800 -7.067950
v 0.286900 8.120900 -7.891650
v 0.539800 8.696100 -8.328150
v 0.470000 9.448400 -7.669050
v 0.242400 8.874000 -7.255650
v 5.191700 7.393500 -5.867750
v 4.968000 7.012500 -5.312650
v 5.017900 7.532400 -4.436550
v 5.223900 8.000800 -5.066450
v -0.393300 5.072000 -4.983050
v -0.182700 5.956400 -5.943350
v -0.320700 6.519600 -5.339150
v -0.583600 5.562200 -4.342250
v 4.470400 4.866900 -2.986950
v 4.629100 3.625300 -2.031050
v 5.023000 3.869500 -1.156450
v 4.802400 5.003500 -2.090750
v -1.613000 0.569200 1.558250
v -1.493500 0.990400 -0.100250
v -1.567400 1.628200 0.351550
v -1.695100 1.196800 1.768750
v 5.463100 1.045400 2.302650
v 5.399100 0.979300 3.903150
v 5.470000 1.999000 3.830350
v 5.678500 1.891200 2.345250
v -1.127300 0.422200 4.803250
v -1.361200 0.353400 4.762250
v -1.331200 0.494000 4.727950
v -1.120900 0.588800 4.778750
v -0.341600 6.869900 -1.298150
v -0.241400 8.205900 -2.362950
v 0.134000 8.589000 -1.336450
v 0.104600 7.077700 -0.448950
v 1.697300 7.437900 1.114950
v 1.391000 9.758100 0.653850
v 2.040600 9.603700 0.850450
v 2.397000 7.499300 1.306350
v -0.907800 57.666302 -5.096050
v 1.073500 57.505302 -5.214350
v -5.737400 59.631901 -0.447150
v -4.962300 59.057201 -1.922250
v 6.012000 58.303600 -1.598250
v 6.523500 58.933300 0.336950
v -5.801300 62.078701 6.141250
v -6.368200 61.482002 4.457450
v 5.089200 61.674103 6.070350
v 3.945000 62.494801 7.484850
v -0.148900 63.272400 9.315250
v -1.634200 63.138000 8.998650
v 1.109400 53.439003 -3.278250
v -0.508700 53.553402 -3.191550
v -0.187600 49.982803 -1.243750
v 1.107800 49.900703 -1.307950
v -4.087900 54.586403 -0.679250
v -4.823800 55.015701 0.605850
v -4.132600 50.980400 1.407150
v -3.350200 50.683300 0.438150
v 6.031500 54.143902 1.123250
v 5.455100 53.776600 -0.519350
v 5.078500 50.132504 0.569250
v 5.829400 50.407001 1.965150
v -5.273500 56.396702 5.051050
v -4.582800 56.778702 6.495850
v -3.681500 52.128304 6.451550
v -4.196200 51.945900 5.195450
v 4.174100 56.982502 7.374550
v 5.078400 56.278702 6.127350
v 4.686000 51.582901 6.556050
v 3.741900 51.943302 7.711250
v -0.936300 57.559502 9.092449
v 0.418100 57.672203 9.354851
v 0.313900 52.478500 9.495550
v -0.908800 52.492104 9.316151
v -1.885600 45.944103 -0.016250
v -1.003300 46.070801 -0.459250
v -1.098700 47.538601 0.138850
v -2.007200 47.603500 0.649450
v -1.972600 41.379200 -3.564950
v -0.835500 41.489304 -3.850350
v -0.895700 44.264801 -2.025750
v -1.866200 44.114700 -1.741950
v -1.722500 33.686501 -6.157450
v -0.403500 33.753601 -6.621850
v -0.720900 37.991302 -5.632650
v -2.019800 37.882504 -5.217050
v -0.232400 25.045799 -6.181350
v 0.761600 25.059401 -6.383150
v 0.129400 29.351799 -6.688450
v -1.041400 29.331499 -6.320950
v 1.609400 16.000401 -5.786450
v 2.129200 16.027201 -6.000950
v 1.420600 20.705799 -6.163650
v 0.630400 20.663300 -6.021050
v -3.797400 44.877201 3.162350
v -3.871300 45.115902 2.212150
v -4.133600 47.696503 3.118050
v -3.990900 47.877502 4.168250
v -4.430400 39.515503 0.235950
v -4.212800 40.119701 -1.030350
v -3.872900 42.941601 0.369250
v -3.932100 42.360401 1.478250
v -4.348600 32.367302 -1.764450
v -4.158700 32.759403 -3.082550
v -4.395700 36.688103 -2.169450
v -4.653000 36.172802 -0.818850
v -2.704500 24.195999 -3.076350
v -2.399800 24.449499 -4.137250
v -3.387400 28.629101 -3.725150
v -3.620600 28.324900 -2.534750
v -0.428600 15.283200 -4.046050
v 0.145800 15.568200 -4.735250
v -1.201800 20.106899 -4.428250
v -1.585600 19.890600 -3.519750
v 3.560500 16.008499 -5.431650
v 3.811900 15.926000 -4.954850
v 3.880500 20.408699 -4.618750
v 3.452200 20.539000 -5.255450
v 3.495100 24.808599 -5.363350
v 4.134000 24.646000 -4.556050
v 4.566300 28.835100 -4.665450
v 3.660800 29.040199 -5.661450
v 3.708400 33.423801 -5.567950
v 4.798900 33.150303 -4.455650
v 4.594000 37.382603 -3.817450
v 3.438800 37.686901 -4.939750
v 3.019600 41.367401 -3.628150
v 4.174800 41.101200 -2.692550
v 3.634600 44.060204 -1.159050
v 2.591300 44.326000 -1.891150
v 2.298600 46.251400 -0.418050
v 3.357600 46.269901 0.183750
v 3.534400 47.761703 0.557550
v 2.280600 47.578403 0.052650
v -1.749500 43.002502 7.059150
v -2.660500 43.398502 6.286850
v -2.868100 47.487904 7.482450
v -1.975700 47.331001 8.379351
v -2.077300 37.343102 4.953150
v -3.407300 37.663601 4.222050
v -2.840000 40.502300 5.063250
v -1.735700 40.144001 5.784850
v -2.202200 30.808899 3.191050
v -3.376000 31.058701 2.252550
v -3.613300 34.565502 3.310250
v -2.326700 34.262001 4.175750
v -1.049200 23.455999 1.219150
v -2.137700 23.494801 0.446750
v -2.857200 27.291599 1.251550
v -1.737700 27.137699 2.138550
v 0.161000 17.120300 0.211050
v -0.721400 16.749901 -0.689550
v -1.365900 19.811399 -0.206950
v -0.378400 19.922600 0.557150
v 4.033100 15.663000 -3.466250
v 4.049500 15.531400 -2.983650
v 4.298000 19.844500 -1.954550
v 4.367100 19.976999 -2.588350
v 4.850700 24.141701 -1.826250
v 4.712800 24.020201 -1.003450
v 5.147800 27.999001 -0.187950
v 5.451400 28.150400 -1.179850
v 5.843700 32.186203 -0.429850
v 5.388500 31.953600 0.669450
v 5.211800 35.764103 1.467450
v 5.701500 36.115402 0.362750
v 5.361200 39.645103 1.167050
v 4.943400 39.161404 2.281650
v 4.949800 42.121902 3.268650
v 5.287700 42.687401 2.117850
v 5.601900 45.319103 3.228950
v 5.209500 44.801102 4.419450
v 5.350500 47.676201 5.258150
v 5.887600 47.757801 3.899450
v 2.212000 43.529404 6.663450
v 1.307500 43.199600 7.159950
v 1.346000 47.313900 8.524250
v 2.302000 47.417400 7.923050
v 2.420800 37.996902 4.548650
v 1.466400 37.707802 4.927350
v 1.332500 40.425903 5.899950
v 2.280900 40.738503 5.521450
v 2.892600 31.445499 2.627550
v 1.896900 31.252199 2.953250
v 1.650700 34.714401 3.908450
v 2.608500 34.962803 3.523050
v 3.178800 23.760300 0.745950
v 2.436800 23.697701 0.990850
v 2.157100 27.520500 1.993250
v 3.103000 27.653999 1.756650
v 3.729300 15.706900 -0.882150
v 3.320200 16.535099 -0.420550
v 2.821400 19.839701 0.069250
v 3.323900 19.707199 -0.335250
v 3.231000 12.991600 -6.508950
v 2.748200 12.991199 -6.621450
v 2.616700 11.989500 -7.877850
v 3.222700 11.937300 -7.822550
v 1.622900 12.616400 -5.995750
v 1.266800 12.401299 -5.767450
v 0.927800 10.906000 -6.967250
v 1.245300 11.264800 -7.239250
v 3.978400 12.508300 -4.947050
v 3.877500 12.655700 -5.362950
v 4.373000 11.079900 -6.873150
v 4.592000 10.746700 -6.465650
v 4.421100 11.380899 -2.748650
v 4.344300 11.757900 -3.597950
v 4.908100 9.768900 -5.117450
v 4.945000 9.337200 -4.533350
v 4.386300 3.424700 3.805150
v 3.377500 3.375800 4.022450
v 3.314700 4.132700 2.746150
v 4.204900 4.104500 2.467450
v 0.970700 2.903000 3.397750
v 0.391600 2.813000 2.971750
v 0.402400 3.470700 1.854750
v 0.956000 3.595800 2.209150
v 1.722400 15.278500 0.496750
v 2.752700 14.774700 0.283050
v 2.132600 12.337399 0.578150
v 1.363300 12.827200 0.487950
v -0.203100 11.926200 -3.248650
v -0.333900 13.143500 -2.024850
v 0.059200 10.524400 -1.951250
v -0.072700 9.687200 -3.110650
v -0.622300 6.550500 -2.285750
v -0.674300 6.096000 -3.369850
v -0.389100 7.175700 -4.460450
v -0.424300 7.781600 -3.424050
v -1.146600 2.146600 2.111750
v -1.550500 1.792700 1.914450
v -1.393700 2.286800 0.667750
v -1.008400 2.720300 0.931750
v 4.429600 10.323700 -2.133450
v 4.918400 8.795000 -3.867650
v 4.840700 8.130400 -3.138750
v 4.480400 8.971400 -1.618550
v 4.924200 5.203900 -0.904950
v 5.115000 4.105900 -0.118150
v 4.850100 4.457000 0.883550
v 4.809000 5.587200 0.305950
v 2.438200 6.953900 -7.793750
v 1.720100 6.971800 -7.883850
v 1.637200 6.368000 -7.166850
v 2.349000 6.392300 -7.050550
v 4.857300 7.068000 -6.387650
v 4.388600 6.911700 -6.790050
v 4.207700 6.483800 -6.187250
v 4.656700 6.676600 -5.824250
v 4.494000 5.839600 -3.869750
v 4.728200 6.063100 -2.934750
v 4.815100 6.909300 -3.717350
v 4.695600 6.527500 -4.657450
v 0.115200 7.473700 -7.317250
v 0.064400 8.183500 -6.708950
v -0.111300 7.381100 -6.072750
v -0.035800 6.741900 -6.664850
v 4.258100 7.267800 0.731050
v 3.333700 7.490300 1.234450
v 2.963900 9.274800 0.757950
v 4.001700 8.689100 0.179350
v 1.155400 7.362800 0.766650
v 0.627900 7.235300 0.241150
v 0.519800 9.104400 -0.446450
v 0.911400 9.596600 0.231850
v 0.119700 9.168400 -5.897750
v -0.014600 10.535100 -4.706150
v -0.156600 9.014600 -4.293350
v -0.103600 8.184999 -5.290750
v 4.815700 6.319100 -1.663150
v 4.749300 6.780400 -0.311350
v 4.637100 7.916300 -0.974050
v 4.794400 7.312600 -2.403250
v 4.984700 7.435200 -6.873550
v 5.065500 7.795900 -7.311350
v 4.635000 7.715400 -7.775750
v 4.516700 7.315200 -7.316450
v 3.156300 6.902500 -7.523150
v 3.036100 6.384300 -6.797350
v 3.663400 6.398200 -6.496350
v 3.818500 6.868200 -7.157850
v 3.543900 12.951500 -6.253350
v 3.722400 11.755400 -7.614050
v 4.089400 11.458500 -7.288550
v 3.744400 12.819600 -5.873650
v 5.320900 45.765400 1.948650
v 5.669000 47.790401 2.423150
v 4.756500 47.802502 1.284450
v 4.432100 46.083900 0.941550
v 5.418400 40.156403 -0.051950
v 5.140500 43.218102 0.920750
v 4.510000 43.670700 -0.181250
v 4.998800 40.672401 -1.376650
v 5.919700 32.479504 -1.742750
v 5.797400 36.524002 -0.929650
v 5.396700 36.975903 -2.368950
v 5.538000 32.816700 -3.153550
v 4.800800 24.287199 -2.688050
v 5.485500 28.349100 -2.317850
v 5.175400 28.589300 -3.537150
v 4.563700 24.461901 -3.627950
v 4.020700 15.786600 -3.805350
v 4.327300 20.110800 -3.173250
v 4.173700 20.258101 -3.867050
v 3.968200 15.846800 -4.327750
v 2.869600 53.463001 -2.796850
v 2.513800 49.908203 -0.979050
v 3.921200 49.982403 -0.372950
v 4.406400 53.572502 -1.865250
v 3.254700 57.580502 -4.577150
v 4.976400 57.862202 -3.297050
v 5.279700 8.912900 -8.052150
v 5.224700 9.613600 -7.567650
v 4.978000 9.948299 -8.019850
v 5.034000 9.147000 -8.477250
v 1.623200 0.041300 1.144750
v 1.756800 0.057700 3.093350
v 2.673300 0.038300 3.363950
v 2.637000 0.046700 1.394750
v 2.189700 4.028700 -4.421350
v 1.935700 2.684300 -3.518150
v 2.640600 2.855600 -3.350350
v 2.809400 4.219300 -4.228050
v 2.828900 5.758900 -6.072550
v 2.515100 4.998300 -5.293250
v 3.095900 5.149000 -5.072350
v 3.419700 5.842200 -5.819150
v 4.030500 9.025599 -9.181049
v 3.796700 8.415299 -9.012350
v 4.325500 8.239300 -8.617450
v 4.521000 8.787400 -8.842150
v 2.572000 7.472100 -8.447350
v 2.836700 8.005600 -8.952650
v 2.108800 8.082700 -9.029449
v 1.851200 7.528900 -8.514250
v 0.472600 7.109600 -7.662250
v 0.333300 6.397300 -7.006150
v 0.937100 6.326400 -7.147150
v 1.044800 6.988700 -7.833350
v 1.898000 12.783600 -6.207550
v 1.597900 11.572800 -7.481650
v 2.044800 11.839800 -7.722050
v 2.251100 12.918500 -6.467850
v 3.219100 16.011900 -5.775350
v 2.871400 20.632601 -5.751550
v 2.166800 20.686199 -6.073850
v 2.712100 16.010099 -6.005250
v 2.639800 24.925800 -5.995150
v 2.495300 29.191099 -6.407050
v 1.276900 29.292999 -6.729850
v 1.692500 25.003500 -6.339750
v 2.331300 33.614403 -6.363550
v 2.049900 37.882702 -5.566250
v 0.646100 37.978302 -5.767050
v 0.923300 33.721104 -6.696550
v 1.715800 41.497002 -4.016250
v 1.413700 44.432201 -2.242750
v 0.240100 44.391602 -2.246450
v 0.432700 41.524700 -4.031350
v 1.181000 46.157204 -0.760650
v 1.094100 47.417603 -0.247850
v -0.048200 47.424400 -0.222350
v 0.054600 46.113201 -0.767050
v -3.080100 54.190903 -1.775450
v -2.373800 50.431801 -0.257150
v -1.341700 50.177402 -0.820050
v -1.881300 53.824501 -2.627550
v -3.860400 58.504803 -3.292250
v -2.501400 58.017403 -4.401150
v 3.547000 9.992000 -9.327150
v 3.489600 10.944700 -8.848850
v 2.810600 11.000100 -8.904150
v 2.848300 10.048600 -9.394249
v 3.161500 8.581300 -9.289450
v 3.418900 9.223100 -9.414150
v 2.709200 9.300200 -9.495550
v 2.435800 8.667200 -9.382151
v 1.898800 4.892600 -5.437750
v 2.181400 5.709300 -6.284250
v 1.495100 5.650200 -6.390950
v 1.253500 4.810100 -5.485150
v 0.802500 0.394900 -0.863550
v 0.997900 1.236200 -2.438350
v 0.250700 1.113900 -2.227750
v 0.011600 0.351000 -0.618250
v 0.951700 0.083800 2.841650
v 0.747200 0.050000 1.019850
v -0.018400 0.061400 1.101950
v 0.274600 0.100600 2.627250
v 4.080500 12.301900 -4.679850
v 4.731100 10.460900 -6.067050
v 4.829100 10.144300 -5.626450
v 4.211700 12.062700 -4.282250
v 0.229100 11.738200 -5.089950
v 0.342200 9.972899 -6.341450
v 0.625000 10.498199 -6.677850
v 0.761900 12.159500 -5.512250
v 3.080700 43.894100 6.061650
v 3.206900 47.518902 7.214750
v 4.308200 47.590702 6.329550
v 4.209800 44.310600 5.341550
v 3.299200 38.314404 4.032150
v 3.187700 41.104504 4.997550
v 4.167800 41.572601 4.253250
v 4.208800 38.704601 3.284450
v 3.801500 31.600500 2.223150
v 3.483800 35.189102 3.075550
v 4.412500 35.450802 2.404950
v 4.673700 31.762199 1.569550
v 3.827100 23.827801 0.383550
v 3.951100 27.765499 1.364750
v 4.650900 27.875999 0.684850
v 4.364000 23.914400 -0.224450
v 3.948100 15.201900 -1.444050
v 3.713100 19.650600 -0.726650
v 4.063600 19.718800 -1.272350
v 4.030800 15.368999 -2.235750
v 1.158100 15.899500 -5.477050
v -0.158900 20.520901 -5.618750
v -0.771300 20.316200 -5.061350
v 0.694000 15.741500 -5.125250
v -1.231400 24.902000 -5.662850
v -2.140900 29.167700 -5.593750
v -2.931600 28.905100 -4.691350
v -1.965100 24.677900 -4.939050
v -2.907600 33.459103 -5.285450
v -3.136000 37.594200 -4.421250
v -3.943000 37.166801 -3.366750
v -3.728100 33.120701 -4.221150
v -2.933500 41.107101 -3.014850
v -2.706000 43.865402 -1.326250
v -3.462900 43.466400 -0.616250
v -3.728700 40.667004 -2.143750
v -2.702100 45.657501 0.520050
v -2.915400 47.531700 1.246250
v -3.747900 47.521000 2.075450
v -3.478500 45.344803 1.273250
v 6.119300 54.738201 3.036550
v 5.979500 50.789703 3.675250
v 5.493400 51.194901 5.249150
v 5.741800 55.494904 4.789850
v -5.471800 55.961601 3.521450
v -4.489700 51.700802 3.957650
v -4.504500 51.347000 2.650750
v -5.280400 55.488201 2.037950
v 6.455100 59.772701 2.464250
v 5.909700 60.729603 4.454750
v -6.458500 60.847504 2.703550
v -6.222800 60.233303 1.100050
v 1.151800 9.624000 -8.942949
v 1.080800 10.350500 -8.332450
v 0.739000 9.942200 -8.006750
v 0.836700 9.215000 -8.673850
v 5.323400 7.739900 -6.350150
v 5.342400 8.398100 -5.599950
v 5.372400 8.754400 -6.077750
v 5.378100 8.075200 -6.791750
v 0.635600 7.747700 -8.241750
v 1.187800 7.592500 -8.431550
v 1.424500 8.157100 -8.927650
v 0.877100 8.320900 -8.703750
v 3.292500 7.381500 -8.171350
v 3.951500 7.307100 -7.753450
v 4.119600 7.756400 -8.241350
v 3.519200 7.878600 -8.669450
v 0.455300 15.221300 0.066950
v 0.586300 12.699300 -0.002350
v 0.161200 11.740300 -0.894150
v -0.262500 14.390000 -0.936150
v 3.864200 12.433200 -0.755050
v 3.758100 10.276999 -0.334250
v 2.874300 11.531300 0.361150
v 3.331700 13.935100 -0.164450
v -3.284500 62.882702 8.326349
v -4.737300 62.537701 7.401450
v 2.548900 63.048203 8.623350
v 1.159400 63.272701 9.234251
v -2.278200 57.357601 8.506950
v -2.015400 52.443302 8.702950
v -2.949600 52.306004 7.704350
v -3.519500 57.097301 7.654250
v 3.001800 57.459801 8.486450
v 2.669900 52.218502 8.591949
v 1.518000 52.397602 9.197950
v 1.712700 57.660900 9.178949
v -3.604000 44.490002 4.146350
v -3.660900 47.866100 5.175850
v -3.372600 47.697601 6.297150
v -3.286200 43.961300 5.217050
v -4.502000 38.861801 1.656950
v -3.941200 41.727402 2.703250
v -3.652600 41.077202 3.962450
v -4.241700 38.208401 3.073650
v -4.321300 31.912199 -0.287450
v -4.697600 35.605503 0.684650
v -4.361900 35.043503 2.121850
v -4.006000 31.452101 1.091050
v -2.848000 23.907499 -1.742450
v -3.656300 27.955000 -1.127150
v -3.422700 27.585699 0.175650
v -2.675500 23.657801 -0.521550
v -0.852000 15.491000 -2.885850
v -1.843800 19.755100 -2.292550
v -1.789200 19.748501 -1.135950
v -0.978300 16.207001 -1.698550
v -0.768800 42.881901 7.385251
v -0.905000 47.246700 8.837250
v 0.226600 47.244602 8.892151
v 0.235300 42.964401 7.418150
v -0.750700 37.295902 5.226750
v -0.696900 40.061203 6.078950
v 0.277700 40.176300 6.106750
v 0.384800 37.451302 5.172750
v -0.633800 30.814199 3.554250
v -0.788800 34.243504 4.471650
v 0.535700 34.447002 4.271150
v 0.763600 31.016701 3.325150
v 0.380300 23.529200 1.505850
v -0.225500 27.182499 2.507850
v 1.100900 27.350100 2.304350
v 1.557900 23.623100 1.293550
v 1.557800 17.204100 0.528150
v 1.002000 19.996399 0.813550
v 2.110500 19.955799 0.521050
v 2.695600 16.975901 0.149850
v 3.935800 0.570800 8.982651
v 3.375700 0.679000 8.943951
v 3.475700 0.997300 9.084150
v 3.982500 0.937300 9.152050
v 1.799900 0.656500 8.652250
v 1.830500 0.939700 8.645350
v 2.120600 0.963800 8.807650
v 2.122600 0.648000 8.806049
v 0.661000 0.474400 7.902450
v 0.666600 0.765700 7.877150
v 0.953000 0.852700 8.010651
v 1.008600 0.552500 8.041349
v -0.639800 0.336100 6.147950
v -0.681300 0.585600 6.154850
v -0.376900 0.599000 6.567650
v -0.289300 0.353200 6.569550
v -1.051100 0.259600 2.828950
v -1.385600 0.187800 2.600050
v -1.411800 0.224600 3.071350
v -1.114400 0.301000 3.156150
v -1.614000 0.486800 2.523950
v -1.665200 1.018400 2.625650
v -1.609800 0.899400 3.115850
v -1.599500 0.472600 3.053950
v -1.518600 1.505700 2.755950
v -1.168000 1.725800 2.940150
v -1.158400 1.428900 3.348250
v -1.447500 1.288700 3.234450
v -0.875700 1.402600 3.088950
v -0.840700 0.722600 3.031950
v -0.890200 0.705800 3.278950
v -0.908700 1.196500 3.369850
v 4.665300 0.392800 5.049550
v 3.736600 0.236600 5.044650
v 3.724500 0.311400 5.956850
v 4.545200 0.445600 5.946850
v 3.138300 0.738700 5.416150
v 3.137200 1.791000 5.624550
v 3.246800 1.683900 6.321150
v 3.171600 0.777100 6.094150
v 3.640700 2.694700 5.467450
v 4.538500 2.725500 5.290050
v 4.510300 2.339400 6.302550
v 3.788100 2.390000 6.429550
v 5.178800 1.952000 5.192250
v 5.210900 1.025100 5.166050
v 5.068600 1.031100 6.022950
v 5.045200 1.753000 6.132850
v 0.382700 0.779900 3.729750
v 0.338800 1.632600 3.908750
v 0.350400 1.395700 4.549050
v 0.418200 0.750400 4.247850
v 0.495400 2.221700 4.152150
v 1.003900 2.210800 4.575050
v 0.999800 1.775000 5.400250
v 0.563900 1.801800 5.033050
v 1.417000 1.599600 4.840850
v 1.480200 0.743300 4.589550
v 1.460700 0.700900 5.204350
v 1.390900 1.342100 5.474650
v 1.125400 0.226200 4.040450
v 0.597600 0.240600 3.689950
v 0.709000 0.267300 4.323450
v 1.146800 0.244600 4.721650
v -1.106700 0.307100 3.506850
v -1.392500 0.235700 3.438750
v -1.377300 0.244300 3.790350
v -1.093600 0.296400 3.863550
v -1.580100 0.435900 3.417250
v -1.604500 0.812600 3.473750
v -1.593400 0.732100 3.785250
v -1.567500 0.409000 3.747950
v -1.451900 1.156700 3.585650
v -1.180600 1.280600 3.683150
v -1.164000 1.129200 3.980550
v -1.436000 1.026100 3.883550
v -0.935100 1.086500 3.692850
v -0.896200 0.657200 3.606850
v -0.885800 0.585700 3.948550
v -0.923400 0.959900 4.009650
v 4.426500 0.413100 6.619450
v 3.644500 0.292000 6.644650
v 3.555900 0.235200 7.270350
v 4.294700 0.292900 7.253450
v 3.117400 0.732200 6.739950
v 3.180800 1.538300 6.937450
v 3.126900 1.317600 7.489950
v 3.048100 0.670400 7.350350
v 3.741300 2.141100 7.093350
v 4.497300 2.098900 7.007950
v 4.514600 1.801000 7.607650
v 3.747300 1.753700 7.619950
v 5.001700 1.584100 6.810850
v 4.964200 0.941300 6.673650
v 4.863600 0.748000 7.303450
v 4.970900 1.384800 7.447751
v 0.399200 0.620200 4.892450
v 0.319900 1.184200 5.263550
v 0.330400 1.009500 6.051450
v 0.410300 0.494100 5.725650
v 0.550500 1.565800 5.809550
v 0.998800 1.577600 6.185350
v 0.995900 1.359500 6.861650
v 0.576700 1.351000 6.523250
v 1.392000 1.192000 6.247550
v 1.475400 0.592500 5.998350
v 1.452000 0.515400 6.787350
v 1.354400 1.048400 6.960250
v 1.179000 0.163600 5.482550
v 0.726500 0.187400 4.984850
v 0.745400 0.113300 5.854450
v 1.182300 0.104100 6.345850
v -1.095000 0.254500 4.283050
v -1.372700 0.217600 4.213750
v -1.364300 0.224400 4.601050
v -1.119400 0.265200 4.646250
v -1.556000 0.362900 4.154050
v -1.556100 0.607500 4.154350
v -1.480800 0.489600 4.527650
v -1.507300 0.327200 4.553450
v -1.376200 0.811600 4.219250
v -1.114600 0.900900 4.310050
v -1.111300 0.705300 4.613350
v -1.317900 0.609500 4.545950
v -0.905300 0.788100 4.361250
v -0.889100 0.491100 4.339450
v -0.948800 0.454800 4.675650
v -0.960500 0.672200 4.672050
v 4.151300 0.190500 7.902250
v 3.460100 0.220600 7.911850
v 3.400400 0.348600 8.520451
v 3.998100 0.263500 8.521351
v 3.013500 0.644000 8.005251
v 3.147700 1.109700 8.163750
v 3.215700 1.020300 8.766550
v 3.063500 0.697800 8.604250
v 3.750800 1.355600 8.307449
v 4.425500 1.452800 8.322350
v 4.173200 1.178500 8.944050
v 3.664800 1.134700 8.900551
v 4.830500 1.146000 8.154949
v 4.712900 0.552900 7.971950
v 4.424800 0.503300 8.627150
v 4.487700 0.954700 8.832050
v 0.391000 0.422200 6.626550
v 0.365900 0.844500 6.834150
v 0.450200 0.741400 7.497050
v 0.420600 0.420600 7.423950
v 0.637800 1.068700 7.168350
v 0.973700 1.105800 7.416350
v 0.931200 0.983800 7.814950
v 0.682700 0.899000 7.648750
v 1.282300 0.931000 7.546350
v 1.385000 0.490900 7.474050
v 1.259900 0.544800 7.925550
v 1.166100 0.893300 7.932350
v 1.144900 0.105300 7.196050
v 0.731400 0.085900 6.812850
v 0.702500 0.181900 7.569951
v 1.074500 0.238900 7.802351
v 1.579200 0.718200 4.683250
v 1.530200 1.594200 4.950350
v 1.601800 1.338000 5.713550
v 1.644600 0.656100 5.421550
v 1.794800 2.241300 5.061250
v 2.453200 2.306900 5.293950
v 2.440100 1.826800 6.188750
v 1.897000 1.798100 5.998950
v 2.963500 1.654200 5.579350
v 3.016300 0.686400 5.384250
v 2.934700 0.657600 6.060150
v 2.911600 1.378800 6.238450
v 2.600800 0.124100 4.794650
v 1.938700 0.150300 4.490050
v 2.009900 0.127600 5.389750
v 2.533300 0.116800 5.693250
v -0.755800 0.731600 3.087050
v -0.818300 1.475900 3.175650
v -0.781800 1.338600 3.582150
v -0.715900 0.730200 3.416950
v -0.636900 2.064500 3.305450
v -0.124200 2.156300 3.596650
v -0.167600 1.848000 4.202050
v -0.608500 1.804000 3.898250
v 0.280400 1.627100 3.807450
v 0.305200 0.782800 3.662350
v 0.266700 0.767300 4.075750
v 0.228700 1.417200 4.270350
v -0.070700 0.256400 3.295550
v -0.545800 0.264500 3.060850
v -0.462200 0.301200 3.474050
v -0.049100 0.303700 3.748450
v 1.652100 0.574500 6.234850
v 1.609900 1.203500 6.494350
v 1.656500 1.083200 7.208850
v 1.670900 0.544500 7.027750
v 1.891100 1.638600 6.777950
v 2.413200 1.664000 6.938150
v 2.368500 1.458500 7.563950
v 1.937100 1.426200 7.424950
v 2.858700 1.258300 6.929950
v 2.897900 0.614900 6.771750
v 2.810900 0.590300 7.451550
v 2.751600 1.140800 7.582650
v 2.532200 0.101800 6.483350
v 2.013200 0.090900 6.221750
v 2.013100 0.119200 7.036150
v 2.489300 0.139800 7.225250
v -0.733300 0.683500 3.805650
v -0.800400 1.196500 3.979950
v -0.850700 1.036100 4.438350
v -0.763700 0.574200 4.276450
v -0.651300 1.603900 4.356750
v -0.225700 1.649600 4.732850
v -0.266000 1.430400 5.239950
v -0.700400 1.414200 4.816150
v 0.190100 1.239200 4.817550
v 0.242700 0.660800 4.598450
v 0.220800 0.552000 5.222850
v 0.153000 1.052200 5.399950
v -0.052400 0.273100 4.224250
v -0.463500 0.292700 3.892850
v -0.473000 0.251200 4.404250
v -0.057900 0.229100 4.812850
v 1.663600 0.563600 7.752550
v 1.703600 0.966600 7.834050
v 1.717100 0.921500 8.325451
v 1.660400 0.630600 8.305750
v 1.997000 1.155300 7.991450
v 2.313400 1.197900 8.137251
v 2.205000 1.082700 8.587650
v 1.954100 1.032300 8.436350
v 2.609400 1.005500 8.218149
v 2.665200 0.576000 8.133949
v 2.448700 0.616200 8.652149
v 2.418000 0.957000 8.688950
v 2.381300 0.212800 7.963750
v 1.969200 0.196800 7.820550
v 1.883200 0.351600 8.403650
v 2.221600 0.352100 8.537750
v -0.799900 0.480700 4.823750
v -0.893500 0.888900 4.935350
v -0.855600 0.737300 5.511650
v -0.797100 0.425600 5.467350
v -0.700700 1.155900 5.287550
v -0.296000 1.105700 5.748950
v -0.362700 0.797600 6.241150
v -0.661800 0.848700 5.808750
v 0.086100 0.842100 6.022250
v 0.183600 0.461500 5.928450
v 0.044400 0.418900 6.484250
v -0.078900 0.701300 6.513550
v -0.075700 0.181200 5.535350
v -0.484300 0.203800 5.056250
v -0.525100 0.191100 5.746750
v -0.161200 0.169300 6.194250
v -0.357100 5.403200 -0.403650
v 0.087800 5.567100 0.234350
v 0.021600 4.203500 0.782850
v -0.416200 4.010500 0.344050
v 0.251800 3.656500 -4.359450
v -0.359000 3.582700 -4.117650
v -0.776100 1.992000 -2.656950
v -0.141400 2.176300 -3.155050
v 3.978300 4.700900 -3.552350
v 3.415000 4.463900 -3.941550
v 3.357100 3.101200 -3.064450
v 4.036300 3.377900 -2.639350
v 1.698800 5.831500 1.532350
v 2.454300 5.992100 1.754150
v 2.439200 4.737700 2.108750
v 1.656200 4.540900 1.874650
v 5.276400 1.403700 0.584750
v 5.602300 2.104100 1.038450
v 5.340400 2.829000 -0.113750
v 4.937700 2.309800 -0.905450
v -0.763800 3.766900 -3.693350
v -0.918500 4.238200 -3.006150
v -1.277900 2.689300 -1.384950
v -1.183000 2.133500 -2.050550
v 3.412800 6.101100 1.714150
v 4.300100 5.974000 1.241050
v 4.234100 4.842400 1.710650
v 3.371200 4.928100 2.126950
v 0.589100 5.672700 0.771050
v 1.120200 5.743000 1.201250
v 1.039200 4.431700 1.554650
v 0.506400 4.339000 1.188250
v -0.905000 4.768400 -2.081750
v -0.713400 5.159800 -1.162950
v -0.817900 3.731900 -0.143750
v -1.135000 3.315500 -0.716850
v 5.560800 2.584200 1.779450
v 5.192300 2.978000 2.959650
v 4.933800 3.668800 1.711550
v 5.335100 3.226400 0.777550
v 1.651300 0.422200 -0.829250
v 2.587000 0.468800 -0.615250
v 2.580200 1.422100 -2.259250
v 1.766000 1.316800 -2.421350
v 1.559800 3.888600 -4.509950
v 0.914500 3.779500 -4.484950
v 0.555500 2.411800 -3.456450
v 1.246200 2.553100 -3.565650
v 0.522000 60.909000 -3.331050
v -0.905400 61.040901 -3.232150
v -3.736100 62.112103 -1.055750
v -4.267900 62.551003 -0.065650
v 4.365000 62.288803 0.645950
v 4.038600 61.729801 -0.772250
v -4.656300 63.917004 3.214250
v -4.353200 64.368004 4.364750
v 2.237200 64.563103 5.875050
v 3.143600 64.071800 4.815550
v -1.654700 65.094604 6.564950
v -0.655400 65.143501 6.841050
v 2.123300 60.986801 -2.889750
v 3.343100 61.285503 -1.967950
v -2.964700 61.684402 -1.981050
v -2.019800 61.309902 -2.748750
v 4.242200 62.905403 2.134950
v 3.782300 63.508003 3.536650
v -4.700700 63.443901 2.050150
v -4.569500 62.996700 0.977050
v -2.797100 64.942001 6.012550
v -3.738100 64.703201 5.280950
v 1.173000 64.923805 6.590350
v 0.201300 65.103203 6.876950
v 1.047700 59.685402 -6.050750
v -1.111100 59.883801 -5.905450
v -5.410200 61.503700 -2.621450
v -6.222200 62.170200 -1.119550
v 6.875300 61.771801 -0.040650
v 6.373600 60.925903 -2.184550
v -6.813500 64.246803 3.866650
v -6.345700 64.931404 5.611950
v 3.662800 65.225304 7.880150
v 5.037200 64.479103 6.278450
v -2.240800 66.032005 8.937550
v -0.723800 66.105202 9.352350
v 3.467600 59.803802 -5.381850
v 5.314800 60.254704 -3.990550
v -4.235800 60.855602 -4.021150
v -2.800100 60.289703 -5.178750
v 6.698200 62.706902 2.216650
v 6.006100 63.622303 4.343950
v -6.885200 63.527702 2.096950
v -6.684700 62.847603 0.464750
v -3.974500 65.801704 8.104450
v -5.405500 65.439903 6.999150
v 2.050600 65.772202 8.964149
v 0.577000 66.043999 9.402451
v 1.043500 59.735302 -6.046750
v 1.035700 59.772800 -6.014750
v -1.113200 59.933502 -5.900350
v -1.111800 59.970802 -5.867150
v -5.402300 61.550701 -2.618850
v -5.374800 61.581703 -2.595650
v -6.211200 62.215401 -1.120350
v -6.176900 62.242500 -1.105250
v 6.859900 61.819000 -0.040850
v 6.820900 61.848202 -0.032550
v 6.361400 60.974503 -2.183250
v 6.327900 61.007301 -2.166150
v -6.799700 64.286003 3.851450
v -6.761600 64.299904 3.834850
v -6.335800 64.968605 5.592950
v -6.303600 64.978699 5.566750
v 3.646100 65.262703 7.869350
v 3.619500 65.272102 7.838151
v 5.019300 64.519005 6.268650
v 4.984800 64.532600 6.244050
v -2.244800 66.067101 8.916950
v -2.239300 66.071999 8.876949
v -0.731900 66.140404 9.332550
v -0.735000 66.145302 9.291851
v 3.461900 59.853302 -5.378950
v 3.444500 59.890003 -5.350450
v 5.306300 60.304001 -3.987950
v 5.280100 60.339203 -3.964250
v -4.231300 60.904102 -4.016450
v -4.212300 60.938202 -3.987350
v -2.799200 60.339001 -5.173350
v -2.789100 60.375202 -5.141150
v 6.680100 62.752102 2.212150
v 6.638200 62.776302 2.208650
v 5.987100 63.664902 4.334950
v 5.946800 63.683701 4.319250
v -6.870200 63.569000 2.086950
v -6.829700 63.587402 2.081550
v -6.671000 62.890903 0.459650
v -6.632100 62.913700 0.465050
v -3.974500 65.836800 8.083450
v -3.959100 65.842499 8.046249
v -5.400700 65.475800 6.978350
v -5.376300 65.483200 6.945650
v 2.035600 65.807999 8.950150
v 2.017400 65.814598 8.913950
v 0.565000 66.079201 9.384750
v 0.554700 66.084602 9.345350
v 5.300400 8.555500 -7.829150
v 5.163200 8.337100 -7.887550
v 5.064400 8.535800 -8.222651
v 5.230700 8.701900 -8.085649
v 4.838600 8.357000 -8.324350
v 4.726500 8.680700 -8.644350
v 4.974100 8.854100 -8.488750
v 4.959800 8.125299 -7.941550
v 4.699700 7.920400 -7.983450
v 4.556800 8.173900 -8.396749
v 5.277300 8.242400 -7.482150
v 5.097800 7.976200 -7.518050
v -0.659900 2.236600 2.879750
v -0.399000 2.611000 2.433950
v -0.610400 2.741200 1.729950
v -0.891900 2.285800 2.224850
v -0.327700 3.200900 1.353250
v -0.481900 3.475300 0.746550
v -0.772300 2.902400 1.066750
v -0.121500 2.975600 1.996850
v 0.159400 3.384800 1.673850
v -0.035200 3.691700 1.109950
v -0.115900 2.377300 3.174850
v 0.150100 2.696800 2.784850
v -0.957900 0.215700 2.697550
v -0.980800 0.101400 2.332450
v -0.591200 0.106100 2.553250
v -0.649800 0.219200 2.840150
v -0.511900 0.061700 2.038950
v -0.015700 0.133200 2.599750
v -0.144300 0.194000 2.997550
v -0.923000 0.071700 1.729950
v -0.728000 0.125500 0.805450
v -0.353200 0.063200 1.251650
v -1.308800 0.152600 2.316250
v -1.263000 0.162900 1.577250
v -1.489400 0.358500 1.328550
v -1.229600 0.442100 0.097550
v -1.017700 0.235500 0.443350
v -0.612300 0.505000 -0.845550
v -0.357300 0.308800 -0.354350
v -0.815800 0.796400 -1.287550
v -0.316700 1.442000 -2.463650
v -0.117000 1.011200 -2.002250
v -1.345300 0.824000 -0.418750
v -0.953900 1.270200 -1.792550
v -0.224900 4.893600 -5.180150
v 0.123400 5.227400 -5.827650
v 0.286300 4.750100 -5.395550
v -0.152800 4.264900 -4.736450
v 0.716300 5.178800 -5.944850
v 0.925100 4.775900 -5.473550
v 0.443800 4.256800 -4.910350
v 0.482000 5.583000 -6.341950
v 0.872600 5.966900 -6.776850
v 1.147100 5.614600 -6.395450
v -0.026500 5.753400 -6.137550
v 0.262000 6.021100 -6.650050
v 1.534700 9.562400 -9.211250
v 1.690000 9.290600 -9.309650
v 1.314100 9.095900 -9.153151
v 1.263500 9.419800 -9.095449
v 1.420100 8.763800 -9.168350
v 1.021200 8.591800 -8.886250
v 0.975400 8.995700 -8.879450
v 1.874200 8.999700 -9.369249
v 2.069100 8.688100 -9.352051
v 1.569300 8.434100 -9.127951
v 2.091500 9.605300 -9.380949
v 2.346100 9.297800 -9.469749
v 4.017300 5.192700 -3.992050
v 3.880300 5.475300 -4.613350
v 4.234900 5.934600 -4.817750
v 4.314100 5.721500 -4.177250
v 4.172500 6.094000 -5.364850
v 4.526400 6.459300 -5.511150
v 4.556800 6.360600 -4.950250
v 3.785500 5.697000 -5.173850
v 3.689700 5.906600 -5.679450
v 4.087000 6.248700 -5.863950
v 3.503600 4.950200 -4.371350
v 3.370700 5.245200 -4.936550
v 4.689700 0.552100 1.109850
v 4.103500 0.633100 -0.074550
v 4.405400 1.214500 -0.774950
v 4.956400 1.061500 0.358250
v 3.860200 1.688200 -1.757450
v 4.126500 2.600900 -2.125450
v 4.616700 2.051600 -1.234150
v 3.515300 0.967100 -1.207450
v 3.005800 1.485900 -2.128550
v 3.382400 2.300800 -2.569150
v 3.686700 0.265900 0.732850
v 3.090500 0.499000 -0.455550
v 4.724400 0.348800 4.446750
v 4.286400 0.140800 3.621350
v 4.793900 0.307900 2.902850
v 5.159800 0.586900 3.829250
v 4.272800 0.203600 1.862750
v 5.178500 0.666100 2.187850
v 3.762000 0.050500 2.652550
v 3.189400 0.064600 1.552250
v 3.724900 0.163000 4.409050
v 3.192900 0.073500 3.523650
v 1.707400 2.599300 4.467250
v 2.019100 3.100700 3.831850
v 1.633300 3.371400 3.020650
v 1.319000 2.892100 3.600950
v 2.005700 3.778100 2.608050
v 1.636000 4.060000 2.129650
v 1.280000 3.640600 2.364750
v 2.425800 3.537000 3.197650
v 2.864000 4.006800 2.734050
v 2.428300 4.255900 2.345950
v 2.454200 2.700000 4.711150
v 2.900500 3.179900 4.020250
v 3.872100 9.902300 -9.246651
v 4.171500 10.225600 -8.988850
v 4.431500 9.626200 -9.011049
v 4.113300 9.378500 -9.188150
v 4.676300 9.875500 -8.714450
v 4.864900 9.296400 -8.677150
v 4.601300 9.103499 -8.879450
v 4.371400 10.565800 -8.554750
v 4.419900 10.898100 -7.920650
v 4.807300 10.147500 -8.219151
v 3.810300 10.855900 -8.776250
v 3.958900 11.252300 -8.218849
v 1.338300 9.765900 -9.044451
v 1.553800 10.213900 -8.957449
v 1.828400 9.912900 -9.232250
v 2.161500 10.399600 -9.145950
v 2.493400 10.022200 -9.373850
v 1.822400 10.789100 -8.725550
v 2.089800 11.391900 -8.339450
v 2.469100 10.965700 -8.879950
v 1.294000 10.520200 -8.481649
v 1.548300 11.141200 -8.118150
v 5.352500 8.809700 -7.843850
v 5.412900 8.936300 -7.414950
v 5.395600 8.545200 -7.449750
v 5.440800 8.655499 -6.938850
v 5.388500 8.237100 -7.011950
v 5.360900 9.207300 -6.813250
v 5.169000 9.578300 -6.118850
v 5.371300 8.915500 -6.315650
v 5.299800 9.473700 -7.321050
v 5.128700 9.861400 -6.615750
v 0.192400 7.811000 -7.619850
v 0.222100 8.439300 -7.617550
v 0.401700 8.412800 -8.128950
v 0.427800 7.897500 -8.094151
v 0.469100 9.013800 -8.043050
v 0.689000 8.965300 -8.504650
v 0.677500 8.472700 -8.542350
v 0.351400 9.171200 -7.480650
v 0.527100 9.957500 -7.211950
v 0.598900 9.705500 -7.838450
v 0.145800 8.547800 -6.997250
v 0.298800 9.395200 -6.824150
v 5.269200 7.567700 -6.118350
v 5.262700 7.652500 -5.516550
v 5.091200 7.210700 -5.598950
v 5.045200 7.205000 -6.148550
v 5.036900 7.246900 -4.940150
v 4.832600 6.788300 -5.001350
v 4.833800 6.824100 -5.594050
v 5.128500 7.780000 -4.764250
v 4.942200 7.837400 -3.827450
v 4.908100 7.246100 -4.086450
v 5.297500 8.203900 -5.344550
v 5.100700 8.395900 -4.517050
v -0.558900 4.505900 -4.374050
v -0.509100 5.302900 -4.708050
v -0.267600 5.532900 -5.509750
v -0.277600 6.219600 -5.678650
v -0.113700 6.355200 -6.317250
v -0.440200 6.058900 -4.889550
v -0.346400 6.842800 -4.931050
v -0.214600 6.956300 -5.722950
v -0.744900 4.973900 -3.710150
v -0.633100 5.832400 -3.893550
v 4.456300 5.392000 -3.435250
v 4.666800 4.934100 -2.591650
v 4.530100 4.274600 -2.520250
v 4.234000 4.792400 -3.299450
v 4.863800 3.748800 -1.632450
v 4.765600 2.957600 -1.499350
v 4.344700 3.501000 -2.363050
v 4.895800 4.432300 -1.637150
v 5.106800 3.988200 -0.639550
v 5.174500 3.330100 -0.648650
v 4.745600 5.556100 -2.521850
v 4.885400 5.088900 -1.517450
v -1.615100 0.505600 2.116950
v -1.675200 0.859000 1.681150
v -1.581300 0.717600 0.826450
v -1.564900 1.260300 0.146150
v -1.358000 1.443700 -1.099850
v -1.654100 1.359500 1.133350
v -1.508100 2.001300 0.522950
v -1.440200 2.054200 -0.510150
v -1.696600 1.097300 2.264050
v -1.658300 1.526700 1.840250
v 5.397400 1.180000 1.446750
v 5.627500 1.471800 2.360450
v 5.466200 0.983900 3.129150
v 5.499600 1.458800 3.912950
v 5.300900 1.002700 4.592850
v 5.620100 1.933100 3.067950
v 5.353100 2.529100 3.548350
v 5.299200 2.026100 4.561950
v 5.665700 1.929400 1.667150
v 5.646200 2.272400 2.177950
v -1.017500 0.452800 4.767250
v -1.120800 0.520600 4.811850
v -1.250900 0.382500 4.797150
v -1.130200 0.326200 4.749250
v -1.356100 0.434300 4.763250
v -1.449600 0.334900 4.685450
v -1.359600 0.275300 4.712450
v -1.229400 0.538700 4.764050
v -1.310400 0.547500 4.655750
v -1.417800 0.472000 4.654450
v -1.024800 0.636100 4.754050
v -1.120200 0.644400 4.710350
v -0.355800 6.167300 -0.814250
v -0.134400 6.984400 -0.853650
v -0.306300 7.539900 -1.824650
v -0.507500 6.727500 -1.777350
v -0.064100 8.379800 -1.842950
v -0.159400 8.908299 -2.821950
v -0.370600 8.021700 -2.891550
v 0.116700 7.815300 -0.884050
v 0.334700 8.831200 -0.864050
v 0.125200 9.468800 -1.720650
v 0.095700 6.340400 -0.064950
v 0.362800 7.158500 -0.084150
v 1.706700 6.608000 1.355850
v 2.013700 7.464400 1.226950
v 1.611700 8.446199 0.863150
v 1.420300 7.407900 0.963750
v 1.686100 9.698400 0.769950
v 1.240000 11.257100 0.518350
v 1.138400 9.738800 0.481450
v 2.278300 8.420300 1.053250
v 2.463500 9.465300 0.858750
v 1.914900 10.944400 0.693550
v 2.440800 6.727600 1.557450
v 2.839500 7.516700 1.319950
v 1.054800 59.126400 -5.839150
v -1.059200 59.315403 -5.700850
v 0.018100 57.558601 -5.246550
v -0.707400 55.543301 -4.217350
v -1.736700 57.821503 -4.801350
v 2.178900 57.511101 -4.993250
v 1.094700 55.412701 -4.314650
v -5.297800 60.878304 -2.444650
v -6.100800 61.522003 -0.949250
v -5.393800 59.341503 -1.196550
v -5.266700 57.222301 0.150150
v -6.008600 59.929001 0.320350
v -4.449100 58.778400 -2.621650
v -4.520200 56.729900 -1.263850
v 6.788200 61.048103 0.054850
v 6.283600 60.256203 -2.036350
v 6.327400 58.591503 -0.648350
v 5.691600 55.874901 -1.037050
v 5.565700 58.062801 -2.489150
v 6.574700 59.327602 1.370250
v 6.223700 56.330902 0.721250
v -6.702600 63.542702 4.017950
v -6.209300 64.205605 5.748150
v -6.156400 61.795200 5.346550
v -5.224800 59.340103 6.490650
v -5.322000 62.327801 6.830050
v -6.460900 61.159302 3.550750
v -5.871500 58.841103 4.897650
v 3.736200 64.529800 7.781450
v 5.052600 63.764603 6.226950
v 4.563200 62.108402 6.798650
v 5.110200 58.936100 5.980050
v 5.534300 61.208900 5.291850
v 3.263700 62.814404 8.102051
v 4.140400 59.764400 7.259450
v -2.086900 65.296005 8.955549
v -0.577400 65.384499 9.345449
v -0.845400 63.221901 9.207850
v 0.277600 60.468502 9.304150
v 0.503300 63.289402 9.323151
v -2.464200 63.023800 8.700451
v -1.158600 60.308903 9.049850
v 1.992000 53.436703 -3.093750
v 1.114700 51.597401 -2.233350
v 0.262300 53.476002 -3.320750
v -0.329600 51.699001 -2.154850
v -1.218400 53.669903 -2.943050
v 0.442700 49.930500 -1.340950
v -0.091100 48.519703 -0.564250
v -0.782600 50.063301 -1.056750
v 1.800600 49.893402 -1.176650
v 1.098000 48.467903 -0.610050
v -3.611800 54.386200 -1.249850
v -3.689800 52.584702 -0.126050
v -4.496100 54.795002 -0.061450
v -4.436500 52.954300 0.998750
v -5.081700 55.247200 1.309950
v -3.788400 50.821602 0.877450
v -3.905400 49.150501 1.782350
v -4.374200 51.156700 2.005550
v -2.863500 50.556503 0.067350
v -3.086300 48.969803 0.925050
v 6.148000 54.408501 2.039250
v 5.911700 52.220001 1.539150
v 5.792800 53.936001 0.274850
v 5.263700 51.899101 0.000750
v 4.999300 53.658001 -1.239450
v 5.502800 50.252003 1.201750
v 4.907000 48.694401 1.044450
v 4.552600 50.044102 0.050250
v 6.005700 50.589001 2.807150
v 5.757500 48.874001 2.295150
v -5.433400 56.184303 4.275650
v -4.679900 54.110802 5.092250
v -4.990500 56.595802 5.805350
v -4.020200 54.379704 6.401250
v -4.082000 56.945702 7.114750
v -3.965600 52.035900 5.809150
v -3.490900 49.931801 6.474350
v -3.343100 52.219501 7.093150
v -4.371500 51.840202 4.586350
v -3.848100 49.873802 5.257750
v 3.622500 57.259102 7.965050
v 4.042400 54.318901 7.601350
v 4.658700 56.649200 6.750150
v 4.951200 53.796204 6.367650
v 5.437900 55.888103 5.481950
v 4.225500 51.769402 7.151950
v 4.424400 49.545502 6.580750
v 5.112300 51.389503 5.922250
v 3.226300 52.096001 8.201851
v 3.415700 49.721401 7.612751
v -1.618700 57.466301 8.829849
v -0.881600 54.938004 9.167551
v -0.250800 57.630402 9.274349
v 0.390800 54.977501 9.430750
v 1.072100 57.683002 9.325750
v -0.306400 52.486603 9.466351
v 0.241100 49.969501 9.374350
v 0.929500 52.453602 9.405550
v -1.482100 52.482002 9.057449
v -0.941900 50.001701 9.289051
v -2.281200 45.816601 0.235150
v -1.943400 46.658501 0.573050
v -1.473500 46.031700 -0.244350
v -1.853300 45.187202 -0.870550
v -1.061500 46.701401 0.065050
v -0.489200 46.088902 -0.640450
v -0.942100 45.355602 -1.225750
v -1.571700 47.595303 0.388350
v -1.172800 48.668503 -0.176650
v -0.590200 47.469501 -0.073350
v -2.442600 47.577503 0.932050
v -2.132200 48.840702 0.332850
v -2.469800 41.266800 -3.330550
v -1.910600 42.815701 -2.637650
v -1.431300 41.451103 -3.733250
v -2.019900 39.752403 -4.449550
v -0.861100 42.931602 -2.890250
v -0.206900 41.508801 -3.941450
v -0.796300 39.866402 -4.799850
v -1.412300 44.197903 -1.888050
v -0.337700 44.325901 -2.147650
v -2.287400 44.006802 -1.562850
v -2.353500 33.593903 -5.765550
v -1.933600 35.837803 -5.806550
v -1.058100 33.739101 -6.447550
v -1.415400 31.495501 -6.314150
v -0.594900 35.931202 -6.267150
v 0.253000 33.743301 -6.698750
v -0.158300 31.535000 -6.745950
v -1.381900 37.957802 -5.475750
v -0.042900 37.994301 -5.719250
v -2.612100 37.762302 -4.863250
v -0.748700 24.991600 -5.968550
v -0.635400 27.184900 -6.252050
v 0.282700 25.067499 -6.315050
v 0.184100 22.882500 -6.105450
v 0.442000 27.195900 -6.537950
v 1.224800 25.033899 -6.389950
v 1.087900 22.907600 -6.249750
v -0.444400 29.358000 -6.551650
v 0.697500 29.325800 -6.743650
v -1.620500 29.269199 -6.000350
v 1.378000 15.958700 -5.638550
v 1.105800 18.374001 -5.917950
v 1.857900 16.023600 -5.910550
v 1.940400 13.988400 -5.818850
v 1.765700 18.422699 -6.091750
v 2.416200 16.019699 -6.038750
v 2.346000 14.024100 -6.067450
v 1.036800 20.696100 -6.123050
v 1.793500 20.699900 -6.146150
v 0.224300 20.605499 -5.854050
v -3.687200 44.706501 3.639850
v -3.904800 46.230103 3.912650
v -3.877800 45.010803 2.693450
v -3.772100 43.645103 2.242550
v -4.030600 46.217903 2.972750
v -3.748200 45.218601 1.733750
v -3.778100 44.115501 1.217350
v -4.120400 47.807102 3.652350
v -4.263800 49.442600 2.920050
v -4.014800 47.587303 2.585750
v -3.814700 47.899803 4.673450
v -4.153300 49.730602 4.119650
v -4.489200 39.195202 0.924950
v -4.183100 40.993702 0.824450
v -4.335100 39.823402 -0.414450
v -4.608800 37.912804 -0.305650
v -4.052400 41.605801 -0.368050
v -4.023900 40.401802 -1.608050
v -4.334000 38.481201 -1.627550
v -3.923000 42.654404 0.916950
v -3.735200 43.214703 -0.147650
v -3.928800 42.053501 2.068550
v -4.373700 32.146900 -1.035450
v -4.565500 34.317101 -1.304750
v -4.269100 32.571903 -2.453750
v -4.025700 30.358200 -2.180350
v -4.352400 34.770802 -2.654950
v -3.988100 32.939201 -3.666450
v -3.831400 30.697599 -3.442550
v -4.527800 36.437603 -1.517350
v -4.214700 36.929401 -2.783350
v -4.725100 35.895000 -0.082150
v -2.809300 24.052900 -2.427450
v -3.168400 26.270000 -2.832050
v -2.559300 24.330299 -3.657050
v -2.189900 22.077900 -3.296150
v -2.889300 26.548201 -3.950150
v -2.207700 24.562401 -4.552750
v -1.857600 22.309999 -4.294150
v -3.523700 28.485701 -3.170850
v -3.195400 28.765400 -4.223350
v -3.668100 28.147699 -1.844350
v -0.672500 15.234300 -3.514750
v -0.971800 17.627899 -3.764150
v -0.147000 15.455300 -4.459650
v -0.010300 13.204200 -4.457450
v -0.508500 17.854799 -4.566450
v 0.432000 15.653100 -4.936050
v 0.617200 13.564000 -5.021550
v -1.392700 20.001499 -4.028650
v -0.999200 20.210600 -4.759150
v -1.747100 19.799999 -2.931250
v 3.407900 16.017300 -5.608950
v 3.490200 18.318300 -5.318650
v 3.690600 15.979900 -5.221050
v 3.599600 14.066999 -5.706050
v 3.833800 18.205700 -4.764550
v 3.909500 15.872900 -4.651150
v 3.790300 13.990300 -5.290850
v 3.684200 20.477600 -4.959450
v 3.973400 22.550400 -4.541350
v 4.043000 20.334801 -4.249350
v 3.182100 20.591299 -5.516350
v 3.452000 22.694500 -5.263350
v 3.092200 24.874100 -5.704150
v 3.568800 26.913200 -5.510850
v 3.843800 24.731800 -4.978550
v 4.339200 26.729599 -4.613750
v 4.371800 24.554800 -4.103250
v 4.153200 28.946301 -5.176850
v 4.743500 30.972099 -4.637350
v 4.905300 28.713699 -4.120950
v 3.103400 29.120501 -6.083550
v 3.723300 31.205099 -5.714250
v 3.041000 33.527500 -6.019050
v 3.614200 35.612301 -5.288050
v 4.304100 33.299400 -5.037650
v 4.745000 35.307701 -4.166850
v 5.205800 32.986202 -3.826150
v 4.067500 37.548103 -4.460450
v 4.389500 39.329102 -3.346250
v 5.032400 37.191502 -3.092750
v 2.751800 37.798702 -5.294950
v 3.226100 39.615902 -4.420550
v 2.360800 41.443802 -3.866950
v 2.810900 42.938400 -2.729450
v 3.641300 41.256802 -3.252450
v 3.930000 42.683502 -1.936650
v 4.625500 40.905003 -2.037550
v 3.148000 44.220100 -1.577750
v 3.405100 45.249603 -0.429150
v 4.079300 43.869400 -0.678950
v 2.001000 44.392002 -2.109350
v 2.405600 45.455200 -1.118850
v 1.744300 46.189003 -0.622050
v 2.260400 46.898003 0.032150
v 2.838300 46.294903 -0.149250
v 3.423500 47.110802 0.554350
v 3.880700 46.193802 0.555750
v 2.895600 47.691402 0.283250
v 3.697900 48.594902 0.234650
v 4.165300 47.796303 0.887250
v 1.682500 47.471001 -0.126850
v 2.363700 48.509502 -0.302450
v -1.237500 42.911102 7.266750
v -1.870500 44.834400 7.772151
v -2.244100 43.162701 6.739950
v -1.681500 41.538101 6.357550
v -2.784400 45.170502 6.976450
v -3.005700 43.675903 5.759350
v -2.633400 41.924801 5.590150
v -2.465700 47.397301 7.989151
v -2.920300 49.987503 7.745050
v -3.173600 47.591702 6.903750
v -1.441100 47.282902 8.659849
v -2.034200 50.023502 8.737350
v -1.372900 37.286701 5.144550
v -1.878600 38.764301 5.322750
v -2.782600 37.467800 4.647350
v -2.252900 35.851803 4.597150
v -3.143600 39.094200 4.631850
v -3.908100 37.915501 3.692350
v -3.580700 36.168102 3.794450
v -2.312100 40.282703 5.492850
v -3.295000 40.776100 4.538750
v -1.175600 40.074203 5.969950
v -1.426200 30.772900 3.480950
v -2.307000 32.579102 3.702650
v -2.879500 30.908600 2.757350
v -2.012400 28.984100 2.662550
v -3.535100 32.860603 2.789450
v -3.736400 31.244600 1.691950
v -3.146500 29.191601 1.729750
v -3.046500 34.383904 3.793050
v -4.045600 34.790703 2.746650
v -1.544000 34.211403 4.416050
v -0.327300 23.484800 1.451750
v -1.407000 25.288700 1.647850
v -1.685800 23.455099 0.865050
v -0.695800 21.660299 0.854750
v -2.517700 25.384100 0.822350
v -2.451900 23.565500 -0.020550
v -1.744600 21.633801 0.108850
v -2.390600 27.190500 1.725150
v -3.185200 27.427700 0.730650
v -0.986600 27.134600 2.422550
v 0.833400 17.208300 0.490850
v -0.093800 18.367599 0.338450
v -0.382900 16.960699 -0.214650
v 0.354500 16.098801 0.134050
v -1.019000 18.144400 -0.479950
v -0.903500 16.496000 -1.191550
v -0.470100 15.530800 -0.840050
v -0.966900 19.862900 0.202250
v -1.623900 19.771900 -0.657350
v 0.308400 19.972900 0.785050
v 4.030400 15.731900 -3.625950
v 4.173200 17.821199 -3.035050
v 4.036800 15.592100 -3.270650
v 3.988300 13.743100 -3.981250
v 4.134300 17.681400 -2.490550
v 4.053500 15.463099 -2.630450
v 4.067400 13.592600 -3.544150
v 4.350300 19.911699 -2.289950
v 4.503200 21.973299 -1.437950
v 4.204400 19.779100 -1.606950
v 4.356700 20.042700 -2.874450
v 4.598400 22.095499 -2.170550
v 4.847300 24.210400 -2.245950
v 5.132300 26.148800 -1.510950
v 4.807200 24.079000 -1.416350
v 4.927400 26.017799 -0.602750
v 4.565700 23.965300 -0.601550
v 5.321200 28.070200 -0.670750
v 5.319600 29.974100 0.237450
v 4.926100 27.934799 0.265050
v 5.514200 28.242300 -1.725550
v 5.718400 30.158699 -0.822950
v 5.944100 32.323700 -1.056250
v 5.835300 34.187000 -0.026050
v 5.648500 32.063801 0.143150
v 5.353000 33.897102 1.086750
v 5.063600 31.853600 1.145950
v 5.494300 35.935204 0.927150
v 5.047600 37.527802 1.852250
v 4.851800 35.602501 1.965950
v 5.810200 36.309902 -0.248550
v 5.518100 37.943901 0.754550
v 5.446500 39.895901 0.583250
v 5.271000 41.224503 1.616150
v 5.185700 39.401302 1.724750
v 4.907900 40.685703 2.754250
v 4.621800 38.928204 2.810650
v 5.173500 42.405602 2.706250
v 5.055000 43.487701 3.823950
v 4.615100 41.842201 3.789450
v 5.280700 42.960503 1.517850
v 5.401300 44.047604 2.659550
v 5.552800 45.558002 2.575950
v 5.795300 46.542301 3.688250
v 5.482600 45.062202 3.859550
v 5.334300 46.163403 4.936850
v 4.784600 44.546803 4.912150
v 5.692100 47.723103 4.623350
v 5.367200 49.349903 5.367550
v 4.882600 47.628304 5.821150
v 5.894200 47.780201 3.146150
v 5.931400 49.121502 3.887050
v 2.623800 43.708202 6.373450
v 2.242200 45.220600 7.323650
v 1.791300 43.359303 6.927150
v 2.221600 42.112400 6.032750
v 1.336400 44.942402 7.894950
v 0.781800 43.063503 7.333150
v 1.294500 41.791901 6.451050
v 1.847400 47.360401 8.225451
v 1.389000 49.927700 8.980949
v 0.803800 47.275902 8.764650
v 2.743900 47.473801 7.593750
v 2.431300 49.842403 8.374750
v 2.854100 38.149303 4.311950
v 2.358000 39.376904 5.052450
v 1.968500 37.851601 4.750850
v 2.495600 36.543800 4.031550
v 1.397700 39.073902 5.420650
v 0.932500 37.572102 5.070550
v 1.547600 36.272903 4.422450
v 1.828700 40.579102 5.723450
v 0.809700 40.288502 6.033550
v 2.722700 40.911301 5.283150
v 3.349400 31.524500 2.452550
v 2.745500 33.261002 3.047050
v 2.414100 31.357000 2.782950
v 3.021300 29.561501 2.214250
v 1.769300 33.038700 3.410250
v 1.345300 31.136900 3.135150
v 2.028100 29.398399 2.494950
v 2.156200 34.845100 3.712550
v 1.106000 34.578903 4.098650
v 3.040200 35.074902 3.318050
v 3.511100 23.792099 0.595750
v 3.151100 25.720900 1.264050
v 2.823100 23.729799 0.866750
v 3.223800 21.759899 0.210250
v 2.291000 25.619900 1.480850
v 2.016200 23.662600 1.129350
v 2.608800 21.766701 0.520950
v 2.641400 27.592100 1.873250
v 1.645200 27.439699 2.131850
v 3.540200 27.710400 1.601150
v 3.870000 15.298000 -1.115450
v 3.489100 17.667700 -0.747150
v 3.541000 16.196600 -0.673950
v 3.901900 13.927800 -0.848750
v 3.062600 18.051100 -0.274450
v 3.045400 16.776800 -0.139950
v 3.455900 15.195300 -0.380150
v 3.096800 19.773800 -0.147150
v 2.494000 19.901501 0.297550
v 3.522700 19.659500 -0.520050
v 3.409300 12.975300 -6.385550
v 3.134400 12.435400 -7.175250
v 3.010200 12.997800 -6.596450
v 3.322600 14.039200 -5.987650
v 2.588100 12.469500 -7.247950
v 2.482500 12.966599 -6.579850
v 2.866300 14.017200 -6.154950
v 2.927300 11.988700 -7.879050
v 2.726600 11.512500 -8.450150
v 2.314600 11.939700 -7.823850
v 3.491500 11.853400 -7.727850
v 3.379800 11.454500 -8.398050
v 1.759900 12.704200 -6.098150
v 1.418900 11.825300 -6.601950
v 1.465700 12.516500 -5.889250
v 1.616300 13.890400 -5.570750
v 1.100400 11.526500 -6.367150
v 1.030800 12.279400 -5.638950
v 1.205300 13.737300 -5.307250
v 1.086300 11.092000 -7.107450
v 0.792800 10.418400 -7.527350
v 0.773000 10.707800 -6.822750
v 1.413100 11.424900 -7.363650
v 1.125000 10.813600 -7.838950
v 4.031700 12.412700 -4.806150
v 4.177300 11.514700 -5.735950
v 3.925400 12.589100 -5.125150
v 3.943400 13.881100 -4.252450
v 4.003200 11.793799 -6.128650
v 3.821600 12.726500 -5.624450
v 3.898500 13.921500 -4.715950
v 4.492100 10.903300 -6.664650
v 4.770300 10.477099 -7.526850
v 4.237900 11.267900 -7.083650
v 4.672000 10.602000 -6.268750
v 5.011400 10.135900 -7.091250
v 4.437700 11.020100 -2.373150
v 4.670300 10.094500 -3.781050
v 4.387400 11.571700 -3.182750
v 4.184700 13.111700 -1.836350
v 4.597400 10.535600 -4.471250
v 4.287200 11.926100 -3.971950
v 4.153800 13.385799 -2.763950
v 4.932200 9.562000 -4.835150
v 5.194000 9.245900 -5.623850
v 4.873500 9.961800 -5.381050
v 4.942000 9.084900 -4.211250
v 5.188200 8.856100 -5.106150
v 4.849500 3.204100 3.502950
v 4.264800 3.803100 3.032850
v 3.872400 3.521400 3.950350
v 4.500600 3.041500 4.614250
v 3.323800 3.793300 3.257450
v 3.481200 2.977200 4.829650
v 3.764900 4.189500 2.673850
v 3.335400 4.481800 2.399150
v 4.604500 3.917500 2.141750
v 4.197600 4.420400 2.047250
v 0.943300 3.274200 2.727450
v 0.649200 2.913300 3.171550
v 1.002800 2.532000 4.065250
v 0.375900 3.148400 2.348350
v 0.435900 2.494300 3.611050
v 0.661400 3.545600 2.037550
v 0.452200 3.845700 1.473750
v 0.993200 3.953200 1.824350
v 1.058000 15.356400 0.395950
v 1.583400 14.242800 0.501150
v 2.327600 15.060400 0.436650
v 1.730500 16.182800 0.498050
v 2.482300 13.656300 0.457050
v 3.065000 14.405000 0.071050
v 2.853900 15.834000 0.149550
v 1.773100 12.611500 0.562750
v 2.485100 11.984200 0.516750
v 0.951600 12.888500 0.313050
v -0.127900 11.298200 -3.960450
v -0.060700 10.655499 -3.246950
v -0.263900 12.510700 -2.595250
v -0.475200 13.528300 -3.125150
v -0.086500 11.750999 -2.046550
v -0.353300 13.783600 -1.488250
v -0.644100 14.647099 -1.903150
v 0.016600 10.029500 -2.516550
v 0.094300 11.114100 -1.411550
v -0.150000 9.386100 -3.710550
v -0.534800 7.167200 -2.867550
v -0.679900 6.339700 -2.818250
v -0.683000 5.893900 -1.707750
v -0.533600 6.645700 -3.949850
v -0.801400 5.484300 -2.740550
v -0.423500 7.496100 -3.950450
v -0.244500 7.688200 -4.905950
v -0.296400 8.396500 -3.913350
v -1.093600 2.398600 1.518950
v -1.377900 1.998200 2.001550
v -1.170400 1.932900 2.616650
v -1.493100 1.991400 1.325950
v -1.560700 1.645800 2.401750
v -1.226500 2.516100 0.799450
v -1.268800 2.715900 -0.024950
v -0.910200 3.151400 0.370650
v 4.149900 11.415000 -1.271450
v 4.432100 9.553600 -1.918850
v 4.690200 9.377700 -3.084450
v 4.882000 8.474500 -3.508250
v 4.693500 8.484200 -2.394450
v 4.807300 7.748000 -2.767550
v 4.176800 9.574800 -0.901650
v 4.555100 8.463600 -1.285850
v 4.854800 5.774500 -1.284050
v 4.903800 5.364700 -0.286250
v 5.014200 4.637700 -0.518750
v 5.034100 4.252300 0.394050
v 5.223100 3.628800 0.309650
v 4.835800 4.992500 0.578250
v 4.578400 4.670300 1.329350
v 4.875000 4.007100 1.251450
v 4.777500 6.197700 0.023650
v 4.615800 5.810600 0.829150
v 2.800600 6.931700 -7.681650
v 2.397900 6.684300 -7.426250
v 2.075800 6.967700 -7.860750
v 2.489700 7.212600 -8.138849
v 1.682900 6.680000 -7.530450
v 1.375100 6.975600 -7.871850
v 1.769300 7.251900 -8.215651
v 1.994100 6.387300 -7.131150
v 1.576700 6.027600 -6.788450
v 1.283300 6.344400 -7.168450
v 2.697700 6.389300 -6.935650
v 2.280500 6.070000 -6.669050
v 4.767900 6.876800 -6.116850
v 4.635900 6.973300 -6.597350
v 4.928400 7.253000 -6.639050
v 4.307000 6.702500 -6.496850
v 4.115900 6.878300 -6.974150
v 4.456900 7.114800 -7.064150
v 4.445100 6.564900 -6.017350
v 3.946500 6.429400 -6.343650
v 4.576200 6.215900 -4.280450
v 4.636100 5.953300 -3.465550
v 4.751000 6.516800 -3.332350
v 4.783600 6.181000 -2.319850
v 4.785300 6.712100 -4.259950
v 4.809900 7.111900 -3.081250
v 0.258600 7.252200 -7.516350
v 0.043200 7.115200 -6.995050
v 0.048400 7.781600 -7.052250
v -0.016500 7.791200 -6.398250
v 0.106900 8.654200 -6.314950
v -0.108400 7.030900 -6.400250
v -0.093400 7.772500 -5.697850
v 0.110300 6.526600 -6.866750
v 4.583100 7.058800 0.286350
v 4.169100 7.941800 0.425450
v 3.824800 7.410600 1.041050
v 4.293500 6.625800 1.026250
v 3.202600 8.292000 0.964350
v 3.392100 6.787500 1.505350
v 3.492800 9.020000 0.535550
v 2.795200 10.375600 0.571450
v 4.409900 8.311399 -0.320650
v 3.837400 9.478100 -0.057250
v 1.096700 8.345000 0.486150
v 0.894100 7.304600 0.525150
v 1.144300 6.534100 1.022050
v 0.607100 8.093200 -0.106050
v 0.612000 6.454000 0.548850
v 0.706400 9.371700 -0.081850
v 0.369900 10.307199 -0.726950
v 0.705800 11.065400 0.052750
v 0.021800 8.675400 -5.619750
v 0.085100 9.778100 -5.385450
v 0.217400 9.616700 -6.134850
v -0.048200 9.704600 -4.559350
v 0.044400 11.286200 -4.845750
v -0.128900 8.603900 -4.829850
v 4.798300 6.833300 -2.037650
v 4.809300 6.508500 -0.986350
v 4.707900 7.348800 -0.657750
v 4.744700 7.563400 -1.696450
v 4.762800 7.358700 -7.097950
v 5.029300 7.615700 -7.096050
v 5.174200 7.557800 -6.629050
v 4.861100 7.737800 -7.544150
v 5.240400 7.903600 -7.064650
v 4.574000 7.514800 -7.551950
v 4.387600 7.723300 -8.007750
v 4.246300 7.299600 -7.533450
v 3.215500 7.141500 -7.864350
v 3.498100 6.877600 -7.340950
v 3.101200 6.653700 -7.162550
v 3.359600 6.384800 -6.647050
v 2.949300 6.088200 -6.432350
v 3.747500 6.640900 -6.829050
v 3.557200 6.133900 -6.159750
v 3.884100 7.087700 -7.470250
v 3.650400 12.904700 -6.090050
v 3.536900 12.301100 -6.935350
v 3.920100 11.628600 -7.471050
v 3.801600 12.085200 -6.580350
v 5.150200 44.545601 1.441050
v 4.937000 45.940804 1.389750
v 5.533500 46.854603 2.317950
v 5.270200 47.795403 1.784450
v 4.605400 47.063400 1.259850
v 4.359400 44.930702 0.428250
v 5.616600 38.408001 -0.494450
v 5.271000 40.418003 -0.713550
v 5.245400 41.762001 0.414350
v 4.879500 43.456303 0.347450
v 4.763300 42.264400 -0.808950
v 5.211600 38.905804 -1.893650
v 5.786300 30.400600 -2.077350
v 5.780900 32.646301 -2.453750
v 5.914000 34.537003 -1.348650
v 5.660500 36.748901 -1.647450
v 5.517700 34.930202 -2.792350
v 5.432400 30.686100 -3.414450
v 4.532300 22.230999 -2.897650
v 4.707500 24.371300 -3.149650
v 5.122100 26.314699 -2.507250
v 5.370700 28.466200 -2.930550
v 4.856100 26.517500 -3.586550
v 4.326800 22.387199 -3.706350
v 4.001000 15.825399 -4.030550
v 4.164100 17.953600 -3.485650
v 4.269400 20.182301 -3.499350
v 4.066700 18.077101 -4.083150
v 3.052000 55.453503 -3.732250
v 3.691400 53.510700 -2.387450
v 2.694600 51.613201 -1.852150
v 3.227400 49.939701 -0.712050
v 4.169200 51.712303 -1.120950
v 4.664800 55.607601 -2.594350
v 3.414300 59.234001 -5.178150
v 4.215700 57.701500 -4.000350
v 5.230200 59.642502 -3.815250
v 5.172100 9.017700 -8.265750
v 5.293600 9.199400 -7.889750
v 5.117200 9.768900 -7.802450
v 5.048400 9.502000 -8.340651
v 1.619100 0.168800 0.138650
v 2.107000 0.042400 1.252550
v 1.667600 0.013200 2.144650
v 1.173700 0.043800 1.068350
v 2.192600 0.019700 3.191350
v 1.858100 0.121200 3.904150
v 1.348900 0.097300 3.000150
v 2.664000 0.004400 2.396750
v 2.655400 0.095800 4.196550
v 2.606600 0.192500 0.382550
v 2.345500 4.548600 -4.864250
v 2.500700 4.117800 -4.336450
v 2.051800 3.415200 -3.970650
v 1.876300 3.952200 -4.480150
v 2.285600 2.767000 -3.446850
v 1.840700 1.947700 -3.017250
v 1.589700 2.611700 -3.559350
v 2.709300 3.607400 -3.788550
v 2.998500 2.962700 -3.224350
v 2.599000 2.086300 -2.858750
v 2.939000 4.722600 -4.659150
v 3.114700 4.334200 -4.096350
v 3.132400 5.794100 -5.949950
v 2.681900 5.395800 -5.699050
v 2.511200 5.732100 -6.184750
v 2.810300 5.066800 -5.191450
v 2.211100 4.941100 -5.375950
v 3.262200 5.516100 -5.461150
v 4.289600 8.905400 -9.022749
v 3.923500 8.707900 -9.121750
v 3.741200 9.135600 -9.312849
v 4.072700 8.322300 -8.825050
v 3.659000 8.141100 -8.859350
v 3.494100 8.505899 -9.170151
v 4.427500 8.502700 -8.752050
v 4.220900 7.992200 -8.445049
v 2.207700 7.503900 -8.503950
v 2.687100 7.735400 -8.718849
v 2.936300 7.431900 -8.338449
v 2.474400 8.050100 -9.016649
v 3.001300 8.286300 -9.144449
v 3.187600 7.948600 -8.837049
v 1.964700 7.805000 -8.784050
v 1.754000 8.114600 -8.997549
v 2.270200 8.368100 -9.234150
v 1.509100 7.555500 -8.487150
v 0.545000 7.439800 -7.964250
v 0.740300 7.027700 -7.764650
v 0.406100 6.760800 -7.341150
v 0.615000 6.336500 -7.095550
v 0.995100 6.666000 -7.497750
v 1.103300 7.296700 -8.146950
v 2.055700 12.854800 -6.329050
v 1.708500 12.080300 -6.809550
v 1.806300 11.710500 -7.599150
v 2.074200 12.320400 -7.065050
v 2.988900 16.005100 -5.913150
v 3.031700 18.384600 -5.740450
v 2.529800 20.664000 -5.943350
v 2.740100 22.798800 -5.829550
v 2.430500 18.417299 -6.026750
v 1.920800 22.865499 -6.170250
v 2.164400 24.967699 -6.214350
v 2.561200 27.045900 -6.202850
v 1.874000 29.249500 -6.624950
v 2.424600 31.375799 -6.497450
v 1.478900 27.134600 -6.540350
v 1.090400 31.486099 -6.813550
v 1.613900 33.680302 -6.592450
v 2.208700 35.814201 -6.041250
v 1.344400 37.941700 -5.731050
v 1.877900 39.787701 -4.903050
v 0.775300 35.913403 -6.355550
v 0.532900 39.865501 -4.976950
v 1.076000 41.524803 -4.072250
v 1.561600 43.036602 -3.073550
v 0.827400 44.435703 -2.289050
v 1.283100 45.525200 -1.484750
v 0.337700 43.013901 -3.073350
v 0.144300 45.482903 -1.495850
v 0.615500 46.137901 -0.815150
v 1.115400 46.673000 -0.278850
v 0.516800 47.406101 -0.287350
v -0.014500 46.640903 -0.271950
v -3.478400 56.264900 -2.550450
v -2.500700 54.002800 -2.240050
v -2.700400 52.255703 -1.000050
v -1.870300 50.306503 -0.548550
v -1.584700 51.938400 -1.675550
v -2.198000 55.847000 -3.571050
v -4.141200 60.254002 -3.837050
v -3.207500 58.247501 -3.897550
v -2.724500 59.707703 -4.982350
v 3.500600 9.585100 -9.393950
v 3.202300 10.042000 -9.378050
v 3.547000 10.444799 -9.162550
v 3.153100 10.993700 -8.892849
v 2.855500 10.497200 -9.224150
v 2.796900 9.650900 -9.467150
v 2.806300 8.636700 -9.362650
v 3.304800 8.892800 -9.381550
v 3.072100 9.280400 -9.477551
v 2.588000 8.978400 -9.470350
v 1.730000 4.423200 -4.975750
v 1.579200 4.849900 -5.475250
v 2.053500 5.315200 -5.879350
v 1.841800 5.684200 -6.357550
v 1.388600 5.242300 -5.960950
v 1.094000 4.330200 -4.985750
v 0.743700 0.162300 0.069350
v 0.399200 0.381800 -0.786550
v 0.896400 0.751600 -1.719250
v 1.220300 0.403900 -0.870650
v 0.623000 1.191600 -2.369450
v 1.112700 1.839800 -3.045550
v 1.378000 1.270400 -2.450350
v 0.123400 0.664900 -1.474550
v 0.394500 1.696600 -2.885750
v -0.047900 0.155400 0.265750
v 1.080000 0.162400 3.572550
v 0.586400 0.067900 2.692450
v 0.815700 0.032400 1.954950
v 0.348300 0.056900 1.023050
v 0.091800 0.049600 1.889450
v 0.464800 0.176700 3.249450
v 4.136600 12.182800 -4.520850
v 4.323500 11.240700 -5.421750
v 4.779900 10.312099 -5.854750
v 4.469800 10.920300 -5.031750
v 0.486100 11.994699 -5.343750
v 0.332400 10.717200 -5.774450
v 0.482100 10.259300 -6.521150
v 0.718400 11.191800 -6.100150
v 3.119300 42.480701 5.493050
v 3.602700 44.092903 5.720350
v 3.100400 45.516300 6.652550
v 3.719000 47.556503 6.791450
v 4.261800 45.813900 5.888050
v 4.171900 42.942902 4.769950
v 3.359500 36.816803 3.539850
v 3.752000 38.497704 3.694550
v 3.257100 39.728203 4.526750
v 3.671000 41.323200 4.656850
v 4.184500 40.169903 3.766350
v 4.273800 37.143002 2.824850
v 3.919600 29.693800 1.807450
v 4.244500 31.678200 1.931450
v 3.641400 33.445503 2.637450
v 3.940800 35.312103 2.777350
v 4.565600 33.650002 1.996050
v 4.710900 29.825001 1.130650
v 3.742400 21.784201 -0.156550
v 4.115300 23.868299 0.109850
v 3.914200 25.811501 0.891350
v 4.325000 27.820299 1.056350
v 4.524900 25.908199 0.232850
v 4.199700 21.862101 -0.716350
v 3.992200 15.273800 -1.830150
v 3.771000 17.448999 -1.198550
v 3.893800 19.672899 -0.971950
v 3.994400 17.536900 -1.807250
v 0.935000 15.826100 -5.304850
v 0.486800 18.243200 -5.548350
v -0.497900 20.420700 -5.344650
v -0.743600 22.738400 -5.664650
v -0.040400 18.054300 -5.087750
v -1.434300 22.524799 -5.020250
v -1.647800 24.792400 -5.305950
v -1.678500 27.036800 -5.632750
v -2.584100 29.041500 -5.143350
v -2.567600 31.305000 -5.494950
v -2.439100 26.797400 -4.826550
v -3.381600 31.010000 -4.500550
v -3.370600 33.296501 -4.757350
v -3.113000 35.574100 -4.936950
v -3.582700 37.391403 -3.914550
v -3.051300 39.458801 -3.769950
v -3.929100 35.189102 -3.845750
v -3.849500 39.008003 -2.795650
v -3.355700 40.905403 -2.618950
v -2.809400 42.566700 -2.189250
v -3.103900 43.686604 -1.015950
v -2.658600 44.922604 -0.423850
v -3.594900 42.150703 -1.415750
v -3.401200 44.551701 0.273750
v -3.112900 45.491901 0.859150
v -2.799900 46.413002 1.183850
v -3.369300 47.501202 1.618550
v -3.619300 46.212303 2.000850
v 6.248000 57.060902 2.729850
v 5.974200 55.108501 3.993750
v 6.039500 52.687000 3.359850
v 5.794200 50.996002 4.509350
v 5.646100 53.235302 5.018250
v 5.817400 57.988201 4.592450
v -5.997900 58.299103 3.208250
v -5.412800 55.729401 2.778750
v -4.946900 53.780403 3.739250
v -4.538200 51.534203 3.311750
v -4.846500 53.374104 2.345050
v -5.756000 57.753304 1.649650
v 6.639000 61.959400 2.279850
v 6.216300 60.247200 3.523950
v 5.984100 62.885502 4.373150
v -6.779200 62.844501 2.251650
v -6.374600 60.540802 1.893850
v -6.569500 62.180603 0.626150
v 0.989000 9.437200 -8.823850
v 1.095500 9.934299 -8.705350
v 0.897300 10.157400 -8.172050
v 0.756900 9.525100 -8.392950
v 5.358300 7.909400 -6.571850
v 5.392600 8.010300 -6.014650
v 5.365200 8.582100 -5.841450
v 5.436200 8.346700 -6.470150
v 0.745800 8.039300 -8.489850
v 0.894300 7.652400 -8.349250
v 1.295800 7.878500 -8.690650
v 1.129300 8.222000 -8.827250
v 3.392100 7.626000 -8.440750
v 3.633300 7.335200 -7.968650
v 4.027800 7.529100 -8.009750
v 3.830300 7.809800 -8.465651
v -0.010100 14.892600 -0.405450
v 0.515200 14.188000 0.018450
v 0.308900 12.302299 -0.418150
v -0.063700 13.176800 -0.960050
v 3.586700 13.299500 -0.435650
v 3.766200 11.217900 -0.587950
v 3.299000 10.966400 0.085950
v 3.090200 12.723900 0.118650
v -3.800100 65.059402 8.163151
v -4.055400 62.719101 7.889050
v -2.689800 60.054401 8.479151
v -5.237200 64.701805 7.103450
v -4.100000 59.739002 7.662150
v 2.178500 65.078598 8.879749
v 1.835700 63.199802 9.012850
v 2.907900 60.301804 8.418051
v 0.725800 65.338600 9.362051
v 1.585700 60.496601 9.134649
v -2.912500 57.234303 8.117350
v -2.052400 54.813503 8.538651
v -2.505600 52.382504 8.252050
v -3.101100 54.617901 7.595750
v 2.351900 57.591400 8.902950
v 2.899400 54.704601 8.615450
v 2.093400 52.317001 8.913351
v 1.652700 54.912300 9.241850
v -3.713300 43.099003 3.347750
v -3.489800 44.238201 4.674550
v -3.593300 46.034401 4.841450
v -3.517500 47.793102 5.706550
v -3.309800 45.637001 5.888550
v -3.375800 42.498703 4.501950
v -4.687600 37.295902 1.174550
v -4.431800 38.528503 2.387850
v -4.225000 40.330101 2.157950
v -3.879300 41.397102 3.346450
v -3.985100 39.659500 3.514450
v -4.381100 36.683403 2.617050
v -4.005800 29.952499 -0.736550
v -4.196800 31.676199 0.435950
v -4.564600 33.805901 0.194850
v -4.575100 35.317402 1.434850
v -4.223700 33.297100 1.606850
v -3.731400 29.538401 0.604150
v -2.376100 21.853800 -2.007050
v -2.807700 23.771900 -1.085650
v -3.270900 25.934999 -1.461550
v -3.577200 27.762501 -0.436150
v -3.073000 25.617701 -0.198350
v -2.243100 21.702600 -0.824050
v -0.957200 15.874700 -2.250150
v -1.314600 17.628401 -2.588850
v -1.862300 19.742500 -1.671450
v -1.354100 17.886400 -1.434850
v -0.718700 41.438004 6.664750
v -0.294200 42.903503 7.430350
v -0.835000 44.711803 8.142050
v -0.353700 47.231102 8.913950
v 0.236000 44.758102 8.192350
v 0.243000 41.543701 6.684650
v -0.791000 35.821903 4.871150
v -0.176300 37.355701 5.227050
v -0.706500 38.698200 5.606650
v -0.234200 40.097702 6.121350
v 0.328600 38.824600 5.623250
v 0.452000 36.008102 4.730350
v -0.466000 29.007000 3.044750
v 0.115800 30.904800 3.479450
v -0.738300 32.570900 4.031550
v -0.086900 34.331100 4.403050
v 0.638700 32.779404 3.800850
v 0.915900 29.194901 2.830750
v 0.700200 21.735800 1.106950
v 1.024900 23.578699 1.435150
v 0.064300 25.352699 1.982150
v 0.489100 27.261101 2.449950
v 1.315900 25.490099 1.780450
v 1.823800 21.771000 0.866150
v 2.217400 17.121901 0.391650
v 1.287300 18.442101 0.621850
v 1.627700 19.991199 0.704750
v 2.405300 18.312500 0.276250
v 4.207500 0.533100 8.869949
v 3.955900 0.768600 9.111450
v 3.646400 0.618600 8.996750
v 3.943000 0.387700 8.780951
v 3.394500 0.869600 9.052151
v 3.167000 0.717000 8.815849
v 3.388200 0.485400 8.764851
v 3.717200 0.972100 9.150150
v 3.579300 1.079700 9.035250
v 3.296000 1.013200 8.955750
v 4.247400 0.921800 9.056950
v 4.045100 1.074600 9.098249
v 1.840000 0.481600 8.569550
v 1.944900 0.644900 8.755251
v 1.788200 0.825900 8.671051
v 1.700700 0.659500 8.501051
v 1.959400 0.955200 8.747150
v 1.896000 1.005800 8.569151
v 1.745800 0.925700 8.504250
v 2.116800 0.825800 8.838051
v 2.283600 0.964700 8.798050
v 2.146000 1.052600 8.721849
v 2.152700 0.475100 8.707350
v 2.301200 0.645300 8.779850
v 0.688900 0.304100 7.798350
v 0.839200 0.511900 7.994750
v 0.644800 0.644400 7.917050
v 0.509500 0.443000 7.725250
v 0.810600 0.813900 7.957650
v 0.691100 0.847400 7.786450
v 0.540100 0.733200 7.734951
v 0.983800 0.726400 8.051550
v 1.077100 0.879900 8.010651
v 0.930700 0.936700 7.928550
v 1.035900 0.375200 7.963750
v 1.153900 0.571600 8.024349
v -0.570100 0.229400 6.013250
v -0.484800 0.316000 6.410450
v -0.691200 0.468900 6.184050
v -0.746500 0.382800 5.820750
v -0.542000 0.561700 6.411450
v -0.656100 0.705800 6.037350
v -0.788100 0.650800 5.840550
v -0.338900 0.499300 6.620750
v -0.213400 0.658600 6.607050
v -0.389400 0.687000 6.433250
v -0.229500 0.222600 6.423950
v -0.098000 0.402500 6.601950
v -0.914200 0.439100 2.934450
v -1.098600 0.286900 2.985350
v -1.219000 0.177900 2.717050
v -1.409400 0.212300 2.856550
v -1.525600 0.290400 2.521350
v -1.267100 0.216100 3.106850
v -1.402800 0.230500 3.260150
v -1.529100 0.314200 3.052650
v -0.980000 0.467900 3.214950
v -1.112500 0.306300 3.332850
v -1.609100 0.485100 2.822050
v -1.658100 0.741400 2.571050
v -1.627300 0.954400 2.895550
v -1.622800 1.284400 2.687350
v -1.625600 0.675700 3.075050
v -1.604700 0.852500 3.303050
v -1.550800 1.113700 3.170750
v -1.588700 0.454500 3.244150
v -1.466700 1.383100 3.019450
v -1.363500 1.660200 2.838050
v -1.157900 1.549700 3.158650
v -0.987200 1.655600 3.033450
v -1.312500 1.401400 3.296950
v -1.166900 1.345300 3.519650
v -1.014100 1.363300 3.376550
v -1.447200 1.215500 3.417650
v -0.893900 1.282900 3.220750
v -0.828500 1.060400 3.092950
v -0.851400 1.489100 3.048950
v -0.873700 0.721500 3.137050
v -0.798800 0.721800 3.002450
v -0.861100 0.965100 3.335050
v -0.895900 0.682100 3.441150
v -0.921900 1.134100 3.529450
v 5.006000 0.658600 5.111250
v 4.603300 0.428700 5.544150
v 4.228900 0.246100 5.015650
v 3.747400 0.291100 5.542750
v 3.326900 0.391700 5.167750
v 4.148400 0.308900 5.936050
v 3.684700 0.308100 6.314850
v 3.367600 0.463800 6.009550
v 4.867700 0.695100 5.979250
v 4.487500 0.441100 6.293450
v 3.172500 0.775300 5.752350
v 3.099000 1.223300 5.623850
v 3.082000 0.698600 5.241550
v 3.233800 1.733800 5.969850
v 3.301500 2.321600 5.533950
v 3.024600 1.787300 5.442250
v 3.132600 1.200700 6.201250
v 3.215900 1.624400 6.652350
v 3.477500 2.117000 6.411350
v 3.148800 0.758100 6.427950
v 3.771200 2.506300 5.984550
v 4.078400 2.849600 5.395950
v 4.531400 2.487700 5.847850
v 4.934200 2.400300 5.204050
v 4.144000 2.473900 6.388950
v 4.493000 2.227400 6.680550
v 4.829800 2.070900 6.205550
v 3.756500 2.287700 6.800050
v 5.097800 1.839800 5.717150
v 5.271300 1.465300 5.198250
v 5.132300 1.037600 5.637750
v 5.132700 1.401200 6.075050
v 5.014300 1.000700 6.356550
v 5.015100 1.673700 6.482850
v 0.435400 0.437800 3.652050
v 0.420000 0.786000 3.979250
v 0.372700 1.200400 3.842250
v 0.334800 0.767100 3.592950
v 0.356800 1.518400 4.223050
v 0.355100 1.998900 3.991350
v 0.309200 1.686200 3.729150
v 0.354200 1.080700 4.352550
v 0.333600 1.279200 4.893650
v 0.417000 1.650800 4.791250
v 0.538000 0.460500 4.237350
v 0.402800 0.689500 4.548050
v 0.546100 1.992000 4.618450
v 0.723700 2.294500 4.357850
v 0.995600 1.953700 4.996850
v 1.260200 1.977100 4.752950
v 0.766500 1.844600 5.245650
v 1.004700 1.655900 5.793650
v 1.221900 1.603800 5.481750
v 0.561300 1.657700 5.421550
v 1.391700 1.452900 5.127350
v 1.486300 1.160900 4.799550
v 1.464000 1.680600 4.740250
v 1.460700 0.741500 4.860850
v 1.369600 0.410500 4.305150
v 1.519500 0.728200 4.495350
v 1.479600 1.028300 5.381450
v 1.469200 0.643800 5.592750
v 1.345900 0.419800 4.974150
v 1.396900 1.258100 5.856750
v 1.132700 0.259000 4.378950
v 0.838000 0.174700 3.825450
v 0.677500 0.276200 4.023250
v 0.916700 0.189100 4.490250
v 0.717000 0.231700 4.630650
v 1.163600 0.205300 5.084350
v -0.979600 0.452000 3.554250
v -1.099600 0.303700 3.682450
v -1.252700 0.231800 3.467550
v -1.383100 0.240300 3.613450
v -1.507800 0.307500 3.421650
v -1.238000 0.239300 3.823950
v -1.374100 0.239500 3.985250
v -1.493200 0.303500 3.764450
v -0.968200 0.412900 3.906050
v -1.091300 0.281300 4.060250
v -1.573200 0.419800 3.582150
v -1.611700 0.608500 3.432250
v -1.602800 0.774300 3.632850
v -1.553100 1.008600 3.529050
v -1.600700 0.554000 3.751450
v -1.577500 0.678900 3.952150
v -1.540300 0.902900 3.834450
v -1.562000 0.393400 3.932650
v -1.451500 1.098200 3.740350
v -1.321000 1.249700 3.638650
v -1.184700 1.215100 3.837350
v -1.046700 1.231900 3.705750
v -1.303000 1.101600 3.932350
v -1.135200 1.024100 4.131750
v -1.032900 1.088800 4.011750
v -1.409500 0.933000 4.036250
v -0.938800 1.034700 3.854750
v -0.875100 0.882200 3.656050
v -0.892400 0.626600 3.776050
v -0.864700 0.779700 3.985050
v -0.882600 0.539000 4.133350
v -0.906500 0.873800 4.173250
v 4.743600 0.640300 6.635750
v 4.362200 0.363100 6.935850
v 4.048300 0.287600 6.622950
v 3.602200 0.266500 6.958950
v 3.304500 0.436600 6.683750
v 3.933000 0.205900 7.256650
v 3.507700 0.214500 7.585750
v 3.236500 0.387800 7.299850
v 4.613900 0.479200 7.266950
v 4.224200 0.227100 7.574750
v 3.082100 0.702100 7.043050
v 3.077900 1.119200 6.821650
v 3.148700 1.433300 7.206550
v 3.408000 1.906500 7.042850
v 3.006300 1.006100 7.415750
v 3.123700 1.205000 7.803650
v 3.382900 1.576300 7.561750
v 3.022700 0.647600 7.668750
v 3.739300 1.959900 7.352450
v 4.123500 2.214500 7.083550
v 4.509100 1.956100 7.308950
v 4.808200 1.865300 6.904450
v 4.148400 1.833900 7.642550
v 4.493500 1.633400 7.935150
v 4.803100 1.652200 7.535850
v 3.754700 1.544900 7.927650
v 4.991500 1.486900 7.128550
v 5.059800 1.271000 6.732250
v 4.915000 0.856100 6.985450
v 4.997800 1.062200 7.363550
v 4.799600 0.639500 7.631150
v 4.922900 1.272800 7.784550
v 0.539400 0.365700 4.874750
v 0.403100 0.551900 5.283950
v 0.320900 0.907500 5.025950
v 0.316500 1.098300 5.651750
v 0.396300 1.415200 5.544750
v 0.329400 0.747800 5.841350
v 0.350600 0.923100 6.449850
v 0.413000 1.227600 6.298150
v 0.555000 0.274000 5.723650
v 0.409900 0.449900 6.184350
v 0.549700 1.479300 6.181950
v 0.759100 1.624000 6.031850
v 0.992500 1.494200 6.549850
v 1.224800 1.431900 6.260450
v 0.783600 1.391200 6.715050
v 0.994500 1.215900 7.143050
v 1.193000 1.248000 6.948350
v 0.612500 1.205900 6.847450
v 1.377400 1.127500 6.623150
v 1.481700 0.898600 6.156650
v 1.472000 0.549000 6.402750
v 1.374100 0.329000 5.773350
v 1.450600 0.793400 6.904250
v 1.421100 0.495000 7.146451
v 1.361700 0.267800 6.603350
v 1.322800 0.975900 7.265650
v 1.187100 0.127300 5.906350
v 0.944800 0.111400 5.196250
v 0.736300 0.144500 5.391050
v 0.961200 0.045500 6.075850
v 0.746200 0.093800 6.339950
v 1.167300 0.096100 6.782050
v -0.971300 0.349500 4.313550
v -1.104500 0.240900 4.491650
v -1.236700 0.209500 4.249350
v -1.370400 0.204000 4.433250
v -1.485100 0.271200 4.180550
v -1.245600 0.227000 4.630850
v -1.457600 0.257700 4.570650
v -1.011900 0.340700 4.657650
v -1.540700 0.335000 4.373850
v -1.581100 0.479300 4.142550
v -1.525300 0.537800 4.357650
v -1.486100 0.725500 4.182250
v -1.514700 0.411600 4.541650
v -1.412900 0.557000 4.524750
v -1.343300 0.693300 4.400050
v -1.245900 0.869000 4.262750
v -1.105600 0.785900 4.481750
v -0.996400 0.882300 4.347550
v -1.212000 0.656000 4.579450
v -1.024500 0.722300 4.644950
v -0.922500 0.716400 4.539050
v -0.862500 0.647900 4.356750
v -0.909800 0.457800 4.531950
v -0.931300 0.576000 4.685350
v 4.460100 0.323600 7.920750
v 4.075900 0.197800 8.222349
v 3.810000 0.155600 7.903550
v 3.421400 0.262400 8.229750
v 3.171300 0.384000 7.941150
v 3.702000 0.273900 8.531750
v 3.164000 0.489300 8.530350
v 4.251300 0.334200 8.537149
v 3.025500 0.660500 8.327850
v 3.000900 0.914600 8.085649
v 3.183400 1.044000 8.506050
v 3.411700 1.249900 8.238150
v 3.085200 0.899600 8.697750
v 3.420400 1.089000 8.828350
v 3.724500 1.210500 8.663549
v 4.107800 1.424100 8.344549
v 4.316700 1.290700 8.686251
v 4.675700 1.380500 8.254650
v 3.924000 1.162800 8.950251
v 4.373800 1.127400 8.898951
v 4.687500 1.031100 8.517950
v 4.854600 0.839900 8.051451
v 4.591800 0.502700 8.309450
v 4.507200 0.725200 8.741951
v 0.537900 0.223500 6.670850
v 0.384300 0.412100 7.042850
v 0.322900 0.642400 6.680650
v 0.393300 0.781500 7.188350
v 0.483100 0.997200 7.019250
v 0.387200 0.601200 7.442050
v 0.564000 0.840800 7.571650
v 0.531900 0.260600 7.460550
v 0.659100 0.959700 7.448150
v 0.808600 1.093500 7.295950
v 0.947800 1.028600 7.650651
v 1.132100 1.065200 7.507350
v 0.805500 0.939000 7.729550
v 1.053600 0.984700 7.888150
v 1.230900 0.906000 7.777150
v 1.381100 0.730500 7.534850
v 1.334500 0.506400 7.742750
v 1.303200 0.264900 7.361750
v 1.243300 0.737300 7.945450
v 1.206700 0.362900 7.876550
v 1.114200 0.147600 7.549150
v 0.943200 0.037200 7.004050
v 0.712900 0.108900 7.235450
v 0.895600 0.177200 7.700950
v 1.696900 0.365400 4.509450
v 1.630500 0.699000 5.032250
v 1.539200 1.148100 4.875550
v 1.586000 1.445200 5.323850
v 1.599600 1.983100 4.986050
v 1.575200 1.007800 5.557350
v 1.601700 1.261200 6.107650
v 1.712800 1.612700 5.868050
v 1.794600 0.342700 5.350750
v 1.644300 0.608400 5.829550
v 1.873200 1.959800 5.557250
v 2.088400 2.354100 5.166850
v 2.445800 1.998600 5.762550
v 2.780900 2.080200 5.434250
v 2.143100 1.875700 6.106050
v 2.431000 1.734300 6.578650
v 2.719200 1.658700 6.236550
v 1.893800 1.707400 6.400950
v 2.932900 1.486500 5.892650
v 3.031700 1.149500 5.604350
v 2.960700 0.680000 5.703950
v 2.883800 0.324700 5.065450
v 2.991900 1.030700 6.183450
v 2.919900 0.631700 6.425350
v 2.771400 0.329600 5.889850
v 2.890000 1.309900 6.592350
v 2.547500 0.129100 5.259750
v 2.256200 0.070700 4.595050
v 1.991600 0.150600 4.951650
v 2.264700 0.041900 5.512650
v 2.011200 0.101100 5.810950
v 2.535700 0.102600 6.099650
v -0.691400 0.441300 3.041950
v -0.724100 0.738900 3.240450
v -0.783400 1.091200 3.147850
v -0.790400 1.410100 3.382350
v -0.792200 1.821700 3.213850
v -0.766100 1.034600 3.478350
v -0.786900 1.265900 3.779850
v -0.737700 1.606800 3.723650
v -0.618800 0.470600 3.411150
v -0.722100 0.710200 3.608150
v -0.609800 1.927000 3.633250
v -0.398700 2.183100 3.437450
v -0.142900 1.984000 3.919950
v 0.123400 1.974300 3.735750
v -0.412500 1.895900 4.069650
v -0.195900 1.739600 4.465450
v 0.066200 1.681500 4.275550
v -0.625100 1.696100 4.129650
v 0.253300 1.517000 4.026750
v 0.342500 1.201200 3.790150
v 0.285200 0.793900 3.851950
v 0.167700 0.443900 3.479150
v 0.301600 1.098100 4.199550
v 0.251700 0.718000 4.326750
v 0.143300 0.483100 3.918750
v 0.207400 1.325400 4.535050
v -0.053200 0.295800 3.523850
v -0.334000 0.202500 3.144950
v -0.485600 0.290800 3.270050
v -0.265800 0.239600 3.591250
v -0.460000 0.300300 3.679450
v -0.051200 0.292200 3.978750
v 1.796200 0.287900 6.182250
v 1.662800 0.553500 6.635050
v 1.587800 0.897400 6.349050
v 1.627700 1.149300 6.864550
v 1.712900 1.461100 6.645650
v 1.614400 0.827400 7.101650
v 1.685300 1.018000 7.530850
v 1.772300 1.290000 7.324750
v 1.809400 0.289900 7.001250
v 1.672500 0.547700 7.403450
v 1.901400 1.556600 7.121950
v 2.129500 1.713700 6.879350
v 2.390900 1.583000 7.266750
v 2.677600 1.506500 6.954850
v 2.139600 1.484700 7.505850
v 2.343500 1.320200 7.847950
v 2.585300 1.344800 7.591950
v 1.976300 1.281200 7.707850
v 2.813800 1.207500 7.257750
v 2.938100 0.950700 6.867550
v 2.863300 0.602700 7.110250
v 2.756400 0.311800 6.643450
v 2.836900 0.878600 7.535850
v 2.743900 0.580600 7.793550
v 2.689700 0.327000 7.343450
v 2.680700 1.069700 7.903150
v 2.518200 0.114300 6.854950
v 2.269700 0.017500 6.329950
v 2.014400 0.096900 6.628150
v 2.250200 0.060000 7.116250
v 2.000800 0.153800 7.436650
v 2.444100 0.174000 7.594650
v -0.628000 0.450600 3.808950
v -0.747800 0.641200 4.023650
v -0.788000 0.947000 3.867750
v -0.821800 1.122500 4.195250
v -0.758800 1.419700 4.142750
v -0.827500 0.799800 4.335350
v -0.877700 0.953000 4.691050
v -0.814600 1.251500 4.595350
v -0.649000 0.383400 4.290050
v -0.781100 0.511300 4.548350
v -0.679100 1.514200 4.584050
v -0.474700 1.697600 4.570550
v -0.251100 1.554500 4.994350
v 0.020800 1.487600 4.822350
v -0.515100 1.486400 5.048350
v -0.278300 1.280000 5.486050
v -0.020700 1.275800 5.365550
v -0.709500 1.297000 5.051150
v 0.173300 1.150800 5.108750
v 0.268600 0.948900 4.736750
v 0.234200 0.603000 4.895450
v 0.129900 0.420400 4.421350
v 0.239000 0.798100 5.350050
v 0.203500 0.505500 5.570450
v 0.116000 0.350200 5.037350
v 0.125400 0.947800 5.701050
v -0.054100 0.250700 4.497950
v -0.263600 0.227600 4.037850
v -0.469000 0.276900 4.129450
v -0.265800 0.194300 4.588650
v -0.477400 0.224100 4.714250
v -0.064800 0.206400 5.161250
v 1.790000 0.340700 7.770450
v 1.655800 0.591500 8.058750
v 1.623700 0.795500 7.771950
v 1.713400 0.933100 8.103750
v 1.846900 1.084100 7.915050
v 1.643500 0.809200 8.306351
v 1.835800 0.988800 8.367350
v 1.747100 0.455100 8.334551
v 1.992000 1.066400 8.244650
v 2.152900 1.189900 8.064850
v 2.270100 1.111900 8.395750
v 2.468900 1.147100 8.193350
v 2.075900 1.060700 8.515551
v 2.324700 1.060700 8.647249
v 2.525900 0.963100 8.491951
v 2.689900 0.804700 8.201651
v 2.568800 0.585100 8.433350
v 2.555600 0.363900 8.044750
v 2.465700 0.799500 8.696150
v 2.367300 0.452200 8.588650
v 2.305700 0.268300 8.291651
v 2.175000 0.148600 7.889350
v 1.927000 0.259100 8.154150
v 2.048100 0.318000 8.481850
v -0.669500 0.317900 4.887050
v -0.809000 0.459800 5.123150
v -0.874900 0.676400 4.846450
v -0.889000 0.823700 5.199350
v -0.840500 1.066200 5.084350
v -0.859900 0.582700 5.469050
v -0.788200 0.841700 5.617450
v -0.680900 0.287700 5.546550
v -0.682100 1.002600 5.536350
v -0.507900 1.166400 5.517950
v -0.322900 0.935700 6.007650
v -0.089800 0.991700 5.932850
v -0.509000 0.815000 6.033850
v -0.220100 0.768900 6.408550
v 0.022300 0.753700 6.310650
v 0.190800 0.663200 6.019850
v 0.138200 0.429500 6.248950
v 0.087300 0.284900 5.762150
v 0.022200 0.587200 6.543150
v -0.015600 0.258800 6.360250
v -0.103500 0.164900 5.893650
v -0.275900 0.153200 5.287050
v -0.498600 0.192200 5.407850
v -0.346400 0.147600 5.988950
v -0.548000 5.293300 -0.766150
v -0.369300 4.657700 -0.029650
v -0.144100 5.493200 -0.071450
v 0.067600 4.830600 0.499850
v 0.333800 5.626400 0.514750
v -0.205700 4.115300 0.568050
v 0.260700 4.277300 0.989250
v -0.617600 3.884400 0.107750
v 0.585100 3.722800 -4.433350
v 0.047900 2.959600 -3.779250
v -0.068600 3.602500 -4.256550
v -0.578100 2.805100 -3.432450
v -0.597900 3.627300 -3.933250
v -0.474300 2.057300 -2.928950
v -1.021000 2.008100 -2.357850
v 0.207000 2.308100 -3.331950
v 3.986300 4.102700 -3.100750
v 3.704800 4.591600 -3.761050
v 3.366500 3.859800 -3.503350
v 3.706300 3.247400 -2.869850
v 1.400400 5.780400 1.377050
v 1.679800 5.134000 1.690150
v 2.041400 5.900700 1.660350
v 2.449700 5.319800 1.927550
v 2.918000 6.070700 1.782550
v 2.018500 4.626200 2.007550
v 2.897100 4.847700 2.155950
v 1.335300 4.477600 1.720150
v 5.117400 1.764400 -0.220350
v 5.498600 1.771500 0.812750
v 5.492400 2.406800 0.448450
v 5.614100 2.381700 1.335950
v 5.188900 2.582000 -0.531650
v 5.389900 3.045600 0.328950
v -0.980800 2.945900 -2.924450
v -0.867100 3.978300 -3.387750
v -1.098100 3.446200 -2.230950
v -0.927700 4.512800 -2.565350
v -1.267000 2.362500 -1.728450
v -1.229400 3.033600 -1.040850
v 3.403400 5.468800 1.906250
v 3.889800 6.072600 1.537550
v 4.279700 5.362900 1.445750
v 3.828100 4.939600 1.989250
v 0.555200 4.948600 0.965050
v 0.851900 5.710100 1.000650
v 1.084600 5.029000 1.360150
v 0.764100 4.389900 1.377450
v -1.008300 4.021200 -1.403850
v -0.837700 4.989300 -1.599650
v -0.747100 4.416400 -0.644050
v -0.997100 3.544900 -0.416550
v 5.448400 2.883200 1.272050
v 5.425800 2.765100 2.332750
v 5.036300 3.354900 2.276650
v 5.181200 3.418400 1.236750
v 1.705100 0.804100 -1.701650
v 2.104100 0.445400 -0.742950
v 2.578200 0.877900 -1.521550
v 2.165500 1.369300 -2.356050
v 1.396000 3.271100 -4.040050
v 1.239600 3.832700 -4.511350
v 0.730000 3.144500 -3.977050
v 0.902400 2.492000 -3.532850
v 1.103200 61.198601 -2.531550
v -0.270200 61.232002 -2.665150
v -1.360000 61.411301 -2.397450
v -3.012600 62.053501 -1.085650
v -3.589700 62.433002 -0.248150
v -3.945600 62.820602 0.644050
v 3.753300 62.666500 1.473850
v 3.649100 62.140800 0.171850
v 3.202200 61.702503 -0.970050
v -4.173900 63.609203 2.537050
v -4.034000 64.027504 3.582050
v -3.630100 64.375000 4.495250
v 1.429200 64.560104 5.740950
v 2.322400 64.180199 4.951950
v 2.988000 63.714802 3.917950
v -2.014500 64.795502 5.776850
v -1.041000 64.881699 6.140250
v -0.265600 64.884605 6.269050
v 2.393200 61.371002 -1.907750
v -2.256300 61.694901 -1.844250
v 3.462300 63.202003 2.738050
v -4.132500 63.211502 1.570950
v -2.954000 64.618904 5.197850
v 0.522700 64.798698 6.182450
v 2.273500 59.695301 -5.833950
v -0.119200 59.842102 -6.026150
v -1.986800 60.151100 -5.563450
v -4.861300 61.177002 -3.333650
v -5.827900 61.910202 -1.863250
v -6.439100 62.577503 -0.327250
v 6.887000 62.239502 1.103350
v 6.643700 61.405403 -1.142950
v 5.873500 60.652302 -3.105450
v -6.887000 63.877403 2.951950
v -6.593400 64.657501 4.735850
v -5.896400 65.256302 6.309350
v 2.855400 65.530899 8.499451
v 4.362900 64.919800 7.093250
v 5.506000 64.118004 5.312150
v -3.117300 65.938499 8.572250
v -1.423500 66.126205 9.137350
v -0.100100 66.130905 9.356050
v 4.518600 59.995300 -4.749150
v -3.527800 60.638901 -4.611950
v 6.380800 63.169300 3.297450
v -6.760700 63.250702 1.268850
v -4.733600 65.673805 7.512351
v 1.280500 65.944702 9.267450
v 0.904900 60.064701 -5.332350
v -1.059400 60.246101 -5.196550
v -4.955800 61.720100 -2.202250
v -5.688100 62.324203 -0.839550
v 6.194200 61.963303 0.140250
v 5.744600 61.194103 -1.811350
v -6.222700 64.204498 3.675350
v -5.805100 64.825104 5.258850
v 3.266000 65.093704 7.337050
v 4.513800 64.417503 5.878950
v -2.090600 65.825104 8.286551
v -0.715200 65.892303 8.666451
v 3.108400 60.171803 -4.724950
v 4.787100 60.582802 -3.456650
v -3.893800 61.131401 -3.475450
v -2.593100 60.616203 -4.531650
v 6.025800 62.812000 2.189550
v 5.392900 63.641403 4.118850
v -6.284200 63.553204 2.072950
v -6.103600 62.937603 0.595650
v -3.662900 65.615105 7.526450
v -4.958100 65.286499 6.519850
v 1.801400 65.589905 8.321251
v 0.464000 65.836899 8.715651
v 2.255900 59.782204 -5.800350
v 2.268500 59.745003 -5.830750
v -0.112800 59.754704 -6.063950
v -0.116100 59.804604 -6.059150
v -1.991900 60.064701 -5.601650
v -1.992600 60.114304 -5.596350
v -4.831600 61.257504 -3.303350
v -4.855000 61.224903 -3.329850
v -5.868600 61.835003 -1.883650
v -5.859100 61.881104 -1.882750
v -6.488500 62.508102 -0.334850
v -6.476000 62.552402 -0.337750
v 6.829200 62.312702 1.104750
v 6.870100 62.285900 1.101850
v 6.693900 61.326302 -1.156350
v 6.680100 61.374302 -1.155950
v 5.914000 60.569103 -3.128350
v 5.903500 60.618202 -3.126250
v -6.832300 63.933804 2.928450
v -6.872200 63.917702 2.939450
v -6.641000 64.607605 4.775150
v -6.628900 64.645699 4.757750
v -5.932300 65.211205 6.359250
v -5.924900 65.247704 6.339150
v 2.816900 65.575104 8.453449
v 2.839300 65.567398 8.487350
v 4.410700 64.869804 7.131350
v 4.393600 64.908501 7.121350
v 5.562300 64.060699 5.342250
v 5.543700 64.101898 5.332650
v -3.109000 65.978806 8.512650
v -3.119400 65.973602 8.551550
v -1.418400 66.086205 9.198250
v -1.424500 66.121300 9.177851
v -0.083200 66.090698 9.415350
v -0.093400 66.125801 9.396351
v 4.489800 60.080803 -4.720050
v 4.511800 60.044701 -4.746350
v -3.545000 60.554703 -4.648150
v -3.542300 60.603703 -4.642950
v 6.320000 63.234703 3.279950
v 6.361800 63.213203 3.289950
v -6.815500 63.187702 1.276250
v -6.800800 63.230003 1.268850
v -4.756000 65.631905 7.568650
v -4.753700 65.667404 7.547550
v 1.252700 65.986000 9.213350
v 1.266800 65.980103 9.251450
v 1.046000 59.711903 -6.052250
v 1.040000 59.755600 -6.034250
v -1.112600 59.910202 -5.906450
v -1.112900 59.953701 -5.887250
v -5.408700 61.529202 -2.622750
v -5.391000 61.568203 -2.609850
v -6.219600 62.195004 -1.121950
v -6.196900 62.231201 -1.114850
v 6.870600 61.797703 -0.041850
v 6.843300 61.835903 -0.037750
v 6.370100 60.952202 -2.185950
v 6.347300 60.992901 -2.176650
v -6.809600 64.269600 3.859250
v -6.783700 64.296104 3.843350
v -6.343500 64.953400 5.603350
v -6.322500 64.977104 5.580750
v 3.655700 65.247505 7.877250
v 3.634000 65.270905 7.856250
v 5.030300 64.502304 6.275350
v 5.004200 64.529099 6.258250
v -2.244000 66.053299 8.929649
v -2.243300 66.073303 8.899349
v -0.728500 66.126602 9.345051
v -0.734100 66.146599 9.314850
v 3.466200 59.830101 -5.383550
v 3.454700 59.873203 -5.367850
v 5.312800 60.281101 -3.991950
v 5.295400 60.323303 -3.978750
v -4.235400 60.881603 -4.021850
v -4.223600 60.922901 -4.004950
v -2.800800 60.316002 -5.179450
v -2.795300 60.358704 -5.160650
v 6.692100 62.732101 2.214250
v 6.662100 62.766800 2.210250
v 5.999300 63.646603 4.340250
v 5.969600 63.677303 4.327950
v -6.880900 63.551201 2.091350
v -6.853100 63.581001 2.083650
v -6.681000 62.871803 0.460850
v -6.654700 62.904903 0.461050
v -3.976400 65.822899 8.096050
v -3.968700 65.843300 8.066851
v -5.405600 65.461403 6.990250
v -5.390900 65.483101 6.963550
v 2.043500 65.793701 8.959949
v 2.026900 65.815002 8.934851
v 0.570800 66.065300 9.396250
v 0.559700 66.085701 9.367750
vt 0.482300 0.212300
vt 0.481700 0.210900
vt 0.483800 0.210900
vt 0.483900 0.212700
vt 0.480700 0.209100
vt 0.483200 0.208900
vt 0.485700 0.209100
vt 0.486000 0.211400
vt 0.485900 0.213600
vt 0.488400 0.212200
vt 0.488100 0.214800
vt 0.488300 0.209600
vt 0.491200 0.210400
vt 0.491000 0.213300
vt 0.490400 0.216300
vt 0.484900 0.206600
vt 0.487900 0.206900
vt 0.483900 0.204100
vt 0.487100 0.204100
vt 0.490400 0.204400
vt 0.491000 0.207500
vt 0.479400 0.207100
vt 0.482200 0.206700
vt 0.477900 0.205000
vt 0.480900 0.204300
vt 0.308200 0.074200
vt 0.311300 0.076100
vt 0.307800 0.083100
vt 0.304600 0.081500
vt 0.314500 0.078000
vt 0.311200 0.084400
vt 0.308000 0.091500
vt 0.304500 0.090200
vt 0.301100 0.088600
vt 0.301600 0.097400
vt 0.298000 0.095900
vt 0.305300 0.098500
vt 0.303200 0.106000
vt 0.299200 0.105200
vt 0.295100 0.104000
vt 0.311800 0.092100
vt 0.309200 0.099200
vt 0.315800 0.092400
vt 0.313300 0.099700
vt 0.311700 0.107100
vt 0.307400 0.106600
vt 0.318700 0.076800
vt 0.315100 0.084600
vt 0.322900 0.075500
vt 0.319000 0.084400
vt 0.286900 0.050300
vt 0.286600 0.052900
vt 0.284400 0.052400
vt 0.285000 0.048800
vt 0.286400 0.055900
vt 0.283700 0.056100
vt 0.280700 0.055600
vt 0.282100 0.051100
vt 0.283100 0.047300
vt 0.279800 0.048900
vt 0.281700 0.043000
vt 0.277600 0.054700
vt 0.274500 0.053300
vt 0.277500 0.046300
vt 0.280400 0.038700
vt 0.278600 0.060300
vt 0.274600 0.060400
vt 0.275400 0.065300
vt 0.270700 0.066200
vt 0.266000 0.066600
vt 0.270700 0.060000
vt 0.286100 0.059000
vt 0.282500 0.059800
vt 0.285500 0.062700
vt 0.280200 0.064100
vt 0.280600 0.068300
vt 0.275900 0.069400
vt 0.275200 0.074400
vt 0.270200 0.075800
vt 0.264800 0.077700
vt 0.270600 0.071100
vt 0.265400 0.072600
vt 0.259400 0.079400
vt 0.254200 0.080600
vt 0.260300 0.073400
vt 0.258600 0.085100
vt 0.253500 0.086700
vt 0.252300 0.093500
vt 0.247600 0.094800
vt 0.243000 0.095800
vt 0.248500 0.087900
vt 0.268500 0.082100
vt 0.263700 0.083300
vt 0.261500 0.091300
vt 0.257000 0.092200
vt 0.235000 0.133300
vt 0.229100 0.141100
vt 0.225900 0.139600
vt 0.231500 0.132100
vt 0.224000 0.147500
vt 0.220900 0.145900
vt 0.217800 0.144500
vt 0.222600 0.138400
vt 0.228000 0.131200
vt 0.219100 0.137100
vt 0.224400 0.130300
vt 0.214500 0.143100
vt 0.211000 0.141800
vt 0.215600 0.135900
vt 0.220600 0.129300
vt 0.213900 0.150000
vt 0.210500 0.148600
vt 0.210400 0.154900
vt 0.207000 0.153500
vt 0.203500 0.152000
vt 0.207000 0.147100
vt 0.219900 0.153100
vt 0.216900 0.151400
vt 0.216300 0.158000
vt 0.213400 0.156300
vt 0.187400 0.191800
vt 0.185800 0.191600
vt 0.186600 0.189500
vt 0.188500 0.190500
vt 0.183500 0.191600
vt 0.184400 0.189100
vt 0.185700 0.186900
vt 0.188000 0.187600
vt 0.190000 0.188900
vt 0.189800 0.185600
vt 0.191900 0.187100
vt 0.187400 0.184700
vt 0.189400 0.182400
vt 0.191800 0.183500
vt 0.194000 0.185000
vt 0.182900 0.186400
vt 0.184600 0.184000
vt 0.179700 0.186000
vt 0.181500 0.183400
vt 0.183600 0.180800
vt 0.186600 0.181600
vt 0.180600 0.191700
vt 0.181500 0.188900
vt 0.177400 0.191800
vt 0.178300 0.188800
vt 0.452000 0.157000
vt 0.456500 0.156200
vt 0.459500 0.163300
vt 0.455200 0.164400
vt 0.460700 0.154900
vt 0.463400 0.161900
vt 0.465900 0.168100
vt 0.462300 0.169600
vt 0.458200 0.170900
vt 0.464700 0.175100
vt 0.460900 0.176500
vt 0.468200 0.173600
vt 0.470400 0.178500
vt 0.467000 0.180000
vt 0.463300 0.181400
vt 0.469400 0.166600
vt 0.471600 0.172100
vt 0.472900 0.164900
vt 0.474900 0.170500
vt 0.476900 0.175600
vt 0.473600 0.177000
vt 0.464700 0.153300
vt 0.467200 0.160300
vt 0.468600 0.151600
vt 0.470800 0.158600
vt 0.421500 0.085500
vt 0.426200 0.083800
vt 0.432000 0.091400
vt 0.427100 0.092800
vt 0.431200 0.082300
vt 0.437000 0.090300
vt 0.442300 0.098900
vt 0.437300 0.099800
vt 0.432200 0.100900
vt 0.441500 0.109100
vt 0.436300 0.109900
vt 0.446500 0.108200
vt 0.449800 0.118000
vt 0.444900 0.119000
vt 0.439600 0.119700
vt 0.447300 0.098100
vt 0.451400 0.107200
vt 0.452300 0.097200
vt 0.456200 0.106100
vt 0.459300 0.115400
vt 0.454700 0.116800
vt 0.436500 0.080900
vt 0.442200 0.089200
vt 0.441900 0.079500
vt 0.447400 0.088200
vt 0.402800 0.061200
vt 0.406800 0.058900
vt 0.411200 0.064300
vt 0.406800 0.066500
vt 0.410900 0.056000
vt 0.415600 0.061800
vt 0.420700 0.068300
vt 0.415900 0.070400
vt 0.411400 0.072400
vt 0.420900 0.076800
vt 0.416300 0.078700
vt 0.425900 0.075000
vt 0.425400 0.065800
vt 0.431000 0.073200
vt 0.430400 0.063400
vt 0.436200 0.071300
vt 0.414800 0.052200
vt 0.419900 0.058500
vt 0.418200 0.046600
vt 0.424500 0.055500
vt 0.339400 0.070800
vt 0.343500 0.071900
vt 0.341000 0.082400
vt 0.336400 0.082200
vt 0.347500 0.073000
vt 0.345800 0.082700
vt 0.344000 0.092400
vt 0.338700 0.092000
vt 0.333700 0.091800
vt 0.336900 0.100000
vt 0.331700 0.099800
vt 0.342600 0.100500
vt 0.341700 0.108100
vt 0.335800 0.107500
vt 0.330400 0.107300
vt 0.349700 0.093000
vt 0.348800 0.101400
vt 0.355900 0.093900
vt 0.355500 0.102500
vt 0.355400 0.110200
vt 0.348300 0.109000
vt 0.352700 0.070900
vt 0.351100 0.082500
vt 0.357900 0.068800
vt 0.356900 0.082600
vt 0.502100 0.223600
vt 0.499900 0.228500
vt 0.497000 0.226100
vt 0.498700 0.221800
vt 0.497700 0.233400
vt 0.494400 0.230900
vt 0.491900 0.228200
vt 0.494200 0.223700
vt 0.495700 0.219800
vt 0.491700 0.221400
vt 0.493000 0.218000
vt 0.489600 0.225500
vt 0.487400 0.223000
vt 0.489400 0.219400
vt 0.488300 0.233500
vt 0.486100 0.230500
vt 0.483100 0.239800
vt 0.480900 0.236800
vt 0.478600 0.233800
vt 0.483900 0.227700
vt 0.492900 0.239500
vt 0.490600 0.236500
vt 0.488100 0.245600
vt 0.485300 0.242800
vt 0.187900 0.193500
vt 0.185700 0.194200
vt 0.188900 0.196900
vt 0.186300 0.197800
vt 0.183400 0.198600
vt 0.183100 0.194600
vt 0.180100 0.195000
vt 0.180300 0.199300
vt 0.177100 0.199900
vt 0.176900 0.195400
vt 0.184600 0.204000
vt 0.181500 0.204800
vt 0.186800 0.210700
vt 0.183600 0.211600
vt 0.180200 0.212300
vt 0.178200 0.205600
vt 0.190500 0.201900
vt 0.187600 0.203000
vt 0.192800 0.208500
vt 0.189900 0.209700
vt 0.481200 0.213300
vt 0.479600 0.211800
vt 0.478900 0.215400
vt 0.476900 0.213800
vt 0.474900 0.212000
vt 0.478100 0.210000
vt 0.476400 0.208100
vt 0.472900 0.210100
vt 0.470900 0.208100
vt 0.474700 0.206100
vt 0.470400 0.215500
vt 0.468100 0.213600
vt 0.464700 0.220700
vt 0.462300 0.218700
vt 0.459900 0.216400
vt 0.465900 0.211500
vt 0.475100 0.219000
vt 0.472800 0.217200
vt 0.469600 0.224400
vt 0.467200 0.222600
vt 0.203800 0.174400
vt 0.206300 0.176700
vt 0.203500 0.179700
vt 0.201100 0.177500
vt 0.209100 0.180000
vt 0.206100 0.183100
vt 0.203400 0.185900
vt 0.200900 0.182400
vt 0.198600 0.180200
vt 0.198500 0.185000
vt 0.196200 0.182700
vt 0.200900 0.188400
vt 0.198500 0.190700
vt 0.196200 0.187300
vt 0.206300 0.191000
vt 0.203700 0.193500
vt 0.209700 0.197700
vt 0.206900 0.200300
vt 0.204100 0.202400
vt 0.201100 0.195700
vt 0.212500 0.184900
vt 0.209300 0.188100
vt 0.216400 0.191200
vt 0.212900 0.194800
vt 0.471500 0.195300
vt 0.467800 0.196700
vt 0.465800 0.193900
vt 0.469700 0.192400
vt 0.463200 0.198600
vt 0.461000 0.195700
vt 0.458700 0.192300
vt 0.463700 0.190700
vt 0.467700 0.189200
vt 0.461500 0.187000
vt 0.465600 0.185600
vt 0.456100 0.188400
vt 0.453400 0.183800
vt 0.459000 0.182700
vt 0.451900 0.194200
vt 0.448900 0.189700
vt 0.443400 0.196100
vt 0.440000 0.190900
vt 0.436600 0.185000
vt 0.445700 0.184500
vt 0.457200 0.201300
vt 0.454700 0.198000
vt 0.449600 0.204600
vt 0.446600 0.200700
vt 0.238700 0.134800
vt 0.232600 0.142900
vt 0.242900 0.136800
vt 0.236700 0.145100
vt 0.231100 0.151900
vt 0.227300 0.149500
vt 0.223000 0.155200
vt 0.226700 0.157800
vt 0.222800 0.163100
vt 0.219400 0.160300
vt 0.235900 0.154600
vt 0.231100 0.160900
vt 0.241700 0.157500
vt 0.236500 0.164300
vt 0.231900 0.170500
vt 0.227000 0.166500
vt 0.248200 0.138900
vt 0.241700 0.147500
vt 0.254400 0.141000
vt 0.247800 0.149900
vt 0.446900 0.157200
vt 0.443600 0.148600
vt 0.448800 0.148700
vt 0.440900 0.156600
vt 0.437700 0.147800
vt 0.434500 0.138600
vt 0.440300 0.139400
vt 0.445600 0.139600
vt 0.437200 0.129800
vt 0.442700 0.129800
vt 0.431300 0.129300
vt 0.428100 0.120100
vt 0.434000 0.120100
vt 0.427900 0.137200
vt 0.424900 0.128100
vt 0.420700 0.135500
vt 0.418200 0.126600
vt 0.415800 0.118200
vt 0.422000 0.119400
vt 0.433700 0.155400
vt 0.430800 0.146400
vt 0.425500 0.153700
vt 0.423100 0.144600
vt 0.288200 0.064700
vt 0.284200 0.068900
vt 0.290800 0.066500
vt 0.287100 0.070500
vt 0.282400 0.076000
vt 0.279000 0.074600
vt 0.272600 0.082100
vt 0.276400 0.083200
vt 0.269800 0.092200
vt 0.265600 0.091200
vt 0.285600 0.078300
vt 0.280400 0.085500
vt 0.288800 0.080900
vt 0.284200 0.088100
vt 0.279000 0.097000
vt 0.274400 0.094400
vt 0.293400 0.068700
vt 0.290000 0.072800
vt 0.296000 0.070800
vt 0.292800 0.075200
vt 0.417000 0.087500
vt 0.412000 0.080900
vt 0.413100 0.089600
vt 0.408300 0.083500
vt 0.403500 0.077600
vt 0.407200 0.074800
vt 0.402800 0.068900
vt 0.398900 0.071700
vt 0.394900 0.066200
vt 0.398900 0.063500
vt 0.400200 0.081300
vt 0.394900 0.075600
vt 0.398100 0.086300
vt 0.392000 0.081300
vt 0.384900 0.074900
vt 0.390400 0.069700
vt 0.409700 0.091600
vt 0.405200 0.086500
vt 0.407400 0.093100
vt 0.403500 0.090400
vt 0.313000 0.047000
vt 0.312500 0.048000
vt 0.311400 0.047400
vt 0.311600 0.046400
vt 0.312000 0.048900
vt 0.311200 0.048400
vt 0.310400 0.047900
vt 0.310400 0.047000
vt 0.310300 0.045700
vt 0.309300 0.046900
vt 0.309100 0.046000
vt 0.309400 0.047700
vt 0.308400 0.047800
vt 0.308200 0.047100
vt 0.307700 0.046600
vt 0.310300 0.048600
vt 0.309500 0.048400
vt 0.310300 0.049400
vt 0.309400 0.049100
vt 0.308800 0.049100
vt 0.308600 0.048500
vt 0.311700 0.049500
vt 0.311100 0.049000
vt 0.311500 0.049900
vt 0.311000 0.049600
vt 0.283100 0.146600
vt 0.289800 0.147300
vt 0.285000 0.158400
vt 0.277600 0.157300
vt 0.296300 0.147800
vt 0.292200 0.159300
vt 0.287000 0.170600
vt 0.279100 0.169100
vt 0.271300 0.167400
vt 0.272500 0.179700
vt 0.264600 0.177400
vt 0.280800 0.181900
vt 0.275100 0.194200
vt 0.266500 0.190600
vt 0.258400 0.187400
vt 0.294800 0.172100
vt 0.289300 0.184800
vt 0.302400 0.173600
vt 0.297600 0.188300
vt 0.292700 0.205500
vt 0.284000 0.199200
vt 0.302600 0.148100
vt 0.299300 0.159900
vt 0.308800 0.148300
vt 0.306200 0.160500
vt 0.330800 0.148400
vt 0.335900 0.148500
vt 0.335200 0.162400
vt 0.330100 0.162300
vt 0.341500 0.148900
vt 0.340700 0.162400
vt 0.338700 0.179100
vt 0.333300 0.179600
vt 0.328100 0.179500
vt 0.329800 0.202100
vt 0.324500 0.202100
vt 0.335100 0.200800
vt 0.333600 0.225300
vt 0.327800 0.227700
vt 0.321900 0.228000
vt 0.344900 0.178500
vt 0.341200 0.199000
vt 0.352100 0.177700
vt 0.348500 0.196600
vt 0.346500 0.217700
vt 0.339600 0.222000
vt 0.348000 0.149700
vt 0.347000 0.162700
vt 0.355200 0.150500
vt 0.354200 0.162900
vt 0.048800 0.854600
vt 0.058900 0.835500
vt 0.068800 0.842100
vt 0.059300 0.861600
vt 0.072300 0.810400
vt 0.081600 0.816300
vt 0.090500 0.821900
vt 0.078100 0.848200
vt 0.068900 0.868200
vt 0.020400 0.844100
vt 0.036300 0.820000
vt 0.047900 0.828000
vt 0.036900 0.846600
vt 0.052200 0.795900
vt 0.062400 0.803500
vt 0.128200 0.907000
vt 0.136600 0.883800
vt 0.146300 0.889200
vt 0.137900 0.912800
vt 0.147000 0.853700
vt 0.156500 0.858700
vt 0.166000 0.863600
vt 0.155800 0.894500
vt 0.147500 0.918500
vt 0.108500 0.894500
vt 0.116900 0.872400
vt 0.126800 0.878200
vt 0.118400 0.900900
vt 0.127700 0.843600
vt 0.137400 0.848700
vt 0.489600 0.908300
vt 0.484500 0.882100
vt 0.497100 0.877800
vt 0.502700 0.902900
vt 0.478000 0.849600
vt 0.489900 0.846400
vt 0.501900 0.843400
vt 0.509700 0.873700
vt 0.515600 0.897700
vt 0.461700 0.920000
vt 0.458600 0.892300
vt 0.471800 0.886900
vt 0.475800 0.914000
vt 0.454100 0.858000
vt 0.466300 0.853400
vt 0.209500 0.950500
vt 0.217200 0.924800
vt 0.228000 0.928800
vt 0.220400 0.955000
vt 0.226100 0.891200
vt 0.236700 0.894600
vt 0.247100 0.897500
vt 0.238600 0.932200
vt 0.231000 0.958700
vt 0.187000 0.940000
vt 0.194900 0.915100
vt 0.206000 0.920100
vt 0.198100 0.945400
vt 0.204400 0.882700
vt 0.215100 0.887100
vt 0.380600 0.954500
vt 0.383800 0.928400
vt 0.395200 0.922800
vt 0.393500 0.949300
vt 0.386100 0.893800
vt 0.396000 0.888200
vt 0.405800 0.882100
vt 0.406600 0.916900
vt 0.406500 0.943900
vt 0.355200 0.963100
vt 0.360400 0.937500
vt 0.372100 0.933400
vt 0.367700 0.959100
vt 0.364800 0.903000
vt 0.375600 0.898900
vt 0.298500 0.970200
vt 0.303600 0.943300
vt 0.312600 0.943800
vt 0.307500 0.970500
vt 0.308600 0.907700
vt 0.317500 0.908400
vt 0.326000 0.908700
vt 0.321000 0.943900
vt 0.315700 0.970300
vt 0.276000 0.968300
vt 0.282100 0.941000
vt 0.293300 0.942300
vt 0.287800 0.969500
vt 0.288500 0.905200
vt 0.298800 0.906600
vt 0.067900 0.773100
vt 0.077100 0.779500
vt 0.083600 0.750200
vt 0.090800 0.756400
vt 0.099100 0.761600
vt 0.086100 0.785600
vt 0.094700 0.791000
vt 0.107300 0.766300
vt 0.115300 0.770700
vt 0.103100 0.796000
vt 0.110600 0.738600
vt 0.118400 0.742400
vt 0.119400 0.718600
vt 0.127200 0.721600
vt 0.135000 0.724700
vt 0.126300 0.746200
vt 0.094900 0.729900
vt 0.102700 0.734400
vt 0.106300 0.709600
vt 0.111700 0.715400
vt 0.137600 0.815900
vt 0.146600 0.820600
vt 0.147000 0.788900
vt 0.155300 0.793300
vt 0.163900 0.797700
vt 0.155700 0.825200
vt 0.164900 0.829800
vt 0.172700 0.802000
vt 0.181700 0.806400
vt 0.174200 0.834400
vt 0.172700 0.770600
vt 0.181100 0.774700
vt 0.181400 0.745100
vt 0.189800 0.748700
vt 0.198100 0.752500
vt 0.189800 0.778800
vt 0.156400 0.762300
vt 0.164400 0.766400
vt 0.164900 0.738100
vt 0.173000 0.741500
vt 0.448600 0.829000
vt 0.460500 0.825100
vt 0.442600 0.803400
vt 0.454400 0.800000
vt 0.465800 0.796900
vt 0.472000 0.821800
vt 0.483100 0.819000
vt 0.476400 0.794200
vt 0.486600 0.791500
vt 0.494200 0.816500
vt 0.458900 0.773000
vt 0.469100 0.770200
vt 0.453100 0.752900
vt 0.463200 0.750300
vt 0.473000 0.747700
vt 0.479000 0.767500
vt 0.436400 0.779500
vt 0.447900 0.776100
vt 0.431400 0.758700
vt 0.442400 0.755700
vt 0.211700 0.851800
vt 0.221700 0.855400
vt 0.218000 0.822200
vt 0.227100 0.825000
vt 0.236600 0.827500
vt 0.232000 0.858600
vt 0.242300 0.861400
vt 0.246400 0.829700
vt 0.256400 0.831800
vt 0.252500 0.863800
vt 0.241600 0.798000
vt 0.250800 0.800100
vt 0.246400 0.769600
vt 0.255000 0.771400
vt 0.263900 0.773100
vt 0.260200 0.802200
vt 0.224600 0.793600
vt 0.232900 0.796000
vt 0.230800 0.766100
vt 0.238500 0.768000
vt 0.364400 0.867500
vt 0.374500 0.863900
vt 0.361200 0.833500
vt 0.370800 0.830600
vt 0.380400 0.827100
vt 0.384400 0.859500
vt 0.393800 0.854600
vt 0.389700 0.823400
vt 0.399100 0.819400
vt 0.403100 0.849400
vt 0.375500 0.798700
vt 0.384700 0.795900
vt 0.371500 0.772300
vt 0.380700 0.770500
vt 0.390300 0.768500
vt 0.394100 0.792800
vt 0.357700 0.803500
vt 0.366400 0.801300
vt 0.355200 0.775200
vt 0.363000 0.773900
vt 0.291600 0.870500
vt 0.301000 0.871600
vt 0.293100 0.837700
vt 0.301600 0.838500
vt 0.310000 0.838900
vt 0.310100 0.872400
vt 0.318700 0.873000
vt 0.318200 0.839100
vt 0.326300 0.839000
vt 0.327100 0.873100
vt 0.310300 0.808500
vt 0.318100 0.808600
vt 0.311200 0.778100
vt 0.318500 0.778300
vt 0.325800 0.778200
vt 0.325800 0.808300
vt 0.294800 0.807800
vt 0.302600 0.808300
vt 0.296800 0.777700
vt 0.304000 0.778000
vt 0.168200 0.669400
vt 0.172400 0.685600
vt 0.165200 0.685500
vt 0.161800 0.669500
vt 0.174900 0.701400
vt 0.167000 0.700600
vt 0.159300 0.699400
vt 0.158100 0.684900
vt 0.155400 0.669400
vt 0.150500 0.683700
vt 0.148400 0.668900
vt 0.151300 0.697200
vt 0.143200 0.694900
vt 0.142800 0.682200
vt 0.141100 0.668200
vt 0.156400 0.714100
vt 0.148600 0.711200
vt 0.150300 0.731600
vt 0.142800 0.728100
vt 0.140600 0.708300
vt 0.171800 0.718300
vt 0.164000 0.716400
vt 0.157500 0.734900
vt 0.166700 0.590100
vt 0.165700 0.611000
vt 0.159100 0.611000
vt 0.159600 0.589700
vt 0.165600 0.631200
vt 0.159400 0.631400
vt 0.153000 0.631400
vt 0.152400 0.610800
vt 0.152500 0.589200
vt 0.145300 0.610500
vt 0.145100 0.588600
vt 0.146000 0.631300
vt 0.138700 0.631100
vt 0.137800 0.610000
vt 0.137500 0.587800
vt 0.153900 0.651200
vt 0.147000 0.651100
vt 0.139700 0.650800
vt 0.166100 0.651000
vt 0.160100 0.651200
vt 0.177600 0.497600
vt 0.174200 0.521800
vt 0.166100 0.520400
vt 0.169600 0.496000
vt 0.171300 0.545300
vt 0.163200 0.544200
vt 0.155300 0.542800
vt 0.158200 0.518700
vt 0.162000 0.494000
vt 0.150900 0.516900
vt 0.154900 0.491900
vt 0.147800 0.541400
vt 0.140300 0.539800
vt 0.143700 0.514900
vt 0.148100 0.489700
vt 0.153400 0.566400
vt 0.145900 0.565400
vt 0.138300 0.564200
vt 0.168700 0.568100
vt 0.161000 0.567400
vt 0.193300 0.392000
vt 0.189300 0.420100
vt 0.182300 0.418500
vt 0.186800 0.390600
vt 0.185200 0.446800
vt 0.177900 0.445100
vt 0.171000 0.443100
vt 0.175900 0.416600
vt 0.180800 0.388900
vt 0.170100 0.414500
vt 0.175400 0.387100
vt 0.164800 0.440900
vt 0.158900 0.438500
vt 0.164700 0.412300
vt 0.170400 0.385200
vt 0.166300 0.468900
vt 0.159700 0.466600
vt 0.153300 0.464300
vt 0.181200 0.472600
vt 0.173600 0.470900
vt 0.198300 0.261800
vt 0.199100 0.293600
vt 0.195000 0.293300
vt 0.195200 0.261800
vt 0.199200 0.329200
vt 0.194000 0.328700
vt 0.189200 0.328000
vt 0.190900 0.292700
vt 0.191700 0.261400
vt 0.186600 0.291900
vt 0.187800 0.260800
vt 0.184600 0.327000
vt 0.180100 0.325900
vt 0.182300 0.291100
vt 0.183600 0.260300
vt 0.185500 0.359700
vt 0.180500 0.358300
vt 0.175800 0.356800
vt 0.196900 0.361900
vt 0.191000 0.360900
vt 0.230700 0.669700
vt 0.235000 0.691700
vt 0.227500 0.691500
vt 0.222200 0.670100
vt 0.238100 0.715000
vt 0.231100 0.714100
vt 0.224300 0.712400
vt 0.220100 0.690800
vt 0.214100 0.670100
vt 0.213000 0.689300
vt 0.206200 0.669800
vt 0.217700 0.709700
vt 0.210500 0.706700
vt 0.205600 0.687600
vt 0.198300 0.669400
vt 0.221400 0.735500
vt 0.214100 0.732100
vt 0.214700 0.760300
vt 0.206400 0.756500
vt 0.206500 0.728400
vt 0.236000 0.739800
vt 0.228700 0.738100
vt 0.222800 0.763500
vt 0.230700 0.589400
vt 0.229400 0.609200
vt 0.220300 0.609700
vt 0.221600 0.589700
vt 0.228700 0.628900
vt 0.219600 0.629500
vt 0.211000 0.629900
vt 0.211600 0.610100
vt 0.213000 0.589900
vt 0.203400 0.610300
vt 0.204900 0.590000
vt 0.202700 0.630300
vt 0.194700 0.630500
vt 0.195400 0.610500
vt 0.197000 0.590200
vt 0.211500 0.649900
vt 0.203200 0.650100
vt 0.195200 0.650200
vt 0.228800 0.648900
vt 0.219900 0.649500
vt 0.238000 0.501300
vt 0.236000 0.525100
vt 0.227300 0.524900
vt 0.229400 0.501200
vt 0.234200 0.547600
vt 0.225400 0.547600
vt 0.217100 0.547400
vt 0.219200 0.524700
vt 0.221300 0.500900
vt 0.211800 0.524500
vt 0.214100 0.500700
vt 0.209400 0.547300
vt 0.202100 0.547100
vt 0.204700 0.524200
vt 0.207300 0.500400
vt 0.214900 0.569100
vt 0.207000 0.569100
vt 0.199400 0.569000
vt 0.232400 0.569000
vt 0.223400 0.569100
vt 0.247800 0.394500
vt 0.245400 0.423500
vt 0.236600 0.423300
vt 0.239000 0.394100
vt 0.242600 0.450600
vt 0.233900 0.450400
vt 0.226000 0.450200
vt 0.228700 0.423000
vt 0.231100 0.393900
vt 0.222000 0.422900
vt 0.224500 0.393900
vt 0.219100 0.449900
vt 0.212900 0.449700
vt 0.216000 0.422700
vt 0.218700 0.393900
vt 0.223600 0.476100
vt 0.216600 0.475900
vt 0.210000 0.475600
vt 0.240100 0.476500
vt 0.231500 0.476400
vt 0.245000 0.250400
vt 0.247800 0.290800
vt 0.238300 0.290000
vt 0.234700 0.255900
vt 0.249100 0.328300
vt 0.240000 0.327500
vt 0.232100 0.327800
vt 0.229900 0.291300
vt 0.226400 0.258300
vt 0.223100 0.292000
vt 0.219700 0.259500
vt 0.225600 0.328200
vt 0.220100 0.328500
vt 0.217400 0.292400
vt 0.214100 0.260100
vt 0.232300 0.362100
vt 0.225900 0.362200
vt 0.220300 0.362400
vt 0.249100 0.362800
vt 0.240200 0.362200
vt 0.453200 0.272700
vt 0.452900 0.304900
vt 0.449800 0.304700
vt 0.453200 0.278700
vt 0.452600 0.337000
vt 0.450000 0.335800
vt 0.445700 0.335500
vt 0.446500 0.304300
vt 0.450500 0.278300
vt 0.442400 0.303700
vt 0.447100 0.277300
vt 0.441000 0.335000
vt 0.436000 0.334500
vt 0.438000 0.303000
vt 0.443200 0.276400
vt 0.447800 0.365200
vt 0.442400 0.365000
vt 0.452200 0.393500
vt 0.446100 0.393700
vt 0.439900 0.393900
vt 0.436800 0.364900
vt 0.457800 0.365200
vt 0.452900 0.365200
vt 0.463000 0.393300
vt 0.458100 0.393100
vt 0.472100 0.419000
vt 0.465200 0.419800
vt 0.481100 0.444600
vt 0.473300 0.445800
vt 0.465500 0.446800
vt 0.458400 0.420500
vt 0.451600 0.421100
vt 0.457900 0.447600
vt 0.450400 0.448200
vt 0.444700 0.421500
vt 0.472700 0.473000
vt 0.464200 0.473800
vt 0.479100 0.499400
vt 0.469900 0.500200
vt 0.461000 0.500600
vt 0.456000 0.474500
vt 0.490500 0.470500
vt 0.481500 0.471800
vt 0.499800 0.496400
vt 0.488700 0.498400
vt 0.504600 0.525100
vt 0.494200 0.525800
vt 0.509400 0.553700
vt 0.498400 0.553200
vt 0.488000 0.553300
vt 0.484000 0.526500
vt 0.474300 0.526900
vt 0.477800 0.553400
vt 0.467800 0.553500
vt 0.464900 0.527100
vt 0.491500 0.579200
vt 0.480800 0.579300
vt 0.493500 0.604100
vt 0.482600 0.604300
vt 0.471500 0.604500
vt 0.470000 0.579400
vt 0.511800 0.579700
vt 0.501800 0.579400
vt 0.514300 0.605800
vt 0.503500 0.604500
vt 0.511700 0.629700
vt 0.502500 0.628900
vt 0.509000 0.653600
vt 0.500600 0.651900
vt 0.491600 0.651400
vt 0.493000 0.628400
vt 0.482700 0.628400
vt 0.482200 0.651200
vt 0.472500 0.651000
vt 0.472200 0.628400
vt 0.490900 0.672700
vt 0.482000 0.672500
vt 0.490300 0.691400
vt 0.481600 0.691900
vt 0.472400 0.692200
vt 0.472700 0.672400
vt 0.507900 0.673200
vt 0.499500 0.672900
vt 0.506800 0.692800
vt 0.498600 0.690900
vt 0.505300 0.703200
vt 0.497400 0.705200
vt 0.503900 0.713500
vt 0.496900 0.716700
vt 0.488600 0.719800
vt 0.489200 0.707100
vt 0.480400 0.708700
vt 0.479600 0.722500
vt 0.470000 0.724700
vt 0.471100 0.710000
vt 0.489400 0.729800
vt 0.480100 0.732700
vt 0.492600 0.742100
vt 0.483000 0.744900
vt 0.470300 0.735400
vt 0.506200 0.723700
vt 0.498000 0.726800
vt 0.508400 0.733900
vt 0.501600 0.739400
vt 0.304700 0.666500
vt 0.303300 0.687700
vt 0.296000 0.687600
vt 0.297100 0.666100
vt 0.301500 0.712700
vt 0.294300 0.712700
vt 0.286400 0.712900
vt 0.287800 0.687800
vt 0.288400 0.666000
vt 0.278900 0.688300
vt 0.278800 0.666300
vt 0.278100 0.713300
vt 0.269500 0.713900
vt 0.269700 0.689100
vt 0.268800 0.666900
vt 0.284000 0.743700
vt 0.275800 0.743300
vt 0.281200 0.776000
vt 0.272700 0.774700
vt 0.267300 0.742800
vt 0.299200 0.744400
vt 0.291800 0.744100
vt 0.289200 0.777000
vt 0.306600 0.587800
vt 0.306700 0.607300
vt 0.297300 0.606600
vt 0.296800 0.587200
vt 0.306500 0.626600
vt 0.297800 0.625900
vt 0.288100 0.625500
vt 0.287400 0.606300
vt 0.286800 0.587000
vt 0.277500 0.606200
vt 0.277200 0.587100
vt 0.278000 0.625400
vt 0.267900 0.625600
vt 0.267700 0.606500
vt 0.267900 0.587500
vt 0.288500 0.645300
vt 0.278500 0.645400
vt 0.268200 0.645700
vt 0.305800 0.646200
vt 0.297700 0.645600
vt 0.309100 0.500700
vt 0.307900 0.524000
vt 0.297600 0.523700
vt 0.298800 0.500300
vt 0.307300 0.546400
vt 0.297000 0.546000
vt 0.287000 0.546000
vt 0.287700 0.523700
vt 0.288800 0.500200
vt 0.278800 0.523900
vt 0.280100 0.500300
vt 0.278000 0.546200
vt 0.269500 0.546600
vt 0.270600 0.524200
vt 0.272000 0.500600
vt 0.286700 0.567000
vt 0.277400 0.567200
vt 0.268600 0.567600
vt 0.306800 0.567600
vt 0.296700 0.567100
vt 0.319300 0.398300
vt 0.316500 0.424900
vt 0.305700 0.424600
vt 0.308300 0.398100
vt 0.313600 0.451000
vt 0.303000 0.450700
vt 0.292900 0.450400
vt 0.295500 0.424300
vt 0.297900 0.397600
vt 0.286800 0.424100
vt 0.289200 0.397200
vt 0.284200 0.450300
vt 0.276400 0.450400
vt 0.279000 0.424000
vt 0.281400 0.396700
vt 0.290600 0.475700
vt 0.281900 0.475800
vt 0.274000 0.476000
vt 0.311100 0.476300
vt 0.300600 0.475900
vt 0.327100 0.310900
vt 0.325900 0.327400
vt 0.313400 0.326600
vt 0.314500 0.309600
vt 0.323700 0.347300
vt 0.311800 0.346800
vt 0.300800 0.345400
vt 0.301900 0.324300
vt 0.302700 0.306100
vt 0.292100 0.320700
vt 0.292500 0.300400
vt 0.291700 0.343300
vt 0.283700 0.340700
vt 0.283600 0.316100
vt 0.283600 0.293200
vt 0.299500 0.370600
vt 0.290700 0.369500
vt 0.283000 0.368200
vt 0.321600 0.371700
vt 0.310200 0.371400
vt 0.430600 0.274400
vt 0.423200 0.301300
vt 0.420900 0.300400
vt 0.428900 0.273200
vt 0.418700 0.332400
vt 0.415500 0.331700
vt 0.412000 0.331000
vt 0.418100 0.299400
vt 0.426600 0.271900
vt 0.413800 0.298400
vt 0.422700 0.270600
vt 0.407400 0.330200
vt 0.402200 0.329400
vt 0.408500 0.297300
vt 0.417600 0.269000
vt 0.408100 0.363100
vt 0.403100 0.362800
vt 0.406500 0.394400
vt 0.401100 0.394500
vt 0.395400 0.394600
vt 0.397800 0.362400
vt 0.416700 0.363800
vt 0.412500 0.363500
vt 0.416700 0.394300
vt 0.411700 0.394400
vt 0.418500 0.422900
vt 0.412800 0.423200
vt 0.421300 0.450200
vt 0.414900 0.450600
vt 0.408700 0.451000
vt 0.407100 0.423600
vt 0.401300 0.423900
vt 0.402500 0.451500
vt 0.396300 0.451900
vt 0.395300 0.424200
vt 0.410300 0.477400
vt 0.403700 0.477900
vt 0.411700 0.503000
vt 0.404700 0.503400
vt 0.397800 0.503800
vt 0.397200 0.478300
vt 0.424100 0.476600
vt 0.417000 0.477000
vt 0.426600 0.502400
vt 0.418900 0.502700
vt 0.428400 0.527900
vt 0.420300 0.528100
vt 0.429700 0.553100
vt 0.421500 0.553100
vt 0.413600 0.553100
vt 0.412700 0.528300
vt 0.405400 0.528500
vt 0.405900 0.553100
vt 0.398200 0.553100
vt 0.398100 0.528700
vt 0.414500 0.577400
vt 0.406400 0.577200
vt 0.415200 0.601200
vt 0.406800 0.600600
vt 0.398100 0.600100
vt 0.398200 0.577000
vt 0.430800 0.578000
vt 0.422500 0.577700
vt 0.431900 0.602400
vt 0.423400 0.601800
vt 0.433000 0.625900
vt 0.424400 0.625000
vt 0.433900 0.648500
vt 0.424800 0.647500
vt 0.415900 0.646300
vt 0.415800 0.624100
vt 0.407000 0.623200
vt 0.406700 0.645000
vt 0.397500 0.643600
vt 0.398000 0.622200
vt 0.415200 0.667800
vt 0.405900 0.666200
vt 0.413600 0.688400
vt 0.404300 0.686600
vt 0.394900 0.684500
vt 0.396500 0.664300
vt 0.434000 0.670300
vt 0.424500 0.669200
vt 0.432900 0.690900
vt 0.423200 0.689900
vt 0.430500 0.710300
vt 0.420600 0.709300
vt 0.428400 0.727700
vt 0.418400 0.727300
vt 0.408900 0.726500
vt 0.411100 0.707800
vt 0.402000 0.706000
vt 0.399900 0.725300
vt 0.390800 0.724000
vt 0.392800 0.704000
vt 0.408400 0.744700
vt 0.398900 0.745200
vt 0.409900 0.764200
vt 0.399900 0.766400
vt 0.389500 0.745500
vt 0.428700 0.742600
vt 0.418300 0.743800
vt 0.420500 0.761500
vt 0.359600 0.676500
vt 0.357500 0.696600
vt 0.350700 0.695100
vt 0.352700 0.674900
vt 0.355700 0.719200
vt 0.348900 0.718100
vt 0.342300 0.717100
vt 0.344000 0.693800
vt 0.345900 0.673500
vt 0.336900 0.692400
vt 0.338700 0.672000
vt 0.335300 0.716200
vt 0.328200 0.715300
vt 0.329700 0.691100
vt 0.331300 0.670600
vt 0.341100 0.746000
vt 0.334000 0.745900
vt 0.340700 0.776900
vt 0.333300 0.777700
vt 0.326800 0.745800
vt 0.354700 0.746200
vt 0.347800 0.746100
vt 0.347800 0.776200
vt 0.366600 0.597100
vt 0.365100 0.617700
vt 0.358300 0.616500
vt 0.360100 0.596200
vt 0.363500 0.637400
vt 0.356500 0.636000
vt 0.349600 0.634600
vt 0.351600 0.615200
vt 0.353500 0.595200
vt 0.344400 0.613800
vt 0.346400 0.594000
vt 0.342400 0.633100
vt 0.334900 0.631600
vt 0.337000 0.612400
vt 0.339000 0.592700
vt 0.347700 0.653900
vt 0.340500 0.652400
vt 0.333000 0.650800
vt 0.361700 0.656900
vt 0.354600 0.655400
vt 0.371300 0.504400
vt 0.370500 0.528900
vt 0.364200 0.528500
vt 0.365100 0.504100
vt 0.369400 0.552500
vt 0.363200 0.552100
vt 0.356800 0.551400
vt 0.357800 0.528000
vt 0.358700 0.503700
vt 0.350900 0.527400
vt 0.351900 0.503200
vt 0.349800 0.550600
vt 0.342300 0.549700
vt 0.343500 0.526600
vt 0.344700 0.502600
vt 0.355300 0.573900
vt 0.348200 0.572900
vt 0.340800 0.571700
vt 0.368000 0.575300
vt 0.361700 0.574700
vt 0.374300 0.394900
vt 0.372700 0.424900
vt 0.367500 0.424800
vt 0.369700 0.395100
vt 0.372200 0.452900
vt 0.366500 0.452700
vt 0.360700 0.452400
vt 0.362300 0.424700
vt 0.364900 0.395500
vt 0.356600 0.424700
vt 0.359500 0.396000
vt 0.354600 0.452100
vt 0.348000 0.451800
vt 0.350400 0.424700
vt 0.353500 0.396500
vt 0.359600 0.478600
vt 0.353100 0.478200
vt 0.346200 0.477800
vt 0.371800 0.479200
vt 0.365700 0.479000
vt 0.390200 0.256800
vt 0.385100 0.293900
vt 0.380800 0.300200
vt 0.381800 0.272100
vt 0.382200 0.328300
vt 0.378200 0.331200
vt 0.373800 0.334800
vt 0.376600 0.307900
vt 0.376800 0.283800
vt 0.371400 0.313500
vt 0.371600 0.291900
vt 0.368400 0.337800
vt 0.362000 0.340500
vt 0.365300 0.317700
vt 0.365800 0.297700
vt 0.369400 0.364700
vt 0.363900 0.366200
vt 0.357700 0.367600
vt 0.378100 0.362300
vt 0.373900 0.363400
vt 0.169900 0.257900
vt 0.171400 0.244500
vt 0.174300 0.243300
vt 0.172400 0.261400
vt 0.172900 0.231200
vt 0.174900 0.231500
vt 0.178200 0.230700
vt 0.177500 0.242200
vt 0.175600 0.260500
vt 0.181200 0.241600
vt 0.179500 0.260100
vt 0.181800 0.230100
vt 0.185500 0.229700
vt 0.185200 0.241400
vt 0.176200 0.221300
vt 0.179800 0.220800
vt 0.173400 0.213500
vt 0.176800 0.213000
vt 0.183300 0.220200
vt 0.169300 0.222500
vt 0.172800 0.221900
vt 0.165700 0.213800
vt 0.169800 0.213900
vt 0.198600 0.241000
vt 0.201300 0.240400
vt 0.201500 0.261700
vt 0.198200 0.227200
vt 0.200900 0.226200
vt 0.203700 0.225000
vt 0.204300 0.239700
vt 0.204900 0.261300
vt 0.208000 0.238700
vt 0.209200 0.260700
vt 0.206900 0.223600
vt 0.210400 0.222100
vt 0.212200 0.237600
vt 0.201500 0.214100
vt 0.204500 0.212600
vt 0.198500 0.205900
vt 0.201400 0.204300
vt 0.207500 0.210800
vt 0.195800 0.216700
vt 0.198600 0.215500
vt 0.195700 0.207300
vt 0.441300 0.255700
vt 0.443100 0.257200
vt 0.432600 0.275200
vt 0.452600 0.242500
vt 0.454500 0.244600
vt 0.456600 0.246600
vt 0.445400 0.258500
vt 0.435300 0.275800
vt 0.448600 0.259600
vt 0.439100 0.276100
vt 0.459300 0.248700
vt 0.462100 0.250900
vt 0.452000 0.260800
vt 0.466300 0.236500
vt 0.468700 0.239000
vt 0.474100 0.228500
vt 0.476400 0.231000
vt 0.471200 0.241700
vt 0.462100 0.232200
vt 0.464200 0.234300
vt 0.471900 0.226300
vt 0.409500 0.231400
vt 0.414100 0.237600
vt 0.398200 0.261300
vt 0.427400 0.216200
vt 0.431500 0.221400
vt 0.435700 0.225400
vt 0.419900 0.241200
vt 0.404900 0.264000
vt 0.425400 0.244600
vt 0.411500 0.266700
vt 0.439700 0.229000
vt 0.443300 0.232300
vt 0.430400 0.247600
vt 0.446900 0.216300
vt 0.449900 0.219600
vt 0.455000 0.211200
vt 0.457400 0.213900
vt 0.452700 0.222600
vt 0.440300 0.208400
vt 0.443600 0.212700
vt 0.452400 0.208100
vt 0.383900 0.087000
vt 0.376700 0.085900
vt 0.377200 0.075300
vt 0.384100 0.097600
vt 0.376600 0.096700
vt 0.369400 0.096100
vt 0.369800 0.085300
vt 0.370600 0.074800
vt 0.363200 0.083900
vt 0.364400 0.073000
vt 0.362500 0.095000
vt 0.369700 0.104700
vt 0.362400 0.103700
vt 0.370400 0.112600
vt 0.362700 0.111500
vt 0.385400 0.106300
vt 0.377400 0.105500
vt 0.387000 0.114200
vt 0.378600 0.113500
vt 0.331600 0.083200
vt 0.334800 0.073700
vt 0.328800 0.092100
vt 0.324100 0.092400
vt 0.327100 0.084300
vt 0.330100 0.076700
vt 0.323000 0.084500
vt 0.326500 0.076100
vt 0.319800 0.092500
vt 0.322000 0.099900
vt 0.317500 0.099900
vt 0.320600 0.107300
vt 0.316100 0.107300
vt 0.326700 0.099800
vt 0.325400 0.107300
vt 0.326700 0.296700
vt 0.338300 0.294700
vt 0.339500 0.309600
vt 0.325100 0.279900
vt 0.335100 0.277700
vt 0.343600 0.272800
vt 0.348300 0.290500
vt 0.350500 0.306500
vt 0.355800 0.285500
vt 0.359000 0.302600
vt 0.350000 0.267300
vt 0.355600 0.260500
vt 0.361800 0.279300
vt 0.337500 0.250200
vt 0.343600 0.245400
vt 0.349700 0.239500
vt 0.322800 0.255500
vt 0.330600 0.254100
vt 0.247700 0.227200
vt 0.257800 0.238100
vt 0.257100 0.264400
vt 0.250200 0.210400
vt 0.259700 0.217600
vt 0.269100 0.225700
vt 0.267500 0.248500
vt 0.266900 0.275200
vt 0.275900 0.259600
vt 0.275400 0.284800
vt 0.277500 0.236400
vt 0.285700 0.248500
vt 0.284100 0.270800
vt 0.271400 0.208200
vt 0.280100 0.216400
vt 0.288600 0.226200
vt 0.253700 0.197800
vt 0.262400 0.202500
vt 0.270100 0.155800
vt 0.276100 0.145600
vt 0.263600 0.165400
vt 0.256000 0.163000
vt 0.262600 0.154100
vt 0.269000 0.144400
vt 0.255000 0.152100
vt 0.261500 0.142800
vt 0.248600 0.160300
vt 0.249600 0.171300
vt 0.242700 0.167800
vt 0.243700 0.179200
vt 0.237400 0.174800
vt 0.256900 0.174600
vt 0.250700 0.183500
vt 0.301300 0.080200
vt 0.304300 0.074600
vt 0.297700 0.086800
vt 0.294500 0.084900
vt 0.298100 0.078900
vt 0.301200 0.073900
vt 0.295400 0.077200
vt 0.298500 0.072600
vt 0.291700 0.083000
vt 0.290700 0.092200
vt 0.287500 0.090300
vt 0.287000 0.100800
vt 0.283100 0.099000
vt 0.294300 0.094100
vt 0.291000 0.102500
vt 0.391800 0.234100
vt 0.407600 0.220200
vt 0.392100 0.217000
vt 0.406600 0.207700
vt 0.421100 0.201300
vt 0.424100 0.209100
vt 0.436800 0.203500
vt 0.433200 0.198000
vt 0.418000 0.193800
vt 0.429700 0.191900
vt 0.415200 0.186100
vt 0.426500 0.185200
vt 0.390900 0.204000
vt 0.404700 0.197700
vt 0.389500 0.193100
vt 0.402600 0.188700
vt 0.416600 0.152100
vt 0.414800 0.142800
vt 0.407100 0.150900
vt 0.406000 0.141500
vt 0.405100 0.132300
vt 0.413100 0.133700
vt 0.411500 0.125000
vt 0.404300 0.123600
vt 0.403000 0.115500
vt 0.409700 0.116800
vt 0.396800 0.131800
vt 0.396300 0.123000
vt 0.388300 0.131500
vt 0.388000 0.122600
vt 0.395300 0.114800
vt 0.397200 0.150800
vt 0.396900 0.141100
vt 0.387600 0.151000
vt 0.387900 0.141100
vt 0.179500 0.161700
vt 0.181900 0.157400
vt 0.185200 0.159700
vt 0.182900 0.163800
vt 0.184300 0.153000
vt 0.187600 0.155400
vt 0.190900 0.157600
vt 0.188600 0.161900
vt 0.186300 0.165800
vt 0.191900 0.163600
vt 0.189600 0.167500
vt 0.194300 0.159400
vt 0.197600 0.161000
vt 0.195100 0.165100
vt 0.192800 0.168800
vt 0.193500 0.153200
vt 0.197000 0.155100
vt 0.196600 0.148700
vt 0.200000 0.150500
vt 0.200400 0.156600
vt 0.187200 0.148500
vt 0.190300 0.151000
vt 0.190000 0.144000
vt 0.193400 0.146400
vt 0.473200 0.191200
vt 0.475000 0.194100
vt 0.471300 0.187900
vt 0.474600 0.186600
vt 0.476500 0.190000
vt 0.478300 0.193100
vt 0.479900 0.188900
vt 0.481700 0.192300
vt 0.477900 0.185300
vt 0.481200 0.184100
vt 0.483400 0.187900
vt 0.485300 0.191500
vt 0.472500 0.182800
vt 0.475700 0.181400
vt 0.479000 0.180000
vt 0.469200 0.184200
vt 0.450200 0.164900
vt 0.453400 0.171700
vt 0.447300 0.172000
vt 0.444100 0.164700
vt 0.436600 0.163800
vt 0.439600 0.171500
vt 0.430700 0.170700
vt 0.428000 0.162500
vt 0.450400 0.178300
vt 0.442600 0.178500
vt 0.433500 0.178200
vt 0.456300 0.177600
vt 0.206700 0.170800
vt 0.209300 0.173100
vt 0.209700 0.166900
vt 0.212600 0.169200
vt 0.215700 0.172400
vt 0.212300 0.176400
vt 0.215900 0.181000
vt 0.219500 0.176600
vt 0.223700 0.181700
vt 0.220000 0.186800
vt 0.219200 0.167900
vt 0.223200 0.171800
vt 0.227600 0.176300
vt 0.212900 0.162600
vt 0.215900 0.164900
vt 0.388300 0.161000
vt 0.379200 0.161800
vt 0.379100 0.151200
vt 0.389100 0.171400
vt 0.379100 0.173300
vt 0.369700 0.175100
vt 0.370700 0.162500
vt 0.371000 0.151200
vt 0.362200 0.162900
vt 0.362900 0.151000
vt 0.360500 0.176600
vt 0.367100 0.190000
vt 0.357200 0.193600
vt 0.365200 0.206300
vt 0.355100 0.212500
vt 0.389200 0.182100
vt 0.377800 0.185900
vt 0.376800 0.199400
vt 0.324700 0.162100
vt 0.325700 0.148400
vt 0.322400 0.178700
vt 0.316200 0.177200
vt 0.319000 0.161700
vt 0.320400 0.148400
vt 0.312800 0.161100
vt 0.314700 0.148400
vt 0.309500 0.175500
vt 0.312200 0.196600
vt 0.305200 0.192500
vt 0.308200 0.219600
vt 0.300700 0.212700
vt 0.318700 0.200000
vt 0.315300 0.225000
vt 0.224300 0.193600
vt 0.220500 0.198900
vt 0.228300 0.187500
vt 0.233900 0.194300
vt 0.230000 0.202500
vt 0.226200 0.209800
vt 0.238100 0.214500
vt 0.234300 0.225500
vt 0.241400 0.202300
vt 0.238500 0.186700
vt 0.245600 0.192400
vt 0.232600 0.181300
vt 0.418700 0.161100
vt 0.421100 0.169700
vt 0.410900 0.169200
vt 0.408900 0.160200
vt 0.398400 0.160300
vt 0.400000 0.169900
vt 0.412900 0.177900
vt 0.401200 0.179400
vt 0.423700 0.177700
vt 0.476600 0.196900
vt 0.473200 0.197900
vt 0.479900 0.196000
vt 0.481400 0.198800
vt 0.478100 0.199500
vt 0.474800 0.200400
vt 0.479600 0.201900
vt 0.476400 0.202700
vt 0.482700 0.201500
vt 0.484800 0.198300
vt 0.486100 0.201200
vt 0.488500 0.198000
vt 0.489600 0.201200
vt 0.483400 0.195400
vt 0.487000 0.194800
vt 0.503100 0.188500
vt 0.498000 0.189300
vt 0.495600 0.185000
vt 0.500200 0.184000
vt 0.493500 0.190000
vt 0.491200 0.186000
vt 0.488800 0.181800
vt 0.492900 0.180600
vt 0.497300 0.179500
vt 0.490100 0.176000
vt 0.494200 0.174700
vt 0.486200 0.177400
vt 0.483800 0.172700
vt 0.487500 0.171200
vt 0.491000 0.169900
vt 0.484900 0.183000
vt 0.482500 0.178700
vt 0.480300 0.174100
vt 0.489300 0.190700
vt 0.487200 0.186900
vt 0.460800 0.264700
vt 0.462800 0.265500
vt 0.458400 0.263700
vt 0.467700 0.255100
vt 0.470000 0.256900
vt 0.472500 0.258300
vt 0.478300 0.249600
vt 0.480300 0.252000
vt 0.476100 0.247100
vt 0.465000 0.253100
vt 0.473700 0.244400
vt 0.455400 0.262200
vt 0.442800 0.691600
vt 0.440600 0.710800
vt 0.452800 0.692000
vt 0.450900 0.710900
vt 0.449400 0.727000
vt 0.438800 0.727600
vt 0.439400 0.741100
vt 0.450100 0.739300
vt 0.459900 0.726200
vt 0.460300 0.737500
vt 0.462700 0.692200
vt 0.461200 0.710600
vt 0.441000 0.603000
vt 0.442300 0.626700
vt 0.450700 0.603600
vt 0.451900 0.627400
vt 0.452900 0.650100
vt 0.443200 0.649400
vt 0.443600 0.671100
vt 0.453300 0.671700
vt 0.462700 0.650600
vt 0.463100 0.672100
vt 0.460900 0.604200
vt 0.461900 0.628000
vt 0.434800 0.502000
vt 0.437000 0.527700
vt 0.443400 0.501500
vt 0.446100 0.527500
vt 0.448000 0.553300
vt 0.438600 0.553200
vt 0.439900 0.578400
vt 0.449500 0.578800
vt 0.457800 0.553400
vt 0.459600 0.579200
vt 0.452200 0.501100
vt 0.455400 0.527300
vt 0.422000 0.394200
vt 0.424600 0.422600
vt 0.427600 0.394100
vt 0.431000 0.422300
vt 0.435300 0.449200
vt 0.428100 0.449700
vt 0.431700 0.476100
vt 0.439600 0.475600
vt 0.442800 0.448700
vt 0.447800 0.475000
vt 0.433600 0.394000
vt 0.437800 0.421900
vt 0.425800 0.302000
vt 0.429100 0.302500
vt 0.426100 0.333600
vt 0.422100 0.333100
vt 0.421000 0.364100
vt 0.425700 0.364400
vt 0.430800 0.334100
vt 0.431100 0.364600
vt 0.433300 0.302700
vt 0.551900 0.828400
vt 0.538800 0.833200
vt 0.528000 0.806900
vt 0.539500 0.802800
vt 0.526100 0.837200
vt 0.516600 0.810600
vt 0.507300 0.785600
vt 0.517600 0.782000
vt 0.527100 0.777300
vt 0.508500 0.758700
vt 0.517800 0.755600
vt 0.498900 0.761700
vt 0.496900 0.788700
vt 0.489000 0.764700
vt 0.513900 0.840500
vt 0.505400 0.813700
vt 0.574400 0.883000
vt 0.556300 0.881900
vt 0.548900 0.860700
vt 0.563100 0.855700
vt 0.541700 0.887500
vt 0.535100 0.865500
vt 0.528300 0.892600
vt 0.522200 0.869700
vt 0.483100 0.214600
vt 0.485100 0.215900
vt 0.483200 0.218800
vt 0.481000 0.217100
vt 0.477400 0.220800
vt 0.479600 0.222800
vt 0.485300 0.220800
vt 0.481800 0.225100
vt 0.487200 0.217500
vt 0.462000 0.073000
vt 0.457100 0.074900
vt 0.451600 0.066000
vt 0.456100 0.064200
vt 0.452400 0.076600
vt 0.446800 0.067800
vt 0.440800 0.059600
vt 0.445400 0.057700
vt 0.450100 0.055400
vt 0.439000 0.050200
vt 0.442900 0.048200
vt 0.434700 0.052100
vt 0.429100 0.045400
vt 0.432400 0.043100
vt 0.435700 0.040900
vt 0.435600 0.061400
vt 0.429700 0.053600
vt 0.423700 0.046000
vt 0.447300 0.078100
vt 0.441600 0.069500
vt 0.482200 0.145100
vt 0.479000 0.146500
vt 0.477100 0.138800
vt 0.480500 0.137100
vt 0.475700 0.148200
vt 0.473700 0.140500
vt 0.471700 0.131900
vt 0.475300 0.130300
vt 0.478800 0.129000
vt 0.473600 0.120800
vt 0.477200 0.119200
vt 0.469800 0.122400
vt 0.467700 0.112700
vt 0.471600 0.111200
vt 0.475600 0.109400
vt 0.468000 0.133600
vt 0.465900 0.123900
vt 0.463900 0.135200
vt 0.461700 0.125400
vt 0.463600 0.114100
vt 0.472200 0.149900
vt 0.470100 0.142200
vt 0.466300 0.143900
vt 0.485200 0.165900
vt 0.488700 0.164300
vt 0.481700 0.167500
vt 0.479700 0.161700
vt 0.483000 0.160100
vt 0.486300 0.158700
vt 0.481000 0.153600
vt 0.484300 0.151900
vt 0.477700 0.155300
vt 0.476300 0.163300
vt 0.474300 0.157000
vt 0.478300 0.169000
vt 0.500000 0.217800
vt 0.503400 0.219400
vt 0.496700 0.216200
vt 0.497400 0.212700
vt 0.500900 0.213900
vt 0.504700 0.215200
vt 0.501500 0.210000
vt 0.505500 0.211000
vt 0.497700 0.209100
vt 0.497800 0.205500
vt 0.501800 0.206100
vt 0.506200 0.206700
vt 0.494100 0.211500
vt 0.494200 0.208200
vt 0.494000 0.204900
vt 0.493700 0.214700
vt 0.180600 0.167500
vt 0.177100 0.165400
vt 0.184000 0.169400
vt 0.181600 0.172800
vt 0.178200 0.171000
vt 0.174800 0.169200
vt 0.175700 0.174300
vt 0.172200 0.172500
vt 0.179200 0.175900
vt 0.176800 0.178900
vt 0.173300 0.177500
vt 0.169700 0.175800
vt 0.185000 0.174100
vt 0.182600 0.177100
vt 0.188100 0.175300
vt 0.185800 0.178100
vt 0.180300 0.180000
vt 0.187300 0.170900
vt 0.190400 0.172200
vt 0.201300 0.172700
vt 0.204000 0.169100
vt 0.198700 0.171300
vt 0.201300 0.167700
vt 0.204100 0.163700
vt 0.206900 0.165100
vt 0.210100 0.160900
vt 0.207100 0.159500
vt 0.200900 0.162400
vt 0.203900 0.158100
vt 0.195800 0.170100
vt 0.198300 0.166400
vt 0.195800 0.241400
vt 0.192700 0.241600
vt 0.192600 0.228800
vt 0.195500 0.228100
vt 0.193000 0.217800
vt 0.190000 0.218700
vt 0.189200 0.229300
vt 0.186700 0.219500
vt 0.189100 0.241500
vt 0.170400 0.290200
vt 0.167000 0.290400
vt 0.174000 0.290200
vt 0.171300 0.323700
vt 0.167100 0.322600
vt 0.164200 0.322900
vt 0.161600 0.351700
vt 0.156800 0.349800
vt 0.166400 0.353500
vt 0.160100 0.381000
vt 0.154700 0.378600
vt 0.149500 0.376600
vt 0.175700 0.324800
vt 0.171100 0.355200
vt 0.165300 0.383100
vt 0.178000 0.290500
vt 0.147400 0.404700
vt 0.141100 0.401800
vt 0.153500 0.407400
vt 0.146600 0.433300
vt 0.139900 0.430300
vt 0.132800 0.427000
vt 0.132400 0.455800
vt 0.124600 0.452500
vt 0.139900 0.459000
vt 0.133600 0.484700
vt 0.125400 0.481700
vt 0.116300 0.478000
vt 0.152900 0.436000
vt 0.146800 0.461800
vt 0.141100 0.487300
vt 0.159200 0.409900
vt 0.119500 0.508200
vt 0.110400 0.505600
vt 0.128300 0.510700
vt 0.124300 0.536500
vt 0.115300 0.534600
vt 0.104500 0.533200
vt 0.113500 0.560200
vt 0.104500 0.559000
vt 0.122200 0.561500
vt 0.121700 0.585700
vt 0.113400 0.584900
vt 0.104500 0.584800
vt 0.132600 0.538200
vt 0.130400 0.562900
vt 0.129700 0.586700
vt 0.136200 0.512900
vt 0.114300 0.608700
vt 0.106400 0.608500
vt 0.122200 0.609000
vt 0.123500 0.630800
vt 0.115900 0.630900
vt 0.108300 0.632200
vt 0.117700 0.650800
vt 0.110500 0.651000
vt 0.125000 0.650600
vt 0.126400 0.667400
vt 0.119200 0.667400
vt 0.112700 0.669900
vt 0.131100 0.630900
vt 0.132400 0.650700
vt 0.133700 0.667700
vt 0.130100 0.609500
vt 0.119800 0.679900
vt 0.112400 0.679800
vt 0.127300 0.680200
vt 0.126900 0.691400
vt 0.119100 0.690500
vt 0.112100 0.689800
vt 0.116800 0.701500
vt 0.109200 0.699700
vt 0.124600 0.703500
vt 0.135000 0.692900
vt 0.132600 0.705800
vt 0.135000 0.681000
vt 0.118000 0.838300
vt 0.128600 0.811000
vt 0.108400 0.832900
vt 0.119900 0.806100
vt 0.130900 0.779900
vt 0.138900 0.784500
vt 0.148800 0.758300
vt 0.141400 0.754300
vt 0.123100 0.775300
vt 0.133900 0.750200
vt 0.099400 0.827400
vt 0.111400 0.801000
vt 0.098300 0.888000
vt 0.106800 0.866400
vt 0.088200 0.881300
vt 0.096900 0.860300
vt 0.078500 0.874800
vt 0.087400 0.854300
vt 0.163200 0.190000
vt 0.167000 0.191000
vt 0.166500 0.195300
vt 0.162800 0.194800
vt 0.170500 0.191600
vt 0.170100 0.195700
vt 0.170300 0.200600
vt 0.166700 0.200500
vt 0.162500 0.199700
vt 0.167800 0.206700
vt 0.164100 0.206700
vt 0.171400 0.206500
vt 0.173700 0.200300
vt 0.174800 0.206100
vt 0.174000 0.191800
vt 0.173500 0.195700
vt 0.171200 0.180600
vt 0.167700 0.179200
vt 0.174700 0.181900
vt 0.172900 0.185000
vt 0.169400 0.183900
vt 0.165700 0.182500
vt 0.167900 0.187300
vt 0.164400 0.186200
vt 0.171500 0.188100
vt 0.176400 0.185600
vt 0.175000 0.188600
vt 0.178200 0.182800
vt 0.206800 0.124900
vt 0.210200 0.125800
vt 0.205400 0.131600
vt 0.202200 0.130000
vt 0.213500 0.127100
vt 0.208600 0.133200
vt 0.204100 0.138700
vt 0.200900 0.136900
vt 0.197600 0.135200
vt 0.196900 0.141800
vt 0.193800 0.139600
vt 0.200100 0.143800
vt 0.207500 0.140300
vt 0.203500 0.145600
vt 0.217000 0.128200
vt 0.212100 0.134500
vt 0.249700 0.060400
vt 0.253600 0.062800
vt 0.247100 0.071100
vt 0.243200 0.069000
vt 0.257400 0.064900
vt 0.251200 0.072700
vt 0.245100 0.080500
vt 0.241000 0.079200
vt 0.236800 0.077600
vt 0.235700 0.087100
vt 0.231800 0.085700
vt 0.239700 0.088100
vt 0.234500 0.096000
vt 0.230600 0.095200
vt 0.226800 0.093800
vt 0.249500 0.080900
vt 0.243900 0.088400
vt 0.238600 0.096200
vt 0.261600 0.066200
vt 0.255600 0.073500
vt 0.274100 0.023300
vt 0.275400 0.028600
vt 0.270800 0.037300
vt 0.268700 0.032800
vt 0.276600 0.033900
vt 0.272900 0.041200
vt 0.268600 0.049200
vt 0.265700 0.045900
vt 0.263300 0.042400
vt 0.259900 0.054400
vt 0.256500 0.051400
vt 0.263300 0.057100
vt 0.271500 0.051500
vt 0.266900 0.058900
vt 0.278500 0.036300
vt 0.275200 0.044000
vt 0.439700 0.254000
vt 0.437700 0.252100
vt 0.448900 0.238000
vt 0.450900 0.240400
vt 0.460000 0.230100
vt 0.457700 0.227900
vt 0.446300 0.235300
vt 0.455300 0.225400
vt 0.434500 0.250000
vt 0.228600 0.231500
vt 0.222300 0.234500
vt 0.217900 0.217900
vt 0.222000 0.214700
vt 0.217000 0.203000
vt 0.213600 0.206200
vt 0.214000 0.220300
vt 0.210500 0.208700
vt 0.216900 0.236400
vt 0.367300 0.678100
vt 0.364900 0.698100
vt 0.375700 0.680000
vt 0.373300 0.699800
vt 0.371200 0.721300
vt 0.363000 0.720200
vt 0.362100 0.746200
vt 0.370400 0.746000
vt 0.380900 0.722600
vt 0.379800 0.745800
vt 0.385200 0.682200
vt 0.382900 0.701800
vt 0.373500 0.597900
vt 0.372400 0.618800
vt 0.381100 0.598700
vt 0.380300 0.620000
vt 0.379200 0.640400
vt 0.371000 0.638900
vt 0.369300 0.658500
vt 0.377700 0.660300
vt 0.388200 0.642000
vt 0.386900 0.662300
vt 0.389400 0.599400
vt 0.388900 0.621100
vt 0.377700 0.504500
vt 0.376900 0.529000
vt 0.384300 0.504300
vt 0.383700 0.529000
vt 0.382800 0.553000
vt 0.375900 0.552800
vt 0.374700 0.575900
vt 0.381900 0.576300
vt 0.390400 0.553100
vt 0.389900 0.576700
vt 0.391000 0.504100
vt 0.390800 0.528900
vt 0.379100 0.394700
vt 0.378000 0.424900
vt 0.384200 0.394700
vt 0.383600 0.424700
vt 0.384000 0.452700
vt 0.378000 0.452900
vt 0.378000 0.479200
vt 0.384300 0.479100
vt 0.390100 0.452400
vt 0.390700 0.478700
vt 0.389700 0.394600
vt 0.389400 0.424500
vt 0.390400 0.292600
vt 0.396400 0.294000
vt 0.391400 0.327800
vt 0.386600 0.327500
vt 0.382400 0.361900
vt 0.387000 0.361900
vt 0.396700 0.328600
vt 0.392300 0.362100
vt 0.402500 0.295700
vt 0.203200 0.293500
vt 0.207500 0.293300
vt 0.209700 0.329200
vt 0.204400 0.329400
vt 0.203100 0.362400
vt 0.209200 0.362700
vt 0.206900 0.393600
vt 0.200200 0.393000
vt 0.214800 0.328900
vt 0.214800 0.362600
vt 0.213000 0.393800
vt 0.212200 0.292900
vt 0.196600 0.421300
vt 0.203600 0.422100
vt 0.200000 0.448900
vt 0.192700 0.448100
vt 0.189000 0.473900
vt 0.196600 0.474800
vt 0.193400 0.499600
vt 0.185600 0.498800
vt 0.206600 0.449400
vt 0.203400 0.475300
vt 0.200500 0.500100
vt 0.210000 0.422500
vt 0.182400 0.522900
vt 0.190300 0.523600
vt 0.187200 0.546600
vt 0.179300 0.546100
vt 0.176400 0.568600
vt 0.184100 0.568900
vt 0.181500 0.590300
vt 0.174000 0.590300
vt 0.194700 0.546900
vt 0.191800 0.569000
vt 0.189200 0.590300
vt 0.197600 0.524000
vt 0.172600 0.611000
vt 0.179800 0.610900
vt 0.179200 0.630800
vt 0.172100 0.631000
vt 0.172600 0.650700
vt 0.179600 0.650500
vt 0.182400 0.669000
vt 0.175000 0.669100
vt 0.186800 0.630700
vt 0.187200 0.650300
vt 0.190300 0.669100
vt 0.187500 0.610700
vt 0.180400 0.685400
vt 0.188800 0.685500
vt 0.193100 0.702500
vt 0.183800 0.701800
vt 0.180400 0.720200
vt 0.189400 0.722400
vt 0.202100 0.704200
vt 0.198200 0.725100
vt 0.197400 0.686300
vt 0.440400 0.863500
vt 0.435700 0.833700
vt 0.427000 0.869600
vt 0.423200 0.838900
vt 0.419000 0.811400
vt 0.430500 0.807300
vt 0.425000 0.783000
vt 0.414000 0.786400
vt 0.408700 0.815400
vt 0.403800 0.789700
vt 0.415800 0.875800
vt 0.412700 0.844100
vt 0.194500 0.878100
vt 0.202200 0.847900
vt 0.184900 0.873400
vt 0.192900 0.843600
vt 0.200100 0.814900
vt 0.209000 0.818800
vt 0.216100 0.790500
vt 0.207400 0.787000
vt 0.190900 0.810700
vt 0.198600 0.783000
vt 0.175400 0.868500
vt 0.183600 0.839100
vt 0.447400 0.926100
vt 0.444500 0.898200
vt 0.433300 0.932200
vt 0.430700 0.904500
vt 0.419700 0.938100
vt 0.418200 0.910700
vt 0.176700 0.934700
vt 0.184700 0.910100
vt 0.166800 0.929400
vt 0.175000 0.905000
vt 0.157100 0.924000
vt 0.165400 0.899800
vt 0.189900 0.192500
vt 0.191800 0.191000
vt 0.193700 0.194400
vt 0.191300 0.195800
vt 0.193200 0.200700
vt 0.195900 0.199300
vt 0.196100 0.192700
vt 0.198500 0.197600
vt 0.193900 0.189300
vt 0.469600 0.199300
vt 0.471300 0.201700
vt 0.467100 0.203700
vt 0.465200 0.201300
vt 0.459500 0.204200
vt 0.461700 0.206900
vt 0.468900 0.206000
vt 0.463800 0.209300
vt 0.473000 0.203900
vt 0.198700 0.175800
vt 0.196200 0.178600
vt 0.193800 0.177400
vt 0.196200 0.174500
vt 0.193400 0.173400
vt 0.191100 0.176300
vt 0.191500 0.180000
vt 0.188800 0.179000
vt 0.193900 0.181200
vt 0.504600 0.193100
vt 0.499900 0.193500
vt 0.506200 0.197600
vt 0.501200 0.197800
vt 0.496700 0.197800
vt 0.495300 0.194000
vt 0.491000 0.194400
vt 0.492400 0.197900
vt 0.497400 0.201700
vt 0.493400 0.201400
vt 0.506200 0.202200
vt 0.501800 0.202000
vt 0.314700 0.295000
vt 0.303100 0.289800
vt 0.303900 0.271100
vt 0.314400 0.277600
vt 0.314200 0.252600
vt 0.305500 0.246100
vt 0.294400 0.260800
vt 0.297000 0.236700
vt 0.293100 0.281200
vt 0.381100 0.248600
vt 0.373700 0.261800
vt 0.369400 0.241700
vt 0.379600 0.229200
vt 0.377800 0.213300
vt 0.366200 0.223400
vt 0.361700 0.252100
vt 0.357100 0.232200
vt 0.367500 0.271700
vt 0.264000 0.966500
vt 0.270700 0.939300
vt 0.252200 0.964300
vt 0.259500 0.937200
vt 0.267600 0.901800
vt 0.278000 0.903600
vt 0.241400 0.961800
vt 0.248900 0.935000
vt 0.257300 0.899800
vt 0.343600 0.966200
vt 0.349100 0.940500
vt 0.333200 0.968400
vt 0.338700 0.942500
vt 0.343700 0.907700
vt 0.354000 0.905900
vt 0.324100 0.969700
vt 0.329500 0.943600
vt 0.334600 0.908500
vt 0.282100 0.869100
vt 0.272500 0.867600
vt 0.275600 0.835300
vt 0.284500 0.836600
vt 0.286800 0.806900
vt 0.278400 0.805600
vt 0.266200 0.833600
vt 0.269500 0.804000
vt 0.262600 0.865800
vt 0.354100 0.870100
vt 0.344300 0.871900
vt 0.342800 0.837400
vt 0.351800 0.835800
vt 0.349400 0.805200
vt 0.341400 0.806500
vt 0.334400 0.838400
vt 0.333600 0.807600
vt 0.335500 0.872800
vt 0.239600 0.669000
vt 0.243000 0.691300
vt 0.249100 0.668200
vt 0.251500 0.690600
vt 0.252800 0.715000
vt 0.245300 0.715200
vt 0.243200 0.740900
vt 0.250600 0.741600
vt 0.261000 0.714500
vt 0.258800 0.742300
vt 0.258900 0.667500
vt 0.260400 0.689900
vt 0.240200 0.589000
vt 0.239000 0.608600
vt 0.249700 0.588600
vt 0.248800 0.607900
vt 0.248200 0.627200
vt 0.238300 0.628100
vt 0.238300 0.648100
vt 0.248200 0.647200
vt 0.258000 0.626300
vt 0.258100 0.646400
vt 0.258900 0.588000
vt 0.258300 0.607200
vt 0.246900 0.501300
vt 0.245100 0.525100
vt 0.255800 0.501200
vt 0.254000 0.524900
vt 0.252400 0.547400
vt 0.243300 0.547600
vt 0.241700 0.568800
vt 0.251000 0.568500
vt 0.261000 0.547000
vt 0.259800 0.568100
vt 0.264000 0.500900
vt 0.262400 0.524600
vt 0.257100 0.395100
vt 0.254600 0.423800
vt 0.266100 0.395700
vt 0.263500 0.424000
vt 0.260600 0.450700
vt 0.251700 0.450700
vt 0.249200 0.476600
vt 0.258000 0.476500
vt 0.268700 0.450600
vt 0.266200 0.476200
vt 0.274000 0.396200
vt 0.271500 0.424000
vt 0.257800 0.296600
vt 0.267400 0.304200
vt 0.267900 0.334600
vt 0.258700 0.331000
vt 0.258400 0.364000
vt 0.267500 0.365600
vt 0.276000 0.337800
vt 0.275400 0.366900
vt 0.275700 0.310600
vt 0.311000 0.667100
vt 0.309600 0.688200
vt 0.317100 0.668000
vt 0.315700 0.688900
vt 0.314400 0.713600
vt 0.308000 0.713000
vt 0.306000 0.744600
vt 0.312700 0.744900
vt 0.321200 0.714400
vt 0.319700 0.745300
vt 0.324000 0.669200
vt 0.322500 0.689900
vt 0.315500 0.588800
vt 0.314700 0.608300
vt 0.323700 0.590000
vt 0.322200 0.609500
vt 0.320500 0.628600
vt 0.313800 0.627500
vt 0.312500 0.647000
vt 0.318700 0.648000
vt 0.327600 0.630000
vt 0.325700 0.649300
vt 0.331500 0.591300
vt 0.329600 0.610900
vt 0.319200 0.501100
vt 0.318000 0.524500
vt 0.328700 0.501600
vt 0.327400 0.525200
vt 0.326300 0.547800
vt 0.317100 0.547000
vt 0.316300 0.568400
vt 0.325100 0.569400
vt 0.334600 0.548800
vt 0.333100 0.570600
vt 0.337000 0.502100
vt 0.335800 0.525900
vt 0.329700 0.398200
vt 0.326600 0.425000
vt 0.339100 0.397800
vt 0.335700 0.424900
vt 0.332800 0.451500
vt 0.323600 0.451300
vt 0.321100 0.476600
vt 0.330500 0.477000
vt 0.340900 0.451700
vt 0.338700 0.477400
vt 0.346800 0.397200
vt 0.343600 0.424800
vt 0.338200 0.326500
vt 0.349300 0.324300
vt 0.346100 0.345100
vt 0.335500 0.346600
vt 0.332700 0.371300
vt 0.342600 0.370300
vt 0.354800 0.343000
vt 0.350800 0.369100
vt 0.358100 0.321300
vt 0.379600 0.030500
vt 0.378300 0.031700
vt 0.376300 0.030600
vt 0.377300 0.028700
vt 0.377200 0.033100
vt 0.375400 0.032200
vt 0.373800 0.031800
vt 0.374200 0.029900
vt 0.374900 0.027300
vt 0.372000 0.029900
vt 0.371900 0.027800
vt 0.372100 0.031700
vt 0.370500 0.031900
vt 0.369700 0.030200
vt 0.368900 0.028300
vt 0.373700 0.032900
vt 0.372400 0.032700
vt 0.373900 0.033700
vt 0.372700 0.033400
vt 0.371700 0.033300
vt 0.371200 0.032800
vt 0.376300 0.034000
vt 0.375000 0.033200
vt 0.375900 0.034500
vt 0.374900 0.034100
vt 0.091700 0.082000
vt 0.090600 0.084200
vt 0.088700 0.082900
vt 0.089600 0.080900
vt 0.089500 0.086400
vt 0.087600 0.084500
vt 0.086200 0.083100
vt 0.087100 0.081800
vt 0.087800 0.080200
vt 0.086000 0.081300
vt 0.086500 0.080000
vt 0.085300 0.082200
vt 0.084600 0.081600
vt 0.085300 0.080800
vt 0.085700 0.080000
vt 0.085100 0.084000
vt 0.084500 0.083000
vt 0.083700 0.084700
vt 0.083500 0.083500
vt 0.083400 0.082800
vt 0.084000 0.082300
vt 0.087300 0.087700
vt 0.086100 0.085700
vt 0.084100 0.088300
vt 0.084300 0.086500
vt 0.189700 0.079500
vt 0.188700 0.082200
vt 0.186700 0.081200
vt 0.187600 0.078600
vt 0.187700 0.084800
vt 0.185500 0.083000
vt 0.184000 0.081800
vt 0.185000 0.080400
vt 0.185800 0.078300
vt 0.183800 0.079900
vt 0.184400 0.078300
vt 0.183000 0.081000
vt 0.182400 0.080200
vt 0.183000 0.079300
vt 0.183500 0.078300
vt 0.182900 0.082800
vt 0.182300 0.081800
vt 0.181800 0.083500
vt 0.181500 0.082400
vt 0.181400 0.081600
vt 0.181800 0.081100
vt 0.185500 0.086000
vt 0.184100 0.084300
vt 0.182400 0.087000
vt 0.182500 0.085200
vt 0.081900 0.165800
vt 0.080600 0.169400
vt 0.079000 0.168300
vt 0.080400 0.164800
vt 0.079400 0.173100
vt 0.077400 0.171100
vt 0.076100 0.169700
vt 0.077500 0.167300
vt 0.078800 0.163900
vt 0.076500 0.166400
vt 0.077400 0.163400
vt 0.075400 0.168700
vt 0.074800 0.167300
vt 0.075700 0.165100
vt 0.076400 0.163100
vt 0.074600 0.171000
vt 0.074200 0.169800
vt 0.073000 0.171400
vt 0.073100 0.170200
vt 0.073200 0.169300
vt 0.073900 0.168700
vt 0.076400 0.174500
vt 0.075400 0.172600
vt 0.072200 0.175000
vt 0.073200 0.173300
vt 0.288300 0.049900
vt 0.288600 0.052600
vt 0.289700 0.049600
vt 0.290300 0.051900
vt 0.290900 0.054200
vt 0.288800 0.055200
vt 0.289100 0.057600
vt 0.291500 0.056100
vt 0.292400 0.057900
vt 0.289800 0.059800
vt 0.292700 0.053000
vt 0.293400 0.054700
vt 0.294300 0.051800
vt 0.295100 0.053400
vt 0.296000 0.054900
vt 0.294400 0.056300
vt 0.291300 0.048600
vt 0.292000 0.050900
vt 0.292900 0.047600
vt 0.293600 0.049800
vt 0.291400 0.061700
vt 0.293900 0.059600
vt 0.295700 0.061300
vt 0.293600 0.063600
vt 0.296000 0.065500
vt 0.297900 0.063100
vt 0.300300 0.064700
vt 0.298500 0.067400
vt 0.297400 0.059400
vt 0.299400 0.061000
vt 0.298700 0.057800
vt 0.300600 0.059300
vt 0.302600 0.060500
vt 0.301600 0.062400
vt 0.295700 0.057800
vt 0.297200 0.056300
vt 0.300900 0.068900
vt 0.302600 0.066000
vt 0.305100 0.066900
vt 0.303500 0.070000
vt 0.306300 0.070400
vt 0.307500 0.067200
vt 0.310100 0.066900
vt 0.309300 0.069900
vt 0.306100 0.064300
vt 0.308300 0.064500
vt 0.306700 0.062100
vt 0.308700 0.062200
vt 0.310700 0.062000
vt 0.310600 0.064300
vt 0.303800 0.063600
vt 0.304700 0.061500
vt 0.312700 0.068000
vt 0.312200 0.070300
vt 0.313000 0.065800
vt 0.316200 0.064500
vt 0.316300 0.065900
vt 0.316300 0.066300
vt 0.320200 0.064700
vt 0.320700 0.065800
vt 0.319700 0.063500
vt 0.323200 0.062800
vt 0.324100 0.064000
vt 0.325100 0.065200
vt 0.316000 0.062800
vt 0.319100 0.062000
vt 0.315700 0.060900
vt 0.318500 0.060200
vt 0.321400 0.059500
vt 0.322300 0.061200
vt 0.313200 0.063600
vt 0.313100 0.061600
vt 0.399400 0.056700
vt 0.403200 0.054300
vt 0.396600 0.053000
vt 0.400100 0.050400
vt 0.403500 0.047400
vt 0.406800 0.051300
vt 0.410300 0.047500
vt 0.406600 0.044000
vt 0.409200 0.040100
vt 0.413700 0.043400
vt 0.400800 0.044300
vt 0.403700 0.040900
vt 0.398600 0.041500
vt 0.401300 0.038100
vt 0.403900 0.034400
vt 0.406500 0.037300
vt 0.394400 0.049800
vt 0.397700 0.047300
vt 0.392700 0.047100
vt 0.395700 0.044500
vt 0.337600 0.057600
vt 0.341200 0.053500
vt 0.346800 0.053500
vt 0.344500 0.056100
vt 0.344800 0.049400
vt 0.349000 0.050800
vt 0.353600 0.052400
vt 0.352000 0.054700
vt 0.351300 0.054600
vt 0.356700 0.058300
vt 0.354600 0.061700
vt 0.358600 0.055000
vt 0.363500 0.057700
vt 0.361300 0.062500
vt 0.355300 0.049700
vt 0.360100 0.051700
vt 0.356800 0.046900
vt 0.361200 0.048600
vt 0.365600 0.050200
vt 0.364800 0.053600
vt 0.347100 0.046400
vt 0.351000 0.048000
vt 0.349300 0.043300
vt 0.352900 0.045200
vt 0.366300 0.065300
vt 0.367900 0.059600
vt 0.372300 0.060700
vt 0.371600 0.066700
vt 0.377200 0.067100
vt 0.376900 0.060900
vt 0.381500 0.060300
vt 0.382700 0.066200
vt 0.372500 0.056000
vt 0.376600 0.056200
vt 0.372600 0.052300
vt 0.376300 0.052700
vt 0.380100 0.052500
vt 0.380700 0.055900
vt 0.368800 0.055100
vt 0.369200 0.051500
vt 0.387500 0.064000
vt 0.385600 0.058900
vt 0.389400 0.057100
vt 0.391800 0.061300
vt 0.395700 0.059000
vt 0.393100 0.055200
vt 0.387700 0.053700
vt 0.391100 0.052000
vt 0.386500 0.050800
vt 0.389600 0.049200
vt 0.384300 0.055100
vt 0.383400 0.051900
vt 0.174300 0.020000
vt 0.175000 0.025100
vt 0.170100 0.029000
vt 0.169300 0.025500
vt 0.175700 0.030200
vt 0.171200 0.032600
vt 0.166600 0.035600
vt 0.164900 0.032500
vt 0.164200 0.030900
vt 0.159200 0.035200
vt 0.156500 0.031200
vt 0.162100 0.039200
vt 0.158500 0.043300
vt 0.154300 0.038000
vt 0.148800 0.031400
vt 0.168800 0.039100
vt 0.165300 0.043300
vt 0.171500 0.043000
vt 0.168600 0.047500
vt 0.166600 0.052500
vt 0.162600 0.048100
vt 0.177400 0.033600
vt 0.173000 0.036100
vt 0.179100 0.037100
vt 0.175200 0.039900
vt 0.151300 0.041800
vt 0.146000 0.035400
vt 0.156300 0.047800
vt 0.155100 0.052500
vt 0.149600 0.046600
vt 0.143200 0.039300
vt 0.148800 0.052300
vt 0.143100 0.046700
vt 0.154300 0.057600
vt 0.153400 0.062800
vt 0.148400 0.058700
vt 0.143100 0.054000
vt 0.160100 0.057500
vt 0.159300 0.062100
vt 0.164600 0.061800
vt 0.163700 0.066000
vt 0.162600 0.069900
vt 0.158200 0.066600
vt 0.161100 0.052800
vt 0.165400 0.057300
vt 0.148000 0.065300
vt 0.144300 0.062500
vt 0.152000 0.068200
vt 0.149600 0.073300
vt 0.146200 0.071700
vt 0.145400 0.071100
vt 0.141700 0.077000
vt 0.138200 0.076200
vt 0.145600 0.078100
vt 0.141000 0.082500
vt 0.136200 0.081800
vt 0.130900 0.081300
vt 0.154000 0.075400
vt 0.150400 0.079600
vt 0.158700 0.077500
vt 0.155500 0.081300
vt 0.151700 0.084900
vt 0.146200 0.083600
vt 0.156500 0.071000
vt 0.161000 0.073800
vt 0.131500 0.086600
vt 0.126200 0.086500
vt 0.136700 0.086800
vt 0.133100 0.090800
vt 0.127800 0.091000
vt 0.121500 0.091800
vt 0.125500 0.094900
vt 0.120100 0.095500
vt 0.130600 0.094400
vt 0.128900 0.097700
vt 0.123800 0.098400
vt 0.118700 0.099200
vt 0.138000 0.091000
vt 0.135100 0.094400
vt 0.142900 0.091400
vt 0.139700 0.094700
vt 0.136600 0.097800
vt 0.132800 0.097800
vt 0.141900 0.087400
vt 0.147200 0.088200
vt 0.294600 0.046700
vt 0.295200 0.048700
vt 0.296200 0.045700
vt 0.296900 0.047600
vt 0.297500 0.049400
vt 0.295900 0.050600
vt 0.296600 0.052200
vt 0.298100 0.051000
vt 0.298800 0.052400
vt 0.297400 0.053600
vt 0.299100 0.048300
vt 0.299700 0.049900
vt 0.300900 0.047200
vt 0.301300 0.048700
vt 0.301900 0.050100
vt 0.300300 0.051300
vt 0.298000 0.044700
vt 0.298500 0.046600
vt 0.299800 0.043700
vt 0.300400 0.045600
vt 0.298500 0.055000
vt 0.299700 0.053700
vt 0.300900 0.055000
vt 0.299800 0.056300
vt 0.301600 0.057700
vt 0.302500 0.056300
vt 0.304400 0.057400
vt 0.303500 0.058900
vt 0.302000 0.053800
vt 0.303400 0.055000
vt 0.303200 0.052500
vt 0.304400 0.053600
vt 0.305800 0.054500
vt 0.305100 0.056000
vt 0.301000 0.052600
vt 0.302400 0.051300
vt 0.305400 0.059700
vt 0.306100 0.058100
vt 0.307700 0.058500
vt 0.307200 0.060200
vt 0.308900 0.060200
vt 0.309200 0.058500
vt 0.310800 0.058300
vt 0.310800 0.060100
vt 0.308200 0.056900
vt 0.309600 0.056900
vt 0.308700 0.055300
vt 0.310100 0.055200
vt 0.311500 0.054900
vt 0.311100 0.056600
vt 0.306600 0.056600
vt 0.307200 0.055000
vt 0.312900 0.059600
vt 0.312800 0.057800
vt 0.315000 0.057300
vt 0.315400 0.059100
vt 0.318000 0.058400
vt 0.317400 0.056600
vt 0.319900 0.055900
vt 0.320700 0.057700
vt 0.314800 0.055500
vt 0.316900 0.054800
vt 0.314500 0.053700
vt 0.316300 0.052900
vt 0.318200 0.052100
vt 0.319000 0.054000
vt 0.312900 0.056100
vt 0.313000 0.054400
vt 0.391200 0.044500
vt 0.393900 0.041900
vt 0.389800 0.041900
vt 0.392200 0.039400
vt 0.394500 0.036500
vt 0.396500 0.038900
vt 0.399100 0.035600
vt 0.396900 0.033300
vt 0.399200 0.029900
vt 0.401600 0.032200
vt 0.392600 0.034200
vt 0.394700 0.031100
vt 0.390600 0.032000
vt 0.392400 0.029100
vt 0.394300 0.025900
vt 0.396800 0.027900
vt 0.388400 0.039400
vt 0.390500 0.037000
vt 0.387000 0.037000
vt 0.388800 0.034700
vt 0.351100 0.040700
vt 0.354600 0.042500
vt 0.353000 0.038000
vt 0.356300 0.040000
vt 0.359600 0.041800
vt 0.358200 0.044300
vt 0.362100 0.046000
vt 0.363000 0.043600
vt 0.366400 0.045100
vt 0.366000 0.047500
vt 0.361100 0.039400
vt 0.364000 0.041100
vt 0.362800 0.037000
vt 0.365200 0.038600
vt 0.367800 0.039900
vt 0.366900 0.042500
vt 0.355000 0.035500
vt 0.358100 0.037500
vt 0.356900 0.033000
vt 0.360100 0.035200
vt 0.369400 0.048700
vt 0.369700 0.046200
vt 0.373000 0.046800
vt 0.372800 0.049400
vt 0.376200 0.049700
vt 0.376200 0.047100
vt 0.379200 0.046900
vt 0.379600 0.049600
vt 0.373300 0.044200
vt 0.376100 0.044600
vt 0.373500 0.041600
vt 0.376000 0.042000
vt 0.378300 0.042100
vt 0.378800 0.044500
vt 0.370100 0.043600
vt 0.370700 0.040900
vt 0.382600 0.049100
vt 0.382000 0.046400
vt 0.384600 0.045500
vt 0.385500 0.048100
vt 0.388300 0.046500
vt 0.387200 0.043900
vt 0.383800 0.043000
vt 0.386100 0.041400
vt 0.382900 0.040600
vt 0.385000 0.039000
vt 0.381300 0.044000
vt 0.380600 0.041600
vt 0.181500 0.041500
vt 0.177700 0.044100
vt 0.183900 0.046000
vt 0.180500 0.048900
vt 0.177300 0.052000
vt 0.174400 0.047300
vt 0.171800 0.051800
vt 0.174900 0.056200
vt 0.173200 0.060800
vt 0.170100 0.056700
vt 0.180200 0.057000
vt 0.177800 0.060700
vt 0.182700 0.062000
vt 0.180300 0.065000
vt 0.178500 0.068400
vt 0.176000 0.064700
vt 0.186500 0.052300
vt 0.183200 0.054400
vt 0.189100 0.058600
vt 0.185600 0.060100
vt 0.169100 0.061300
vt 0.172200 0.064900
vt 0.171600 0.068600
vt 0.168400 0.065400
vt 0.167700 0.069200
vt 0.171100 0.071900
vt 0.170400 0.074900
vt 0.166800 0.072600
vt 0.174400 0.071500
vt 0.173900 0.074300
vt 0.176700 0.074000
vt 0.176300 0.076400
vt 0.175900 0.078600
vt 0.173400 0.076900
vt 0.175000 0.068300
vt 0.177400 0.071300
vt 0.165300 0.076000
vt 0.169100 0.077900
vt 0.167400 0.081000
vt 0.163200 0.079400
vt 0.160500 0.082800
vt 0.165100 0.084100
vt 0.162100 0.087100
vt 0.157000 0.086100
vt 0.171100 0.082300
vt 0.169300 0.085100
vt 0.174300 0.083300
vt 0.173000 0.085800
vt 0.171200 0.088500
vt 0.166800 0.088000
vt 0.172400 0.079600
vt 0.175200 0.080900
vt 0.152600 0.089200
vt 0.158100 0.090000
vt 0.154000 0.092900
vt 0.148300 0.092100
vt 0.144800 0.095200
vt 0.150500 0.095800
vt 0.146800 0.098700
vt 0.141700 0.098300
vt 0.159900 0.093600
vt 0.156700 0.096500
vt 0.165800 0.094100
vt 0.163100 0.097000
vt 0.160500 0.100300
vt 0.153700 0.099500
vt 0.163500 0.090800
vt 0.168600 0.091200
vt 0.302100 0.042900
vt 0.302500 0.044500
vt 0.304400 0.042000
vt 0.304500 0.043700
vt 0.304800 0.045200
vt 0.302900 0.046100
vt 0.303300 0.047500
vt 0.305100 0.046400
vt 0.305300 0.047600
vt 0.303600 0.048800
vt 0.306400 0.044500
vt 0.306600 0.045700
vt 0.307900 0.044000
vt 0.307900 0.045100
vt 0.306700 0.046800
vt 0.305600 0.041800
vt 0.306000 0.043200
vt 0.306900 0.041500
vt 0.307400 0.042700
vt 0.304000 0.049900
vt 0.305600 0.048600
vt 0.306000 0.049500
vt 0.304600 0.051000
vt 0.305500 0.051900
vt 0.306600 0.050300
vt 0.307500 0.051000
vt 0.306600 0.052700
vt 0.307300 0.048500
vt 0.307700 0.049200
vt 0.308200 0.049700
vt 0.307000 0.047700
vt 0.307900 0.053100
vt 0.308500 0.051400
vt 0.309600 0.051600
vt 0.309200 0.053400
vt 0.310400 0.053300
vt 0.310700 0.051600
vt 0.311700 0.051500
vt 0.311700 0.053100
vt 0.310000 0.050300
vt 0.310900 0.050500
vt 0.311600 0.050500
vt 0.309100 0.050100
vt 0.312800 0.052600
vt 0.312600 0.051100
vt 0.313500 0.050400
vt 0.314100 0.051900
vt 0.315400 0.051000
vt 0.314400 0.049500
vt 0.315400 0.048000
vt 0.316800 0.050100
vt 0.312800 0.049500
vt 0.313500 0.048600
vt 0.314200 0.047500
vt 0.312200 0.050100
vt 0.385400 0.034900
vt 0.386900 0.032600
vt 0.383600 0.033000
vt 0.384900 0.030800
vt 0.386100 0.028200
vt 0.388400 0.030000
vt 0.390000 0.027100
vt 0.387500 0.025300
vt 0.388800 0.022000
vt 0.391600 0.024000
vt 0.383700 0.026500
vt 0.385000 0.023800
vt 0.380900 0.024800
vt 0.382500 0.022400
vt 0.384000 0.020000
vt 0.386400 0.021000
vt 0.381600 0.031300
vt 0.382600 0.029000
vt 0.380300 0.027400
vt 0.360000 0.031000
vt 0.362500 0.033000
vt 0.363000 0.029000
vt 0.365000 0.031400
vt 0.367000 0.033200
vt 0.364800 0.034900
vt 0.367000 0.036200
vt 0.368700 0.034300
vt 0.370400 0.035100
vt 0.369100 0.037300
vt 0.368800 0.032300
vt 0.370000 0.033300
vt 0.371300 0.033900
vt 0.366000 0.028700
vt 0.367400 0.030600
vt 0.371500 0.038100
vt 0.372300 0.035800
vt 0.374100 0.036300
vt 0.373900 0.038800
vt 0.375900 0.039300
vt 0.375600 0.036900
vt 0.377100 0.037200
vt 0.377700 0.039500
vt 0.374000 0.034700
vt 0.375200 0.035200
vt 0.376400 0.035500
vt 0.372600 0.034300
vt 0.379800 0.039200
vt 0.378800 0.037000
vt 0.380500 0.036200
vt 0.381800 0.038300
vt 0.383700 0.036800
vt 0.382100 0.034800
vt 0.378900 0.034400
vt 0.380300 0.033100
vt 0.377600 0.035200
vt 0.190600 0.064900
vt 0.187300 0.065600
vt 0.192000 0.071200
vt 0.188200 0.070700
vt 0.185400 0.071200
vt 0.184400 0.066800
vt 0.182200 0.069200
vt 0.183500 0.072900
vt 0.182200 0.074900
vt 0.180600 0.071900
vt 0.185900 0.075200
vt 0.184300 0.076000
vt 0.183100 0.077100
vt 0.190900 0.075400
vt 0.188200 0.075100
vt 0.179600 0.074200
vt 0.181300 0.076600
vt 0.180700 0.078000
vt 0.178900 0.076200
vt 0.178500 0.078100
vt 0.180200 0.079500
vt 0.179800 0.080900
vt 0.178100 0.080000
vt 0.181700 0.079300
vt 0.181200 0.080400
vt 0.180900 0.081500
vt 0.182300 0.078200
vt 0.177600 0.081900
vt 0.179500 0.082400
vt 0.179200 0.084200
vt 0.177000 0.083900
vt 0.176200 0.086200
vt 0.178800 0.086200
vt 0.178300 0.088600
vt 0.175000 0.088700
vt 0.180700 0.084000
vt 0.180800 0.085800
vt 0.180900 0.088000
vt 0.180700 0.082600
vt 0.173300 0.091300
vt 0.177400 0.091000
vt 0.176100 0.093800
vt 0.171300 0.094100
vt 0.169100 0.097200
vt 0.174600 0.096900
vt 0.173500 0.100600
vt 0.167000 0.100400
vt 0.180100 0.093100
vt 0.179100 0.096100
vt 0.184000 0.092200
vt 0.183200 0.095100
vt 0.182500 0.098000
vt 0.178000 0.099300
vt 0.180700 0.090400
vt 0.183600 0.089700
vt 0.085700 0.020000
vt 0.086900 0.026300
vt 0.081700 0.031100
vt 0.080500 0.026400
vt 0.088000 0.032700
vt 0.083000 0.035900
vt 0.077900 0.039200
vt 0.076100 0.034800
vt 0.075200 0.032800
vt 0.070000 0.036700
vt 0.067000 0.031300
vt 0.072900 0.042100
vt 0.068300 0.045000
vt 0.064100 0.038300
vt 0.058700 0.029900
vt 0.080000 0.044100
vt 0.075700 0.047400
vt 0.082100 0.049400
vt 0.078200 0.052500
vt 0.074900 0.055700
vt 0.071900 0.050800
vt 0.089600 0.038400
vt 0.084700 0.041200
vt 0.091300 0.044100
vt 0.086500 0.046600
vt 0.059600 0.040900
vt 0.054000 0.032900
vt 0.064600 0.048100
vt 0.061500 0.051800
vt 0.055900 0.044700
vt 0.049300 0.035900
vt 0.052800 0.049900
vt 0.046600 0.042800
vt 0.058500 0.056400
vt 0.056100 0.061700
vt 0.050800 0.056400
vt 0.043800 0.049600
vt 0.066000 0.057500
vt 0.063300 0.061600
vt 0.069700 0.062100
vt 0.067100 0.065600
vt 0.064700 0.069400
vt 0.060700 0.066000
vt 0.068800 0.054000
vt 0.072100 0.058900
vt 0.050300 0.064000
vt 0.046300 0.060400
vt 0.054300 0.067500
vt 0.052100 0.073200
vt 0.048800 0.071300
vt 0.048700 0.071100
vt 0.043900 0.076800
vt 0.039600 0.075200
vt 0.048300 0.078400
vt 0.043900 0.083300
vt 0.037900 0.081600
vt 0.030500 0.079200
vt 0.056100 0.075200
vt 0.053000 0.080000
vt 0.060200 0.077200
vt 0.057600 0.081400
vt 0.054700 0.085700
vt 0.049500 0.084600
vt 0.058500 0.070600
vt 0.062500 0.073200
vt 0.033200 0.086700
vt 0.026200 0.085400
vt 0.040000 0.087900
vt 0.036800 0.092400
vt 0.029900 0.091800
vt 0.021900 0.091500
vt 0.027900 0.096700
vt 0.020900 0.097000
vt 0.034600 0.096700
vt 0.033000 0.100600
vt 0.026500 0.101500
vt 0.020000 0.102400
vt 0.043100 0.093000
vt 0.040900 0.097100
vt 0.048900 0.093600
vt 0.046800 0.097600
vt 0.045200 0.101600
vt 0.039100 0.101100
vt 0.046100 0.088900
vt 0.051600 0.089700
vt 0.090600 0.125800
vt 0.089800 0.128400
vt 0.084800 0.128900
vt 0.085200 0.126800
vt 0.089000 0.131100
vt 0.084400 0.131100
vt 0.079600 0.131200
vt 0.079600 0.128900
vt 0.079900 0.127700
vt 0.074200 0.128400
vt 0.073800 0.125200
vt 0.074600 0.131500
vt 0.069800 0.132500
vt 0.068900 0.128200
vt 0.067700 0.122700
vt 0.079700 0.133800
vt 0.075100 0.134500
vt 0.079800 0.136500
vt 0.075700 0.137400
vt 0.071900 0.139100
vt 0.070800 0.136000
vt 0.088500 0.133700
vt 0.084100 0.133600
vt 0.088100 0.136400
vt 0.084000 0.136300
vt 0.064400 0.129400
vt 0.063100 0.123900
vt 0.065800 0.134400
vt 0.062200 0.137100
vt 0.060500 0.131800
vt 0.058500 0.125200
vt 0.057100 0.135300
vt 0.055200 0.129900
vt 0.059000 0.140300
vt 0.055800 0.144000
vt 0.053900 0.139800
vt 0.051900 0.134600
vt 0.063900 0.141300
vt 0.060800 0.144400
vt 0.065500 0.144700
vt 0.062600 0.148000
vt 0.059700 0.151200
vt 0.057700 0.147800
vt 0.067200 0.138300
vt 0.068500 0.141700
vt 0.050500 0.144900
vt 0.048900 0.141900
vt 0.052300 0.148000
vt 0.048400 0.152000
vt 0.046500 0.150000
vt 0.045800 0.149100
vt 0.041300 0.154200
vt 0.038900 0.153000
vt 0.043700 0.155700
vt 0.038900 0.159200
vt 0.035700 0.157900
vt 0.032100 0.156900
vt 0.050600 0.154500
vt 0.046300 0.157800
vt 0.053100 0.157300
vt 0.049100 0.160200
vt 0.044900 0.163000
vt 0.041900 0.161000
vt 0.054400 0.151200
vt 0.056600 0.154300
vt 0.030900 0.161300
vt 0.027300 0.160500
vt 0.034400 0.162300
vt 0.030600 0.165100
vt 0.027100 0.164400
vt 0.022500 0.164100
vt 0.024600 0.167400
vt 0.021200 0.167000
vt 0.027800 0.167900
vt 0.025700 0.170500
vt 0.022800 0.170200
vt 0.020000 0.169900
vt 0.033800 0.166200
vt 0.030800 0.168800
vt 0.036800 0.167600
vt 0.033600 0.169900
vt 0.030800 0.172300
vt 0.028200 0.171400
vt 0.037600 0.163700
vt 0.040700 0.165300
vt 0.092600 0.049700
vt 0.088200 0.052000
vt 0.093900 0.055300
vt 0.089600 0.057300
vt 0.085600 0.059300
vt 0.084000 0.054400
vt 0.080400 0.057300
vt 0.082200 0.061800
vt 0.079400 0.064300
vt 0.077300 0.060200
vt 0.086900 0.064000
vt 0.083700 0.066000
vt 0.087800 0.068400
vt 0.084900 0.069800
vt 0.082600 0.071500
vt 0.081100 0.068000
vt 0.094700 0.061100
vt 0.090600 0.062400
vt 0.095400 0.066800
vt 0.091300 0.067400
vt 0.074800 0.063000
vt 0.077100 0.066700
vt 0.075100 0.069100
vt 0.072700 0.065900
vt 0.070400 0.068900
vt 0.073200 0.071700
vt 0.071300 0.074400
vt 0.068200 0.072100
vt 0.077300 0.072000
vt 0.075800 0.074200
vt 0.079300 0.074700
vt 0.078000 0.076500
vt 0.076900 0.078500
vt 0.074200 0.076500
vt 0.079000 0.070000
vt 0.080800 0.073100
vt 0.066100 0.075400
vt 0.069500 0.077300
vt 0.067600 0.080400
vt 0.064000 0.078900
vt 0.061700 0.082700
vt 0.065600 0.083800
vt 0.063500 0.087400
vt 0.059300 0.086600
vt 0.071000 0.081800
vt 0.069300 0.084900
vt 0.074400 0.083100
vt 0.073000 0.085800
vt 0.071500 0.088700
vt 0.067600 0.088100
vt 0.072700 0.079100
vt 0.075700 0.080700
vt 0.056700 0.090400
vt 0.061300 0.091000
vt 0.059400 0.094600
vt 0.054200 0.094100
vt 0.052500 0.098000
vt 0.058000 0.098300
vt 0.056900 0.102400
vt 0.051000 0.102000
vt 0.064500 0.094900
vt 0.063500 0.098400
vt 0.069400 0.095000
vt 0.068900 0.098300
vt 0.068800 0.101800
vt 0.062800 0.102100
vt 0.065900 0.091400
vt 0.070300 0.091800
vt 0.087800 0.139100
vt 0.083900 0.139100
vt 0.087500 0.141900
vt 0.083900 0.142100
vt 0.080300 0.142400
vt 0.080000 0.139300
vt 0.076300 0.140300
vt 0.076900 0.143400
vt 0.073700 0.145100
vt 0.072900 0.142100
vt 0.080900 0.145900
vt 0.077600 0.146700
vt 0.081300 0.149500
vt 0.078100 0.150100
vt 0.075100 0.151400
vt 0.074500 0.148200
vt 0.087400 0.145700
vt 0.084200 0.145700
vt 0.087300 0.149500
vt 0.084300 0.149400
vt 0.069800 0.144800
vt 0.070800 0.147700
vt 0.068300 0.150800
vt 0.066900 0.147900
vt 0.064300 0.151100
vt 0.066000 0.154100
vt 0.063700 0.157300
vt 0.061700 0.154400
vt 0.069400 0.153600
vt 0.067400 0.156900
vt 0.070500 0.156400
vt 0.068900 0.159600
vt 0.067400 0.162700
vt 0.065600 0.160000
vt 0.071800 0.150600
vt 0.072600 0.153600
vt 0.058900 0.157300
vt 0.061300 0.160200
vt 0.058500 0.162800
vt 0.055700 0.160100
vt 0.052100 0.162700
vt 0.055200 0.165200
vt 0.051400 0.167200
vt 0.048000 0.165100
vt 0.061400 0.165400
vt 0.058600 0.167500
vt 0.064400 0.167600
vt 0.062100 0.169600
vt 0.059100 0.171400
vt 0.055200 0.169400
vt 0.063700 0.162900
vt 0.066000 0.165300
vt 0.043900 0.167100
vt 0.047300 0.169000
vt 0.043300 0.170700
vt 0.039900 0.169000
vt 0.036500 0.171200
vt 0.039700 0.172700
vt 0.036100 0.174800
vt 0.033500 0.173500
vt 0.047100 0.172500
vt 0.043300 0.174400
vt 0.051300 0.174400
vt 0.047400 0.176200
vt 0.043400 0.178000
vt 0.039800 0.176400
vt 0.051200 0.170900
vt 0.055400 0.172900
vt 0.095000 0.071800
vt 0.091500 0.071900
vt 0.094700 0.076800
vt 0.091200 0.075800
vt 0.088400 0.075700
vt 0.088300 0.072300
vt 0.085800 0.073300
vt 0.086300 0.076300
vt 0.084800 0.077300
vt 0.083800 0.074600
vt 0.088200 0.078300
vt 0.086600 0.078400
vt 0.085400 0.079000
vt 0.093200 0.079400
vt 0.090500 0.078700
vt 0.082300 0.075900
vt 0.083600 0.078300
vt 0.082600 0.079400
vt 0.081100 0.077300
vt 0.080100 0.078700
vt 0.081900 0.080600
vt 0.081200 0.081800
vt 0.079300 0.080400
vt 0.083800 0.080700
vt 0.083100 0.081600
vt 0.082600 0.082500
vt 0.084500 0.079800
vt 0.078400 0.082200
vt 0.080700 0.083200
vt 0.080100 0.084900
vt 0.077500 0.084200
vt 0.076500 0.086600
vt 0.079600 0.087000
vt 0.079100 0.089300
vt 0.075500 0.089100
vt 0.082200 0.085000
vt 0.082100 0.087000
vt 0.082200 0.089200
vt 0.082300 0.083600
vt 0.074700 0.091900
vt 0.078800 0.091800
vt 0.078600 0.094500
vt 0.074200 0.094800
vt 0.074000 0.098000
vt 0.078600 0.097500
vt 0.079200 0.100600
vt 0.074000 0.101200
vt 0.082500 0.094200
vt 0.082400 0.097000
vt 0.086200 0.093800
vt 0.085900 0.096400
vt 0.085600 0.099000
vt 0.082400 0.099800
vt 0.082400 0.091600
vt 0.085700 0.091300
vt 0.086400 0.153900
vt 0.083800 0.153100
vt 0.085400 0.158200
vt 0.082900 0.156800
vt 0.080500 0.156000
vt 0.081100 0.152700
vt 0.078300 0.153100
vt 0.078200 0.156200
vt 0.076000 0.157400
vt 0.075600 0.154400
vt 0.079800 0.160000
vt 0.077900 0.159800
vt 0.076200 0.160600
vt 0.083700 0.162000
vt 0.081700 0.160800
vt 0.073400 0.156500
vt 0.074200 0.159500
vt 0.072900 0.162200
vt 0.071700 0.159300
vt 0.070400 0.162400
vt 0.071900 0.164900
vt 0.071200 0.167400
vt 0.069400 0.165300
vt 0.073900 0.165000
vt 0.073100 0.167000
vt 0.072500 0.168800
vt 0.074900 0.162600
vt 0.068400 0.167600
vt 0.070500 0.169300
vt 0.069700 0.170900
vt 0.067200 0.169600
vt 0.065500 0.171400
vt 0.068600 0.172700
vt 0.066900 0.174600
vt 0.063100 0.173200
vt 0.071500 0.171500
vt 0.071000 0.173300
vt 0.070000 0.175500
vt 0.072000 0.170100
vt 0.059800 0.174800
vt 0.064000 0.176400
vt 0.060500 0.178200
vt 0.055900 0.176300
vt 0.051800 0.178100
vt 0.056400 0.179900
vt 0.052100 0.181900
vt 0.047800 0.179900
vt 0.064800 0.179800
vt 0.061000 0.181600
vt 0.069700 0.181800
vt 0.065500 0.183200
vt 0.061200 0.184700
vt 0.056600 0.183300
vt 0.067900 0.177700
vt 0.071600 0.178900
vt 0.287200 0.135100
vt 0.293100 0.135600
vt 0.290300 0.123700
vt 0.295400 0.124200
vt 0.300400 0.124600
vt 0.298800 0.135900
vt 0.304500 0.136100
vt 0.305400 0.124900
vt 0.310400 0.125100
vt 0.310000 0.136200
vt 0.301700 0.114700
vt 0.306300 0.115100
vt 0.310800 0.115400
vt 0.292800 0.113300
vt 0.297300 0.114100
vt 0.226100 0.121900
vt 0.230100 0.122400
vt 0.231800 0.113800
vt 0.236000 0.113600
vt 0.240200 0.113200
vt 0.234000 0.122700
vt 0.237800 0.123000
vt 0.244200 0.112800
vt 0.248200 0.112700
vt 0.241500 0.123500
vt 0.246200 0.103200
vt 0.250600 0.102300
vt 0.254800 0.101700
vt 0.237400 0.104800
vt 0.241800 0.104100
vt 0.453500 0.148200
vt 0.450500 0.139300
vt 0.455200 0.138400
vt 0.457900 0.147100
vt 0.462200 0.145600
vt 0.459700 0.136900
vt 0.452600 0.128400
vt 0.457300 0.127000
vt 0.447800 0.129300
vt 0.330700 0.135900
vt 0.335900 0.136100
vt 0.330300 0.124900
vt 0.335700 0.125200
vt 0.341600 0.125800
vt 0.341700 0.136700
vt 0.348400 0.137700
vt 0.348400 0.126900
vt 0.355900 0.128200
vt 0.355700 0.138900
vt 0.341500 0.116400
vt 0.348300 0.117500
vt 0.355600 0.118700
vt 0.330100 0.115500
vt 0.335500 0.115800
vt 0.422200 0.094400
vt 0.426900 0.102100
vt 0.421500 0.103200
vt 0.417500 0.096000
vt 0.413300 0.097300
vt 0.416400 0.103700
vt 0.411200 0.103400
vt 0.409000 0.097400
vt 0.425000 0.111300
vt 0.419200 0.111100
vt 0.413400 0.110400
vt 0.430700 0.110800
vt 0.245300 0.124600
vt 0.252100 0.113400
vt 0.256500 0.114700
vt 0.249700 0.126300
vt 0.255000 0.128300
vt 0.261700 0.116700
vt 0.267500 0.118800
vt 0.261100 0.130300
vt 0.263200 0.103000
vt 0.268200 0.105100
vt 0.273500 0.107400
vt 0.258800 0.101900
vt 0.363500 0.139800
vt 0.363700 0.129400
vt 0.371800 0.130400
vt 0.371600 0.140500
vt 0.379600 0.140900
vt 0.380000 0.131100
vt 0.371300 0.121100
vt 0.379600 0.122000
vt 0.363300 0.120000
vt 0.315400 0.136200
vt 0.315400 0.125100
vt 0.320300 0.125000
vt 0.320600 0.136000
vt 0.325700 0.135900
vt 0.325200 0.124900
vt 0.320200 0.115600
vt 0.325000 0.115500
vt 0.315500 0.115600
vt 0.267800 0.132000
vt 0.273600 0.120600
vt 0.279600 0.122000
vt 0.274700 0.133400
vt 0.281100 0.134400
vt 0.285100 0.123000
vt 0.283400 0.110900
vt 0.288200 0.112200
vt 0.278500 0.109400
vt 0.404000 0.095900
vt 0.405700 0.102400
vt 0.399400 0.100800
vt 0.398100 0.093200
vt 0.391200 0.089800
vt 0.392000 0.099100
vt 0.401300 0.108100
vt 0.393600 0.107100
vt 0.407700 0.109300
vt 0.466200 0.082400
vt 0.461900 0.084100
vt 0.470400 0.091800
vt 0.465900 0.093300
vt 0.461700 0.094800
vt 0.457400 0.085700
vt 0.452600 0.087000
vt 0.457100 0.096100
vt 0.465000 0.103700
vt 0.460700 0.104900
vt 0.473000 0.100600
vt 0.469100 0.102200
vt 0.211700 0.118200
vt 0.215100 0.119300
vt 0.216500 0.111600
vt 0.220200 0.112000
vt 0.223900 0.112900
vt 0.218600 0.120400
vt 0.222300 0.121200
vt 0.227700 0.113500
vt 0.229200 0.104500
vt 0.233200 0.104900
vt 0.221700 0.102700
vt 0.225400 0.103700
vt 0.576300 0.046700
vt 0.590300 0.043400
vt 0.592900 0.071600
vt 0.584500 0.081700
vt 0.603800 0.047500
vt 0.602300 0.082200
vt 0.599600 0.146500
vt 0.615400 0.048700
vt 0.611000 0.075400
vt 0.624600 0.055900
vt 0.615800 0.087600
vt 0.654400 0.087300
vt 0.661200 0.095500
vt 0.644300 0.109400
vt 0.635200 0.108000
vt 0.664100 0.106200
vt 0.641500 0.120300
vt 0.668800 0.115200
vt 0.649900 0.123800
vt 0.669400 0.125700
vt 0.645000 0.133000
vt 0.517700 0.127000
vt 0.517000 0.112300
vt 0.539600 0.121600
vt 0.546400 0.133800
vt 0.522000 0.099700
vt 0.549200 0.116100
vt 0.524800 0.086100
vt 0.545300 0.102600
vt 0.532600 0.076400
vt 0.556100 0.100900
vt 0.670200 0.166000
vt 0.669900 0.177600
vt 0.650700 0.169100
vt 0.645500 0.159200
vt 0.665300 0.187600
vt 0.642300 0.173200
vt 0.662500 0.198400
vt 0.645300 0.184200
vt 0.655700 0.205700
vt 0.636100 0.184900
vt 0.555500 0.221000
vt 0.545900 0.214200
vt 0.560600 0.195700
vt 0.571000 0.194900
vt 0.539600 0.202800
vt 0.560600 0.183100
vt 0.531800 0.192900
vt 0.550300 0.180200
vt 0.528300 0.179800
vt 0.553300 0.168200
vt 0.622300 0.229000
vt 0.612500 0.234400
vt 0.609000 0.210400
vt 0.614400 0.200100
vt 0.602800 0.234600
vt 0.601700 0.203700
vt 0.594700 0.237700
vt 0.596100 0.212700
vt 0.587600 0.235600
vt 0.591800 0.204400
vt 0.549900 0.058000
vt 0.561400 0.048800
vt 0.571900 0.075500
vt 0.567400 0.089000
vt 0.538800 0.064600
vt 0.555400 0.087000
vt 0.641100 0.069600
vt 0.649300 0.076500
vt 0.635700 0.095700
vt 0.626500 0.096500
vt 0.634000 0.060200
vt 0.624600 0.083800
vt 0.521100 0.154100
vt 0.516800 0.140500
vt 0.539400 0.142200
vt 0.548500 0.151400
vt 0.522500 0.167700
vt 0.543600 0.161900
vt 0.671300 0.145600
vt 0.672800 0.155900
vt 0.652800 0.153300
vt 0.646200 0.145900
vt 0.672400 0.135400
vt 0.652500 0.138400
vt 0.641500 0.218800
vt 0.633100 0.226200
vt 0.623900 0.204400
vt 0.626800 0.193500
vt 0.650400 0.214300
vt 0.636500 0.195800
vt 0.572500 0.232100
vt 0.563300 0.229400
vt 0.573200 0.206800
vt 0.582000 0.202100
vt 0.579800 0.236600
vt 0.585300 0.212000
vt 0.045400 0.861100
vt 0.033200 0.853000
vt 0.046100 0.861900
vt 0.033000 0.853300
vt 0.020000 0.844800
vt 0.020200 0.844400
vt 0.065800 0.875100
vt 0.056000 0.868400
vt 0.065700 0.875500
vt 0.055900 0.868700
vt 0.125400 0.914900
vt 0.115500 0.908700
vt 0.125300 0.915400
vt 0.115400 0.909000
vt 0.105600 0.902600
vt 0.105600 0.902100
vt 0.144600 0.926700
vt 0.135000 0.920900
vt 0.144500 0.927100
vt 0.134900 0.921300
vt 0.491300 0.917200
vt 0.477200 0.923300
vt 0.491700 0.917400
vt 0.477200 0.923700
vt 0.462700 0.929900
vt 0.462700 0.929500
vt 0.517600 0.905900
vt 0.504700 0.911500
vt 0.517700 0.906200
vt 0.504700 0.911800
vt 0.206800 0.959300
vt 0.195400 0.954000
vt 0.206900 0.959900
vt 0.195300 0.954300
vt 0.183700 0.948700
vt 0.184200 0.948500
vt 0.228500 0.967800
vt 0.217800 0.963900
vt 0.228500 0.968500
vt 0.217700 0.964200
vt 0.379600 0.963400
vt 0.366200 0.967900
vt 0.379500 0.963900
vt 0.366200 0.968200
vt 0.352800 0.972600
vt 0.353400 0.971800
vt 0.406400 0.953100
vt 0.392900 0.958400
vt 0.406300 0.953600
vt 0.392900 0.958700
vt 0.296800 0.979400
vt 0.285900 0.978800
vt 0.297700 0.980000
vt 0.285900 0.979100
vt 0.274000 0.978200
vt 0.274000 0.977600
vt 0.313900 0.979300
vt 0.305800 0.979600
vt 0.313700 0.979800
vt 0.305700 0.979900
vt 0.574500 0.883300
vt 0.558800 0.889200
vt 0.574600 0.883700
vt 0.559000 0.889600
vt 0.543300 0.895500
vt 0.543900 0.895000
vt 0.530400 0.900500
vt 0.530500 0.900900
vt 0.095400 0.895300
vt 0.095200 0.895700
vt 0.084900 0.888800
vt 0.085200 0.888500
vt 0.075400 0.881800
vt 0.075300 0.882100
vt 0.448400 0.935700
vt 0.448400 0.936000
vt 0.434200 0.942100
vt 0.434200 0.941700
vt 0.420200 0.947500
vt 0.420200 0.947900
vt 0.173900 0.943100
vt 0.173800 0.943500
vt 0.163900 0.938200
vt 0.164000 0.937800
vt 0.154300 0.932300
vt 0.154200 0.932600
vt 0.261700 0.975800
vt 0.261600 0.976100
vt 0.249100 0.974000
vt 0.249700 0.973600
vt 0.238900 0.971000
vt 0.238800 0.971300
vt 0.341800 0.974900
vt 0.341700 0.975300
vt 0.330600 0.978000
vt 0.331300 0.977200
vt 0.322200 0.978600
vt 0.322100 0.978900
vt 0.605600 0.033800
vt 0.604400 0.035000
vt 0.589400 0.033100
vt 0.589400 0.032800
vt 0.604400 0.035400
vt 0.589400 0.033400
vt 0.573300 0.032500
vt 0.573300 0.032200
vt 0.573300 0.031800
vt 0.604300 0.035700
vt 0.589500 0.033800
vt 0.573400 0.032800
vt 0.628400 0.043400
vt 0.627700 0.044400
vt 0.616900 0.038900
vt 0.617000 0.038600
vt 0.627700 0.044700
vt 0.616900 0.039200
vt 0.627600 0.045100
vt 0.616800 0.039600
vt 0.673200 0.100700
vt 0.672300 0.101000
vt 0.667400 0.090300
vt 0.667600 0.090100
vt 0.672100 0.101200
vt 0.667200 0.090500
vt 0.661200 0.079900
vt 0.661400 0.079700
vt 0.662100 0.079400
vt 0.671800 0.101400
vt 0.667000 0.090700
vt 0.661000 0.080200
vt 0.679000 0.122900
vt 0.678300 0.123000
vt 0.675900 0.111900
vt 0.676100 0.111800
vt 0.678100 0.123100
vt 0.675600 0.112100
vt 0.677700 0.123200
vt 0.675300 0.112200
vt 0.511100 0.092800
vt 0.512200 0.093700
vt 0.508700 0.108800
vt 0.508400 0.108600
vt 0.512400 0.093900
vt 0.509000 0.108900
vt 0.507600 0.124500
vt 0.507300 0.124400
vt 0.505800 0.124400
vt 0.512700 0.094000
vt 0.509300 0.109100
vt 0.507900 0.124600
vt 0.523100 0.066700
vt 0.524100 0.067600
vt 0.517300 0.080000
vt 0.517100 0.079800
vt 0.524400 0.067800
vt 0.517500 0.080200
vt 0.524600 0.068100
vt 0.517800 0.080400
vt 0.674600 0.193500
vt 0.673700 0.192800
vt 0.677100 0.180700
vt 0.677300 0.180800
vt 0.673400 0.192700
vt 0.676800 0.180700
vt 0.679000 0.168400
vt 0.679200 0.168400
vt 0.680000 0.168100
vt 0.673200 0.192500
vt 0.676500 0.180500
vt 0.678700 0.168300
vt 0.663600 0.214100
vt 0.662800 0.213200
vt 0.668900 0.203700
vt 0.669100 0.203800
vt 0.662600 0.213000
vt 0.668700 0.203500
vt 0.662400 0.212700
vt 0.668400 0.203300
vt 0.530900 0.210600
vt 0.531900 0.209800
vt 0.540400 0.220900
vt 0.540200 0.221000
vt 0.532100 0.209700
vt 0.540700 0.220800
vt 0.550100 0.230100
vt 0.549900 0.230300
vt 0.549600 0.231500
vt 0.532400 0.209500
vt 0.540900 0.220600
vt 0.550300 0.229900
vt 0.518300 0.184400
vt 0.519200 0.184000
vt 0.524800 0.197400
vt 0.524600 0.197500
vt 0.519400 0.183900
vt 0.525100 0.197300
vt 0.519700 0.183800
vt 0.525400 0.197200
vt 0.602200 0.246500
vt 0.603100 0.245600
vt 0.613700 0.243200
vt 0.613700 0.243400
vt 0.603100 0.245400
vt 0.613700 0.243000
vt 0.625100 0.239200
vt 0.625100 0.239400
vt 0.625200 0.240400
vt 0.603100 0.245100
vt 0.613700 0.242600
vt 0.625000 0.238900
vt 0.586100 0.247500
vt 0.586100 0.246700
vt 0.594200 0.246800
vt 0.594100 0.247000
vt 0.586100 0.246500
vt 0.594200 0.246500
vt 0.586200 0.246200
vt 0.594300 0.246200
vt 0.573100 0.031900
vt 0.573200 0.032200
vt 0.557600 0.039100
vt 0.557500 0.038800
vt 0.573300 0.032500
vt 0.557700 0.039400
vt 0.543700 0.047200
vt 0.543600 0.046900
vt 0.541900 0.045700
vt 0.573400 0.032800
vt 0.557900 0.039700
vt 0.543900 0.047500
vt 0.532700 0.056400
vt 0.532500 0.056200
vt 0.532900 0.056700
vt 0.533100 0.057000
vt 0.654300 0.069400
vt 0.654500 0.069100
vt 0.654100 0.069700
vt 0.646200 0.060100
vt 0.646300 0.059800
vt 0.646800 0.058900
vt 0.653900 0.069900
vt 0.646000 0.060400
vt 0.637500 0.051500
vt 0.637600 0.051200
vt 0.637400 0.051800
vt 0.637300 0.052100
vt 0.508300 0.139800
vt 0.508000 0.139800
vt 0.508600 0.139900
vt 0.511300 0.155000
vt 0.511000 0.155000
vt 0.510300 0.155100
vt 0.509000 0.140000
vt 0.511700 0.155000
vt 0.514600 0.169800
vt 0.514300 0.169800
vt 0.514900 0.169700
vt 0.515200 0.169700
vt 0.680300 0.156800
vt 0.680600 0.156800
vt 0.680100 0.156800
vt 0.680200 0.145500
vt 0.680500 0.145500
vt 0.681200 0.145400
vt 0.679700 0.156700
vt 0.679900 0.145500
vt 0.679800 0.134200
vt 0.680100 0.134100
vt 0.679600 0.134300
vt 0.679200 0.134300
vt 0.636400 0.234200
vt 0.636500 0.234400
vt 0.636300 0.234000
vt 0.646600 0.227700
vt 0.646800 0.228000
vt 0.647700 0.228500
vt 0.636200 0.233700
vt 0.646500 0.227500
vt 0.655500 0.221100
vt 0.655600 0.221300
vt 0.655300 0.220900
vt 0.655200 0.220700
vt 0.559600 0.237600
vt 0.559400 0.237800
vt 0.559800 0.237400
vt 0.569200 0.242600
vt 0.569000 0.242800
vt 0.569300 0.244100
vt 0.559900 0.237200
vt 0.569300 0.242300
vt 0.577800 0.245600
vt 0.577700 0.245800
vt 0.577900 0.245400
vt 0.578000 0.245100
vn 0.905693 -0.210298 -0.368097
vn 0.889696 -0.315399 -0.330098
vn 0.788699 -0.404800 -0.462700
vn 0.847205 -0.233701 -0.477103
vn 0.889696 -0.315399 -0.330098
vn 0.874702 -0.387801 -0.290701
vn 0.766484 -0.491790 -0.413092
vn 0.788699 -0.404800 -0.462700
vn 0.667503 -0.530303 -0.522703
vn 0.708875 -0.411885 -0.572580
vn 0.788699 -0.404800 -0.462700
vn 0.766484 -0.491790 -0.413092
vn 0.708875 -0.411885 -0.572580
vn 0.775940 -0.236412 -0.584830
vn 0.847205 -0.233701 -0.477103
vn 0.788699 -0.404800 -0.462700
vn 0.775940 -0.236412 -0.584830
vn 0.708875 -0.411885 -0.572580
vn 0.644006 -0.396904 -0.654006
vn 0.713992 -0.222998 -0.663692
vn 0.708875 -0.411885 -0.572580
vn 0.667503 -0.530303 -0.522703
vn 0.590868 -0.529872 -0.608367
vn 0.644006 -0.396904 -0.654006
vn 0.526498 -0.509898 -0.680297
vn 0.580742 -0.367827 -0.726252
vn 0.644006 -0.396904 -0.654006
vn 0.590868 -0.529872 -0.608367
vn 0.580742 -0.367827 -0.726252
vn 0.645316 -0.191905 -0.739419
vn 0.713992 -0.222998 -0.663692
vn 0.644006 -0.396904 -0.654006
vn 0.667503 -0.530303 -0.522703
vn 0.642042 -0.596339 -0.481832
vn 0.556323 -0.614725 -0.559123
vn 0.590868 -0.529872 -0.608367
vn 0.642042 -0.596339 -0.481832
vn 0.624733 -0.631233 -0.459624
vn 0.533486 -0.664582 -0.523186
vn 0.556323 -0.614725 -0.559123
vn 0.458106 -0.673509 -0.580108
vn 0.486591 -0.608989 -0.626388
vn 0.556323 -0.614725 -0.559123
vn 0.533486 -0.664582 -0.523186
vn 0.486591 -0.608989 -0.626388
vn 0.526498 -0.509898 -0.680297
vn 0.590868 -0.529872 -0.608367
vn 0.556323 -0.614725 -0.559123
vn 0.874702 -0.387801 -0.290701
vn 0.865032 -0.417115 -0.278810
vn 0.751178 -0.534184 -0.387788
vn 0.766484 -0.491790 -0.413092
vn 0.865032 -0.417115 -0.278810
vn 0.857488 -0.433894 -0.276496
vn 0.738420 -0.557615 -0.379210
vn 0.751178 -0.534184 -0.387788
vn 0.624733 -0.631233 -0.459624
vn 0.642042 -0.596339 -0.481832
vn 0.751178 -0.534184 -0.387788
vn 0.738420 -0.557615 -0.379210
vn 0.642042 -0.596339 -0.481832
vn 0.667503 -0.530303 -0.522703
vn 0.766484 -0.491790 -0.413092
vn 0.751178 -0.534184 -0.387788
vn -0.660328 0.563324 0.496621
vn -0.654687 0.697686 0.290894
vn -0.610511 0.734613 0.296005
vn -0.601620 0.726924 0.331111
vn -0.654687 0.697686 0.290894
vn -0.408419 0.839440 0.358517
vn -0.481812 0.804120 0.348208
vn -0.610511 0.734613 0.296005
vn -0.560371 0.740361 0.371281
vn -0.635621 0.700623 0.324211
vn -0.610511 0.734613 0.296005
vn -0.481812 0.804120 0.348208
vn -0.635621 0.700623 0.324211
vn -0.636015 0.706317 0.310807
vn -0.601620 0.726924 0.331111
vn -0.610511 0.734613 0.296005
vn -0.636015 0.706317 0.310807
vn -0.635621 0.700623 0.324211
vn -0.673099 0.631499 0.384899
vn -0.689204 0.632203 0.354002
vn -0.635621 0.700623 0.324211
vn -0.560371 0.740361 0.371281
vn -0.618626 0.655127 0.433718
vn -0.673099 0.631499 0.384899
vn -0.675828 0.531722 0.510421
vn -0.723649 0.519763 0.454068
vn -0.673099 0.631499 0.384899
vn -0.618626 0.655127 0.433718
vn -0.723649 0.519763 0.454068
vn -0.750930 0.519021 0.408316
vn -0.689204 0.632203 0.354002
vn -0.673099 0.631499 0.384899
vn -0.560371 0.740361 0.371281
vn -0.501303 0.751205 0.429403
vn -0.570193 0.664091 0.483594
vn -0.618626 0.655127 0.433718
vn -0.501303 0.751205 0.429403
vn -0.552105 0.710506 0.436304
vn -0.574999 0.651499 0.494899
vn -0.570193 0.664091 0.483594
vn -0.609187 0.527789 0.591887
vn -0.629790 0.533692 0.564391
vn -0.570193 0.664091 0.483594
vn -0.574999 0.651499 0.494899
vn -0.629790 0.533692 0.564391
vn -0.675828 0.531722 0.510421
vn -0.618626 0.655127 0.433718
vn -0.570193 0.664091 0.483594
vn -0.408419 0.839440 0.358517
vn -0.164807 0.881435 0.442618
vn -0.394794 0.818487 0.417393
vn -0.481812 0.804120 0.348208
vn -0.164807 0.881435 0.442618
vn -0.566466 0.593465 0.571766
vn -0.542085 0.704681 0.457787
vn -0.394794 0.818487 0.417393
vn -0.552105 0.710506 0.436304
vn -0.501303 0.751205 0.429403
vn -0.394794 0.818487 0.417393
vn -0.542085 0.704681 0.457787
vn -0.501303 0.751205 0.429403
vn -0.560371 0.740361 0.371281
vn -0.481812 0.804120 0.348208
vn -0.394794 0.818487 0.417393
vn -0.289687 -0.572175 0.767266
vn 0.068498 -0.872279 0.484188
vn -0.156197 -0.935680 0.316393
vn -0.444579 -0.776363 0.446779
vn 0.068498 -0.872279 0.484188
vn -0.033300 -0.983503 0.177801
vn -0.093402 -0.987725 0.125203
vn -0.156197 -0.935680 0.316393
vn -0.052199 -0.996790 0.060699
vn -0.061498 -0.985667 0.157095
vn -0.156197 -0.935680 0.316393
vn -0.093402 -0.987725 0.125203
vn -0.061498 -0.985667 0.157095
vn -0.112901 -0.972710 0.202702
vn -0.444579 -0.776363 0.446779
vn -0.156197 -0.935680 0.316393
vn -0.112901 -0.972710 0.202702
vn -0.061498 -0.985667 0.157095
vn 0.037100 -0.991488 0.124799
vn 0.159602 -0.978611 0.129801
vn -0.061498 -0.985667 0.157095
vn -0.052199 -0.996790 0.060699
vn 0.009100 -0.998882 0.046399
vn 0.037100 -0.991488 0.124799
vn -0.005900 -0.998640 0.051802
vn -0.050301 -0.977215 0.206203
vn 0.037100 -0.991488 0.124799
vn 0.009100 -0.998882 0.046399
vn -0.050301 -0.977215 0.206203
vn -0.249999 -0.833398 0.492899
vn 0.159602 -0.978611 0.129801
vn 0.037100 -0.991488 0.124799
vn -0.052199 -0.996790 0.060699
vn -0.131705 -0.990940 -0.026301
vn -0.055899 -0.997484 -0.043599
vn 0.009100 -0.998882 0.046399
vn -0.131705 -0.990940 -0.026301
vn -0.234803 -0.966013 -0.108101
vn -0.127297 -0.982975 -0.132497
vn -0.055899 -0.997484 -0.043599
vn -0.082698 -0.984776 -0.152896
vn -0.032801 -0.998040 -0.053302
vn -0.055899 -0.997484 -0.043599
vn -0.127297 -0.982975 -0.132497
vn -0.032801 -0.998040 -0.053302
vn -0.005900 -0.998640 0.051802
vn 0.009100 -0.998882 0.046399
vn -0.055899 -0.997484 -0.043599
vn -0.033300 -0.983503 0.177801
vn -0.309101 -0.950904 0.015400
vn -0.217206 -0.976126 0.000800
vn -0.093402 -0.987725 0.125203
vn -0.309101 -0.950904 0.015400
vn -0.708914 -0.703714 -0.047201
vn -0.401181 -0.912757 -0.076996
vn -0.217206 -0.976126 0.000800
vn -0.234803 -0.966013 -0.108101
vn -0.131705 -0.990940 -0.026301
vn -0.217206 -0.976126 0.000800
vn -0.401181 -0.912757 -0.076996
vn -0.131705 -0.990940 -0.026301
vn -0.052199 -0.996790 0.060699
vn -0.093402 -0.987725 0.125203
vn -0.217206 -0.976126 0.000800
vn -0.708914 -0.703714 -0.047201
vn -0.786805 -0.605304 -0.120601
vn -0.530684 -0.831375 -0.164895
vn -0.401181 -0.912757 -0.076996
vn -0.786805 -0.605304 -0.120601
vn -0.812729 -0.547820 -0.198407
vn -0.610210 -0.746212 -0.266104
vn -0.530684 -0.831375 -0.164895
vn -0.411718 -0.852938 -0.320914
vn -0.324305 -0.923914 -0.203003
vn -0.530684 -0.831375 -0.164895
vn -0.610210 -0.746212 -0.266104
vn -0.324305 -0.923914 -0.203003
vn -0.234803 -0.966013 -0.108101
vn -0.401181 -0.912757 -0.076996
vn -0.530684 -0.831375 -0.164895
vn -0.234803 -0.966013 -0.108101
vn -0.324305 -0.923914 -0.203003
vn -0.187897 -0.953687 -0.234897
vn -0.127297 -0.982975 -0.132497
vn -0.324305 -0.923914 -0.203003
vn -0.411718 -0.852938 -0.320914
vn -0.255106 -0.894019 -0.368308
vn -0.187897 -0.953687 -0.234897
vn -0.165904 -0.896224 -0.411411
vn -0.120697 -0.956473 -0.265692
vn -0.187897 -0.953687 -0.234897
vn -0.255106 -0.894019 -0.368308
vn -0.120697 -0.956473 -0.265692
vn -0.082698 -0.984776 -0.152896
vn -0.127297 -0.982975 -0.132497
vn -0.187897 -0.953687 -0.234897
vn -0.411718 -0.852938 -0.320914
vn -0.446972 -0.771852 -0.452172
vn -0.286602 -0.806705 -0.516804
vn -0.255106 -0.894019 -0.368308
vn -0.446972 -0.771852 -0.452172
vn -0.436715 -0.675324 -0.594321
vn -0.279291 -0.694877 -0.662678
vn -0.286602 -0.806705 -0.516804
vn -0.182002 -0.681309 -0.709009
vn -0.189299 -0.800397 -0.568798
vn -0.286602 -0.806705 -0.516804
vn -0.279291 -0.694877 -0.662678
vn -0.189299 -0.800397 -0.568798
vn -0.165904 -0.896224 -0.411411
vn -0.255106 -0.894019 -0.368308
vn -0.286602 -0.806705 -0.516804
vn -0.812729 -0.547820 -0.198407
vn -0.819802 -0.496401 -0.285501
vn -0.638692 -0.672291 -0.374295
vn -0.610210 -0.746212 -0.266104
vn -0.819802 -0.496401 -0.285501
vn -0.814797 -0.435398 -0.382798
vn -0.629386 -0.595386 -0.499389
vn -0.638692 -0.672291 -0.374295
vn -0.436715 -0.675324 -0.594321
vn -0.446972 -0.771852 -0.452172
vn -0.638692 -0.672291 -0.374295
vn -0.629386 -0.595386 -0.499389
vn -0.446972 -0.771852 -0.452172
vn -0.411718 -0.852938 -0.320914
vn -0.610210 -0.746212 -0.266104
vn -0.638692 -0.672291 -0.374295
vn -0.725994 -0.362997 -0.584095
vn -0.726027 -0.411815 -0.550721
vn -0.447988 -0.612484 -0.651283
vn -0.452603 -0.555803 -0.697304
vn -0.726027 -0.411815 -0.550721
vn -0.736037 -0.421221 -0.529927
vn -0.451989 -0.621185 -0.640184
vn -0.447988 -0.612484 -0.651283
vn -0.193699 -0.715995 -0.670695
vn -0.205992 -0.709171 -0.674273
vn -0.447988 -0.612484 -0.651283
vn -0.451989 -0.621185 -0.640184
vn -0.205992 -0.709171 -0.674273
vn -0.222298 -0.653893 -0.723193
vn -0.452603 -0.555803 -0.697304
vn -0.447988 -0.612484 -0.651283
vn -0.222298 -0.653893 -0.723193
vn -0.205992 -0.709171 -0.674273
vn -0.052800 -0.739206 -0.671406
vn -0.079599 -0.691794 -0.717694
vn -0.205992 -0.709171 -0.674273
vn -0.193699 -0.715995 -0.670695
vn -0.027999 -0.742670 -0.669073
vn -0.052800 -0.739206 -0.671406
vn 0.054300 -0.744599 -0.665299
vn 0.028499 -0.743087 -0.668588
vn -0.052800 -0.739206 -0.671406
vn -0.027999 -0.742670 -0.669073
vn 0.028499 -0.743087 -0.668588
vn -0.002600 -0.703596 -0.710596
vn -0.079599 -0.691794 -0.717694
vn -0.052800 -0.739206 -0.671406
vn -0.193699 -0.715995 -0.670695
vn -0.195407 -0.692925 -0.694025
vn -0.022701 -0.723526 -0.689924
vn -0.027999 -0.742670 -0.669073
vn -0.195407 -0.692925 -0.694025
vn -0.212294 -0.671882 -0.709581
vn -0.035501 -0.714220 -0.699020
vn -0.022701 -0.723526 -0.689924
vn 0.051801 -0.730908 -0.680507
vn 0.060999 -0.730684 -0.679985
vn -0.022701 -0.723526 -0.689924
vn -0.035501 -0.714220 -0.699020
vn 0.060999 -0.730684 -0.679985
vn 0.054300 -0.744599 -0.665299
vn -0.027999 -0.742670 -0.669073
vn -0.022701 -0.723526 -0.689924
vn -0.736037 -0.421221 -0.529927
vn -0.752713 -0.398807 -0.523809
vn -0.463717 -0.597022 -0.654624
vn -0.451989 -0.621185 -0.640184
vn -0.752713 -0.398807 -0.523809
vn -0.768488 -0.361894 -0.527692
vn -0.482479 -0.565176 -0.669171
vn -0.463717 -0.597022 -0.654624
vn -0.212294 -0.671882 -0.709581
vn -0.195407 -0.692925 -0.694025
vn -0.463717 -0.597022 -0.654624
vn -0.482479 -0.565176 -0.669171
vn -0.195407 -0.692925 -0.694025
vn -0.193699 -0.715995 -0.670695
vn -0.451989 -0.621185 -0.640184
vn -0.463717 -0.597022 -0.654624
vn -0.482491 0.226596 -0.846084
vn -0.389176 0.197488 -0.899745
vn -0.423481 0.077796 -0.902559
vn -0.569073 0.150693 -0.808361
vn -0.389176 0.197488 -0.899745
vn -0.299899 0.178100 -0.937198
vn -0.317708 0.069702 -0.945623
vn -0.423481 0.077796 -0.902559
vn -0.368083 -0.062997 -0.927656
vn -0.506388 -0.023699 -0.861980
vn -0.423481 0.077796 -0.902559
vn -0.317708 0.069702 -0.945623
vn -0.506388 -0.023699 -0.861980
vn -0.663076 0.069997 -0.745273
vn -0.569073 0.150693 -0.808361
vn -0.423481 0.077796 -0.902559
vn -0.663076 0.069997 -0.745273
vn -0.506388 -0.023699 -0.861980
vn -0.574202 -0.098200 -0.812803
vn -0.720792 0.022300 -0.692792
vn -0.506388 -0.023699 -0.861980
vn -0.368083 -0.062997 -0.927656
vn -0.422890 -0.181696 -0.887779
vn -0.574202 -0.098200 -0.812803
vn -0.455713 -0.286308 -0.842824
vn -0.609896 -0.156899 -0.776795
vn -0.574202 -0.098200 -0.812803
vn -0.422890 -0.181696 -0.887779
vn -0.609896 -0.156899 -0.776795
vn -0.748373 -0.001700 -0.663276
vn -0.720792 0.022300 -0.692792
vn -0.574202 -0.098200 -0.812803
vn -0.368083 -0.062997 -0.927656
vn -0.259202 -0.088001 -0.961806
vn -0.290591 -0.238793 -0.926572
vn -0.422890 -0.181696 -0.887779
vn -0.259202 -0.088001 -0.961806
vn -0.142195 -0.125395 -0.981864
vn -0.161002 -0.292504 -0.942613
vn -0.290591 -0.238793 -0.926572
vn -0.177810 -0.442126 -0.879152
vn -0.312694 -0.375493 -0.872484
vn -0.290591 -0.238793 -0.926572
vn -0.161002 -0.292504 -0.942613
vn -0.312694 -0.375493 -0.872484
vn -0.455713 -0.286308 -0.842824
vn -0.422890 -0.181696 -0.887779
vn -0.290591 -0.238793 -0.926572
vn -0.299899 0.178100 -0.937198
vn -0.230500 0.167200 -0.958600
vn -0.236506 0.060802 -0.969726
vn -0.317708 0.069702 -0.945623
vn -0.230500 0.167200 -0.958600
vn -0.127800 0.151900 -0.980099
vn -0.130096 0.035499 -0.990866
vn -0.236506 0.060802 -0.969726
vn -0.142195 -0.125395 -0.981864
vn -0.259202 -0.088001 -0.961806
vn -0.236506 0.060802 -0.969726
vn -0.130096 0.035499 -0.990866
vn -0.259202 -0.088001 -0.961806
vn -0.368083 -0.062997 -0.927656
vn -0.317708 0.069702 -0.945623
vn -0.236506 0.060802 -0.969726
vn 0.762806 -0.481504 -0.431603
vn 0.693954 -0.552864 -0.461270
vn 0.705270 -0.611974 -0.357885
vn 0.783054 -0.533568 -0.319581
vn 0.693954 -0.552864 -0.461270
vn 0.639081 -0.598582 -0.482986
vn 0.640805 -0.659005 -0.393803
vn 0.705270 -0.611974 -0.357885
vn 0.631617 -0.701819 -0.329409
vn 0.707695 -0.651895 -0.272398
vn 0.705270 -0.611974 -0.357885
vn 0.640805 -0.659005 -0.393803
vn 0.707695 -0.651895 -0.272398
vn 0.795504 -0.567203 -0.213201
vn 0.783054 -0.533568 -0.319581
vn 0.705270 -0.611974 -0.357885
vn 0.795504 -0.567203 -0.213201
vn 0.707695 -0.651895 -0.272398
vn 0.701396 -0.679096 -0.216499
vn 0.794912 -0.591809 -0.133702
vn 0.707695 -0.651895 -0.272398
vn 0.631617 -0.701819 -0.329409
vn 0.613992 -0.731791 -0.295796
vn 0.701396 -0.679096 -0.216499
vn 0.594385 -0.749181 -0.292293
vn 0.693813 -0.692913 -0.196204
vn 0.701396 -0.679096 -0.216499
vn 0.613992 -0.731791 -0.295796
vn 0.693813 -0.692913 -0.196204
vn 0.792475 -0.602881 -0.092297
vn 0.794912 -0.591809 -0.133702
vn 0.701396 -0.679096 -0.216499
vn 0.631617 -0.701819 -0.329409
vn 0.565195 -0.729294 -0.385597
vn 0.536377 -0.758168 -0.370784
vn 0.613992 -0.731791 -0.295796
vn 0.565195 -0.729294 -0.385597
vn 0.500812 -0.742517 -0.444810
vn 0.464508 -0.766912 -0.442807
vn 0.536377 -0.758168 -0.370784
vn 0.424587 -0.783977 -0.452887
vn 0.504301 -0.776302 -0.378201
vn 0.536377 -0.758168 -0.370784
vn 0.464508 -0.766912 -0.442807
vn 0.504301 -0.776302 -0.378201
vn 0.594385 -0.749181 -0.292293
vn 0.613992 -0.731791 -0.295796
vn 0.536377 -0.758168 -0.370784
vn 0.639081 -0.598582 -0.482986
vn 0.590407 -0.628307 -0.506606
vn 0.583841 -0.687748 -0.431430
vn 0.640805 -0.659005 -0.393803
vn 0.590407 -0.628307 -0.506606
vn 0.535717 -0.650721 -0.538117
vn 0.525287 -0.705882 -0.475188
vn 0.583841 -0.687748 -0.431430
vn 0.500812 -0.742517 -0.444810
vn 0.565195 -0.729294 -0.385597
vn 0.583841 -0.687748 -0.431430
vn 0.525287 -0.705882 -0.475188
vn 0.565195 -0.729294 -0.385597
vn 0.631617 -0.701819 -0.329409
vn 0.640805 -0.659005 -0.393803
vn 0.583841 -0.687748 -0.431430
vn 0.704704 -0.672004 -0.227601
vn 0.522306 -0.819709 -0.235103
vn 0.553186 -0.757581 -0.346491
vn 0.714373 -0.616377 -0.331287
vn 0.522306 -0.819709 -0.235103
vn 0.347112 -0.909231 -0.229808
vn 0.384684 -0.854165 -0.349886
vn 0.553186 -0.757581 -0.346491
vn 0.449180 -0.727968 -0.517977
vn 0.598230 -0.627132 -0.498825
vn 0.553186 -0.757581 -0.346491
vn 0.384684 -0.854165 -0.349886
vn 0.598230 -0.627132 -0.498825
vn 0.732708 -0.500705 -0.460905
vn 0.714373 -0.616377 -0.331287
vn 0.553186 -0.757581 -0.346491
vn 0.732708 -0.500705 -0.460905
vn 0.598230 -0.627132 -0.498825
vn 0.640605 -0.467304 -0.609305
vn 0.742974 -0.374887 -0.554481
vn 0.598230 -0.627132 -0.498825
vn 0.449180 -0.727968 -0.517977
vn 0.531985 -0.550385 -0.643482
vn 0.640605 -0.467304 -0.609305
vn 0.582809 -0.432407 -0.688011
vn 0.662740 -0.378523 -0.646139
vn 0.640605 -0.467304 -0.609305
vn 0.531985 -0.550385 -0.643482
vn 0.662740 -0.378523 -0.646139
vn 0.746124 -0.316410 -0.585819
vn 0.742974 -0.374887 -0.554481
vn 0.640605 -0.467304 -0.609305
vn 0.449180 -0.727968 -0.517977
vn 0.320997 -0.793392 -0.517195
vn 0.428903 -0.624305 -0.652905
vn 0.531985 -0.550385 -0.643482
vn 0.320997 -0.793392 -0.517195
vn 0.247604 -0.826714 -0.505209
vn 0.341314 -0.681428 -0.647426
vn 0.428903 -0.624305 -0.652905
vn 0.415107 -0.541309 -0.731212
vn 0.504276 -0.487077 -0.713066
vn 0.428903 -0.624305 -0.652905
vn 0.341314 -0.681428 -0.647426
vn 0.504276 -0.487077 -0.713066
vn 0.582809 -0.432407 -0.688011
vn 0.531985 -0.550385 -0.643482
vn 0.428903 -0.624305 -0.652905
vn 0.347112 -0.909231 -0.229808
vn 0.210492 -0.951964 -0.222392
vn 0.250293 -0.903276 -0.348491
vn 0.384684 -0.854165 -0.349886
vn 0.210492 -0.951964 -0.222392
vn 0.134998 -0.967284 -0.214796
vn 0.181998 -0.920790 -0.344996
vn 0.250293 -0.903276 -0.348491
vn 0.247604 -0.826714 -0.505209
vn 0.320997 -0.793392 -0.517195
vn 0.250293 -0.903276 -0.348491
vn 0.181998 -0.920790 -0.344996
vn 0.320997 -0.793392 -0.517195
vn 0.449180 -0.727968 -0.517977
vn 0.384684 -0.854165 -0.349886
vn 0.250293 -0.903276 -0.348491
vn 0.732810 -0.668609 0.126302
vn 0.455308 -0.885315 0.094402
vn 0.451590 -0.891080 0.045199
vn 0.722204 -0.687504 0.075900
vn 0.455308 -0.885315 0.094402
vn 0.185097 -0.979285 0.082099
vn 0.209602 -0.976910 0.041400
vn 0.451590 -0.891080 0.045199
vn 0.251493 -0.967174 -0.036399
vn 0.464095 -0.884790 -0.042000
vn 0.451590 -0.891080 0.045199
vn 0.209602 -0.976910 0.041400
vn 0.464095 -0.884790 -0.042000
vn 0.715096 -0.698696 -0.021500
vn 0.722204 -0.687504 0.075900
vn 0.451590 -0.891080 0.045199
vn 0.715096 -0.698696 -0.021500
vn 0.464095 -0.884790 -0.042000
vn 0.492798 -0.858296 -0.143099
vn 0.708787 -0.692887 -0.132398
vn 0.464095 -0.884790 -0.042000
vn 0.251493 -0.967174 -0.036399
vn 0.302606 -0.943720 -0.133503
vn 0.492798 -0.858296 -0.143099
vn 0.347112 -0.909231 -0.229808
vn 0.522306 -0.819709 -0.235103
vn 0.492798 -0.858296 -0.143099
vn 0.302606 -0.943720 -0.133503
vn 0.522306 -0.819709 -0.235103
vn 0.704704 -0.672004 -0.227601
vn 0.708787 -0.692887 -0.132398
vn 0.492798 -0.858296 -0.143099
vn 0.251493 -0.967174 -0.036399
vn 0.103200 -0.994598 -0.011200
vn 0.159602 -0.980413 -0.115402
vn 0.302606 -0.943720 -0.133503
vn 0.103200 -0.994598 -0.011200
vn 0.040598 -0.999161 0.005400
vn 0.081500 -0.991704 -0.099400
vn 0.159602 -0.980413 -0.115402
vn 0.134998 -0.967284 -0.214796
vn 0.210492 -0.951964 -0.222392
vn 0.159602 -0.980413 -0.115402
vn 0.081500 -0.991704 -0.099400
vn 0.210492 -0.951964 -0.222392
vn 0.347112 -0.909231 -0.229808
vn 0.302606 -0.943720 -0.133503
vn 0.159602 -0.980413 -0.115402
vn 0.185097 -0.979285 0.082099
vn -0.023000 -0.994405 0.103101
vn 0.055701 -0.996210 0.066801
vn 0.209602 -0.976910 0.041400
vn -0.023000 -0.994405 0.103101
vn 0.037600 -0.964307 0.262102
vn 0.021000 -0.993907 0.108201
vn 0.055701 -0.996210 0.066801
vn 0.040598 -0.999161 0.005400
vn 0.103200 -0.994598 -0.011200
vn 0.055701 -0.996210 0.066801
vn 0.021000 -0.993907 0.108201
vn 0.103200 -0.994598 -0.011200
vn 0.251493 -0.967174 -0.036399
vn 0.209602 -0.976910 0.041400
vn 0.055701 -0.996210 0.066801
vn -0.414385 0.652377 0.634578
vn -0.537813 0.710118 0.454411
vn -0.388710 0.804322 0.449412
vn -0.352915 0.777032 0.521222
vn -0.537813 0.710118 0.454411
vn -0.277211 0.832134 0.480320
vn -0.270799 0.858797 0.434898
vn -0.388710 0.804322 0.449412
vn -0.281393 0.835378 0.472188
vn -0.318304 0.817011 0.480807
vn -0.388710 0.804322 0.449412
vn -0.270799 0.858797 0.434898
vn -0.318304 0.817011 0.480807
vn -0.324414 0.804134 0.498121
vn -0.352915 0.777032 0.521222
vn -0.388710 0.804322 0.449412
vn -0.324414 0.804134 0.498121
vn -0.318304 0.817011 0.480807
vn -0.335497 0.742794 0.579395
vn -0.358798 0.742996 0.564997
vn -0.318304 0.817011 0.480807
vn -0.281393 0.835378 0.472188
vn -0.314096 0.739091 0.595893
vn -0.335497 0.742794 0.579395
vn -0.346378 0.552064 0.758451
vn -0.394215 0.562421 0.726827
vn -0.335497 0.742794 0.579395
vn -0.314096 0.739091 0.595893
vn -0.394215 0.562421 0.726827
vn -0.427890 0.574586 0.697683
vn -0.358798 0.742996 0.564997
vn -0.335497 0.742794 0.579395
vn -0.281393 0.835378 0.472188
vn -0.254692 0.822975 0.507784
vn -0.286392 0.726980 0.624083
vn -0.314096 0.739091 0.595893
vn -0.254692 0.822975 0.507784
vn -0.264600 0.805000 0.531000
vn -0.245802 0.727906 0.640105
vn -0.286392 0.726980 0.624083
vn -0.189305 0.565514 0.802719
vn -0.280016 0.547531 0.788544
vn -0.286392 0.726980 0.624083
vn -0.245802 0.727906 0.640105
vn -0.280016 0.547531 0.788544
vn -0.346378 0.552064 0.758451
vn -0.314096 0.739091 0.595893
vn -0.286392 0.726980 0.624083
vn -0.277211 0.832134 0.480320
vn -0.052002 0.853425 0.518615
vn -0.179393 0.859466 0.478681
vn -0.270799 0.858797 0.434898
vn -0.052002 0.853425 0.518615
vn -0.292089 0.714473 0.635776
vn -0.257382 0.808543 0.529163
vn -0.179393 0.859466 0.478681
vn -0.264600 0.805000 0.531000
vn -0.254692 0.822975 0.507784
vn -0.179393 0.859466 0.478681
vn -0.257382 0.808543 0.529163
vn -0.254692 0.822975 0.507784
vn -0.281393 0.835378 0.472188
vn -0.270799 0.858797 0.434898
vn -0.179393 0.859466 0.478681
vn 0.328199 0.024200 -0.944299
vn 0.348603 0.206202 -0.914307
vn 0.454016 0.167906 -0.875030
vn 0.416478 -0.029998 -0.908651
vn 0.348603 0.206202 -0.914307
vn 0.379200 0.420400 -0.824300
vn 0.504800 0.391800 -0.769201
vn 0.454016 0.167906 -0.875030
vn 0.625413 0.358207 -0.693214
vn 0.554377 0.125395 -0.822765
vn 0.454016 0.167906 -0.875030
vn 0.504800 0.391800 -0.769201
vn 0.554377 0.125395 -0.822765
vn 0.497891 -0.087798 -0.862784
vn 0.416478 -0.029998 -0.908651
vn 0.454016 0.167906 -0.875030
vn 0.497891 -0.087798 -0.862784
vn 0.554377 0.125395 -0.822765
vn 0.647115 0.083402 -0.757817
vn 0.573397 -0.143599 -0.806595
vn 0.554377 0.125395 -0.822765
vn 0.625413 0.358207 -0.693214
vn 0.728811 0.326405 -0.601909
vn 0.647115 0.083402 -0.757817
vn 0.806993 0.296397 -0.510795
vn 0.731158 0.044397 -0.680761
vn 0.647115 0.083402 -0.757817
vn 0.728811 0.326405 -0.601909
vn 0.731158 0.044397 -0.680761
vn 0.645316 -0.191905 -0.739419
vn 0.573397 -0.143599 -0.806595
vn 0.647115 0.083402 -0.757817
vn 0.625413 0.358207 -0.693214
vn 0.674594 0.527795 -0.516096
vn 0.775209 0.488105 -0.401004
vn 0.728811 0.326405 -0.601909
vn 0.674594 0.527795 -0.516096
vn 0.698097 0.630397 -0.339499
vn 0.788220 0.576014 -0.216605
vn 0.775209 0.488105 -0.401004
vn 0.822963 0.549175 -0.145393
vn 0.830391 0.459595 -0.314997
vn 0.775209 0.488105 -0.401004
vn 0.788220 0.576014 -0.216605
vn 0.830391 0.459595 -0.314997
vn 0.806993 0.296397 -0.510795
vn 0.728811 0.326405 -0.601909
vn 0.775209 0.488105 -0.401004
vn 0.379200 0.420400 -0.824300
vn 0.400697 0.594795 -0.696894
vn 0.539198 0.567898 -0.621898
vn 0.504800 0.391800 -0.769201
vn 0.400697 0.594795 -0.696894
vn 0.422994 0.713790 -0.558193
vn 0.560214 0.684217 -0.466912
vn 0.539198 0.567898 -0.621898
vn 0.698097 0.630397 -0.339499
vn 0.674594 0.527795 -0.516096
vn 0.539198 0.567898 -0.621898
vn 0.560214 0.684217 -0.466912
vn 0.674594 0.527795 -0.516096
vn 0.625413 0.358207 -0.693214
vn 0.504800 0.391800 -0.769201
vn 0.539198 0.567898 -0.621898
vn -0.482491 0.226596 -0.846084
vn -0.554292 0.322295 -0.767389
vn -0.422603 0.328703 -0.844607
vn -0.389176 0.197488 -0.899745
vn -0.554292 0.322295 -0.767389
vn -0.623182 0.434487 -0.650281
vn -0.497904 0.453504 -0.739206
vn -0.422603 0.328703 -0.844607
vn -0.387102 0.448502 -0.805604
vn -0.327805 0.300404 -0.895713
vn -0.422603 0.328703 -0.844607
vn -0.497904 0.453504 -0.739206
vn -0.327805 0.300404 -0.895713
vn -0.299899 0.178100 -0.937198
vn -0.389176 0.197488 -0.899745
vn -0.422603 0.328703 -0.844607
vn -0.299899 0.178100 -0.937198
vn -0.327805 0.300404 -0.895713
vn -0.243588 0.285986 -0.926756
vn -0.230500 0.167200 -0.958600
vn -0.327805 0.300404 -0.895713
vn -0.387102 0.448502 -0.805604
vn -0.281491 0.443786 -0.850774
vn -0.243588 0.285986 -0.926756
vn -0.159000 0.445201 -0.881201
vn -0.135202 0.278704 -0.950813
vn -0.243588 0.285986 -0.926756
vn -0.281491 0.443786 -0.850774
vn -0.135202 0.278704 -0.950813
vn -0.127800 0.151900 -0.980099
vn -0.230500 0.167200 -0.958600
vn -0.243588 0.285986 -0.926756
vn -0.387102 0.448502 -0.805604
vn -0.452479 0.565473 -0.689567
vn -0.333985 0.575275 -0.746668
vn -0.281491 0.443786 -0.850774
vn -0.452479 0.565473 -0.689567
vn -0.525285 0.652082 -0.546685
vn -0.409187 0.670579 -0.618781
vn -0.333985 0.575275 -0.746668
vn -0.247303 0.691909 -0.678309
vn -0.192595 0.586685 -0.786580
vn -0.333985 0.575275 -0.746668
vn -0.409187 0.670579 -0.618781
vn -0.192595 0.586685 -0.786580
vn -0.159000 0.445201 -0.881201
vn -0.281491 0.443786 -0.850774
vn -0.333985 0.575275 -0.746668
vn -0.623182 0.434487 -0.650281
vn -0.674296 0.510697 -0.533397
vn -0.563882 0.547283 -0.618481
vn -0.497904 0.453504 -0.739206
vn -0.674296 0.510697 -0.533397
vn -0.710684 0.579287 -0.399191
vn -0.620774 0.623574 -0.475180
vn -0.563882 0.547283 -0.618481
vn -0.525285 0.652082 -0.546685
vn -0.452479 0.565473 -0.689567
vn -0.563882 0.547283 -0.618481
vn -0.620774 0.623574 -0.475180
vn -0.452479 0.565473 -0.689567
vn -0.387102 0.448502 -0.805604
vn -0.497904 0.453504 -0.739206
vn -0.563882 0.547283 -0.618481
vn 0.905693 -0.210298 -0.368097
vn 0.959809 -0.042600 -0.277403
vn 0.974249 -0.123706 -0.188509
vn 0.889696 -0.315399 -0.330098
vn 0.959809 -0.042600 -0.277403
vn 0.974308 0.167101 -0.151001
vn 0.992015 0.102202 -0.073901
vn 0.974249 -0.123706 -0.188509
vn 0.998376 0.048799 -0.029399
vn 0.968901 -0.192000 -0.156100
vn 0.974249 -0.123706 -0.188509
vn 0.992015 0.102202 -0.073901
vn 0.968901 -0.192000 -0.156100
vn 0.874702 -0.387801 -0.290701
vn 0.889696 -0.315399 -0.330098
vn 0.974249 -0.123706 -0.188509
vn 0.874702 -0.387801 -0.290701
vn 0.968901 -0.192000 -0.156100
vn 0.963549 -0.225912 -0.143307
vn 0.865032 -0.417115 -0.278810
vn 0.968901 -0.192000 -0.156100
vn 0.998376 0.048799 -0.029399
vn 0.999877 0.014500 -0.006000
vn 0.963549 -0.225912 -0.143307
vn 0.999961 -0.007600 0.004600
vn 0.959524 -0.244706 -0.139403
vn 0.963549 -0.225912 -0.143307
vn 0.999877 0.014500 -0.006000
vn 0.959524 -0.244706 -0.139403
vn 0.857488 -0.433894 -0.276496
vn 0.865032 -0.417115 -0.278810
vn 0.963549 -0.225912 -0.143307
vn 0.998376 0.048799 -0.029399
vn 0.972714 0.222003 0.067401
vn 0.976702 0.193400 0.093000
vn 0.999877 0.014500 -0.006000
vn 0.972714 0.222003 0.067401
vn 0.922830 0.362212 0.131104
vn 0.931801 0.331201 0.148500
vn 0.976702 0.193400 0.093000
vn 0.940118 0.303106 0.155903
vn 0.979473 0.172495 0.104297
vn 0.976702 0.193400 0.093000
vn 0.931801 0.331201 0.148500
vn 0.979473 0.172495 0.104297
vn 0.999961 -0.007600 0.004600
vn 0.999877 0.014500 -0.006000
vn 0.976702 0.193400 0.093000
vn 0.974308 0.167101 -0.151001
vn 0.948581 0.312594 -0.049799
vn 0.965161 0.260789 0.021299
vn 0.992015 0.102202 -0.073901
vn 0.948581 0.312594 -0.049799
vn 0.894876 0.444788 0.036899
vn 0.912410 0.398004 0.095401
vn 0.965161 0.260789 0.021299
vn 0.922830 0.362212 0.131104
vn 0.972714 0.222003 0.067401
vn 0.965161 0.260789 0.021299
vn 0.912410 0.398004 0.095401
vn 0.972714 0.222003 0.067401
vn 0.998376 0.048799 -0.029399
vn 0.992015 0.102202 -0.073901
vn 0.965161 0.260789 0.021299
vn -0.797892 -0.272297 -0.537795
vn -0.930301 -0.071800 -0.359700
vn -0.916531 -0.019001 -0.399513
vn -0.791850 -0.222186 -0.568864
vn -0.930301 -0.071800 -0.359700
vn -0.976119 0.088702 -0.198304
vn -0.960185 0.133698 -0.245296
vn -0.916531 -0.019001 -0.399513
vn -0.936382 0.180197 -0.301194
vn -0.891539 0.049602 -0.450220
vn -0.916531 -0.019001 -0.399513
vn -0.960185 0.133698 -0.245296
vn -0.891539 0.049602 -0.450220
vn -0.776999 -0.141900 -0.613300
vn -0.791850 -0.222186 -0.568864
vn -0.916531 -0.019001 -0.399513
vn -0.776999 -0.141900 -0.613300
vn -0.891539 0.049602 -0.450220
vn -0.860936 0.108904 -0.496920
vn -0.760825 -0.052602 -0.646821
vn -0.891539 0.049602 -0.450220
vn -0.936382 0.180197 -0.301194
vn -0.909020 0.215505 -0.356708
vn -0.860936 0.108904 -0.496920
vn -0.890164 0.232791 -0.391684
vn -0.842178 0.133597 -0.522387
vn -0.860936 0.108904 -0.496920
vn -0.909020 0.215505 -0.356708
vn -0.842178 0.133597 -0.522387
vn -0.748373 -0.001700 -0.663276
vn -0.760825 -0.052602 -0.646821
vn -0.860936 0.108904 -0.496920
vn -0.936382 0.180197 -0.301194
vn -0.951324 0.237006 -0.197005
vn -0.931561 0.268289 -0.245390
vn -0.909020 0.215505 -0.356708
vn -0.951324 0.237006 -0.197005
vn -0.947811 0.266903 -0.174402
vn -0.928843 0.316481 -0.192588
vn -0.931561 0.268289 -0.245390
vn -0.902426 0.372611 -0.216306
vn -0.909876 0.299792 -0.286792
vn -0.931561 0.268289 -0.245390
vn -0.928843 0.316481 -0.192588
vn -0.909876 0.299792 -0.286792
vn -0.890164 0.232791 -0.391684
vn -0.909020 0.215505 -0.356708
vn -0.931561 0.268289 -0.245390
vn -0.976119 0.088702 -0.198304
vn -0.979836 0.164706 -0.113104
vn -0.967308 0.202102 -0.153201
vn -0.960185 0.133698 -0.245296
vn -0.979836 0.164706 -0.113104
vn -0.977549 0.168591 -0.126393
vn -0.963357 0.218113 -0.156109
vn -0.967308 0.202102 -0.153201
vn -0.947811 0.266903 -0.174402
vn -0.951324 0.237006 -0.197005
vn -0.967308 0.202102 -0.153201
vn -0.963357 0.218113 -0.156109
vn -0.951324 0.237006 -0.197005
vn -0.936382 0.180197 -0.301194
vn -0.960185 0.133698 -0.245296
vn -0.967308 0.202102 -0.153201
vn 0.805493 -0.559395 -0.195598
vn 0.911831 -0.408014 -0.045702
vn 0.894182 -0.447691 -0.003300
vn 0.796759 -0.584870 -0.151992
vn 0.911831 -0.408014 -0.045702
vn 0.973610 -0.201102 0.107901
vn 0.955722 -0.258506 0.140603
vn 0.894182 -0.447691 -0.003300
vn 0.940320 -0.304006 0.152903
vn 0.879995 -0.474197 0.027300
vn 0.894182 -0.447691 -0.003300
vn 0.955722 -0.258506 0.140603
vn 0.879995 -0.474197 0.027300
vn 0.791615 -0.600611 -0.112302
vn 0.796759 -0.584870 -0.151992
vn 0.894182 -0.447691 -0.003300
vn 0.791615 -0.600611 -0.112302
vn 0.879995 -0.474197 0.027300
vn 0.872969 -0.486583 0.034099
vn 0.790424 -0.606118 -0.088603
vn 0.879995 -0.474197 0.027300
vn 0.940320 -0.304006 0.152903
vn 0.933074 -0.333391 0.134996
vn 0.872969 -0.486583 0.034099
vn 0.937240 -0.338414 0.084004
vn 0.874596 -0.484798 0.007300
vn 0.872969 -0.486583 0.034099
vn 0.933074 -0.333391 0.134996
vn 0.874596 -0.484798 0.007300
vn 0.792475 -0.602881 -0.092297
vn 0.790424 -0.606118 -0.088603
vn 0.872969 -0.486583 0.034099
vn 0.940320 -0.304006 0.152903
vn 0.967320 -0.141503 0.210404
vn 0.968215 -0.178703 0.175003
vn 0.933074 -0.333391 0.134996
vn 0.967320 -0.141503 0.210404
vn 0.978480 -0.024399 0.204896
vn 0.984542 -0.063303 0.163307
vn 0.968215 -0.178703 0.175003
vn 0.991649 -0.075704 0.104405
vn 0.975410 -0.188202 0.114701
vn 0.968215 -0.178703 0.175003
vn 0.984542 -0.063303 0.163307
vn 0.975410 -0.188202 0.114701
vn 0.937240 -0.338414 0.084004
vn 0.933074 -0.333391 0.134996
vn 0.968215 -0.178703 0.175003
vn 0.973610 -0.201102 0.107901
vn 0.979694 -0.021900 0.199299
vn 0.972112 -0.087701 0.217503
vn 0.955722 -0.258506 0.140603
vn 0.979694 -0.021900 0.199299
vn 0.969671 0.102697 0.221793
vn 0.973726 0.032401 0.225406
vn 0.972112 -0.087701 0.217503
vn 0.978480 -0.024399 0.204896
vn 0.967320 -0.141503 0.210404
vn 0.972112 -0.087701 0.217503
vn 0.973726 0.032401 0.225406
vn 0.967320 -0.141503 0.210404
vn 0.940320 -0.304006 0.152903
vn 0.955722 -0.258506 0.140603
vn 0.972112 -0.087701 0.217503
vn -0.725994 -0.362997 -0.584095
vn -0.899116 -0.151903 -0.410507
vn -0.899168 -0.185193 -0.396486
vn -0.726027 -0.411815 -0.550721
vn -0.899116 -0.151903 -0.410507
vn -0.962728 -0.009400 -0.270308
vn -0.961721 -0.027901 -0.272606
vn -0.899168 -0.185193 -0.396486
vn -0.966292 -0.028200 -0.255898
vn -0.907418 -0.191404 -0.374108
vn -0.899168 -0.185193 -0.396486
vn -0.961721 -0.027901 -0.272606
vn -0.907418 -0.191404 -0.374108
vn -0.736037 -0.421221 -0.529927
vn -0.726027 -0.411815 -0.550721
vn -0.899168 -0.185193 -0.396486
vn -0.736037 -0.421221 -0.529927
vn -0.907418 -0.191404 -0.374108
vn -0.920723 -0.171704 -0.350409
vn -0.752713 -0.398807 -0.523809
vn -0.907418 -0.191404 -0.374108
vn -0.966292 -0.028200 -0.255898
vn -0.974095 -0.008000 -0.225999
vn -0.920723 -0.171704 -0.350409
vn -0.979049 0.024801 -0.202110
vn -0.930737 -0.137105 -0.339014
vn -0.920723 -0.171704 -0.350409
vn -0.974095 -0.008000 -0.225999
vn -0.930737 -0.137105 -0.339014
vn -0.768488 -0.361894 -0.527692
vn -0.752713 -0.398807 -0.523809
vn -0.920723 -0.171704 -0.350409
vn -0.966292 -0.028200 -0.255898
vn -0.979217 0.070401 -0.190203
vn -0.981575 0.090298 -0.168396
vn -0.974095 -0.008000 -0.225999
vn -0.979217 0.070401 -0.190203
vn -0.980190 0.108499 -0.165698
vn -0.978663 0.121095 -0.165994
vn -0.981575 0.090298 -0.168396
vn -0.978094 0.136799 -0.156899
vn -0.982747 0.116806 -0.143407
vn -0.981575 0.090298 -0.168396
vn -0.978663 0.121095 -0.165994
vn -0.982747 0.116806 -0.143407
vn -0.979049 0.024801 -0.202110
vn -0.974095 -0.008000 -0.225999
vn -0.981575 0.090298 -0.168396
vn -0.962728 -0.009400 -0.270308
vn -0.981718 0.071501 -0.176403
vn -0.978886 0.064699 -0.193897
vn -0.961721 -0.027901 -0.272606
vn -0.981718 0.071501 -0.176403
vn -0.987601 0.107400 -0.114500
vn -0.983263 0.103996 -0.149594
vn -0.978886 0.064699 -0.193897
vn -0.980190 0.108499 -0.165698
vn -0.979217 0.070401 -0.190203
vn -0.978886 0.064699 -0.193897
vn -0.983263 0.103996 -0.149594
vn -0.979217 0.070401 -0.190203
vn -0.966292 -0.028200 -0.255898
vn -0.961721 -0.027901 -0.272606
vn -0.978886 0.064699 -0.193897
vn 0.762806 -0.481504 -0.431603
vn 0.852773 -0.365388 -0.373188
vn 0.834424 -0.317309 -0.450613
vn 0.741209 -0.419805 -0.523806
vn 0.852773 -0.365388 -0.373188
vn 0.941419 -0.204704 -0.268005
vn 0.930320 -0.167804 -0.326107
vn 0.834424 -0.317309 -0.450613
vn 0.921108 -0.141701 -0.362603
vn 0.824043 -0.277115 -0.494126
vn 0.834424 -0.317309 -0.450613
vn 0.930320 -0.167804 -0.326107
vn 0.824043 -0.277115 -0.494126
vn 0.730808 -0.361004 -0.579306
vn 0.741209 -0.419805 -0.523806
vn 0.834424 -0.317309 -0.450613
vn 0.730808 -0.361004 -0.579306
vn 0.824043 -0.277115 -0.494126
vn 0.826287 -0.245996 -0.506692
vn 0.739196 -0.317798 -0.593796
vn 0.824043 -0.277115 -0.494126
vn 0.921108 -0.141701 -0.362603
vn 0.915621 -0.124103 -0.382409
vn 0.826287 -0.245996 -0.506692
vn 0.913190 -0.115599 -0.390796
vn 0.830813 -0.236704 -0.503708
vn 0.826287 -0.245996 -0.506692
vn 0.915621 -0.124103 -0.382409
vn 0.830813 -0.236704 -0.503708
vn 0.746124 -0.316410 -0.585819
vn 0.739196 -0.317798 -0.593796
vn 0.826287 -0.245996 -0.506692
vn 0.921108 -0.141701 -0.362603
vn 0.974101 0.002600 -0.226100
vn 0.969057 0.023799 -0.245689
vn 0.915621 -0.124103 -0.382409
vn 0.974101 0.002600 -0.226100
vn 0.987208 0.099101 -0.124901
vn 0.982442 0.142006 -0.121005
vn 0.969057 0.023799 -0.245689
vn 0.977439 0.182107 -0.107004
vn 0.966090 0.037300 -0.255497
vn 0.969057 0.023799 -0.245689
vn 0.982442 0.142006 -0.121005
vn 0.966090 0.037300 -0.255497
vn 0.913190 -0.115599 -0.390796
vn 0.915621 -0.124103 -0.382409
vn 0.969057 0.023799 -0.245689
vn 0.941419 -0.204704 -0.268005
vn 0.984923 -0.061201 -0.161804
vn 0.979576 -0.026699 -0.199295
vn 0.930320 -0.167804 -0.326107
vn 0.984923 -0.061201 -0.161804
vn 0.995354 0.023799 -0.093296
vn 0.991642 0.060403 -0.114005
vn 0.979576 -0.026699 -0.199295
vn 0.987208 0.099101 -0.124901
vn 0.974101 0.002600 -0.226100
vn 0.979576 -0.026699 -0.199295
vn 0.991642 0.060403 -0.114005
vn 0.974101 0.002600 -0.226100
vn 0.921108 -0.141701 -0.362603
vn 0.930320 -0.167804 -0.326107
vn 0.979576 -0.026699 -0.199295
vn -0.708914 -0.703714 -0.047201
vn -0.943970 -0.328990 -0.026199
vn -0.945064 -0.319988 -0.066797
vn -0.786805 -0.605304 -0.120601
vn -0.943970 -0.328990 -0.026199
vn -0.990087 -0.140398 0.003900
vn -0.991719 -0.122002 -0.040101
vn -0.945064 -0.319988 -0.066797
vn -0.993037 -0.080403 -0.086103
vn -0.949770 -0.284991 -0.129296
vn -0.945064 -0.319988 -0.066797
vn -0.991719 -0.122002 -0.040101
vn -0.949770 -0.284991 -0.129296
vn -0.812729 -0.547820 -0.198407
vn -0.786805 -0.605304 -0.120601
vn -0.945064 -0.319988 -0.066797
vn -0.812729 -0.547820 -0.198407
vn -0.949770 -0.284991 -0.129296
vn -0.947838 -0.252910 -0.194008
vn -0.819802 -0.496401 -0.285501
vn -0.949770 -0.284991 -0.129296
vn -0.993037 -0.080403 -0.086103
vn -0.991318 -0.041701 -0.124702
vn -0.947838 -0.252910 -0.194008
vn -0.988013 -0.004600 -0.154302
vn -0.944431 -0.204807 -0.257108
vn -0.947838 -0.252910 -0.194008
vn -0.991318 -0.041701 -0.124702
vn -0.944431 -0.204807 -0.257108
vn -0.814797 -0.435398 -0.382798
vn -0.819802 -0.496401 -0.285501
vn -0.947838 -0.252910 -0.194008
vn -0.993037 -0.080403 -0.086103
vn -0.995094 0.075700 -0.063700
vn -0.990343 0.113505 -0.079603
vn -0.991318 -0.041701 -0.124702
vn -0.995094 0.075700 -0.063700
vn -0.966025 0.257907 -0.016700
vn -0.962932 0.269209 -0.017001
vn -0.990343 0.113505 -0.079603
vn -0.966170 0.257892 -0.002800
vn -0.987507 0.134801 -0.081601
vn -0.990343 0.113505 -0.079603
vn -0.962932 0.269209 -0.017001
vn -0.987507 0.134801 -0.081601
vn -0.988013 -0.004600 -0.154302
vn -0.991318 -0.041701 -0.124702
vn -0.990343 0.113505 -0.079603
vn -0.990087 -0.140398 0.003900
vn -0.999076 0.005000 0.042699
vn -0.999175 0.031199 -0.025999
vn -0.991719 -0.122002 -0.040101
vn -0.999076 0.005000 0.042699
vn -0.968868 0.220493 0.112596
vn -0.971061 0.238190 0.017499
vn -0.999175 0.031199 -0.025999
vn -0.966025 0.257907 -0.016700
vn -0.995094 0.075700 -0.063700
vn -0.999175 0.031199 -0.025999
vn -0.971061 0.238190 0.017499
vn -0.995094 0.075700 -0.063700
vn -0.993037 -0.080403 -0.086103
vn -0.991719 -0.122002 -0.040101
vn -0.999175 0.031199 -0.025999
vn 0.704704 -0.672004 -0.227601
vn 0.850302 -0.490101 -0.191800
vn 0.878522 -0.469712 -0.087002
vn 0.708787 -0.692887 -0.132398
vn 0.850302 -0.490101 -0.191800
vn 0.946605 -0.293502 -0.133401
vn 0.969829 -0.242807 -0.021801
vn 0.878522 -0.469712 -0.087002
vn 0.984311 -0.155702 0.083001
vn 0.905184 -0.424392 0.023100
vn 0.878522 -0.469712 -0.087002
vn 0.969829 -0.242807 -0.021801
vn 0.905184 -0.424392 0.023100
vn 0.715096 -0.698696 -0.021500
vn 0.708787 -0.692887 -0.132398
vn 0.878522 -0.469712 -0.087002
vn 0.715096 -0.698696 -0.021500
vn 0.905184 -0.424392 0.023100
vn 0.919963 -0.375785 0.111596
vn 0.722204 -0.687504 0.075900
vn 0.905184 -0.424392 0.023100
vn 0.984311 -0.155702 0.083001
vn 0.985711 -0.065001 0.155402
vn 0.919963 -0.375785 0.111596
vn 0.984617 -0.002800 0.174703
vn 0.928398 -0.339299 0.151500
vn 0.919963 -0.375785 0.111596
vn 0.985711 -0.065001 0.155402
vn 0.928398 -0.339299 0.151500
vn 0.732810 -0.668609 0.126302
vn 0.722204 -0.687504 0.075900
vn 0.919963 -0.375785 0.111596
vn 0.984311 -0.155702 0.083001
vn 0.986215 0.096801 0.134202
vn 0.960266 0.197793 0.196893
vn 0.985711 -0.065001 0.155402
vn 0.986215 0.096801 0.134202
vn 0.930432 0.340212 0.136205
vn 0.877738 0.432019 0.207209
vn 0.960266 0.197793 0.196893
vn 0.761776 0.586581 0.274991
vn 0.934470 0.286791 0.210993
vn 0.960266 0.197793 0.196893
vn 0.877738 0.432019 0.207209
vn 0.934470 0.286791 0.210993
vn 0.984617 -0.002800 0.174703
vn 0.985711 -0.065001 0.155402
vn 0.960266 0.197793 0.196893
vn 0.946605 -0.293502 -0.133401
vn 0.995426 -0.066902 -0.068202
vn 0.999297 -0.012600 0.035300
vn 0.969829 -0.242807 -0.021801
vn 0.995426 -0.066902 -0.068202
vn 0.994564 0.101396 -0.023699
vn 0.976332 0.211107 0.047002
vn 0.999297 -0.012600 0.035300
vn 0.930432 0.340212 0.136205
vn 0.986215 0.096801 0.134202
vn 0.999297 -0.012600 0.035300
vn 0.976332 0.211107 0.047002
vn 0.986215 0.096801 0.134202
vn 0.984311 -0.155702 0.083001
vn 0.969829 -0.242807 -0.021801
vn 0.999297 -0.012600 0.035300
vn 0.543187 -0.566186 0.619985
vn 0.584995 -0.301798 0.752794
vn 0.199707 -0.284210 0.937732
vn 0.308503 -0.648706 0.695706
vn 0.584995 -0.301798 0.752794
vn 0.531614 0.116603 0.838922
vn 0.056398 0.174895 0.982971
vn 0.199707 -0.284210 0.937732
vn -0.282094 0.256795 0.924381
vn -0.088703 -0.292210 0.952232
vn 0.199707 -0.284210 0.937732
vn 0.056398 0.174895 0.982971
vn -0.088703 -0.292210 0.952232
vn 0.036701 -0.711811 0.701411
vn 0.308503 -0.648706 0.695706
vn 0.199707 -0.284210 0.937732
vn 0.036701 -0.711811 0.701411
vn -0.088703 -0.292210 0.952232
vn -0.417696 -0.259998 0.870592
vn -0.291902 -0.723905 0.625104
vn -0.088703 -0.292210 0.952232
vn -0.282094 0.256795 0.924381
vn -0.549093 0.295996 0.781590
vn -0.417696 -0.259998 0.870592
vn -0.783134 0.282612 0.553924
vn -0.757674 -0.260291 0.598480
vn -0.417696 -0.259998 0.870592
vn -0.549093 0.295996 0.781590
vn -0.757674 -0.260291 0.598480
vn -0.571774 -0.669570 0.474079
vn -0.291902 -0.723905 0.625104
vn -0.417696 -0.259998 0.870592
vn -0.282094 0.256795 0.924381
vn -0.437407 0.663211 0.607310
vn -0.530132 0.664940 0.526132
vn -0.549093 0.295996 0.781590
vn -0.437407 0.663211 0.607310
vn -0.505507 0.749010 0.428306
vn -0.497010 0.750716 0.435209
vn -0.530132 0.664940 0.526132
vn -0.516083 0.725076 0.455985
vn -0.635592 0.612093 0.470494
vn -0.530132 0.664940 0.526132
vn -0.497010 0.750716 0.435209
vn -0.635592 0.612093 0.470494
vn -0.783134 0.282612 0.553924
vn -0.549093 0.295996 0.781590
vn -0.530132 0.664940 0.526132
vn 0.531614 0.116603 0.838922
vn 0.252405 0.579212 0.775116
vn -0.218513 0.590035 0.777246
vn 0.056398 0.174895 0.982971
vn 0.252405 0.579212 0.775116
vn -0.190490 0.772659 0.605568
vn -0.408592 0.750386 0.519590
vn -0.218513 0.590035 0.777246
vn -0.505507 0.749010 0.428306
vn -0.437407 0.663211 0.607310
vn -0.218513 0.590035 0.777246
vn -0.408592 0.750386 0.519590
vn -0.437407 0.663211 0.607310
vn -0.282094 0.256795 0.924381
vn 0.056398 0.174895 0.982971
vn -0.218513 0.590035 0.777246
vn -0.934402 0.223601 0.277301
vn -0.896792 0.238298 0.372797
vn -0.918151 0.256286 0.302184
vn -0.953131 0.227107 0.199907
vn -0.896792 0.238298 0.372797
vn -0.852823 0.247707 0.459712
vn -0.876289 0.274996 0.395595
vn -0.918151 0.256286 0.302184
vn -0.903919 0.276506 0.326307
vn -0.935021 0.261206 0.239805
vn -0.918151 0.256286 0.302184
vn -0.876289 0.274996 0.395595
vn -0.935021 0.261206 0.239805
vn -0.966457 0.218490 0.134994
vn -0.953131 0.227107 0.199907
vn -0.918151 0.256286 0.302184
vn -0.966457 0.218490 0.134994
vn -0.935021 0.261206 0.239805
vn -0.950681 0.242495 0.193396
vn -0.975107 0.204502 0.085701
vn -0.935021 0.261206 0.239805
vn -0.903919 0.276506 0.326307
vn -0.938986 0.227697 0.257796
vn -0.950681 0.242495 0.193396
vn -0.973856 0.126907 0.188411
vn -0.972174 0.183995 0.144996
vn -0.950681 0.242495 0.193396
vn -0.938986 0.227697 0.257796
vn -0.972174 0.183995 0.144996
vn -0.983025 0.180005 0.035501
vn -0.975107 0.204502 0.085701
vn -0.950681 0.242495 0.193396
vn -0.903919 0.276506 0.326307
vn -0.879602 0.253401 0.402601
vn -0.937742 0.162490 0.306981
vn -0.938986 0.227697 0.257796
vn -0.879602 0.253401 0.402601
vn -0.859032 0.205608 0.468817
vn -0.931364 0.085997 0.353786
vn -0.937742 0.162490 0.306981
vn -0.963617 -0.034101 0.265105
vn -0.974776 0.035799 0.220295
vn -0.937742 0.162490 0.306981
vn -0.931364 0.085997 0.353786
vn -0.974776 0.035799 0.220295
vn -0.973856 0.126907 0.188411
vn -0.938986 0.227697 0.257796
vn -0.937742 0.162490 0.306981
vn -0.852823 0.247707 0.459712
vn -0.806567 0.251490 0.534978
vn -0.833591 0.277197 0.477795
vn -0.876289 0.274996 0.395595
vn -0.806567 0.251490 0.534978
vn -0.762293 0.248098 0.597794
vn -0.795968 0.263089 0.545178
vn -0.833591 0.277197 0.477795
vn -0.859032 0.205608 0.468817
vn -0.879602 0.253401 0.402601
vn -0.833591 0.277197 0.477795
vn -0.795968 0.263089 0.545178
vn -0.879602 0.253401 0.402601
vn -0.903919 0.276506 0.326307
vn -0.876289 0.274996 0.395595
vn -0.833591 0.277197 0.477795
vn -0.518323 0.215310 0.827637
vn -0.415909 0.227005 0.880618
vn -0.414088 0.218694 0.883575
vn -0.546883 0.201194 0.812675
vn -0.415909 0.227005 0.880618
vn -0.297817 0.248715 0.921654
vn -0.279604 0.244304 0.928514
vn -0.414088 0.218694 0.883575
vn -0.268705 0.161903 0.949518
vn -0.428680 0.127194 0.894458
vn -0.414088 0.218694 0.883575
vn -0.279604 0.244304 0.928514
vn -0.428680 0.127194 0.894458
vn -0.595667 0.097795 0.797256
vn -0.546883 0.201194 0.812675
vn -0.414088 0.218694 0.883575
vn -0.595667 0.097795 0.797256
vn -0.428680 0.127194 0.894458
vn -0.465800 0.045900 0.883699
vn -0.656556 0.006400 0.754250
vn -0.428680 0.127194 0.894458
vn -0.268705 0.161903 0.949518
vn -0.277196 0.086799 0.956885
vn -0.465800 0.045900 0.883699
vn -0.226506 0.073602 0.971225
vn -0.430877 0.043698 0.901352
vn -0.465800 0.045900 0.883699
vn -0.277196 0.086799 0.956885
vn -0.430877 0.043698 0.901352
vn -0.655386 0.003800 0.755284
vn -0.656556 0.006400 0.754250
vn -0.465800 0.045900 0.883699
vn -0.268705 0.161903 0.949518
vn -0.098000 0.200900 0.974698
vn -0.086399 0.128099 0.987991
vn -0.277196 0.086799 0.956885
vn -0.098000 0.200900 0.974698
vn 0.121096 0.255991 0.959065
vn 0.148100 0.183500 0.971799
vn -0.086399 0.128099 0.987991
vn 0.198505 0.128603 0.971626
vn -0.034999 0.097096 0.994660
vn -0.086399 0.128099 0.987991
vn 0.148100 0.183500 0.971799
vn -0.034999 0.097096 0.994660
vn -0.226506 0.073602 0.971225
vn -0.277196 0.086799 0.956885
vn -0.086399 0.128099 0.987991
vn -0.297817 0.248715 0.921654
vn -0.157498 0.274896 0.948487
vn -0.128304 0.274009 0.953130
vn -0.279604 0.244304 0.928514
vn -0.157498 0.274896 0.948487
vn 0.030000 0.305596 0.951688
vn 0.071502 0.315808 0.946125
vn -0.128304 0.274009 0.953130
vn 0.121096 0.255991 0.959065
vn -0.098000 0.200900 0.974698
vn -0.128304 0.274009 0.953130
vn 0.071502 0.315808 0.946125
vn -0.098000 0.200900 0.974698
vn -0.268705 0.161903 0.949518
vn -0.279604 0.244304 0.928514
vn -0.128304 0.274009 0.953130
vn -0.098195 -0.350884 -0.931256
vn -0.090902 -0.372610 -0.923525
vn -0.282290 -0.371286 -0.884567
vn -0.281105 -0.350407 -0.893417
vn -0.090902 -0.372610 -0.923525
vn -0.084198 -0.429191 -0.899281
vn -0.281711 -0.425617 -0.859935
vn -0.282290 -0.371286 -0.884567
vn -0.431588 -0.413188 -0.801877
vn -0.438478 -0.363482 -0.821960
vn -0.282290 -0.371286 -0.884567
vn -0.281711 -0.425617 -0.859935
vn -0.438478 -0.363482 -0.821960
vn -0.439498 -0.344399 -0.829597
vn -0.281105 -0.350407 -0.893417
vn -0.282290 -0.371286 -0.884567
vn 0.265806 -0.354908 -0.896319
vn 0.270704 -0.372405 -0.887713
vn 0.097000 -0.374600 -0.922099
vn 0.082801 -0.354702 -0.931306
vn 0.270704 -0.372405 -0.887713
vn 0.265993 -0.417490 -0.868879
vn 0.108106 -0.426622 -0.897946
vn 0.097000 -0.374600 -0.922099
vn -0.084198 -0.429191 -0.899281
vn -0.090902 -0.372610 -0.923525
vn 0.097000 -0.374600 -0.922099
vn 0.108106 -0.426622 -0.897946
vn -0.090902 -0.372610 -0.923525
vn -0.098195 -0.350884 -0.931256
vn 0.082801 -0.354702 -0.931306
vn 0.097000 -0.374600 -0.922099
vn -0.892305 -0.268502 -0.362902
vn -0.891888 -0.270296 -0.362595
vn -0.927144 -0.251112 -0.278113
vn -0.930776 -0.247694 -0.268893
vn -0.891888 -0.270296 -0.362595
vn -0.887543 -0.268613 -0.374318
vn -0.922864 -0.249490 -0.293389
vn -0.927144 -0.251112 -0.278113
vn -0.945672 -0.234793 -0.224893
vn -0.950364 -0.231491 -0.207892
vn -0.927144 -0.251112 -0.278113
vn -0.922864 -0.249490 -0.293389
vn -0.950364 -0.231491 -0.207892
vn -0.955638 -0.224809 -0.190308
vn -0.930776 -0.247694 -0.268893
vn -0.927144 -0.251112 -0.278113
vn -0.796232 -0.292612 -0.529521
vn -0.799089 -0.298996 -0.521593
vn -0.847118 -0.286106 -0.447810
vn -0.844309 -0.283203 -0.454905
vn -0.799089 -0.298996 -0.521593
vn -0.790191 -0.315196 -0.525594
vn -0.841456 -0.291219 -0.455130
vn -0.847118 -0.286106 -0.447810
vn -0.887543 -0.268613 -0.374318
vn -0.891888 -0.270296 -0.362595
vn -0.847118 -0.286106 -0.447810
vn -0.841456 -0.291219 -0.455130
vn -0.891888 -0.270296 -0.362595
vn -0.892305 -0.268502 -0.362902
vn -0.844309 -0.283203 -0.454905
vn -0.847118 -0.286106 -0.447810
vn 0.971269 -0.161395 -0.174894
vn 0.965424 -0.164404 -0.202305
vn 0.924132 -0.199407 -0.325911
vn 0.932493 -0.195199 -0.303898
vn 0.965424 -0.164404 -0.202305
vn 0.955686 -0.157998 -0.248396
vn 0.908640 -0.198809 -0.367216
vn 0.924132 -0.199407 -0.325911
vn 0.827170 -0.249391 -0.503582
vn 0.855225 -0.238507 -0.460113
vn 0.924132 -0.199407 -0.325911
vn 0.908640 -0.198809 -0.367216
vn 0.855225 -0.238507 -0.460113
vn 0.869856 -0.230715 -0.436028
vn 0.932493 -0.195199 -0.303898
vn 0.924132 -0.199407 -0.325911
vn 0.989906 -0.095301 0.104901
vn 0.993150 -0.096005 0.066603
vn 0.988691 -0.129399 -0.075799
vn 0.990880 -0.127397 -0.043899
vn 0.993150 -0.096005 0.066603
vn 0.996446 -0.083304 0.012501
vn 0.984621 -0.120703 -0.126303
vn 0.988691 -0.129399 -0.075799
vn 0.955686 -0.157998 -0.248396
vn 0.965424 -0.164404 -0.202305
vn 0.988691 -0.129399 -0.075799
vn 0.984621 -0.120703 -0.126303
vn 0.965424 -0.164404 -0.202305
vn 0.971269 -0.161395 -0.174894
vn 0.990880 -0.127397 -0.043899
vn 0.988691 -0.129399 -0.075799
vn -0.945748 -0.098895 0.309483
vn -0.928219 -0.110302 0.355307
vn -0.852190 -0.090799 0.515294
vn -0.886567 -0.083597 0.454983
vn -0.928219 -0.110302 0.355307
vn -0.892904 -0.164801 0.419002
vn -0.801627 -0.146805 0.579519
vn -0.852190 -0.090799 0.515294
vn -0.692486 -0.122898 0.710886
vn -0.747277 -0.072198 0.660579
vn -0.852190 -0.090799 0.515294
vn -0.801627 -0.146805 0.579519
vn -0.747277 -0.072198 0.660579
vn -0.797237 -0.069703 0.599628
vn -0.886567 -0.083597 0.454983
vn -0.852190 -0.090799 0.515294
vn -0.986717 -0.132702 0.093702
vn -0.983921 -0.146403 0.102302
vn -0.968847 -0.129693 0.210988
vn -0.975777 -0.116297 0.185296
vn -0.983921 -0.146403 0.102302
vn -0.974272 -0.183395 0.130996
vn -0.949507 -0.175601 0.260002
vn -0.968847 -0.129693 0.210988
vn -0.892904 -0.164801 0.419002
vn -0.928219 -0.110302 0.355307
vn -0.968847 -0.129693 0.210988
vn -0.949507 -0.175601 0.260002
vn -0.928219 -0.110302 0.355307
vn -0.945748 -0.098895 0.309483
vn -0.975777 -0.116297 0.185296
vn -0.968847 -0.129693 0.210988
vn 0.754133 -0.036102 0.655729
vn 0.771300 -0.024500 0.636000
vn 0.835682 -0.018900 0.548888
vn 0.835088 -0.024000 0.549592
vn 0.771300 -0.024500 0.636000
vn 0.800704 0.008300 0.599003
vn 0.845334 0.004300 0.534221
vn 0.835682 -0.018900 0.548888
vn 0.891245 0.000600 0.453523
vn 0.888222 -0.013700 0.459211
vn 0.835682 -0.018900 0.548888
vn 0.845334 0.004300 0.534221
vn 0.888222 -0.013700 0.459211
vn 0.890262 -0.015599 0.455181
vn 0.835088 -0.024000 0.549592
vn 0.835682 -0.018900 0.548888
vn 0.566182 -0.034099 0.823574
vn 0.630078 -0.009500 0.776473
vn 0.703411 -0.019700 0.710511
vn 0.661094 -0.038900 0.749294
vn 0.630078 -0.009500 0.776473
vn 0.692612 0.026800 0.720812
vn 0.754756 0.017899 0.655762
vn 0.703411 -0.019700 0.710511
vn 0.800704 0.008300 0.599003
vn 0.771300 -0.024500 0.636000
vn 0.703411 -0.019700 0.710511
vn 0.754756 0.017899 0.655762
vn 0.771300 -0.024500 0.636000
vn 0.754133 -0.036102 0.655729
vn 0.661094 -0.038900 0.749294
vn 0.703411 -0.019700 0.710511
vn -0.243192 -0.044298 0.968966
vn -0.200999 -0.031200 0.979095
vn -0.080002 -0.023301 0.996522
vn -0.137403 -0.039701 0.989719
vn -0.200999 -0.031200 0.979095
vn -0.168902 -0.006200 0.985613
vn -0.031899 0.003800 0.999484
vn -0.080002 -0.023301 0.996522
vn 0.130998 0.013800 0.991287
vn 0.062802 -0.013900 0.997929
vn -0.080002 -0.023301 0.996522
vn -0.031899 0.003800 0.999484
vn 0.062802 -0.013900 0.997929
vn -0.014300 -0.034700 0.999296
vn -0.137403 -0.039701 0.989719
vn -0.080002 -0.023301 0.996522
vn -0.412587 -0.051298 0.909472
vn -0.370503 -0.041400 0.927908
vn -0.292604 -0.037101 0.955514
vn -0.327992 -0.047699 0.943476
vn -0.370503 -0.041400 0.927908
vn -0.343609 -0.030301 0.938624
vn -0.269908 -0.017401 0.962729
vn -0.292604 -0.037101 0.955514
vn -0.168902 -0.006200 0.985613
vn -0.200999 -0.031200 0.979095
vn -0.292604 -0.037101 0.955514
vn -0.269908 -0.017401 0.962729
vn -0.200999 -0.031200 0.979095
vn -0.243192 -0.044298 0.968966
vn -0.327992 -0.047699 0.943476
vn -0.292604 -0.037101 0.955514
vn 0.265993 -0.417490 -0.868879
vn 0.238904 -0.462707 -0.853714
vn 0.101595 -0.476178 -0.873460
vn 0.108106 -0.426622 -0.897946
vn 0.238904 -0.462707 -0.853714
vn 0.210292 -0.473781 -0.855166
vn 0.091294 -0.484268 -0.870143
vn 0.101595 -0.476178 -0.873460
vn -0.084301 -0.488806 -0.868310
vn -0.084496 -0.481876 -0.872156
vn 0.101595 -0.476178 -0.873460
vn 0.091294 -0.484268 -0.870143
vn -0.084496 -0.481876 -0.872156
vn -0.084198 -0.429191 -0.899281
vn 0.108106 -0.426622 -0.897946
vn 0.101595 -0.476178 -0.873460
vn -0.084198 -0.429191 -0.899281
vn -0.084496 -0.481876 -0.872156
vn -0.276300 -0.475500 -0.835200
vn -0.281711 -0.425617 -0.859935
vn -0.084496 -0.481876 -0.872156
vn -0.084301 -0.488806 -0.868310
vn -0.265907 -0.479612 -0.836221
vn -0.276300 -0.475500 -0.835200
vn -0.392284 -0.462581 -0.795067
vn -0.413817 -0.459419 -0.785932
vn -0.276300 -0.475500 -0.835200
vn -0.265907 -0.479612 -0.836221
vn -0.413817 -0.459419 -0.785932
vn -0.431588 -0.413188 -0.801877
vn -0.281711 -0.425617 -0.859935
vn -0.276300 -0.475500 -0.835200
vn -0.084301 -0.488806 -0.868310
vn -0.074598 -0.458086 -0.885772
vn -0.248393 -0.446188 -0.859777
vn -0.265907 -0.479612 -0.836221
vn -0.074598 -0.458086 -0.885772
vn -0.053002 -0.376414 -0.924934
vn -0.224995 -0.361592 -0.904781
vn -0.248393 -0.446188 -0.859777
vn -0.359090 -0.343290 -0.867875
vn -0.374710 -0.428612 -0.822122
vn -0.248393 -0.446188 -0.859777
vn -0.224995 -0.361592 -0.904781
vn -0.374710 -0.428612 -0.822122
vn -0.392284 -0.462581 -0.795067
vn -0.265907 -0.479612 -0.836221
vn -0.248393 -0.446188 -0.859777
vn 0.210292 -0.473781 -0.855166
vn 0.204400 -0.453500 -0.867501
vn 0.092797 -0.457084 -0.884569
vn 0.091294 -0.484268 -0.870143
vn 0.204400 -0.453500 -0.867501
vn 0.228702 -0.386904 -0.893309
vn 0.112797 -0.380989 -0.917673
vn 0.092797 -0.457084 -0.884569
vn -0.053002 -0.376414 -0.924934
vn -0.074598 -0.458086 -0.885772
vn 0.092797 -0.457084 -0.884569
vn 0.112797 -0.380989 -0.917673
vn -0.074598 -0.458086 -0.885772
vn -0.084301 -0.488806 -0.868310
vn 0.091294 -0.484268 -0.870143
vn 0.092797 -0.457084 -0.884569
vn -0.790191 -0.315196 -0.525594
vn -0.750403 -0.337701 -0.568202
vn -0.811693 -0.300097 -0.501095
vn -0.841456 -0.291219 -0.455130
vn -0.750403 -0.337701 -0.568202
vn -0.682097 -0.353399 -0.640197
vn -0.754882 -0.308293 -0.578886
vn -0.811693 -0.300097 -0.501095
vn -0.840529 -0.261609 -0.474417
vn -0.872101 -0.265400 -0.411100
vn -0.811693 -0.300097 -0.501095
vn -0.754882 -0.308293 -0.578886
vn -0.872101 -0.265400 -0.411100
vn -0.887543 -0.268613 -0.374318
vn -0.841456 -0.291219 -0.455130
vn -0.811693 -0.300097 -0.501095
vn -0.887543 -0.268613 -0.374318
vn -0.872101 -0.265400 -0.411100
vn -0.918710 -0.240703 -0.313103
vn -0.922864 -0.249490 -0.293389
vn -0.872101 -0.265400 -0.411100
vn -0.840529 -0.261609 -0.474417
vn -0.910530 -0.224607 -0.347111
vn -0.918710 -0.240703 -0.313103
vn -0.952313 -0.203103 -0.227703
vn -0.947041 -0.227110 -0.227010
vn -0.918710 -0.240703 -0.313103
vn -0.910530 -0.224607 -0.347111
vn -0.947041 -0.227110 -0.227010
vn -0.945672 -0.234793 -0.224893
vn -0.922864 -0.249490 -0.293389
vn -0.918710 -0.240703 -0.313103
vn -0.840529 -0.261609 -0.474417
vn -0.787890 -0.256197 -0.559993
vn -0.891319 -0.207104 -0.403309
vn -0.910530 -0.224607 -0.347111
vn -0.787890 -0.256197 -0.559993
vn -0.726700 -0.234200 -0.645800
vn -0.861311 -0.186002 -0.472806
vn -0.891319 -0.207104 -0.403309
vn -0.954158 -0.138194 -0.265488
vn -0.956332 -0.170906 -0.237108
vn -0.891319 -0.207104 -0.403309
vn -0.861311 -0.186002 -0.472806
vn -0.956332 -0.170906 -0.237108
vn -0.952313 -0.203103 -0.227703
vn -0.910530 -0.224607 -0.347111
vn -0.891319 -0.207104 -0.403309
vn -0.682097 -0.353399 -0.640197
vn -0.601058 -0.349675 -0.718649
vn -0.674711 -0.307205 -0.671111
vn -0.754882 -0.308293 -0.578886
vn -0.601058 -0.349675 -0.718649
vn -0.531698 -0.299799 -0.792097
vn -0.595728 -0.272813 -0.755435
vn -0.674711 -0.307205 -0.671111
vn -0.726700 -0.234200 -0.645800
vn -0.787890 -0.256197 -0.559993
vn -0.674711 -0.307205 -0.671111
vn -0.595728 -0.272813 -0.755435
vn -0.787890 -0.256197 -0.559993
vn -0.840529 -0.261609 -0.474417
vn -0.754882 -0.308293 -0.578886
vn -0.674711 -0.307205 -0.671111
vn 0.996446 -0.083304 0.012501
vn 0.997460 -0.064597 -0.029999
vn 0.979297 -0.107700 -0.171400
vn 0.984621 -0.120703 -0.126303
vn 0.997460 -0.064597 -0.029999
vn 0.997074 -0.048599 -0.058998
vn 0.971032 -0.101103 -0.216507
vn 0.979297 -0.107700 -0.171400
vn 0.919510 -0.162502 -0.357904
vn 0.942279 -0.151897 -0.298393
vn 0.979297 -0.107700 -0.171400
vn 0.971032 -0.101103 -0.216507
vn 0.942279 -0.151897 -0.298393
vn 0.955686 -0.157998 -0.248396
vn 0.984621 -0.120703 -0.126303
vn 0.979297 -0.107700 -0.171400
vn 0.955686 -0.157998 -0.248396
vn 0.942279 -0.151897 -0.298393
vn 0.881085 -0.206096 -0.425693
vn 0.908640 -0.198809 -0.367216
vn 0.942279 -0.151897 -0.298393
vn 0.919510 -0.162502 -0.357904
vn 0.833973 -0.235592 -0.498984
vn 0.881085 -0.206096 -0.425693
vn 0.705267 -0.314285 -0.635471
vn 0.778086 -0.273295 -0.565590
vn 0.881085 -0.206096 -0.425693
vn 0.833973 -0.235592 -0.498984
vn 0.778086 -0.273295 -0.565590
vn 0.827170 -0.249391 -0.503582
vn 0.908640 -0.198809 -0.367216
vn 0.881085 -0.206096 -0.425693
vn 0.919510 -0.162502 -0.357904
vn 0.878087 -0.187597 -0.440194
vn 0.764193 -0.275698 -0.583095
vn 0.833973 -0.235592 -0.498984
vn 0.878087 -0.187597 -0.440194
vn 0.822471 -0.202393 -0.531581
vn 0.682737 -0.298216 -0.667036
vn 0.764193 -0.275698 -0.583095
vn 0.539211 -0.373707 -0.754715
vn 0.618614 -0.355208 -0.700816
vn 0.764193 -0.275698 -0.583095
vn 0.682737 -0.298216 -0.667036
vn 0.618614 -0.355208 -0.700816
vn 0.705267 -0.314285 -0.635471
vn 0.833973 -0.235592 -0.498984
vn 0.764193 -0.275698 -0.583095
vn 0.997074 -0.048599 -0.058998
vn 0.996113 -0.041501 -0.077701
vn 0.954607 -0.106701 -0.278102
vn 0.971032 -0.101103 -0.216507
vn 0.996113 -0.041501 -0.077701
vn 0.993972 -0.052598 -0.096197
vn 0.930831 -0.117604 -0.346011
vn 0.954607 -0.106701 -0.278102
vn 0.822471 -0.202393 -0.531581
vn 0.878087 -0.187597 -0.440194
vn 0.954607 -0.106701 -0.278102
vn 0.930831 -0.117604 -0.346011
vn 0.878087 -0.187597 -0.440194
vn 0.919510 -0.162502 -0.357904
vn 0.971032 -0.101103 -0.216507
vn 0.954607 -0.106701 -0.278102
vn -0.974272 -0.183395 0.130996
vn -0.958235 -0.217908 0.185207
vn -0.919977 -0.218695 0.325292
vn -0.949507 -0.175601 0.260002
vn -0.958235 -0.217908 0.185207
vn -0.947205 -0.214401 0.238401
vn -0.907058 -0.207313 0.366424
vn -0.919977 -0.218695 0.325292
vn -0.860502 -0.192200 0.471801
vn -0.856863 -0.216291 0.467980
vn -0.919977 -0.218695 0.325292
vn -0.907058 -0.207313 0.366424
vn -0.856863 -0.216291 0.467980
vn -0.892904 -0.164801 0.419002
vn -0.949507 -0.175601 0.260002
vn -0.919977 -0.218695 0.325292
vn -0.892904 -0.164801 0.419002
vn -0.856863 -0.216291 0.467980
vn -0.778512 -0.200003 0.594909
vn -0.801627 -0.146805 0.579519
vn -0.856863 -0.216291 0.467980
vn -0.860502 -0.192200 0.471801
vn -0.815897 -0.161799 0.555098
vn -0.778512 -0.200003 0.594909
vn -0.774567 -0.121695 0.620674
vn -0.700694 -0.171698 0.692494
vn -0.778512 -0.200003 0.594909
vn -0.815897 -0.161799 0.555098
vn -0.700694 -0.171698 0.692494
vn -0.692486 -0.122898 0.710886
vn -0.801627 -0.146805 0.579519
vn -0.778512 -0.200003 0.594909
vn -0.860502 -0.192200 0.471801
vn -0.909033 -0.140805 0.392214
vn -0.889915 -0.098302 0.445408
vn -0.815897 -0.161799 0.555098
vn -0.909033 -0.140805 0.392214
vn -0.952583 -0.107398 0.284695
vn -0.943350 -0.077104 0.322717
vn -0.889915 -0.098302 0.445408
vn -0.909592 -0.049900 0.412496
vn -0.858803 -0.051600 0.509701
vn -0.889915 -0.098302 0.445408
vn -0.943350 -0.077104 0.322717
vn -0.858803 -0.051600 0.509701
vn -0.774567 -0.121695 0.620674
vn -0.815897 -0.161799 0.555098
vn -0.889915 -0.098302 0.445408
vn -0.947205 -0.214401 0.238401
vn -0.948107 -0.181001 0.261402
vn -0.927162 -0.168593 0.334586
vn -0.907058 -0.207313 0.366424
vn -0.948107 -0.181001 0.261402
vn -0.953681 -0.128497 0.271995
vn -0.952907 -0.126101 0.275802
vn -0.927162 -0.168593 0.334586
vn -0.952583 -0.107398 0.284695
vn -0.909033 -0.140805 0.392214
vn -0.927162 -0.168593 0.334586
vn -0.952907 -0.126101 0.275802
vn -0.909033 -0.140805 0.392214
vn -0.860502 -0.192200 0.471801
vn -0.907058 -0.207313 0.366424
vn -0.927162 -0.168593 0.334586
vn 0.692612 0.026800 0.720812
vn 0.695529 0.031001 0.717829
vn 0.768134 0.026801 0.639728
vn 0.754756 0.017899 0.655762
vn 0.695529 0.031001 0.717829
vn 0.659981 -0.017499 0.751078
vn 0.746430 -0.021201 0.665126
vn 0.768134 0.026801 0.639728
vn 0.800620 -0.023401 0.598715
vn 0.815633 0.020001 0.578224
vn 0.768134 0.026801 0.639728
vn 0.746430 -0.021201 0.665126
vn 0.815633 0.020001 0.578224
vn 0.800704 0.008300 0.599003
vn 0.754756 0.017899 0.655762
vn 0.768134 0.026801 0.639728
vn 0.800704 0.008300 0.599003
vn 0.815633 0.020001 0.578224
vn 0.855894 0.012700 0.516996
vn 0.845334 0.004300 0.534221
vn 0.815633 0.020001 0.578224
vn 0.800620 -0.023401 0.598715
vn 0.843473 -0.022899 0.536683
vn 0.855894 0.012700 0.516996
vn 0.885509 -0.019700 0.464205
vn 0.897099 0.005100 0.441800
vn 0.855894 0.012700 0.516996
vn 0.843473 -0.022899 0.536683
vn 0.897099 0.005100 0.441800
vn 0.891245 0.000600 0.453523
vn 0.845334 0.004300 0.534221
vn 0.855894 0.012700 0.516996
vn 0.800620 -0.023401 0.598715
vn 0.757214 -0.088002 0.647212
vn 0.798200 -0.070100 0.598300
vn 0.843473 -0.022899 0.536683
vn 0.757214 -0.088002 0.647212
vn 0.694689 -0.144298 0.704688
vn 0.727381 -0.107997 0.677682
vn 0.798200 -0.070100 0.598300
vn 0.781495 -0.065200 0.620496
vn 0.843070 -0.046598 0.535781
vn 0.798200 -0.070100 0.598300
vn 0.727381 -0.107997 0.677682
vn 0.843070 -0.046598 0.535781
vn 0.885509 -0.019700 0.464205
vn 0.843473 -0.022899 0.536683
vn 0.798200 -0.070100 0.598300
vn 0.659981 -0.017499 0.751078
vn 0.615316 -0.094302 0.782620
vn 0.704924 -0.095503 0.702824
vn 0.746430 -0.021201 0.665126
vn 0.615316 -0.094302 0.782620
vn 0.587669 -0.165191 0.792059
vn 0.659232 -0.162208 0.734236
vn 0.704924 -0.095503 0.702824
vn 0.694689 -0.144298 0.704688
vn 0.757214 -0.088002 0.647212
vn 0.704924 -0.095503 0.702824
vn 0.659232 -0.162208 0.734236
vn 0.757214 -0.088002 0.647212
vn 0.800620 -0.023401 0.598715
vn 0.746430 -0.021201 0.665126
vn 0.704924 -0.095503 0.702824
vn -0.343609 -0.030301 0.938624
vn -0.396992 -0.016100 0.917681
vn -0.307901 0.005200 0.951404
vn -0.269908 -0.017401 0.962729
vn -0.396992 -0.016100 0.917681
vn -0.474820 0.028001 0.879637
vn -0.352312 0.039901 0.935032
vn -0.307901 0.005200 0.951404
vn -0.202405 0.039001 0.978525
vn -0.188504 0.017400 0.981918
vn -0.307901 0.005200 0.951404
vn -0.352312 0.039901 0.935032
vn -0.188504 0.017400 0.981918
vn -0.168902 -0.006200 0.985613
vn -0.269908 -0.017401 0.962729
vn -0.307901 0.005200 0.951404
vn -0.168902 -0.006200 0.985613
vn -0.188504 0.017400 0.981918
vn -0.036899 0.022299 0.999070
vn -0.031899 0.003800 0.999484
vn -0.188504 0.017400 0.981918
vn -0.202405 0.039001 0.978525
vn -0.031401 0.027701 0.999123
vn -0.036899 0.022299 0.999070
vn 0.149193 0.010699 0.988750
vn 0.136494 0.023699 0.990357
vn -0.036899 0.022299 0.999070
vn -0.031401 0.027701 0.999123
vn 0.136494 0.023699 0.990357
vn 0.130998 0.013800 0.991287
vn -0.031899 0.003800 0.999484
vn -0.036899 0.022299 0.999070
vn -0.202405 0.039001 0.978525
vn -0.144800 0.011300 0.989397
vn 0.048502 -0.012301 0.998747
vn -0.031401 0.027701 0.999123
vn -0.144800 0.011300 0.989397
vn -0.075402 -0.100003 0.992126
vn 0.126794 -0.112295 0.985552
vn 0.048502 -0.012301 0.998747
vn 0.315898 -0.121399 0.940995
vn 0.236505 -0.039701 0.970819
vn 0.048502 -0.012301 0.998747
vn 0.126794 -0.112295 0.985552
vn 0.236505 -0.039701 0.970819
vn 0.149193 0.010699 0.988750
vn -0.031401 0.027701 0.999123
vn 0.048502 -0.012301 0.998747
vn -0.474820 0.028001 0.879637
vn -0.484001 0.034100 0.874403
vn -0.327184 0.027699 0.944555
vn -0.352312 0.039901 0.935032
vn -0.484001 0.034100 0.874403
vn -0.448314 -0.066102 0.891429
vn -0.274414 -0.082704 0.958049
vn -0.327184 0.027699 0.944555
vn -0.075402 -0.100003 0.992126
vn -0.144800 0.011300 0.989397
vn -0.327184 0.027699 0.944555
vn -0.274414 -0.082704 0.958049
vn -0.144800 0.011300 0.989397
vn -0.202405 0.039001 0.978525
vn -0.352312 0.039901 0.935032
vn -0.327184 0.027699 0.944555
vn -0.526608 0.604209 -0.598009
vn -0.582990 0.558390 -0.590190
vn -0.526200 0.572800 -0.628500
vn -0.456004 0.613106 -0.645106
vn -0.582990 0.558390 -0.590190
vn -0.609206 0.251102 -0.752207
vn -0.576732 0.268515 -0.771544
vn -0.526200 0.572800 -0.628500
vn -0.494780 0.297888 -0.816367
vn -0.429076 0.599366 -0.675762
vn -0.526200 0.572800 -0.628500
vn -0.576732 0.268515 -0.771544
vn -0.429076 0.599366 -0.675762
vn -0.383122 0.615736 -0.688540
vn -0.456004 0.613106 -0.645106
vn -0.526200 0.572800 -0.628500
vn -0.383122 0.615736 -0.688540
vn -0.429076 0.599366 -0.675762
vn -0.321292 0.635384 -0.702182
vn -0.317885 0.618671 -0.718467
vn -0.429076 0.599366 -0.675762
vn -0.494780 0.297888 -0.816367
vn -0.380919 0.337417 -0.860843
vn -0.321292 0.635384 -0.702182
vn -0.267705 0.370506 -0.889415
vn -0.232601 0.670502 -0.704502
vn -0.321292 0.635384 -0.702182
vn -0.380919 0.337417 -0.860843
vn -0.232601 0.670502 -0.704502
vn -0.256402 0.626305 -0.736206
vn -0.317885 0.618671 -0.718467
vn -0.321292 0.635384 -0.702182
vn -0.494780 0.297888 -0.816367
vn -0.494700 -0.109800 -0.862100
vn -0.436923 -0.106706 -0.893147
vn -0.380919 0.337417 -0.860843
vn -0.494700 -0.109800 -0.862100
vn -0.488684 -0.323489 -0.810273
vn -0.448418 -0.331113 -0.830233
vn -0.436923 -0.106706 -0.893147
vn -0.359090 -0.343290 -0.867875
vn -0.336600 -0.111700 -0.934999
vn -0.436923 -0.106706 -0.893147
vn -0.448418 -0.331113 -0.830233
vn -0.336600 -0.111700 -0.934999
vn -0.267705 0.370506 -0.889415
vn -0.380919 0.337417 -0.860843
vn -0.436923 -0.106706 -0.893147
vn -0.609206 0.251102 -0.752207
vn -0.537609 -0.127402 -0.833514
vn -0.524486 -0.118897 -0.843077
vn -0.576732 0.268515 -0.771544
vn -0.537609 -0.127402 -0.833514
vn -0.531698 -0.299799 -0.792097
vn -0.508391 -0.314894 -0.801486
vn -0.524486 -0.118897 -0.843077
vn -0.488684 -0.323489 -0.810273
vn -0.494700 -0.109800 -0.862100
vn -0.524486 -0.118897 -0.843077
vn -0.508391 -0.314894 -0.801486
vn -0.494700 -0.109800 -0.862100
vn -0.494780 0.297888 -0.816367
vn -0.576732 0.268515 -0.771544
vn -0.524486 -0.118897 -0.843077
vn -0.581196 0.347798 -0.735695
vn -0.534802 0.435502 -0.724103
vn -0.390093 0.480292 -0.785587
vn -0.434496 0.391796 -0.810993
vn -0.534802 0.435502 -0.724103
vn -0.491280 0.495580 -0.716271
vn -0.361214 0.527221 -0.769131
vn -0.390093 0.480292 -0.785587
vn -0.254700 0.540599 -0.801799
vn -0.257295 0.509690 -0.820984
vn -0.390093 0.480292 -0.785587
vn -0.361214 0.527221 -0.769131
vn -0.257295 0.509690 -0.820984
vn -0.286112 0.426717 -0.857935
vn -0.434496 0.391796 -0.810993
vn -0.390093 0.480292 -0.785587
vn -0.286112 0.426717 -0.857935
vn -0.257295 0.509690 -0.820984
vn -0.167598 0.519794 -0.837690
vn -0.171105 0.445213 -0.878925
vn -0.257295 0.509690 -0.820984
vn -0.254700 0.540599 -0.801799
vn -0.189690 0.536271 -0.822455
vn -0.167598 0.519794 -0.837690
vn -0.163705 0.524017 -0.835827
vn -0.135098 0.516293 -0.845689
vn -0.167598 0.519794 -0.837690
vn -0.189690 0.536271 -0.822455
vn -0.135098 0.516293 -0.845689
vn -0.117903 0.446213 -0.887126
vn -0.171105 0.445213 -0.878925
vn -0.167598 0.519794 -0.837690
vn -0.254700 0.540599 -0.801799
vn -0.312711 0.556120 -0.770028
vn -0.258398 0.542696 -0.799194
vn -0.189690 0.536271 -0.822455
vn -0.312711 0.556120 -0.770028
vn -0.383122 0.615736 -0.688540
vn -0.317885 0.618671 -0.718467
vn -0.258398 0.542696 -0.799194
vn -0.256402 0.626305 -0.736206
vn -0.218497 0.527793 -0.820789
vn -0.258398 0.542696 -0.799194
vn -0.317885 0.618671 -0.718467
vn -0.218497 0.527793 -0.820789
vn -0.163705 0.524017 -0.835827
vn -0.189690 0.536271 -0.822455
vn -0.258398 0.542696 -0.799194
vn -0.491280 0.495580 -0.716271
vn -0.493819 0.541321 -0.680526
vn -0.393309 0.557212 -0.731316
vn -0.361214 0.527221 -0.769131
vn -0.493819 0.541321 -0.680526
vn -0.526608 0.604209 -0.598009
vn -0.456004 0.613106 -0.645106
vn -0.393309 0.557212 -0.731316
vn -0.383122 0.615736 -0.688540
vn -0.312711 0.556120 -0.770028
vn -0.393309 0.557212 -0.731316
vn -0.456004 0.613106 -0.645106
vn -0.312711 0.556120 -0.770028
vn -0.254700 0.540599 -0.801799
vn -0.361214 0.527221 -0.769131
vn -0.393309 0.557212 -0.731316
vn -0.572821 -0.052002 -0.818030
vn -0.595689 0.026300 -0.802785
vn -0.468398 0.048300 -0.882196
vn -0.449477 -0.036298 -0.892554
vn -0.595689 0.026300 -0.802785
vn -0.607280 0.133596 -0.783175
vn -0.473801 0.162001 -0.865603
vn -0.468398 0.048300 -0.882196
vn -0.328899 0.189300 -0.925198
vn -0.331593 0.069199 -0.940881
vn -0.468398 0.048300 -0.882196
vn -0.473801 0.162001 -0.865603
vn -0.331593 0.069199 -0.940881
vn -0.321216 -0.022101 -0.946748
vn -0.449477 -0.036298 -0.892554
vn -0.468398 0.048300 -0.882196
vn -0.321216 -0.022101 -0.946748
vn -0.331593 0.069199 -0.940881
vn -0.186797 0.088699 -0.978386
vn -0.184694 -0.007400 -0.982768
vn -0.331593 0.069199 -0.940881
vn -0.328899 0.189300 -0.925198
vn -0.182705 0.211606 -0.960126
vn -0.186797 0.088699 -0.978386
vn -0.060400 0.221000 -0.973402
vn -0.053998 0.101596 -0.993359
vn -0.186797 0.088699 -0.978386
vn -0.182705 0.211606 -0.960126
vn -0.053998 0.101596 -0.993359
vn -0.054500 0.004400 -0.998504
vn -0.184694 -0.007400 -0.982768
vn -0.186797 0.088699 -0.978386
vn -0.328899 0.189300 -0.925198
vn -0.312209 0.315409 -0.896126
vn -0.177399 0.337398 -0.924496
vn -0.182705 0.211606 -0.960126
vn -0.312209 0.315409 -0.896126
vn -0.286112 0.426717 -0.857935
vn -0.171105 0.445213 -0.878925
vn -0.177399 0.337398 -0.924496
vn -0.117903 0.446213 -0.887126
vn -0.088900 0.341698 -0.935596
vn -0.177399 0.337398 -0.924496
vn -0.171105 0.445213 -0.878925
vn -0.088900 0.341698 -0.935596
vn -0.060400 0.221000 -0.973402
vn -0.182705 0.211606 -0.960126
vn -0.177399 0.337398 -0.924496
vn -0.607280 0.133596 -0.783175
vn -0.603287 0.247394 -0.758183
vn -0.462385 0.283091 -0.840273
vn -0.473801 0.162001 -0.865603
vn -0.603287 0.247394 -0.758183
vn -0.581196 0.347798 -0.735695
vn -0.434496 0.391796 -0.810993
vn -0.462385 0.283091 -0.840273
vn -0.286112 0.426717 -0.857935
vn -0.312209 0.315409 -0.896126
vn -0.462385 0.283091 -0.840273
vn -0.434496 0.391796 -0.810993
vn -0.312209 0.315409 -0.896126
vn -0.328899 0.189300 -0.925198
vn -0.473801 0.162001 -0.865603
vn -0.462385 0.283091 -0.840273
vn -0.410410 -0.114203 -0.904722
vn -0.445306 -0.103201 -0.889411
vn -0.309388 -0.091096 -0.946563
vn -0.270003 -0.088201 -0.958811
vn -0.445306 -0.103201 -0.889411
vn -0.495476 -0.107395 -0.861957
vn -0.369019 -0.099805 -0.924048
vn -0.309388 -0.091096 -0.946563
vn -0.251688 -0.095796 -0.963056
vn -0.194305 -0.085302 -0.977225
vn -0.309388 -0.091096 -0.946563
vn -0.369019 -0.099805 -0.924048
vn -0.194305 -0.085302 -0.977225
vn -0.152505 -0.069802 -0.985835
vn -0.270003 -0.088201 -0.958811
vn -0.309388 -0.091096 -0.946563
vn -0.152505 -0.069802 -0.985835
vn -0.194305 -0.085302 -0.977225
vn -0.080303 -0.079003 -0.993635
vn -0.035300 -0.055901 -0.997812
vn -0.194305 -0.085302 -0.977225
vn -0.251688 -0.095796 -0.963056
vn -0.130906 -0.089504 -0.987346
vn -0.080303 -0.079003 -0.993635
vn -0.007700 -0.083101 -0.996511
vn 0.041600 -0.072401 -0.996508
vn -0.080303 -0.079003 -0.993635
vn -0.130906 -0.089504 -0.987346
vn 0.041600 -0.072401 -0.996508
vn 0.092296 -0.044098 -0.994755
vn -0.035300 -0.055901 -0.997812
vn -0.080303 -0.079003 -0.993635
vn -0.251688 -0.095796 -0.963056
vn -0.294387 -0.079696 -0.952358
vn -0.166105 -0.069902 -0.983628
vn -0.130906 -0.089504 -0.987346
vn -0.294387 -0.079696 -0.952358
vn -0.321216 -0.022101 -0.946748
vn -0.184694 -0.007400 -0.982768
vn -0.166105 -0.069902 -0.983628
vn -0.054500 0.004400 -0.998504
vn -0.039701 -0.061202 -0.997336
vn -0.166105 -0.069902 -0.983628
vn -0.184694 -0.007400 -0.982768
vn -0.039701 -0.061202 -0.997336
vn -0.007700 -0.083101 -0.996511
vn -0.130906 -0.089504 -0.987346
vn -0.166105 -0.069902 -0.983628
vn -0.495476 -0.107395 -0.861957
vn -0.538411 -0.098402 -0.836917
vn -0.415999 -0.088000 -0.905097
vn -0.369019 -0.099805 -0.924048
vn -0.538411 -0.098402 -0.836917
vn -0.572821 -0.052002 -0.818030
vn -0.449477 -0.036298 -0.892554
vn -0.415999 -0.088000 -0.905097
vn -0.321216 -0.022101 -0.946748
vn -0.294387 -0.079696 -0.952358
vn -0.415999 -0.088000 -0.905097
vn -0.449477 -0.036298 -0.892554
vn -0.294387 -0.079696 -0.952358
vn -0.251688 -0.095796 -0.963056
vn -0.369019 -0.099805 -0.924048
vn -0.415999 -0.088000 -0.905097
vn -0.620107 0.074101 -0.781009
vn -0.540506 -0.130802 -0.831110
vn -0.479086 -0.108197 -0.871074
vn -0.596269 0.088795 -0.797859
vn -0.540506 -0.130802 -0.831110
vn -0.480705 -0.159202 -0.862309
vn -0.379308 -0.125503 -0.916719
vn -0.479086 -0.108197 -0.871074
vn -0.245595 -0.086798 -0.965479
vn -0.377389 -0.075498 -0.922972
vn -0.479086 -0.108197 -0.871074
vn -0.379308 -0.125503 -0.916719
vn -0.377389 -0.075498 -0.922972
vn -0.529308 0.118502 -0.840113
vn -0.596269 0.088795 -0.797859
vn -0.479086 -0.108197 -0.871074
vn -0.529308 0.118502 -0.840113
vn -0.377389 -0.075498 -0.922972
vn -0.223402 -0.031700 -0.974211
vn -0.396087 0.167694 -0.902770
vn -0.377389 -0.075498 -0.922972
vn -0.245595 -0.086798 -0.965479
vn -0.080902 -0.046801 -0.995623
vn -0.223402 -0.031700 -0.974211
vn 0.096399 -0.010100 -0.995292
vn -0.007000 0.016701 -0.999836
vn -0.223402 -0.031700 -0.974211
vn -0.080902 -0.046801 -0.995623
vn -0.007000 0.016701 -0.999836
vn -0.154296 0.220194 -0.963176
vn -0.396087 0.167694 -0.902770
vn -0.223402 -0.031700 -0.974211
vn -0.245595 -0.086798 -0.965479
vn -0.170705 -0.067202 -0.983028
vn -0.028800 -0.039600 -0.998801
vn -0.080902 -0.046801 -0.995623
vn -0.170705 -0.067202 -0.983028
vn -0.152505 -0.069802 -0.985835
vn -0.035300 -0.055901 -0.997812
vn -0.028800 -0.039600 -0.998801
vn 0.092296 -0.044098 -0.994755
vn 0.118599 -0.017300 -0.992792
vn -0.028800 -0.039600 -0.998801
vn -0.035300 -0.055901 -0.997812
vn 0.118599 -0.017300 -0.992792
vn 0.096399 -0.010100 -0.995292
vn -0.080902 -0.046801 -0.995623
vn -0.028800 -0.039600 -0.998801
vn -0.480705 -0.159202 -0.862309
vn -0.428790 -0.137497 -0.892879
vn -0.300784 -0.100795 -0.948351
vn -0.379308 -0.125503 -0.916719
vn -0.428790 -0.137497 -0.892879
vn -0.410410 -0.114203 -0.904722
vn -0.270003 -0.088201 -0.958811
vn -0.300784 -0.100795 -0.948351
vn -0.152505 -0.069802 -0.985835
vn -0.170705 -0.067202 -0.983028
vn -0.300784 -0.100795 -0.948351
vn -0.270003 -0.088201 -0.958811
vn -0.170705 -0.067202 -0.983028
vn -0.245595 -0.086798 -0.965479
vn -0.379308 -0.125503 -0.916719
vn -0.300784 -0.100795 -0.948351
vn -0.995983 0.045699 0.076999
vn -0.983305 -0.091301 0.157401
vn -0.977654 -0.147393 0.149893
vn -0.997660 0.008000 0.067897
vn -0.983305 -0.091301 0.157401
vn -0.948682 -0.131498 0.287595
vn -0.943629 -0.161005 0.289209
vn -0.977654 -0.147393 0.149893
vn -0.978690 -0.144899 0.145499
vn -0.990100 -0.132300 0.046900
vn -0.977654 -0.147393 0.149893
vn -0.943629 -0.161005 0.289209
vn -0.990100 -0.132300 0.046900
vn -0.999895 0.011400 0.009000
vn -0.997660 0.008000 0.067897
vn -0.977654 -0.147393 0.149893
vn -0.999895 0.011400 0.009000
vn -0.990100 -0.132300 0.046900
vn -0.991481 -0.014900 -0.129397
vn -0.990804 0.087500 -0.103200
vn -0.990100 -0.132300 0.046900
vn -0.978690 -0.144899 0.145499
vn -0.991719 -0.076301 -0.103302
vn -0.991481 -0.014900 -0.129397
vn -0.931879 0.033799 -0.361192
vn -0.926477 0.187895 -0.326092
vn -0.991481 -0.014900 -0.129397
vn -0.991719 -0.076301 -0.103302
vn -0.926477 0.187895 -0.326092
vn -0.931810 0.246603 -0.266303
vn -0.990804 0.087500 -0.103200
vn -0.991481 -0.014900 -0.129397
vn -0.978690 -0.144899 0.145499
vn -0.985578 -0.072098 0.153097
vn -0.994531 -0.073702 -0.074002
vn -0.991719 -0.076301 -0.103302
vn -0.985578 -0.072098 0.153097
vn -0.988193 -0.099399 0.116599
vn -0.992654 -0.107095 -0.056297
vn -0.994531 -0.073702 -0.074002
vn -0.954158 -0.138194 -0.265488
vn -0.942914 -0.090501 -0.320505
vn -0.994531 -0.073702 -0.074002
vn -0.992654 -0.107095 -0.056297
vn -0.942914 -0.090501 -0.320505
vn -0.931879 0.033799 -0.361192
vn -0.991719 -0.076301 -0.103302
vn -0.994531 -0.073702 -0.074002
vn -0.948682 -0.131498 0.287595
vn -0.946667 -0.096297 0.307489
vn -0.951688 -0.085599 0.294896
vn -0.943629 -0.161005 0.289209
vn -0.946667 -0.096297 0.307489
vn -0.953681 -0.128497 0.271995
vn -0.965911 -0.112601 0.233103
vn -0.951688 -0.085599 0.294896
vn -0.988193 -0.099399 0.116599
vn -0.985578 -0.072098 0.153097
vn -0.951688 -0.085599 0.294896
vn -0.965911 -0.112601 0.233103
vn -0.985578 -0.072098 0.153097
vn -0.978690 -0.144899 0.145499
vn -0.943629 -0.161005 0.289209
vn -0.951688 -0.085599 0.294896
vn -0.996612 0.079301 -0.021800
vn -0.988346 0.151107 0.018401
vn -0.987316 0.152803 -0.043101
vn -0.988781 0.101598 -0.109498
vn -0.988346 0.151107 0.018401
vn -0.983743 0.171207 0.054202
vn -0.986598 0.160800 0.027700
vn -0.987316 0.152803 -0.043101
vn -0.987099 0.157500 -0.028800
vn -0.984084 0.146898 -0.099998
vn -0.987316 0.152803 -0.043101
vn -0.986598 0.160800 0.027700
vn -0.984084 0.146898 -0.099998
vn -0.981483 0.108298 -0.157997
vn -0.988781 0.101598 -0.109498
vn -0.987316 0.152803 -0.043101
vn -0.981483 0.108298 -0.157997
vn -0.984084 0.146898 -0.099998
vn -0.970947 0.159808 -0.178109
vn -0.969534 0.122704 -0.212007
vn -0.984084 0.146898 -0.099998
vn -0.987099 0.157500 -0.028800
vn -0.975017 0.181403 -0.128202
vn -0.970947 0.159808 -0.178109
vn -0.928019 0.242605 -0.282706
vn -0.929779 0.203895 -0.306493
vn -0.970947 0.159808 -0.178109
vn -0.975017 0.181403 -0.128202
vn -0.929779 0.203895 -0.306493
vn -0.934829 0.159405 -0.317310
vn -0.969534 0.122704 -0.212007
vn -0.970947 0.159808 -0.178109
vn -0.987099 0.157500 -0.028800
vn -0.992254 0.123794 0.010300
vn -0.982093 0.164799 -0.091299
vn -0.975017 0.181403 -0.128202
vn -0.992254 0.123794 0.010300
vn -0.999895 0.011400 0.009000
vn -0.990804 0.087500 -0.103200
vn -0.982093 0.164799 -0.091299
vn -0.931810 0.246603 -0.266303
vn -0.931369 0.257991 -0.256891
vn -0.982093 0.164799 -0.091299
vn -0.990804 0.087500 -0.103200
vn -0.931369 0.257991 -0.256891
vn -0.928019 0.242605 -0.282706
vn -0.975017 0.181403 -0.128202
vn -0.982093 0.164799 -0.091299
vn -0.983743 0.171207 0.054202
vn -0.987859 0.140594 0.066097
vn -0.990798 0.122200 0.058200
vn -0.986598 0.160800 0.027700
vn -0.987859 0.140594 0.066097
vn -0.995983 0.045699 0.076999
vn -0.997660 0.008000 0.067897
vn -0.990798 0.122200 0.058200
vn -0.999895 0.011400 0.009000
vn -0.992254 0.123794 0.010300
vn -0.990798 0.122200 0.058200
vn -0.997660 0.008000 0.067897
vn -0.992254 0.123794 0.010300
vn -0.987099 0.157500 -0.028800
vn -0.986598 0.160800 0.027700
vn -0.990798 0.122200 0.058200
vn -0.985394 -0.166799 -0.034300
vn -0.990256 -0.136994 -0.024999
vn -0.988068 -0.110496 -0.107296
vn -0.981513 -0.155202 -0.112002
vn -0.990256 -0.136994 -0.024999
vn -0.995949 -0.084904 -0.029601
vn -0.991764 -0.049098 -0.118296
vn -0.988068 -0.110496 -0.107296
vn -0.986002 -0.025300 -0.164800
vn -0.981421 -0.089902 -0.169504
vn -0.988068 -0.110496 -0.107296
vn -0.991764 -0.049098 -0.118296
vn -0.981421 -0.089902 -0.169504
vn -0.971121 -0.143503 -0.190604
vn -0.981513 -0.155202 -0.112002
vn -0.988068 -0.110496 -0.107296
vn -0.971121 -0.143503 -0.190604
vn -0.981421 -0.089902 -0.169504
vn -0.965770 -0.075098 -0.248292
vn -0.947839 -0.131605 -0.290312
vn -0.981421 -0.089902 -0.169504
vn -0.986002 -0.025300 -0.164800
vn -0.975477 -0.006900 -0.219995
vn -0.965770 -0.075098 -0.248292
vn -0.944189 0.020000 -0.328796
vn -0.927818 -0.056001 -0.368807
vn -0.965770 -0.075098 -0.248292
vn -0.975477 -0.006900 -0.219995
vn -0.927818 -0.056001 -0.368807
vn -0.901420 -0.115303 -0.417309
vn -0.947839 -0.131605 -0.290312
vn -0.965770 -0.075098 -0.248292
vn -0.986002 -0.025300 -0.164800
vn -0.984277 0.045399 -0.170696
vn -0.974030 0.065602 -0.216707
vn -0.975477 -0.006900 -0.219995
vn -0.984277 0.045399 -0.170696
vn -0.981483 0.108298 -0.157997
vn -0.969534 0.122704 -0.212007
vn -0.974030 0.065602 -0.216707
vn -0.934829 0.159405 -0.317310
vn -0.943013 0.099901 -0.317404
vn -0.974030 0.065602 -0.216707
vn -0.969534 0.122704 -0.212007
vn -0.943013 0.099901 -0.317404
vn -0.944189 0.020000 -0.328796
vn -0.975477 -0.006900 -0.219995
vn -0.974030 0.065602 -0.216707
vn -0.995949 -0.084904 -0.029601
vn -0.999300 -0.011500 -0.035600
vn -0.991454 0.024699 -0.128094
vn -0.991764 -0.049098 -0.118296
vn -0.999300 -0.011500 -0.035600
vn -0.996612 0.079301 -0.021800
vn -0.988781 0.101598 -0.109498
vn -0.991454 0.024699 -0.128094
vn -0.981483 0.108298 -0.157997
vn -0.984277 0.045399 -0.170696
vn -0.991454 0.024699 -0.128094
vn -0.988781 0.101598 -0.109498
vn -0.984277 0.045399 -0.170696
vn -0.986002 -0.025300 -0.164800
vn -0.991764 -0.049098 -0.118296
vn -0.991454 0.024699 -0.128094
vn -0.959565 -0.218392 -0.177594
vn -0.968542 -0.199609 -0.148606
vn -0.951056 -0.195291 -0.239489
vn -0.936529 -0.214507 -0.277309
vn -0.968542 -0.199609 -0.148606
vn -0.974932 -0.187306 -0.120104
vn -0.960851 -0.186290 -0.205090
vn -0.951056 -0.195291 -0.239489
vn -0.940763 -0.185093 -0.284089
vn -0.928914 -0.192703 -0.316205
vn -0.951056 -0.195291 -0.239489
vn -0.960851 -0.186290 -0.205090
vn -0.928914 -0.192703 -0.316205
vn -0.909490 -0.214198 -0.356296
vn -0.936529 -0.214507 -0.277309
vn -0.951056 -0.195291 -0.239489
vn -0.909490 -0.214198 -0.356296
vn -0.928914 -0.192703 -0.316205
vn -0.896292 -0.185298 -0.402896
vn -0.872765 -0.210792 -0.440282
vn -0.928914 -0.192703 -0.316205
vn -0.940763 -0.185093 -0.284089
vn -0.909057 -0.177692 -0.376882
vn -0.896292 -0.185298 -0.402896
vn -0.857808 -0.163401 -0.487304
vn -0.844708 -0.171802 -0.506905
vn -0.896292 -0.185298 -0.402896
vn -0.909057 -0.177692 -0.376882
vn -0.844708 -0.171802 -0.506905
vn -0.819115 -0.201404 -0.537110
vn -0.872765 -0.210792 -0.440282
vn -0.896292 -0.185298 -0.402896
vn -0.940763 -0.185093 -0.284089
vn -0.955624 -0.177105 -0.235406
vn -0.926411 -0.169102 -0.336404
vn -0.909057 -0.177692 -0.376882
vn -0.955624 -0.177105 -0.235406
vn -0.971121 -0.143503 -0.190604
vn -0.947839 -0.131605 -0.290312
vn -0.926411 -0.169102 -0.336404
vn -0.901420 -0.115303 -0.417309
vn -0.875819 -0.154303 -0.457310
vn -0.926411 -0.169102 -0.336404
vn -0.947839 -0.131605 -0.290312
vn -0.875819 -0.154303 -0.457310
vn -0.857808 -0.163401 -0.487304
vn -0.909057 -0.177692 -0.376882
vn -0.926411 -0.169102 -0.336404
vn -0.974932 -0.187306 -0.120104
vn -0.980931 -0.180006 -0.073302
vn -0.971793 -0.179299 -0.153199
vn -0.960851 -0.186290 -0.205090
vn -0.980931 -0.180006 -0.073302
vn -0.985394 -0.166799 -0.034300
vn -0.981513 -0.155202 -0.112002
vn -0.971793 -0.179299 -0.153199
vn -0.971121 -0.143503 -0.190604
vn -0.955624 -0.177105 -0.235406
vn -0.971793 -0.179299 -0.153199
vn -0.981513 -0.155202 -0.112002
vn -0.955624 -0.177105 -0.235406
vn -0.940763 -0.185093 -0.284089
vn -0.960851 -0.186290 -0.205090
vn -0.971793 -0.179299 -0.153199
vn -0.954999 -0.049200 -0.292500
vn -0.938221 -0.130203 -0.320607
vn -0.857234 -0.103004 -0.504520
vn -0.844889 0.007200 -0.534893
vn -0.938221 -0.130203 -0.320607
vn -0.942688 -0.185598 -0.277296
vn -0.890872 -0.175494 -0.418987
vn -0.857234 -0.103004 -0.504520
vn -0.826478 -0.175895 -0.534786
vn -0.740108 -0.084901 -0.667107
vn -0.857234 -0.103004 -0.504520
vn -0.890872 -0.175494 -0.418987
vn -0.740108 -0.084901 -0.667107
vn -0.679901 0.073600 -0.729601
vn -0.844889 0.007200 -0.534893
vn -0.857234 -0.103004 -0.504520
vn -0.679901 0.073600 -0.729601
vn -0.740108 -0.084901 -0.667107
vn -0.613994 -0.075499 -0.785692
vn -0.507598 0.120000 -0.853197
vn -0.740108 -0.084901 -0.667107
vn -0.826478 -0.175895 -0.534786
vn -0.753520 -0.181005 -0.632017
vn -0.613994 -0.075499 -0.785692
vn -0.692693 -0.190598 -0.695593
vn -0.558290 -0.090598 -0.824685
vn -0.613994 -0.075499 -0.785692
vn -0.753520 -0.181005 -0.632017
vn -0.558290 -0.090598 -0.824685
vn -0.465382 0.126895 -0.875966
vn -0.507598 0.120000 -0.853197
vn -0.613994 -0.075499 -0.785692
vn -0.826478 -0.175895 -0.534786
vn -0.877507 -0.217702 -0.427303
vn -0.829492 -0.219698 -0.513495
vn -0.753520 -0.181005 -0.632017
vn -0.877507 -0.217702 -0.427303
vn -0.909490 -0.214198 -0.356296
vn -0.872765 -0.210792 -0.440282
vn -0.829492 -0.219698 -0.513495
vn -0.819115 -0.201404 -0.537110
vn -0.771800 -0.217800 -0.597400
vn -0.829492 -0.219698 -0.513495
vn -0.872765 -0.210792 -0.440282
vn -0.771800 -0.217800 -0.597400
vn -0.692693 -0.190598 -0.695593
vn -0.753520 -0.181005 -0.632017
vn -0.829492 -0.219698 -0.513495
vn -0.942688 -0.185598 -0.277296
vn -0.949309 -0.219102 -0.225402
vn -0.916132 -0.215208 -0.338212
vn -0.890872 -0.175494 -0.418987
vn -0.949309 -0.219102 -0.225402
vn -0.959565 -0.218392 -0.177594
vn -0.936529 -0.214507 -0.277309
vn -0.916132 -0.215208 -0.338212
vn -0.909490 -0.214198 -0.356296
vn -0.877507 -0.217702 -0.427303
vn -0.916132 -0.215208 -0.338212
vn -0.936529 -0.214507 -0.277309
vn -0.877507 -0.217702 -0.427303
vn -0.826478 -0.175895 -0.534786
vn -0.890872 -0.175494 -0.418987
vn -0.916132 -0.215208 -0.338212
vn 0.698203 0.197901 -0.688003
vn 0.710375 0.085797 -0.698575
vn 0.809107 0.075401 -0.582805
vn 0.824963 0.154093 -0.543775
vn 0.710375 0.085797 -0.698575
vn 0.681311 0.048101 -0.730412
vn 0.771990 0.042799 -0.634192
vn 0.809107 0.075401 -0.582805
vn 0.850703 0.031500 -0.524702
vn 0.885301 0.057100 -0.461500
vn 0.809107 0.075401 -0.582805
vn 0.771990 0.042799 -0.634192
vn 0.885301 0.057100 -0.461500
vn 0.909735 0.109404 -0.400516
vn 0.824963 0.154093 -0.543775
vn 0.809107 0.075401 -0.582805
vn 0.909735 0.109404 -0.400516
vn 0.885301 0.057100 -0.461500
vn 0.934789 0.035800 -0.353396
vn 0.954735 0.071603 -0.288711
vn 0.885301 0.057100 -0.461500
vn 0.850703 0.031500 -0.524702
vn 0.907081 0.017500 -0.420591
vn 0.934789 0.035800 -0.353396
vn 0.946297 0.000700 -0.323299
vn 0.970848 0.009999 -0.239487
vn 0.934789 0.035800 -0.353396
vn 0.907081 0.017500 -0.420591
vn 0.970848 0.009999 -0.239487
vn 0.983976 0.031499 -0.175496
vn 0.954735 0.071603 -0.288711
vn 0.934789 0.035800 -0.353396
vn 0.850703 0.031500 -0.524702
vn 0.829568 0.005500 -0.558379
vn 0.891858 -0.005700 -0.452279
vn 0.907081 0.017500 -0.420591
vn 0.829568 0.005500 -0.558379
vn 0.807171 -0.033299 -0.589378
vn 0.874537 -0.045502 -0.482820
vn 0.891858 -0.005700 -0.452279
vn 0.915385 -0.057899 -0.398394
vn 0.930372 -0.017699 -0.366189
vn 0.891858 -0.005700 -0.452279
vn 0.874537 -0.045502 -0.482820
vn 0.930372 -0.017699 -0.366189
vn 0.946297 0.000700 -0.323299
vn 0.907081 0.017500 -0.420591
vn 0.891858 -0.005700 -0.452279
vn 0.681311 0.048101 -0.730412
vn 0.652099 0.018900 -0.757899
vn 0.744199 0.014600 -0.667799
vn 0.771990 0.042799 -0.634192
vn 0.652099 0.018900 -0.757899
vn 0.621225 -0.021701 -0.783332
vn 0.717156 -0.025198 -0.696457
vn 0.744199 0.014600 -0.667799
vn 0.807171 -0.033299 -0.589378
vn 0.829568 0.005500 -0.558379
vn 0.744199 0.014600 -0.667799
vn 0.717156 -0.025198 -0.696457
vn 0.829568 0.005500 -0.558379
vn 0.850703 0.031500 -0.524702
vn 0.771990 0.042799 -0.634192
vn 0.744199 0.014600 -0.667799
vn 0.621225 -0.021701 -0.783332
vn 0.588599 -0.058600 -0.806299
vn 0.687636 -0.061603 -0.723438
vn 0.717156 -0.025198 -0.696457
vn 0.588599 -0.058600 -0.806299
vn 0.557893 -0.075299 -0.826490
vn 0.662518 -0.078502 -0.744921
vn 0.687636 -0.061603 -0.723438
vn 0.747586 -0.085898 -0.658587
vn 0.775776 -0.069398 -0.627181
vn 0.687636 -0.061603 -0.723438
vn 0.662518 -0.078502 -0.744921
vn 0.775776 -0.069398 -0.627181
vn 0.807171 -0.033299 -0.589378
vn 0.717156 -0.025198 -0.696457
vn 0.687636 -0.061603 -0.723438
vn 0.807171 -0.033299 -0.589378
vn 0.775776 -0.069398 -0.627181
vn 0.845898 -0.083300 -0.526799
vn 0.874537 -0.045502 -0.482820
vn 0.775776 -0.069398 -0.627181
vn 0.747586 -0.085898 -0.658587
vn 0.818766 -0.099296 -0.565476
vn 0.845898 -0.083300 -0.526799
vn 0.877598 -0.114600 -0.465499
vn 0.895552 -0.097795 -0.434077
vn 0.845898 -0.083300 -0.526799
vn 0.818766 -0.099296 -0.565476
vn 0.895552 -0.097795 -0.434077
vn 0.915385 -0.057899 -0.398394
vn 0.874537 -0.045502 -0.482820
vn 0.845898 -0.083300 -0.526799
vn 0.747586 -0.085898 -0.658587
vn 0.732011 -0.067801 -0.677910
vn 0.803805 -0.079900 -0.589503
vn 0.818766 -0.099296 -0.565476
vn 0.732011 -0.067801 -0.677910
vn 0.726479 -0.003300 -0.687180
vn 0.802703 -0.014500 -0.596202
vn 0.803805 -0.079900 -0.589503
vn 0.867897 -0.027200 -0.495998
vn 0.867095 -0.094499 -0.489097
vn 0.803805 -0.079900 -0.589503
vn 0.802703 -0.014500 -0.596202
vn 0.867095 -0.094499 -0.489097
vn 0.877598 -0.114600 -0.465499
vn 0.818766 -0.099296 -0.565476
vn 0.803805 -0.079900 -0.589503
vn 0.557893 -0.075299 -0.826490
vn 0.532186 -0.054399 -0.844878
vn 0.646821 -0.059402 -0.760325
vn 0.662518 -0.078502 -0.744921
vn 0.532186 -0.054399 -0.844878
vn 0.516490 0.019000 -0.856083
vn 0.636403 0.009100 -0.771303
vn 0.646821 -0.059402 -0.760325
vn 0.726479 -0.003300 -0.687180
vn 0.732011 -0.067801 -0.677910
vn 0.646821 -0.059402 -0.760325
vn 0.636403 0.009100 -0.771303
vn 0.732011 -0.067801 -0.677910
vn 0.747586 -0.085898 -0.658587
vn 0.662518 -0.078502 -0.744921
vn 0.646821 -0.059402 -0.760325
vn 0.516490 0.019000 -0.856083
vn 0.507471 0.107394 -0.854950
vn 0.621182 0.090897 -0.778377
vn 0.636403 0.009100 -0.771303
vn 0.507471 0.107394 -0.854950
vn 0.484112 0.178904 -0.856521
vn 0.595072 0.154593 -0.788663
vn 0.621182 0.090897 -0.778377
vn 0.715999 0.133600 -0.685199
vn 0.721984 0.073598 -0.687985
vn 0.621182 0.090897 -0.778377
vn 0.595072 0.154593 -0.788663
vn 0.721984 0.073598 -0.687985
vn 0.726479 -0.003300 -0.687180
vn 0.636403 0.009100 -0.771303
vn 0.621182 0.090897 -0.778377
vn 0.726479 -0.003300 -0.687180
vn 0.721984 0.073598 -0.687985
vn 0.808568 0.063398 -0.584977
vn 0.802703 -0.014500 -0.596202
vn 0.721984 0.073598 -0.687985
vn 0.715999 0.133600 -0.685199
vn 0.816478 0.124997 -0.563685
vn 0.808568 0.063398 -0.584977
vn 0.879102 0.117200 -0.462001
vn 0.874007 0.053100 -0.483004
vn 0.808568 0.063398 -0.584977
vn 0.816478 0.124997 -0.563685
vn 0.874007 0.053100 -0.483004
vn 0.867897 -0.027200 -0.495998
vn 0.802703 -0.014500 -0.596202
vn 0.808568 0.063398 -0.584977
vn 0.715999 0.133600 -0.685199
vn 0.705889 0.199697 -0.679590
vn 0.824178 0.182895 -0.535986
vn 0.816478 0.124997 -0.563685
vn 0.705889 0.199697 -0.679590
vn 0.678727 0.296612 -0.671827
vn 0.815614 0.250604 -0.521509
vn 0.824178 0.182895 -0.535986
vn 0.875298 0.219499 -0.430899
vn 0.881556 0.170592 -0.440178
vn 0.824178 0.182895 -0.535986
vn 0.815614 0.250604 -0.521509
vn 0.881556 0.170592 -0.440178
vn 0.879102 0.117200 -0.462001
vn 0.816478 0.124997 -0.563685
vn 0.824178 0.182895 -0.535986
vn 0.484112 0.178904 -0.856521
vn 0.426018 0.259711 -0.866637
vn 0.550290 0.228196 -0.803186
vn 0.595072 0.154593 -0.788663
vn 0.426018 0.259711 -0.866637
vn 0.352083 0.374782 -0.857658
vn 0.492904 0.341403 -0.800306
vn 0.550290 0.228196 -0.803186
vn 0.678727 0.296612 -0.671827
vn 0.705889 0.199697 -0.679590
vn 0.550290 0.228196 -0.803186
vn 0.492904 0.341403 -0.800306
vn 0.705889 0.199697 -0.679590
vn 0.715999 0.133600 -0.685199
vn 0.595072 0.154593 -0.788663
vn 0.550290 0.228196 -0.803186
vn 0.352083 0.374782 -0.857658
vn 0.291801 0.477602 -0.828703
vn 0.436017 0.451418 -0.778531
vn 0.492904 0.341403 -0.800306
vn 0.291801 0.477602 -0.828703
vn 0.263101 0.517702 -0.814103
vn 0.403000 0.506600 -0.762200
vn 0.436017 0.451418 -0.778531
vn 0.577088 0.473390 -0.665486
vn 0.625726 0.400917 -0.669128
vn 0.436017 0.451418 -0.778531
vn 0.403000 0.506600 -0.762200
vn 0.625726 0.400917 -0.669128
vn 0.678727 0.296612 -0.671827
vn 0.492904 0.341403 -0.800306
vn 0.436017 0.451418 -0.778531
vn 0.678727 0.296612 -0.671827
vn 0.625726 0.400917 -0.669128
vn 0.775888 0.332895 -0.535891
vn 0.815614 0.250604 -0.521509
vn 0.625726 0.400917 -0.669128
vn 0.577088 0.473390 -0.665486
vn 0.723209 0.418605 -0.549307
vn 0.775888 0.332895 -0.535891
vn 0.808379 0.363291 -0.463188
vn 0.852114 0.279604 -0.442407
vn 0.775888 0.332895 -0.535891
vn 0.723209 0.418605 -0.549307
vn 0.852114 0.279604 -0.442407
vn 0.875298 0.219499 -0.430899
vn 0.815614 0.250604 -0.521509
vn 0.775888 0.332895 -0.535891
vn 0.577088 0.473390 -0.665486
vn 0.576015 0.508513 -0.640017
vn 0.698508 0.463505 -0.545206
vn 0.723209 0.418605 -0.549307
vn 0.576015 0.508513 -0.640017
vn 0.550507 0.527807 -0.646809
vn 0.661808 0.445006 -0.603307
vn 0.698508 0.463505 -0.545206
vn 0.685531 0.381917 -0.619828
vn 0.752995 0.418498 -0.507797
vn 0.698508 0.463505 -0.545206
vn 0.661808 0.445006 -0.603307
vn 0.752995 0.418498 -0.507797
vn 0.808379 0.363291 -0.463188
vn 0.723209 0.418605 -0.549307
vn 0.698508 0.463505 -0.545206
vn 0.263101 0.517702 -0.814103
vn 0.282589 0.547179 -0.787870
vn 0.418084 0.537980 -0.731972
vn 0.403000 0.506600 -0.762200
vn 0.282589 0.547179 -0.787870
vn 0.271200 0.645599 -0.713899
vn 0.398021 0.599332 -0.694537
vn 0.418084 0.537980 -0.731972
vn 0.550507 0.527807 -0.646809
vn 0.576015 0.508513 -0.640017
vn 0.418084 0.537980 -0.731972
vn 0.398021 0.599332 -0.694537
vn 0.576015 0.508513 -0.640017
vn 0.577088 0.473390 -0.665486
vn 0.403000 0.506600 -0.762200
vn 0.418084 0.537980 -0.731972
vn 0.271200 0.645599 -0.713899
vn 0.159798 0.684492 -0.711291
vn 0.262702 0.611204 -0.746604
vn 0.398021 0.599332 -0.694537
vn 0.159798 0.684492 -0.711291
vn 0.171200 0.373000 -0.911900
vn 0.258202 0.309402 -0.915206
vn 0.262702 0.611204 -0.746604
vn 0.367103 0.224402 -0.902707
vn 0.418585 0.504481 -0.755172
vn 0.262702 0.611204 -0.746604
vn 0.258202 0.309402 -0.915206
vn 0.418585 0.504481 -0.755172
vn 0.550507 0.527807 -0.646809
vn 0.398021 0.599332 -0.694537
vn 0.262702 0.611204 -0.746604
vn 0.550507 0.527807 -0.646809
vn 0.418585 0.504481 -0.755172
vn 0.542817 0.377312 -0.750324
vn 0.661808 0.445006 -0.603307
vn 0.418585 0.504481 -0.755172
vn 0.367103 0.224402 -0.902707
vn 0.454376 0.128093 -0.881553
vn 0.542817 0.377312 -0.750324
vn 0.514388 0.053599 -0.855881
vn 0.585397 0.277998 -0.761596
vn 0.542817 0.377312 -0.750324
vn 0.454376 0.128093 -0.881553
vn 0.585397 0.277998 -0.761596
vn 0.685531 0.381917 -0.619828
vn 0.661808 0.445006 -0.603307
vn 0.542817 0.377312 -0.750324
vn 0.367103 0.224402 -0.902707
vn 0.392310 -0.210505 -0.895422
vn 0.434518 -0.241310 -0.867735
vn 0.454376 0.128093 -0.881553
vn 0.392310 -0.210505 -0.895422
vn 0.362089 -0.415587 -0.834374
vn 0.428507 -0.409107 -0.805614
vn 0.434518 -0.241310 -0.867735
vn 0.539211 -0.373707 -0.754715
vn 0.504005 -0.247403 -0.827509
vn 0.434518 -0.241310 -0.867735
vn 0.428507 -0.409107 -0.805614
vn 0.504005 -0.247403 -0.827509
vn 0.514388 0.053599 -0.855881
vn 0.454376 0.128093 -0.881553
vn 0.434518 -0.241310 -0.867735
vn 0.171200 0.373000 -0.911900
vn 0.261010 -0.147906 -0.953938
vn 0.343804 -0.174902 -0.922610
vn 0.258202 0.309402 -0.915206
vn 0.261010 -0.147906 -0.953938
vn 0.228702 -0.386904 -0.893309
vn 0.307209 -0.402512 -0.862326
vn 0.343804 -0.174902 -0.922610
vn 0.362089 -0.415587 -0.834374
vn 0.392310 -0.210505 -0.895422
vn 0.343804 -0.174902 -0.922610
vn 0.307209 -0.402512 -0.862326
vn 0.392310 -0.210505 -0.895422
vn 0.367103 0.224402 -0.902707
vn 0.258202 0.309402 -0.915206
vn 0.343804 -0.174902 -0.922610
vn -0.308801 -0.399402 0.863204
vn -0.326710 -0.397812 0.857325
vn -0.496402 -0.368702 0.785903
vn -0.476494 -0.357995 0.802990
vn -0.326710 -0.397812 0.857325
vn -0.347584 -0.307886 0.885659
vn -0.505113 -0.283907 0.815020
vn -0.496402 -0.368702 0.785903
vn -0.682098 -0.246399 0.688498
vn -0.683809 -0.317404 0.657009
vn -0.496402 -0.368702 0.785903
vn -0.505113 -0.283907 0.815020
vn -0.683809 -0.317404 0.657009
vn -0.663092 -0.281497 0.693591
vn -0.476494 -0.357995 0.802990
vn -0.496402 -0.368702 0.785903
vn -0.663092 -0.281497 0.693591
vn -0.683809 -0.317404 0.657009
vn -0.821526 -0.255708 0.509616
vn -0.795107 -0.190402 0.575805
vn -0.683809 -0.317404 0.657009
vn -0.682098 -0.246399 0.688498
vn -0.825724 -0.201606 0.526815
vn -0.821526 -0.255708 0.509616
vn -0.912908 -0.153001 0.378403
vn -0.887596 -0.200499 0.414698
vn -0.821526 -0.255708 0.509616
vn -0.825724 -0.201606 0.526815
vn -0.887596 -0.200499 0.414698
vn -0.849396 -0.127599 0.512098
vn -0.795107 -0.190402 0.575805
vn -0.821526 -0.255708 0.509616
vn -0.682098 -0.246399 0.688498
vn -0.710919 -0.139404 0.689319
vn -0.839752 -0.109407 0.531833
vn -0.825724 -0.201606 0.526815
vn -0.710919 -0.139404 0.689319
vn -0.741379 -0.038499 0.669981
vn -0.845170 -0.037499 0.533181
vn -0.839752 -0.109407 0.531833
vn -0.909592 -0.049900 0.412496
vn -0.921423 -0.086502 0.378810
vn -0.839752 -0.109407 0.531833
vn -0.845170 -0.037499 0.533181
vn -0.921423 -0.086502 0.378810
vn -0.912908 -0.153001 0.378403
vn -0.825724 -0.201606 0.526815
vn -0.839752 -0.109407 0.531833
vn -0.347584 -0.307886 0.885659
vn -0.395413 -0.194706 0.897629
vn -0.550279 -0.170593 0.817369
vn -0.505113 -0.283907 0.815020
vn -0.395413 -0.194706 0.897629
vn -0.448314 -0.066102 0.891429
vn -0.601993 -0.050699 0.796890
vn -0.550279 -0.170593 0.817369
vn -0.741379 -0.038499 0.669981
vn -0.710919 -0.139404 0.689319
vn -0.550279 -0.170593 0.817369
vn -0.601993 -0.050699 0.796890
vn -0.710919 -0.139404 0.689319
vn -0.682098 -0.246399 0.688498
vn -0.505113 -0.283907 0.815020
vn -0.550279 -0.170593 0.817369
vn -0.179605 -0.216906 0.959528
vn -0.199103 -0.210903 0.957015
vn -0.345992 -0.184696 0.919879
vn -0.366695 -0.199097 0.908788
vn -0.199103 -0.210903 0.957015
vn -0.236005 -0.260006 0.936322
vn -0.353595 -0.225997 0.907687
vn -0.345992 -0.184696 0.919879
vn -0.504221 -0.169707 0.846735
vn -0.504991 -0.153397 0.849384
vn -0.345992 -0.184696 0.919879
vn -0.353595 -0.225997 0.907687
vn -0.504991 -0.153397 0.849384
vn -0.543492 -0.179997 0.819888
vn -0.366695 -0.199097 0.908788
vn -0.345992 -0.184696 0.919879
vn -0.543492 -0.179997 0.819888
vn -0.504991 -0.153397 0.849384
vn -0.669921 -0.110103 0.734223
vn -0.710716 -0.154003 0.686415
vn -0.504991 -0.153397 0.849384
vn -0.504221 -0.169707 0.846735
vn -0.659808 -0.089301 0.746109
vn -0.669921 -0.110103 0.734223
vn -0.801784 -0.005500 0.597588
vn -0.821607 -0.054900 0.567405
vn -0.669921 -0.110103 0.734223
vn -0.659808 -0.089301 0.746109
vn -0.821607 -0.054900 0.567405
vn -0.845617 -0.119202 0.520310
vn -0.710716 -0.154003 0.686415
vn -0.669921 -0.110103 0.734223
vn -0.504221 -0.169707 0.846735
vn -0.577193 -0.210198 0.789091
vn -0.717515 -0.102802 0.688915
vn -0.659808 -0.089301 0.746109
vn -0.577193 -0.210198 0.789091
vn -0.663092 -0.281497 0.693591
vn -0.795107 -0.190402 0.575805
vn -0.717515 -0.102802 0.688915
vn -0.849396 -0.127599 0.512098
vn -0.808906 -0.016600 0.587704
vn -0.717515 -0.102802 0.688915
vn -0.795107 -0.190402 0.575805
vn -0.808906 -0.016600 0.587704
vn -0.801784 -0.005500 0.597588
vn -0.659808 -0.089301 0.746109
vn -0.717515 -0.102802 0.688915
vn -0.236005 -0.260006 0.936322
vn -0.275406 -0.335407 0.900918
vn -0.410302 -0.291802 0.864005
vn -0.353595 -0.225997 0.907687
vn -0.275406 -0.335407 0.900918
vn -0.308801 -0.399402 0.863204
vn -0.476494 -0.357995 0.802990
vn -0.410302 -0.291802 0.864005
vn -0.663092 -0.281497 0.693591
vn -0.577193 -0.210198 0.789091
vn -0.410302 -0.291802 0.864005
vn -0.476494 -0.357995 0.802990
vn -0.577193 -0.210198 0.789091
vn -0.504221 -0.169707 0.846735
vn -0.353595 -0.225997 0.907687
vn -0.410302 -0.291802 0.864005
vn -0.224306 -0.297108 0.928124
vn -0.214597 -0.280397 0.935589
vn -0.450976 -0.281885 0.846854
vn -0.458110 -0.298106 0.837418
vn -0.214597 -0.280397 0.935589
vn -0.197203 -0.263404 0.944314
vn -0.426704 -0.262003 0.865609
vn -0.450976 -0.281885 0.846854
vn -0.619509 -0.251204 0.743711
vn -0.641897 -0.269699 0.717796
vn -0.450976 -0.281885 0.846854
vn -0.426704 -0.262003 0.865609
vn -0.641897 -0.269699 0.717796
vn -0.646510 -0.281904 0.708911
vn -0.458110 -0.298106 0.837418
vn -0.450976 -0.281885 0.846854
vn -0.646510 -0.281904 0.708911
vn -0.641897 -0.269699 0.717796
vn -0.793860 -0.244818 0.556642
vn -0.797878 -0.255093 0.546185
vn -0.641897 -0.269699 0.717796
vn -0.619509 -0.251204 0.743711
vn -0.777099 -0.229100 0.586200
vn -0.793860 -0.244818 0.556642
vn -0.877108 -0.205302 0.434204
vn -0.887157 -0.219389 0.405980
vn -0.793860 -0.244818 0.556642
vn -0.777099 -0.229100 0.586200
vn -0.887157 -0.219389 0.405980
vn -0.891429 -0.227507 0.391913
vn -0.797878 -0.255093 0.546185
vn -0.793860 -0.244818 0.556642
vn -0.619509 -0.251204 0.743711
vn -0.584601 -0.222900 0.780101
vn -0.748401 -0.201800 0.631801
vn -0.777099 -0.229100 0.586200
vn -0.584601 -0.222900 0.780101
vn -0.543492 -0.179997 0.819888
vn -0.710716 -0.154003 0.686415
vn -0.748401 -0.201800 0.631801
vn -0.845617 -0.119202 0.520310
vn -0.863777 -0.175595 0.472287
vn -0.748401 -0.201800 0.631801
vn -0.710716 -0.154003 0.686415
vn -0.863777 -0.175595 0.472287
vn -0.877108 -0.205302 0.434204
vn -0.777099 -0.229100 0.586200
vn -0.748401 -0.201800 0.631801
vn -0.197203 -0.263404 0.944314
vn -0.182702 -0.243603 0.952511
vn -0.396292 -0.235595 0.887382
vn -0.426704 -0.262003 0.865609
vn -0.182702 -0.243603 0.952511
vn -0.179605 -0.216906 0.959528
vn -0.366695 -0.199097 0.908788
vn -0.396292 -0.235595 0.887382
vn -0.543492 -0.179997 0.819888
vn -0.584601 -0.222900 0.780101
vn -0.396292 -0.235595 0.887382
vn -0.366695 -0.199097 0.908788
vn -0.584601 -0.222900 0.780101
vn -0.619509 -0.251204 0.743711
vn -0.426704 -0.262003 0.865609
vn -0.396292 -0.235595 0.887382
vn -0.158500 -0.211699 0.964397
vn -0.174207 -0.252310 0.951836
vn -0.379324 -0.267817 0.885656
vn -0.372109 -0.238506 0.897023
vn -0.174207 -0.252310 0.951836
vn -0.197807 -0.285210 0.937832
vn -0.403799 -0.291999 0.866997
vn -0.379324 -0.267817 0.885656
vn -0.595915 -0.285407 0.750619
vn -0.571873 -0.274187 0.773164
vn -0.379324 -0.267817 0.885656
vn -0.403799 -0.291999 0.866997
vn -0.571873 -0.274187 0.773164
vn -0.564616 -0.257607 0.784122
vn -0.372109 -0.238506 0.897023
vn -0.379324 -0.267817 0.885656
vn -0.564616 -0.257607 0.784122
vn -0.571873 -0.274187 0.773164
vn -0.748302 -0.269601 0.606102
vn -0.741605 -0.264702 0.616404
vn -0.571873 -0.274187 0.773164
vn -0.595915 -0.285407 0.750619
vn -0.766584 -0.268994 0.583088
vn -0.748302 -0.269601 0.606102
vn -0.874420 -0.247306 0.417409
vn -0.863259 -0.256588 0.434679
vn -0.748302 -0.269601 0.606102
vn -0.766584 -0.268994 0.583088
vn -0.863259 -0.256588 0.434679
vn -0.859740 -0.261312 0.438820
vn -0.741605 -0.264702 0.616404
vn -0.748302 -0.269601 0.606102
vn -0.595915 -0.285407 0.750619
vn -0.626297 -0.288099 0.724397
vn -0.786209 -0.263203 0.559106
vn -0.766584 -0.268994 0.583088
vn -0.626297 -0.288099 0.724397
vn -0.646510 -0.281904 0.708911
vn -0.797878 -0.255093 0.546185
vn -0.786209 -0.263203 0.559106
vn -0.891429 -0.227507 0.391913
vn -0.885786 -0.236196 0.399494
vn -0.786209 -0.263203 0.559106
vn -0.797878 -0.255093 0.546185
vn -0.885786 -0.236196 0.399494
vn -0.874420 -0.247306 0.417409
vn -0.766584 -0.268994 0.583088
vn -0.786209 -0.263203 0.559106
vn -0.197807 -0.285210 0.937832
vn -0.215997 -0.302396 0.928387
vn -0.436203 -0.304102 0.846906
vn -0.403799 -0.291999 0.866997
vn -0.215997 -0.302396 0.928387
vn -0.224306 -0.297108 0.928124
vn -0.458110 -0.298106 0.837418
vn -0.436203 -0.304102 0.846906
vn -0.646510 -0.281904 0.708911
vn -0.626297 -0.288099 0.724397
vn -0.436203 -0.304102 0.846906
vn -0.458110 -0.298106 0.837418
vn -0.626297 -0.288099 0.724397
vn -0.595915 -0.285407 0.750619
vn -0.403799 -0.291999 0.866997
vn -0.436203 -0.304102 0.846906
vn -0.242305 -0.078502 0.967019
vn -0.211008 -0.104004 0.971936
vn -0.470512 -0.170204 0.865823
vn -0.511808 -0.143602 0.847013
vn -0.211008 -0.104004 0.971936
vn -0.190903 -0.138302 0.971817
vn -0.431724 -0.191011 0.881549
vn -0.470512 -0.170204 0.865823
vn -0.622383 -0.232194 0.747479
vn -0.658974 -0.218691 0.719672
vn -0.470512 -0.170204 0.865823
vn -0.431724 -0.191011 0.881549
vn -0.658974 -0.218691 0.719672
vn -0.698227 -0.189907 0.690227
vn -0.511808 -0.143602 0.847013
vn -0.470512 -0.170204 0.865823
vn -0.698227 -0.189907 0.690227
vn -0.658974 -0.218691 0.719672
vn -0.807300 -0.243200 0.537700
vn -0.835391 -0.215398 0.505694
vn -0.658974 -0.218691 0.719672
vn -0.622383 -0.232194 0.747479
vn -0.784198 -0.254099 0.566098
vn -0.807300 -0.243200 0.537700
vn -0.888918 -0.257105 0.379108
vn -0.900959 -0.245489 0.357783
vn -0.807300 -0.243200 0.537700
vn -0.784198 -0.254099 0.566098
vn -0.900959 -0.245489 0.357783
vn -0.917398 -0.221999 0.330299
vn -0.835391 -0.215398 0.505694
vn -0.807300 -0.243200 0.537700
vn -0.622383 -0.232194 0.747479
vn -0.586096 -0.242199 0.773195
vn -0.758264 -0.258588 0.598472
vn -0.784198 -0.254099 0.566098
vn -0.586096 -0.242199 0.773195
vn -0.564616 -0.257607 0.784122
vn -0.741605 -0.264702 0.616404
vn -0.758264 -0.258588 0.598472
vn -0.859740 -0.261312 0.438820
vn -0.872239 -0.261312 0.413419
vn -0.758264 -0.258588 0.598472
vn -0.741605 -0.264702 0.616404
vn -0.872239 -0.261312 0.413419
vn -0.888918 -0.257105 0.379108
vn -0.784198 -0.254099 0.566098
vn -0.758264 -0.258588 0.598472
vn -0.190903 -0.138302 0.971817
vn -0.168001 -0.172901 0.970506
vn -0.393795 -0.211697 0.894489
vn -0.431724 -0.191011 0.881549
vn -0.168001 -0.172901 0.970506
vn -0.158500 -0.211699 0.964397
vn -0.372109 -0.238506 0.897023
vn -0.393795 -0.211697 0.894489
vn -0.564616 -0.257607 0.784122
vn -0.586096 -0.242199 0.773195
vn -0.393795 -0.211697 0.894489
vn -0.372109 -0.238506 0.897023
vn -0.586096 -0.242199 0.773195
vn -0.622383 -0.232194 0.747479
vn -0.431724 -0.191011 0.881549
vn -0.393795 -0.211697 0.894489
vn 0.989270 0.051298 -0.136796
vn 0.997966 -0.039799 -0.049798
vn 0.998818 -0.036401 -0.032201
vn 0.989734 0.066702 -0.126404
vn 0.997966 -0.039799 -0.049798
vn 0.996852 -0.068697 -0.039598
vn 0.996892 -0.078499 0.006600
vn 0.998818 -0.036401 -0.032201
vn 0.995414 -0.082801 0.047901
vn 0.998990 -0.023000 -0.038600
vn 0.998818 -0.036401 -0.032201
vn 0.996892 -0.078499 0.006600
vn 0.998990 -0.023000 -0.038600
vn 0.985314 0.091601 -0.144102
vn 0.989734 0.066702 -0.126404
vn 0.998818 -0.036401 -0.032201
vn 0.985314 0.091601 -0.144102
vn 0.998990 -0.023000 -0.038600
vn 0.999551 -0.007600 -0.028999
vn 0.984897 0.103500 -0.138800
vn 0.998990 -0.023000 -0.038600
vn 0.995414 -0.082801 0.047901
vn 0.991866 -0.080497 0.098597
vn 0.999551 -0.007600 -0.028999
vn 0.980073 -0.077498 0.182895
vn 0.999699 0.003400 0.024300
vn 0.999551 -0.007600 -0.028999
vn 0.991866 -0.080497 0.098597
vn 0.999699 0.003400 0.024300
vn 0.991376 0.099998 -0.084698
vn 0.984897 0.103500 -0.138800
vn 0.999551 -0.007600 -0.028999
vn 0.995414 -0.082801 0.047901
vn 0.990062 -0.114896 0.081097
vn 0.974886 -0.128498 0.181897
vn 0.991866 -0.080497 0.098597
vn 0.990062 -0.114896 0.081097
vn 0.985902 -0.130200 0.105100
vn 0.961327 -0.148404 0.232006
vn 0.974886 -0.128498 0.181897
vn 0.917692 -0.165899 0.360997
vn 0.944100 -0.139900 0.298500
vn 0.974886 -0.128498 0.181897
vn 0.961327 -0.148404 0.232006
vn 0.944100 -0.139900 0.298500
vn 0.980073 -0.077498 0.182895
vn 0.991866 -0.080497 0.098597
vn 0.974886 -0.128498 0.181897
vn 0.996852 -0.068697 -0.039598
vn 0.993165 -0.079997 -0.084997
vn 0.995237 -0.096804 -0.011500
vn 0.996892 -0.078499 0.006600
vn 0.993165 -0.079997 -0.084997
vn 0.989122 -0.100402 -0.107502
vn 0.993502 -0.112900 -0.014400
vn 0.995237 -0.096804 -0.011500
vn 0.985902 -0.130200 0.105100
vn 0.990062 -0.114896 0.081097
vn 0.995237 -0.096804 -0.011500
vn 0.993502 -0.112900 -0.014400
vn 0.990062 -0.114896 0.081097
vn 0.995414 -0.082801 0.047901
vn 0.996892 -0.078499 0.006600
vn 0.995237 -0.096804 -0.011500
vn 0.989122 -0.100402 -0.107502
vn 0.988399 -0.130500 -0.077700
vn 0.990470 -0.134996 0.027299
vn 0.993502 -0.112900 -0.014400
vn 0.988399 -0.130500 -0.077700
vn 0.986714 -0.158802 -0.034301
vn 0.983028 -0.161405 0.087202
vn 0.990470 -0.134996 0.027299
vn 0.967518 -0.161003 0.194904
vn 0.979526 -0.142004 0.142704
vn 0.990470 -0.134996 0.027299
vn 0.983028 -0.161405 0.087202
vn 0.979526 -0.142004 0.142704
vn 0.985902 -0.130200 0.105100
vn 0.993502 -0.112900 -0.014400
vn 0.990470 -0.134996 0.027299
vn 0.985902 -0.130200 0.105100
vn 0.979526 -0.142004 0.142704
vn 0.953032 -0.153805 0.260909
vn 0.961327 -0.148404 0.232006
vn 0.979526 -0.142004 0.142704
vn 0.967518 -0.161003 0.194904
vn 0.940693 -0.163799 0.297098
vn 0.953032 -0.153805 0.260909
vn 0.896292 -0.170698 0.409296
vn 0.907801 -0.169100 0.383800
vn 0.953032 -0.153805 0.260909
vn 0.940693 -0.163799 0.297098
vn 0.907801 -0.169100 0.383800
vn 0.917692 -0.165899 0.360997
vn 0.961327 -0.148404 0.232006
vn 0.953032 -0.153805 0.260909
vn 0.967518 -0.161003 0.194904
vn 0.949279 -0.169096 0.265094
vn 0.916581 -0.167896 0.362892
vn 0.940693 -0.163799 0.297098
vn 0.949279 -0.169096 0.265094
vn 0.934110 -0.143202 0.327004
vn 0.890140 -0.147607 0.431119
vn 0.916581 -0.167896 0.362892
vn 0.828683 -0.150197 0.539189
vn 0.866678 -0.168396 0.469588
vn 0.916581 -0.167896 0.362892
vn 0.890140 -0.147607 0.431119
vn 0.866678 -0.168396 0.469588
vn 0.896292 -0.170698 0.409296
vn 0.940693 -0.163799 0.297098
vn 0.916581 -0.167896 0.362892
vn 0.986714 -0.158802 -0.034301
vn 0.987138 -0.159806 0.004500
vn 0.973913 -0.168402 0.152102
vn 0.983028 -0.161405 0.087202
vn 0.987138 -0.159806 0.004500
vn 0.993250 -0.110494 0.035298
vn 0.970343 -0.132006 0.202509
vn 0.973913 -0.168402 0.152102
vn 0.934110 -0.143202 0.327004
vn 0.949279 -0.169096 0.265094
vn 0.973913 -0.168402 0.152102
vn 0.970343 -0.132006 0.202509
vn 0.949279 -0.169096 0.265094
vn 0.967518 -0.161003 0.194904
vn 0.983028 -0.161405 0.087202
vn 0.973913 -0.168402 0.152102
vn 0.993250 -0.110494 0.035298
vn 0.997829 -0.040401 0.052002
vn 0.971582 -0.072599 0.225296
vn 0.970343 -0.132006 0.202509
vn 0.997829 -0.040401 0.052002
vn 0.997465 0.019999 0.068298
vn 0.970163 -0.013299 0.242091
vn 0.971582 -0.072599 0.225296
vn 0.920599 -0.041500 0.388299
vn 0.926433 -0.096003 0.364013
vn 0.971582 -0.072599 0.225296
vn 0.970163 -0.013299 0.242091
vn 0.926433 -0.096003 0.364013
vn 0.934110 -0.143202 0.327004
vn 0.970343 -0.132006 0.202509
vn 0.971582 -0.072599 0.225296
vn 0.934110 -0.143202 0.327004
vn 0.926433 -0.096003 0.364013
vn 0.868332 -0.111804 0.483218
vn 0.890140 -0.147607 0.431119
vn 0.926433 -0.096003 0.364013
vn 0.920599 -0.041500 0.388299
vn 0.854580 -0.067698 0.514888
vn 0.868332 -0.111804 0.483218
vn 0.765595 -0.095499 0.636196
vn 0.790006 -0.124601 0.600304
vn 0.868332 -0.111804 0.483218
vn 0.854580 -0.067698 0.514888
vn 0.790006 -0.124601 0.600304
vn 0.828683 -0.150197 0.539189
vn 0.890140 -0.147607 0.431119
vn 0.868332 -0.111804 0.483218
vn 0.920599 -0.041500 0.388299
vn 0.914975 -0.004100 0.403489
vn 0.855423 -0.036901 0.516614
vn 0.854580 -0.067698 0.514888
vn 0.914975 -0.004100 0.403489
vn 0.920694 -0.008300 0.390197
vn 0.872354 -0.048397 0.486474
vn 0.855423 -0.036901 0.516614
vn 0.797617 -0.097002 0.595313
vn 0.771692 -0.077199 0.631294
vn 0.855423 -0.036901 0.516614
vn 0.872354 -0.048397 0.486474
vn 0.771692 -0.077199 0.631294
vn 0.765595 -0.095499 0.636196
vn 0.854580 -0.067698 0.514888
vn 0.855423 -0.036901 0.516614
vn 0.997465 0.019999 0.068298
vn 0.993476 0.060299 0.096798
vn 0.963075 0.025799 0.267993
vn 0.970163 -0.013299 0.242091
vn 0.993476 0.060299 0.096798
vn 0.991109 0.075001 0.109901
vn 0.961703 0.030400 0.272401
vn 0.963075 0.025799 0.267993
vn 0.920694 -0.008300 0.390197
vn 0.914975 -0.004100 0.403489
vn 0.963075 0.025799 0.267993
vn 0.961703 0.030400 0.272401
vn 0.914975 -0.004100 0.403489
vn 0.920599 -0.041500 0.388299
vn 0.970163 -0.013299 0.242091
vn 0.963075 0.025799 0.267993
vn 0.991109 0.075001 0.109901
vn 0.994300 0.071600 0.079000
vn 0.973672 0.012800 0.227593
vn 0.961703 0.030400 0.272401
vn 0.994300 0.071600 0.079000
vn 0.998639 0.052102 0.002200
vn 0.988769 -0.023499 0.147595
vn 0.973672 0.012800 0.227593
vn 0.960490 -0.083799 0.265397
vn 0.941400 -0.037500 0.335200
vn 0.973672 0.012800 0.227593
vn 0.988769 -0.023499 0.147595
vn 0.941400 -0.037500 0.335200
vn 0.920694 -0.008300 0.390197
vn 0.961703 0.030400 0.272401
vn 0.973672 0.012800 0.227593
vn 0.920694 -0.008300 0.390197
vn 0.941400 -0.037500 0.335200
vn 0.899184 -0.083698 0.429492
vn 0.872354 -0.048397 0.486474
vn 0.941400 -0.037500 0.335200
vn 0.960490 -0.083799 0.265397
vn 0.916161 -0.129294 0.379384
vn 0.899184 -0.083698 0.429492
vn 0.841160 -0.170892 0.513075
vn 0.827993 -0.134799 0.544295
vn 0.899184 -0.083698 0.429492
vn 0.916161 -0.129294 0.379384
vn 0.827993 -0.134799 0.544295
vn 0.797617 -0.097002 0.595313
vn 0.872354 -0.048397 0.486474
vn 0.899184 -0.083698 0.429492
vn 0.960490 -0.083799 0.265397
vn 0.966761 -0.140994 0.213291
vn 0.909922 -0.189405 0.369009
vn 0.916161 -0.129294 0.379384
vn 0.966761 -0.140994 0.213291
vn 0.961740 -0.196008 0.191408
vn 0.887814 -0.252104 0.385006
vn 0.909922 -0.189405 0.369009
vn 0.778595 -0.281798 0.560696
vn 0.820869 -0.220392 0.526880
vn 0.909922 -0.189405 0.369009
vn 0.887814 -0.252104 0.385006
vn 0.820869 -0.220392 0.526880
vn 0.841160 -0.170892 0.513075
vn 0.916161 -0.129294 0.379384
vn 0.909922 -0.189405 0.369009
vn 0.998639 0.052102 0.002200
vn 0.993355 0.025199 -0.112295
vn 0.996071 -0.068198 0.056498
vn 0.988769 -0.023499 0.147595
vn 0.993355 0.025199 -0.112295
vn 0.977275 -0.018200 -0.211195
vn 0.993128 -0.116803 -0.007400
vn 0.996071 -0.068198 0.056498
vn 0.961740 -0.196008 0.191408
vn 0.966761 -0.140994 0.213291
vn 0.996071 -0.068198 0.056498
vn 0.993128 -0.116803 -0.007400
vn 0.966761 -0.140994 0.213291
vn 0.960490 -0.083799 0.265397
vn 0.988769 -0.023499 0.147595
vn 0.996071 -0.068198 0.056498
vn 0.977275 -0.018200 -0.211195
vn 0.968797 -0.074800 -0.236299
vn 0.987926 -0.154904 -0.002800
vn 0.993128 -0.116803 -0.007400
vn 0.968797 -0.074800 -0.236299
vn 0.975180 -0.098298 -0.198396
vn 0.989157 -0.131394 0.065597
vn 0.987926 -0.154904 -0.002800
vn 0.938407 -0.160101 0.306202
vn 0.950130 -0.218807 0.222207
vn 0.987926 -0.154904 -0.002800
vn 0.989157 -0.131394 0.065597
vn 0.950130 -0.218807 0.222207
vn 0.961740 -0.196008 0.191408
vn 0.993128 -0.116803 -0.007400
vn 0.987926 -0.154904 -0.002800
vn 0.961740 -0.196008 0.191408
vn 0.950130 -0.218807 0.222207
vn 0.858121 -0.270507 0.436411
vn 0.887814 -0.252104 0.385006
vn 0.950130 -0.218807 0.222207
vn 0.938407 -0.160101 0.306202
vn 0.831557 -0.193690 0.520573
vn 0.858121 -0.270507 0.436411
vn 0.688599 -0.228200 0.688299
vn 0.724267 -0.301986 0.619872
vn 0.858121 -0.270507 0.436411
vn 0.831557 -0.193690 0.520573
vn 0.724267 -0.301986 0.619872
vn 0.778595 -0.281798 0.560696
vn 0.887814 -0.252104 0.385006
vn 0.858121 -0.270507 0.436411
vn 0.938407 -0.160101 0.306202
vn 0.926598 -0.066100 0.370199
vn 0.826990 -0.085399 0.555693
vn 0.831557 -0.193690 0.520573
vn 0.926598 -0.066100 0.370199
vn 0.931115 -0.017500 0.364306
vn 0.853415 -0.034201 0.520109
vn 0.826990 -0.085399 0.555693
vn 0.781495 -0.065200 0.620496
vn 0.715795 -0.121299 0.687695
vn 0.826990 -0.085399 0.555693
vn 0.853415 -0.034201 0.520109
vn 0.715795 -0.121299 0.687695
vn 0.688599 -0.228200 0.688299
vn 0.831557 -0.193690 0.520573
vn 0.826990 -0.085399 0.555693
vn 0.975180 -0.098298 -0.198396
vn 0.987265 -0.080197 -0.137395
vn 0.988057 -0.064597 0.139894
vn 0.989157 -0.131394 0.065597
vn 0.987265 -0.080197 -0.137395
vn 0.993972 -0.052598 -0.096197
vn 0.986956 -0.019599 0.159793
vn 0.988057 -0.064597 0.139894
vn 0.931115 -0.017500 0.364306
vn 0.926598 -0.066100 0.370199
vn 0.988057 -0.064597 0.139894
vn 0.986956 -0.019599 0.159793
vn 0.926598 -0.066100 0.370199
vn 0.938407 -0.160101 0.306202
vn 0.989157 -0.131394 0.065597
vn 0.988057 -0.064597 0.139894
vn 0.575632 -0.278715 0.768743
vn 0.624312 -0.285806 0.727014
vn 0.612416 -0.307408 0.728318
vn 0.541472 -0.305984 0.783059
vn 0.624312 -0.285806 0.727014
vn 0.649392 -0.255097 0.716391
vn 0.641180 -0.253592 0.724278
vn 0.612416 -0.307408 0.728318
vn 0.572009 -0.266604 0.775712
vn 0.546010 -0.344406 0.763713
vn 0.612416 -0.307408 0.728318
vn 0.641180 -0.253592 0.724278
vn 0.546010 -0.344406 0.763713
vn 0.483212 -0.341108 0.806320
vn 0.541472 -0.305984 0.783059
vn 0.612416 -0.307408 0.728318
vn 0.483212 -0.341108 0.806320
vn 0.546010 -0.344406 0.763713
vn 0.438729 -0.381425 0.813653
vn 0.401596 -0.374396 0.835792
vn 0.546010 -0.344406 0.763713
vn 0.572009 -0.266604 0.775712
vn 0.455206 -0.291804 0.841212
vn 0.438729 -0.381425 0.813653
vn 0.295202 -0.317303 0.901207
vn 0.296190 -0.410386 0.862470
vn 0.438729 -0.381425 0.813653
vn 0.455206 -0.291804 0.841212
vn 0.296190 -0.410386 0.862470
vn 0.287397 -0.402596 0.869091
vn 0.401596 -0.374396 0.835792
vn 0.438729 -0.381425 0.813653
vn 0.572009 -0.266604 0.775712
vn 0.537603 -0.190901 0.821304
vn 0.462215 -0.194706 0.865128
vn 0.455206 -0.291804 0.841212
vn 0.537603 -0.190901 0.821304
vn 0.488708 -0.143202 0.860615
vn 0.448101 -0.131200 0.884303
vn 0.462215 -0.194706 0.865128
vn 0.315898 -0.121399 0.940995
vn 0.315687 -0.208991 0.925562
vn 0.462215 -0.194706 0.865128
vn 0.448101 -0.131200 0.884303
vn 0.315687 -0.208991 0.925562
vn 0.295202 -0.317303 0.901207
vn 0.455206 -0.291804 0.841212
vn 0.462215 -0.194706 0.865128
vn 0.649392 -0.255097 0.716391
vn 0.615603 -0.218001 0.757304
vn 0.580430 -0.204011 0.788341
vn 0.641180 -0.253592 0.724278
vn 0.615603 -0.218001 0.757304
vn 0.587669 -0.165191 0.792059
vn 0.514312 -0.156404 0.843220
vn 0.580430 -0.204011 0.788341
vn 0.488708 -0.143202 0.860615
vn 0.537603 -0.190901 0.821304
vn 0.580430 -0.204011 0.788341
vn 0.514312 -0.156404 0.843220
vn 0.537603 -0.190901 0.821304
vn 0.572009 -0.266604 0.775712
vn 0.641180 -0.253592 0.724278
vn 0.580430 -0.204011 0.788341
vn 0.534790 -0.231396 0.812684
vn 0.556113 -0.255006 0.791018
vn 0.499120 -0.272311 0.822633
vn 0.487321 -0.253111 0.835735
vn 0.556113 -0.255006 0.791018
vn 0.558902 -0.251101 0.790302
vn 0.497393 -0.267396 0.825288
vn 0.499120 -0.272311 0.822633
vn 0.421410 -0.285307 0.860821
vn 0.428517 -0.287912 0.856434
vn 0.499120 -0.272311 0.822633
vn 0.497393 -0.267396 0.825288
vn 0.428517 -0.287912 0.856434
vn 0.433311 -0.270407 0.859722
vn 0.487321 -0.253111 0.835735
vn 0.499120 -0.272311 0.822633
vn 0.433311 -0.270407 0.859722
vn 0.428517 -0.287912 0.856434
vn 0.354413 -0.297111 0.886632
vn 0.378487 -0.277691 0.882970
vn 0.428517 -0.287912 0.856434
vn 0.421410 -0.285307 0.860821
vn 0.338604 -0.302104 0.891112
vn 0.354413 -0.297111 0.886632
vn 0.246594 -0.313892 0.916877
vn 0.277795 -0.297895 0.913284
vn 0.354413 -0.297111 0.886632
vn 0.338604 -0.302104 0.891112
vn 0.277795 -0.297895 0.913284
vn 0.321388 -0.275890 0.905867
vn 0.378487 -0.277691 0.882970
vn 0.354413 -0.297111 0.886632
vn 0.421410 -0.285307 0.860821
vn 0.437094 -0.292896 0.850389
vn 0.358308 -0.318707 0.877520
vn 0.338604 -0.302104 0.891112
vn 0.437094 -0.292896 0.850389
vn 0.483212 -0.341108 0.806320
vn 0.401596 -0.374396 0.835792
vn 0.358308 -0.318707 0.877520
vn 0.287397 -0.402596 0.869091
vn 0.257700 -0.342200 0.903599
vn 0.358308 -0.318707 0.877520
vn 0.401596 -0.374396 0.835792
vn 0.257700 -0.342200 0.903599
vn 0.246594 -0.313892 0.916877
vn 0.338604 -0.302104 0.891112
vn 0.358308 -0.318707 0.877520
vn 0.558902 -0.251101 0.790302
vn 0.557093 -0.249797 0.791990
vn 0.503800 -0.268900 0.820901
vn 0.497393 -0.267396 0.825288
vn 0.557093 -0.249797 0.791990
vn 0.575632 -0.278715 0.768743
vn 0.541472 -0.305984 0.783059
vn 0.503800 -0.268900 0.820901
vn 0.483212 -0.341108 0.806320
vn 0.437094 -0.292896 0.850389
vn 0.503800 -0.268900 0.820901
vn 0.541472 -0.305984 0.783059
vn 0.437094 -0.292896 0.850389
vn 0.421410 -0.285307 0.860821
vn 0.497393 -0.267396 0.825288
vn 0.503800 -0.268900 0.820901
vn 0.427283 -0.176293 0.886764
vn 0.423600 -0.162800 0.891100
vn 0.356591 -0.179896 0.916777
vn 0.331202 -0.193501 0.923506
vn 0.423600 -0.162800 0.891100
vn 0.438615 -0.177206 0.881031
vn 0.394275 -0.197388 0.897544
vn 0.356591 -0.179896 0.916777
vn 0.382707 -0.212004 0.899216
vn 0.338617 -0.193810 0.920748
vn 0.356591 -0.179896 0.916777
vn 0.394275 -0.197388 0.897544
vn 0.338617 -0.193810 0.920748
vn 0.297497 -0.207098 0.931990
vn 0.331202 -0.193501 0.923506
vn 0.356591 -0.179896 0.916777
vn 0.297497 -0.207098 0.931990
vn 0.338617 -0.193810 0.920748
vn 0.344301 -0.205901 0.916003
vn 0.303011 -0.217508 0.927833
vn 0.338617 -0.193810 0.920748
vn 0.382707 -0.212004 0.899216
vn 0.380983 -0.221090 0.897759
vn 0.344301 -0.205901 0.916003
vn 0.364512 -0.227707 0.902929
vn 0.344797 -0.216398 0.913393
vn 0.344301 -0.205901 0.916003
vn 0.380983 -0.221090 0.897759
vn 0.344797 -0.216398 0.913393
vn 0.318702 -0.224001 0.921006
vn 0.303011 -0.217508 0.927833
vn 0.344301 -0.205901 0.916003
vn 0.382707 -0.212004 0.899216
vn 0.416384 -0.243891 0.875866
vn 0.390016 -0.251010 0.885936
vn 0.380983 -0.221090 0.897759
vn 0.416384 -0.243891 0.875866
vn 0.433311 -0.270407 0.859722
vn 0.378487 -0.277691 0.882970
vn 0.390016 -0.251010 0.885936
vn 0.321388 -0.275890 0.905867
vn 0.353797 -0.251798 0.900792
vn 0.390016 -0.251010 0.885936
vn 0.378487 -0.277691 0.882970
vn 0.353797 -0.251798 0.900792
vn 0.364512 -0.227707 0.902929
vn 0.380983 -0.221090 0.897759
vn 0.390016 -0.251010 0.885936
vn 0.438615 -0.177206 0.881031
vn 0.486117 -0.202407 0.850130
vn 0.445682 -0.226491 0.866065
vn 0.394275 -0.197388 0.897544
vn 0.486117 -0.202407 0.850130
vn 0.534790 -0.231396 0.812684
vn 0.487321 -0.253111 0.835735
vn 0.445682 -0.226491 0.866065
vn 0.433311 -0.270407 0.859722
vn 0.416384 -0.243891 0.875866
vn 0.445682 -0.226491 0.866065
vn 0.487321 -0.253111 0.835735
vn 0.416384 -0.243891 0.875866
vn 0.382707 -0.212004 0.899216
vn 0.394275 -0.197388 0.897544
vn 0.445682 -0.226491 0.866065
vn 0.569293 -0.212897 0.794091
vn 0.491294 -0.232497 0.839390
vn 0.375189 -0.231893 0.897474
vn 0.488602 -0.208601 0.847203
vn 0.491294 -0.232497 0.839390
vn 0.448102 -0.225001 0.865205
vn 0.312388 -0.232891 0.920964
vn 0.375189 -0.231893 0.897474
vn 0.263294 -0.231695 0.936479
vn 0.322703 -0.220702 0.920409
vn 0.375189 -0.231893 0.897474
vn 0.312388 -0.232891 0.920964
vn 0.322703 -0.220702 0.920409
vn 0.441395 -0.193998 0.876091
vn 0.488602 -0.208601 0.847203
vn 0.375189 -0.231893 0.897474
vn 0.441395 -0.193998 0.876091
vn 0.322703 -0.220702 0.920409
vn 0.318088 -0.204393 0.925766
vn 0.417885 -0.171494 0.892167
vn 0.322703 -0.220702 0.920409
vn 0.263294 -0.231695 0.936479
vn 0.275407 -0.225006 0.934625
vn 0.318088 -0.204393 0.925766
vn 0.311801 -0.215001 0.925503
vn 0.333492 -0.188196 0.923778
vn 0.318088 -0.204393 0.925766
vn 0.275407 -0.225006 0.934625
vn 0.333492 -0.188196 0.923778
vn 0.397798 -0.149599 0.905195
vn 0.417885 -0.171494 0.892167
vn 0.318088 -0.204393 0.925766
vn 0.263294 -0.231695 0.936479
vn 0.266407 -0.227506 0.936626
vn 0.277090 -0.230991 0.932665
vn 0.275407 -0.225006 0.934625
vn 0.266407 -0.227506 0.936626
vn 0.297497 -0.207098 0.931990
vn 0.303011 -0.217508 0.927833
vn 0.277090 -0.230991 0.932665
vn 0.318702 -0.224001 0.921006
vn 0.308200 -0.229200 0.923299
vn 0.277090 -0.230991 0.932665
vn 0.303011 -0.217508 0.927833
vn 0.308200 -0.229200 0.923299
vn 0.311801 -0.215001 0.925503
vn 0.275407 -0.225006 0.934625
vn 0.277090 -0.230991 0.932665
vn 0.448102 -0.225001 0.865205
vn 0.432212 -0.203006 0.878625
vn 0.309710 -0.218307 0.925430
vn 0.312388 -0.232891 0.920964
vn 0.432212 -0.203006 0.878625
vn 0.427283 -0.176293 0.886764
vn 0.331202 -0.193501 0.923506
vn 0.309710 -0.218307 0.925430
vn 0.297497 -0.207098 0.931990
vn 0.266407 -0.227506 0.936626
vn 0.309710 -0.218307 0.925430
vn 0.331202 -0.193501 0.923506
vn 0.266407 -0.227506 0.936626
vn 0.263294 -0.231695 0.936479
vn 0.312388 -0.232891 0.920964
vn 0.309710 -0.218307 0.925430
vn 0.953846 0.051297 0.295883
vn 0.946147 0.083004 0.312916
vn 0.876611 0.086801 0.473306
vn 0.868683 0.058599 0.491890
vn 0.946147 0.083004 0.312916
vn 0.849492 0.002500 0.527595
vn 0.775014 -0.006500 0.631911
vn 0.876611 0.086801 0.473306
vn 0.736679 -0.009200 0.676180
vn 0.813377 0.080898 0.576084
vn 0.876611 0.086801 0.473306
vn 0.775014 -0.006500 0.631911
vn 0.813377 0.080898 0.576084
vn 0.814008 0.067601 0.576906
vn 0.868683 0.058599 0.491890
vn 0.876611 0.086801 0.473306
vn 0.814008 0.067601 0.576906
vn 0.813377 0.080898 0.576084
vn 0.777994 0.084999 0.622495
vn 0.777003 0.073400 0.625203
vn 0.813377 0.080898 0.576084
vn 0.736679 -0.009200 0.676180
vn 0.715097 0.006200 0.698997
vn 0.777994 0.084999 0.622495
vn 0.647391 0.010300 0.762089
vn 0.707677 0.080997 0.701878
vn 0.777994 0.084999 0.622495
vn 0.715097 0.006200 0.698997
vn 0.707677 0.080997 0.701878
vn 0.708892 0.074299 0.701392
vn 0.777003 0.073400 0.625203
vn 0.777994 0.084999 0.622495
vn 0.736679 -0.009200 0.676180
vn 0.602597 -0.124999 0.788196
vn 0.577898 -0.102100 0.809697
vn 0.715097 0.006200 0.698997
vn 0.602597 -0.124999 0.788196
vn 0.441395 -0.193998 0.876091
vn 0.417885 -0.171494 0.892167
vn 0.577898 -0.102100 0.809697
vn 0.397798 -0.149599 0.905195
vn 0.526614 -0.083202 0.846023
vn 0.577898 -0.102100 0.809697
vn 0.417885 -0.171494 0.892167
vn 0.526614 -0.083202 0.846023
vn 0.647391 0.010300 0.762089
vn 0.715097 0.006200 0.698997
vn 0.577898 -0.102100 0.809697
vn 0.849492 0.002500 0.527595
vn 0.691591 -0.139498 0.708691
vn 0.632726 -0.136606 0.762231
vn 0.775014 -0.006500 0.631911
vn 0.691591 -0.139498 0.708691
vn 0.569293 -0.212897 0.794091
vn 0.488602 -0.208601 0.847203
vn 0.632726 -0.136606 0.762231
vn 0.441395 -0.193998 0.876091
vn 0.602597 -0.124999 0.788196
vn 0.632726 -0.136606 0.762231
vn 0.488602 -0.208601 0.847203
vn 0.602597 -0.124999 0.788196
vn 0.736679 -0.009200 0.676180
vn 0.775014 -0.006500 0.631911
vn 0.632726 -0.136606 0.762231
vn 0.698203 0.197901 -0.688003
vn 0.606082 0.457186 -0.650881
vn 0.428896 0.533495 -0.728993
vn 0.542511 0.232905 -0.807117
vn 0.606082 0.457186 -0.650881
vn 0.533714 0.667118 -0.519714
vn 0.375197 0.723793 -0.579095
vn 0.428896 0.533495 -0.728993
vn 0.124401 0.777304 -0.616703
vn 0.193300 0.600900 -0.775600
vn 0.428896 0.533495 -0.728993
vn 0.375197 0.723793 -0.579095
vn 0.193300 0.600900 -0.775600
vn 0.338691 0.256793 -0.905177
vn 0.542511 0.232905 -0.807117
vn 0.428896 0.533495 -0.728993
vn 0.338691 0.256793 -0.905177
vn 0.193300 0.600900 -0.775600
vn -0.057497 0.617766 -0.784257
vn 0.111002 0.249803 -0.961913
vn 0.193300 0.600900 -0.775600
vn 0.124401 0.777304 -0.616703
vn -0.155193 0.780665 -0.605373
vn -0.057497 0.617766 -0.784257
vn -0.418514 0.727324 -0.543918
vn -0.320101 0.587903 -0.742903
vn -0.057497 0.617766 -0.784257
vn -0.155193 0.780665 -0.605373
vn -0.320101 0.587903 -0.742903
vn -0.154296 0.220194 -0.963176
vn 0.111002 0.249803 -0.961913
vn -0.057497 0.617766 -0.784257
vn 0.124401 0.777304 -0.616703
vn 0.119496 0.779277 -0.615182
vn -0.121999 0.768595 -0.627996
vn -0.155193 0.780665 -0.605373
vn 0.119496 0.779277 -0.615182
vn 0.119100 0.719502 -0.684202
vn -0.061903 0.710733 -0.700733
vn -0.121999 0.768595 -0.627996
vn -0.247303 0.691909 -0.678309
vn -0.355393 0.728386 -0.585789
vn -0.121999 0.768595 -0.627996
vn -0.061903 0.710733 -0.700733
vn -0.355393 0.728386 -0.585789
vn -0.418514 0.727324 -0.543918
vn -0.155193 0.780665 -0.605373
vn -0.121999 0.768595 -0.627996
vn 0.533714 0.667118 -0.519714
vn 0.469297 0.745995 -0.472497
vn 0.329283 0.767460 -0.550071
vn 0.375197 0.723793 -0.579095
vn 0.469297 0.745995 -0.472497
vn 0.422994 0.713790 -0.558193
vn 0.283904 0.722310 -0.630609
vn 0.329283 0.767460 -0.550071
vn 0.119100 0.719502 -0.684202
vn 0.119496 0.779277 -0.615182
vn 0.329283 0.767460 -0.550071
vn 0.283904 0.722310 -0.630609
vn 0.119496 0.779277 -0.615182
vn 0.124401 0.777304 -0.616703
vn 0.375197 0.723793 -0.579095
vn 0.329283 0.767460 -0.550071
vn -0.620107 0.074101 -0.781009
vn -0.698803 0.401802 -0.591802
vn -0.686055 0.396274 -0.610160
vn -0.604384 0.075798 -0.793079
vn -0.698803 0.401802 -0.591802
vn -0.748905 0.558804 -0.356202
vn -0.764132 0.541323 -0.350815
vn -0.686055 0.396274 -0.610160
vn -0.766007 0.526305 -0.369103
vn -0.654452 0.393971 -0.645352
vn -0.686055 0.396274 -0.610160
vn -0.764132 0.541323 -0.350815
vn -0.654452 0.393971 -0.645352
vn -0.563708 0.089501 -0.821111
vn -0.604384 0.075798 -0.793079
vn -0.686055 0.396274 -0.610160
vn -0.563708 0.089501 -0.821111
vn -0.654452 0.393971 -0.645352
vn -0.610800 0.386400 -0.691100
vn -0.514416 0.107103 -0.850826
vn -0.654452 0.393971 -0.645352
vn -0.766007 0.526305 -0.369103
vn -0.758984 0.507189 -0.408292
vn -0.610800 0.386400 -0.691100
vn -0.744553 0.479970 -0.463971
vn -0.556393 0.374595 -0.741691
vn -0.610800 0.386400 -0.691100
vn -0.758984 0.507189 -0.408292
vn -0.556393 0.374595 -0.741691
vn -0.465382 0.126895 -0.875966
vn -0.514416 0.107103 -0.850826
vn -0.610800 0.386400 -0.691100
vn -0.766007 0.526305 -0.369103
vn -0.811423 0.527815 -0.251007
vn -0.832896 0.493998 -0.249499
vn -0.758984 0.507189 -0.408292
vn -0.811423 0.527815 -0.251007
vn -0.831904 0.480203 -0.278102
vn -0.869500 0.429400 -0.244100
vn -0.832896 0.493998 -0.249499
vn -0.902426 0.372611 -0.216306
vn -0.854620 0.449410 -0.260106
vn -0.832896 0.493998 -0.249499
vn -0.869500 0.429400 -0.244100
vn -0.854620 0.449410 -0.260106
vn -0.744553 0.479970 -0.463971
vn -0.758984 0.507189 -0.408292
vn -0.832896 0.493998 -0.249499
vn -0.748905 0.558804 -0.356202
vn -0.738694 0.596595 -0.313697
vn -0.783202 0.559601 -0.271001
vn -0.764132 0.541323 -0.350815
vn -0.738694 0.596595 -0.313697
vn -0.710684 0.579287 -0.399191
vn -0.782811 0.528107 -0.329105
vn -0.783202 0.559601 -0.271001
vn -0.831904 0.480203 -0.278102
vn -0.811423 0.527815 -0.251007
vn -0.783202 0.559601 -0.271001
vn -0.782811 0.528107 -0.329105
vn -0.811423 0.527815 -0.251007
vn -0.766007 0.526305 -0.369103
vn -0.764132 0.541323 -0.350815
vn -0.783202 0.559601 -0.271001
vn 0.989270 0.051298 -0.136796
vn 0.955160 0.229490 -0.187092
vn 0.954998 0.222099 -0.196600
vn 0.989775 0.038299 -0.137397
vn 0.955160 0.229490 -0.187092
vn 0.914367 0.397185 -0.078597
vn 0.905521 0.411610 -0.103002
vn 0.954998 0.222099 -0.196600
vn 0.905455 0.409780 -0.110595
vn 0.966613 0.191903 -0.169802
vn 0.954998 0.222099 -0.196600
vn 0.905521 0.411610 -0.103002
vn 0.966613 0.191903 -0.169802
vn 0.994841 0.015801 -0.100204
vn 0.989775 0.038299 -0.137397
vn 0.954998 0.222099 -0.196600
vn 0.994841 0.015801 -0.100204
vn 0.966613 0.191903 -0.169802
vn 0.973762 0.165693 -0.155994
vn 0.995483 0.006800 -0.094698
vn 0.966613 0.191903 -0.169802
vn 0.905455 0.409780 -0.110595
vn 0.907374 0.403188 -0.118797
vn 0.973762 0.165693 -0.155994
vn 0.903525 0.404111 -0.142604
vn 0.965935 0.170806 -0.194407
vn 0.973762 0.165693 -0.155994
vn 0.907374 0.403188 -0.118797
vn 0.965935 0.170806 -0.194407
vn 0.983976 0.031499 -0.175496
vn 0.995483 0.006800 -0.094698
vn 0.973762 0.165693 -0.155994
vn 0.905455 0.409780 -0.110595
vn 0.846519 0.532012 -0.019200
vn 0.841560 0.538575 -0.041398
vn 0.907374 0.403188 -0.118797
vn 0.846519 0.532012 -0.019200
vn 0.853563 0.516677 -0.066897
vn 0.838639 0.534725 -0.103705
vn 0.841560 0.538575 -0.041398
vn 0.822963 0.549175 -0.145393
vn 0.834493 0.546295 -0.071999
vn 0.841560 0.538575 -0.041398
vn 0.838639 0.534725 -0.103705
vn 0.834493 0.546295 -0.071999
vn 0.903525 0.404111 -0.142604
vn 0.907374 0.403188 -0.118797
vn 0.841560 0.538575 -0.041398
vn 0.914367 0.397185 -0.078597
vn 0.871986 0.487392 0.045699
vn 0.855531 0.517719 0.005900
vn 0.905521 0.411610 -0.103002
vn 0.871986 0.487392 0.045699
vn 0.894876 0.444788 0.036899
vn 0.872022 0.488912 -0.023301
vn 0.855531 0.517719 0.005900
vn 0.853563 0.516677 -0.066897
vn 0.846519 0.532012 -0.019200
vn 0.855531 0.517719 0.005900
vn 0.872022 0.488912 -0.023301
vn 0.846519 0.532012 -0.019200
vn 0.905455 0.409780 -0.110595
vn 0.905521 0.411610 -0.103002
vn 0.855531 0.517719 0.005900
vn 0.953846 0.051297 0.295883
vn 0.988132 0.084303 0.128404
vn 0.989953 0.137493 0.032998
vn 0.993002 0.103600 0.056700
vn 0.988132 0.084303 0.128404
vn 0.981480 0.147697 0.121997
vn 0.977394 0.197599 0.075200
vn 0.989953 0.137493 0.032998
vn 0.969782 0.238796 0.049999
vn 0.985520 0.169003 -0.013700
vn 0.989953 0.137493 0.032998
vn 0.977394 0.197599 0.075200
vn 0.985520 0.169003 -0.013700
vn 0.994205 0.107501 -0.000600
vn 0.993002 0.103600 0.056700
vn 0.989953 0.137493 0.032998
vn 0.994205 0.107501 -0.000600
vn 0.985520 0.169003 -0.013700
vn 0.982150 0.183209 -0.042602
vn 0.994564 0.099596 -0.030399
vn 0.985520 0.169003 -0.013700
vn 0.969782 0.238796 0.049999
vn 0.962788 0.268697 0.029000
vn 0.982150 0.183209 -0.042602
vn 0.951492 0.307597 -0.006800
vn 0.972851 0.209989 -0.097295
vn 0.982150 0.183209 -0.042602
vn 0.962788 0.268697 0.029000
vn 0.972851 0.209989 -0.097295
vn 0.991376 0.099998 -0.084698
vn 0.994564 0.099596 -0.030399
vn 0.982150 0.183209 -0.042602
vn 0.969782 0.238796 0.049999
vn 0.947400 0.283200 0.149100
vn 0.937180 0.321793 0.134697
vn 0.962788 0.268697 0.029000
vn 0.947400 0.283200 0.149100
vn 0.955840 0.230110 0.182808
vn 0.947783 0.272795 0.165197
vn 0.937180 0.321793 0.134697
vn 0.940118 0.303106 0.155903
vn 0.926040 0.357877 0.119892
vn 0.937180 0.321793 0.134697
vn 0.947783 0.272795 0.165197
vn 0.926040 0.357877 0.119892
vn 0.951492 0.307597 -0.006800
vn 0.962788 0.268697 0.029000
vn 0.937180 0.321793 0.134697
vn 0.981480 0.147697 0.121997
vn 0.967309 0.176602 0.182002
vn 0.958300 0.234300 0.163600
vn 0.977394 0.197599 0.075200
vn 0.967309 0.176602 0.182002
vn 0.969671 0.102697 0.221793
vn 0.963777 0.172996 0.202995
vn 0.958300 0.234300 0.163600
vn 0.955840 0.230110 0.182808
vn 0.947400 0.283200 0.149100
vn 0.958300 0.234300 0.163600
vn 0.963777 0.172996 0.202995
vn 0.947400 0.283200 0.149100
vn 0.969782 0.238796 0.049999
vn 0.977394 0.197599 0.075200
vn 0.958300 0.234300 0.163600
vn 0.761776 0.586581 0.274991
vn 0.658758 0.706155 0.259583
vn 0.423013 0.839426 0.341210
vn 0.464624 0.818042 0.339017
vn 0.658758 0.706155 0.259583
vn 0.655623 0.710725 0.255009
vn 0.428018 0.826735 0.365116
vn 0.423013 0.839426 0.341210
vn 0.091798 0.882383 0.461491
vn 0.038700 0.906793 0.419797
vn 0.423013 0.839426 0.341210
vn 0.428018 0.826735 0.365116
vn 0.038700 0.906793 0.419797
vn 0.024200 0.907802 0.418701
vn 0.464624 0.818042 0.339017
vn 0.423013 0.839426 0.341210
vn 0.024200 0.907802 0.418701
vn 0.038700 0.906793 0.419797
vn -0.265112 0.844838 0.464721
vn -0.381485 0.808068 0.448882
vn 0.038700 0.906793 0.419797
vn 0.091798 0.882383 0.461491
vn -0.192906 0.836728 0.512517
vn -0.265112 0.844838 0.464721
vn -0.264600 0.805000 0.531000
vn -0.257382 0.808543 0.529163
vn -0.265112 0.844838 0.464721
vn -0.192906 0.836728 0.512517
vn -0.257382 0.808543 0.529163
vn -0.292089 0.714473 0.635776
vn -0.381485 0.808068 0.448882
vn -0.265112 0.844838 0.464721
vn 0.091798 0.882383 0.461491
vn 0.194499 0.797795 0.570696
vn -0.115801 0.769708 0.627806
vn -0.192906 0.836728 0.512517
vn 0.194499 0.797795 0.570696
vn 0.326804 0.624108 0.709710
vn -0.009300 0.618011 0.786114
vn -0.115801 0.769708 0.627806
vn -0.189305 0.565514 0.802719
vn -0.245802 0.727906 0.640105
vn -0.115801 0.769708 0.627806
vn -0.009300 0.618011 0.786114
vn -0.245802 0.727906 0.640105
vn -0.264600 0.805000 0.531000
vn -0.192906 0.836728 0.512517
vn -0.115801 0.769708 0.627806
vn 0.655623 0.710725 0.255009
vn 0.699420 0.646218 0.305309
vn 0.509592 0.740888 0.437493
vn 0.428018 0.826735 0.365116
vn 0.699420 0.646218 0.305309
vn 0.777470 0.475282 0.411884
vn 0.625780 0.548082 0.554982
vn 0.509592 0.740888 0.437493
vn 0.326804 0.624108 0.709710
vn 0.194499 0.797795 0.570696
vn 0.509592 0.740888 0.437493
vn 0.625780 0.548082 0.554982
vn 0.194499 0.797795 0.570696
vn 0.091798 0.882383 0.461491
vn 0.428018 0.826735 0.365116
vn 0.509592 0.740888 0.437493
vn -0.414385 0.652377 0.634578
vn -0.352915 0.777032 0.521222
vn -0.279396 0.834287 0.475293
vn -0.114401 0.855207 0.505504
vn -0.352915 0.777032 0.521222
vn -0.324414 0.804134 0.498121
vn -0.347507 0.807516 0.476610
vn -0.279396 0.834287 0.475293
vn -0.465902 0.773604 0.429502
vn -0.438415 0.795228 0.418814
vn -0.279396 0.834287 0.475293
vn -0.347507 0.807516 0.476610
vn -0.438415 0.795228 0.418814
vn -0.407888 0.798976 0.441887
vn -0.114401 0.855207 0.505504
vn -0.279396 0.834287 0.475293
vn -0.407888 0.798976 0.441887
vn -0.438415 0.795228 0.418814
vn -0.604125 0.695429 0.389116
vn -0.695817 0.616115 0.369109
vn -0.438415 0.795228 0.418814
vn -0.465902 0.773604 0.429502
vn -0.576301 0.705902 0.411801
vn -0.604125 0.695429 0.389116
vn -0.552105 0.710506 0.436304
vn -0.542085 0.704681 0.457787
vn -0.604125 0.695429 0.389116
vn -0.576301 0.705902 0.411801
vn -0.542085 0.704681 0.457787
vn -0.566466 0.593465 0.571766
vn -0.695817 0.616115 0.369109
vn -0.604125 0.695429 0.389116
vn -0.465902 0.773604 0.429502
vn -0.488391 0.713286 0.502690
vn -0.566720 0.666023 0.485017
vn -0.576301 0.705902 0.411801
vn -0.488391 0.713286 0.502690
vn -0.527303 0.565004 0.634604
vn -0.584226 0.539824 0.606027
vn -0.566720 0.666023 0.485017
vn -0.609187 0.527789 0.591887
vn -0.574999 0.651499 0.494899
vn -0.566720 0.666023 0.485017
vn -0.584226 0.539824 0.606027
vn -0.574999 0.651499 0.494899
vn -0.552105 0.710506 0.436304
vn -0.576301 0.705902 0.411801
vn -0.566720 0.666023 0.485017
vn -0.324414 0.804134 0.498121
vn -0.358798 0.742996 0.564997
vn -0.401420 0.740336 0.539226
vn -0.347507 0.807516 0.476610
vn -0.358798 0.742996 0.564997
vn -0.427890 0.574586 0.697683
vn -0.466003 0.578104 0.669804
vn -0.401420 0.740336 0.539226
vn -0.527303 0.565004 0.634604
vn -0.488391 0.713286 0.502690
vn -0.401420 0.740336 0.539226
vn -0.466003 0.578104 0.669804
vn -0.488391 0.713286 0.502690
vn -0.465902 0.773604 0.429502
vn -0.347507 0.807516 0.476610
vn -0.401420 0.740336 0.539226
vn -0.242305 -0.078502 0.967019
vn -0.312898 -0.051400 0.948395
vn -0.021099 0.003400 0.999772
vn 0.060202 -0.009600 0.998140
vn -0.312898 -0.051400 0.948395
vn -0.408792 -0.016300 0.912482
vn -0.140305 0.018401 0.989937
vn -0.021099 0.003400 0.999772
vn 0.085696 0.036398 0.995656
vn 0.242209 0.036501 0.969537
vn -0.021099 0.003400 0.999772
vn -0.140305 0.018401 0.989937
vn 0.242209 0.036501 0.969537
vn 0.334487 0.041998 0.941464
vn 0.060202 -0.009600 0.998140
vn -0.021099 0.003400 0.999772
vn 0.334487 0.041998 0.941464
vn 0.242209 0.036501 0.969537
vn 0.488224 0.045302 0.871542
vn 0.574706 0.070601 0.815309
vn 0.242209 0.036501 0.969537
vn 0.085696 0.036398 0.995656
vn 0.315293 0.039299 0.948180
vn 0.488224 0.045302 0.871542
vn 0.519808 0.033801 0.853614
vn 0.647986 0.038399 0.760684
vn 0.488224 0.045302 0.871542
vn 0.315293 0.039299 0.948180
vn 0.647986 0.038399 0.760684
vn 0.708892 0.074299 0.701392
vn 0.574706 0.070601 0.815309
vn 0.488224 0.045302 0.871542
vn 0.085696 0.036398 0.995656
vn -0.081497 0.052998 0.995264
vn 0.111804 0.061402 0.991832
vn 0.315293 0.039299 0.948180
vn -0.081497 0.052998 0.995264
vn -0.226506 0.073602 0.971225
vn -0.034999 0.097096 0.994660
vn 0.111804 0.061402 0.991832
vn 0.198505 0.128603 0.971626
vn 0.336205 0.069601 0.939214
vn 0.111804 0.061402 0.991832
vn -0.034999 0.097096 0.994660
vn 0.336205 0.069601 0.939214
vn 0.519808 0.033801 0.853614
vn 0.315293 0.039299 0.948180
vn 0.111804 0.061402 0.991832
vn -0.408792 -0.016300 0.912482
vn -0.532922 0.007100 0.846135
vn -0.280605 0.036801 0.959118
vn -0.140305 0.018401 0.989937
vn -0.532922 0.007100 0.846135
vn -0.655386 0.003800 0.755284
vn -0.430877 0.043698 0.901352
vn -0.280605 0.036801 0.959118
vn -0.226506 0.073602 0.971225
vn -0.081497 0.052998 0.995264
vn -0.280605 0.036801 0.959118
vn -0.430877 0.043698 0.901352
vn -0.081497 0.052998 0.995264
vn 0.085696 0.036398 0.995656
vn -0.140305 0.018401 0.989937
vn -0.280605 0.036801 0.959118
vn -0.954999 -0.049200 -0.292500
vn -0.995692 -0.062600 -0.068399
vn -0.989615 -0.141202 0.026900
vn -0.982988 -0.170698 -0.067799
vn -0.995692 -0.062600 -0.068399
vn -0.999737 0.012100 -0.019501
vn -0.996985 -0.046799 0.061899
vn -0.989615 -0.141202 0.026900
vn -0.992443 -0.102604 0.067303
vn -0.980863 -0.180293 0.073497
vn -0.989615 -0.141202 0.026900
vn -0.996985 -0.046799 0.061899
vn -0.980863 -0.180293 0.073497
vn -0.976860 -0.206392 0.056098
vn -0.982988 -0.170698 -0.067799
vn -0.989615 -0.141202 0.026900
vn -0.976860 -0.206392 0.056098
vn -0.980863 -0.180293 0.073497
vn -0.970684 -0.192897 0.143398
vn -0.959010 -0.220002 0.178602
vn -0.980863 -0.180293 0.073497
vn -0.992443 -0.102604 0.067303
vn -0.984324 -0.142804 0.103503
vn -0.970684 -0.192897 0.143398
vn -0.963115 -0.154802 0.220103
vn -0.942961 -0.189092 0.273989
vn -0.970684 -0.192897 0.143398
vn -0.984324 -0.142804 0.103503
vn -0.942961 -0.189092 0.273989
vn -0.917398 -0.221999 0.330299
vn -0.959010 -0.220002 0.178602
vn -0.970684 -0.192897 0.143398
vn -0.992443 -0.102604 0.067303
vn -0.994300 0.009400 0.106200
vn -0.988135 -0.070003 0.136705
vn -0.984324 -0.142804 0.103503
vn -0.994300 0.009400 0.106200
vn -0.973856 0.126907 0.188411
vn -0.974776 0.035799 0.220295
vn -0.988135 -0.070003 0.136705
vn -0.963617 -0.034101 0.265105
vn -0.968810 -0.111901 0.221102
vn -0.988135 -0.070003 0.136705
vn -0.974776 0.035799 0.220295
vn -0.968810 -0.111901 0.221102
vn -0.963115 -0.154802 0.220103
vn -0.984324 -0.142804 0.103503
vn -0.988135 -0.070003 0.136705
vn -0.999737 0.012100 -0.019501
vn -0.992772 0.119997 -0.002000
vn -0.992210 0.083001 0.092901
vn -0.996985 -0.046799 0.061899
vn -0.992772 0.119997 -0.002000
vn -0.983025 0.180005 0.035501
vn -0.972174 0.183995 0.144996
vn -0.992210 0.083001 0.092901
vn -0.973856 0.126907 0.188411
vn -0.994300 0.009400 0.106200
vn -0.992210 0.083001 0.092901
vn -0.972174 0.183995 0.144996
vn -0.994300 0.009400 0.106200
vn -0.992443 -0.102604 0.067303
vn -0.996985 -0.046799 0.061899
vn -0.992210 0.083001 0.092901
vn -0.934402 0.223601 0.277301
vn -0.953131 0.227107 0.199907
vn -0.976217 0.197003 0.090502
vn -0.964413 0.202503 0.170002
vn -0.953131 0.227107 0.199907
vn -0.966457 0.218490 0.134994
vn -0.983426 0.179805 0.023301
vn -0.976217 0.197003 0.090502
vn -0.986310 0.148302 -0.072101
vn -0.987043 0.159507 -0.017401
vn -0.976217 0.197003 0.090502
vn -0.983426 0.179805 0.023301
vn -0.987043 0.159507 -0.017401
vn -0.985043 0.164307 0.051902
vn -0.964413 0.202503 0.170002
vn -0.976217 0.197003 0.090502
vn -0.985043 0.164307 0.051902
vn -0.987043 0.159507 -0.017401
vn -0.987147 0.123606 -0.101305
vn -0.990669 0.127296 -0.048698
vn -0.987043 0.159507 -0.017401
vn -0.986310 0.148302 -0.072101
vn -0.983051 0.121706 -0.137107
vn -0.987147 0.123606 -0.101305
vn -0.980190 0.108499 -0.165698
vn -0.983263 0.103996 -0.149594
vn -0.987147 0.123606 -0.101305
vn -0.983051 0.121706 -0.137107
vn -0.983263 0.103996 -0.149594
vn -0.987601 0.107400 -0.114500
vn -0.990669 0.127296 -0.048698
vn -0.987147 0.123606 -0.101305
vn -0.986310 0.148302 -0.072101
vn -0.983325 0.140304 -0.115703
vn -0.979110 0.124701 -0.160602
vn -0.983051 0.121706 -0.137107
vn -0.983325 0.140304 -0.115703
vn -0.978340 0.140406 -0.152106
vn -0.975616 0.132602 -0.174903
vn -0.979110 0.124701 -0.160602
vn -0.978094 0.136799 -0.156899
vn -0.978663 0.121095 -0.165994
vn -0.979110 0.124701 -0.160602
vn -0.975616 0.132602 -0.174903
vn -0.978663 0.121095 -0.165994
vn -0.980190 0.108499 -0.165698
vn -0.983051 0.121706 -0.137107
vn -0.979110 0.124701 -0.160602
vn -0.966457 0.218490 0.134994
vn -0.975107 0.204502 0.085701
vn -0.985931 0.164005 -0.032301
vn -0.983426 0.179805 0.023301
vn -0.975107 0.204502 0.085701
vn -0.983025 0.180005 0.035501
vn -0.984296 0.155099 -0.084300
vn -0.985931 0.164005 -0.032301
vn -0.978340 0.140406 -0.152106
vn -0.983325 0.140304 -0.115703
vn -0.985931 0.164005 -0.032301
vn -0.984296 0.155099 -0.084300
vn -0.983325 0.140304 -0.115703
vn -0.986310 0.148302 -0.072101
vn -0.983426 0.179805 0.023301
vn -0.985931 0.164005 -0.032301
vn -0.660328 0.563324 0.496621
vn -0.601620 0.726924 0.331111
vn -0.582511 0.761815 0.283406
vn -0.489186 0.781078 0.388089
vn -0.601620 0.726924 0.331111
vn -0.636015 0.706317 0.310807
vn -0.646772 0.713069 0.270588
vn -0.582511 0.761815 0.283406
vn -0.747893 0.638894 0.180198
vn -0.702862 0.682663 0.199889
vn -0.582511 0.761815 0.283406
vn -0.646772 0.713069 0.270588
vn -0.702862 0.682663 0.199889
vn -0.665284 0.685883 0.294893
vn -0.489186 0.781078 0.388089
vn -0.582511 0.761815 0.283406
vn -0.665284 0.685883 0.294893
vn -0.702862 0.682663 0.199889
vn -0.869627 0.483015 0.102203
vn -0.856826 0.474514 0.201706
vn -0.702862 0.682663 0.199889
vn -0.747893 0.638894 0.180198
vn -0.879978 0.469088 0.074798
vn -0.869627 0.483015 0.102203
vn -0.966025 0.257907 -0.016700
vn -0.971061 0.238190 0.017499
vn -0.869627 0.483015 0.102203
vn -0.879978 0.469088 0.074798
vn -0.971061 0.238190 0.017499
vn -0.968868 0.220493 0.112596
vn -0.856826 0.474514 0.201706
vn -0.869627 0.483015 0.102203
vn -0.747893 0.638894 0.180198
vn -0.793400 0.574100 0.202300
vn -0.892821 0.441910 0.087102
vn -0.879978 0.469088 0.074798
vn -0.793400 0.574100 0.202300
vn -0.847144 0.474725 0.238712
vn -0.916788 0.383495 0.111499
vn -0.892821 0.441910 0.087102
vn -0.966170 0.257892 -0.002800
vn -0.962932 0.269209 -0.017001
vn -0.892821 0.441910 0.087102
vn -0.916788 0.383495 0.111499
vn -0.962932 0.269209 -0.017001
vn -0.966025 0.257907 -0.016700
vn -0.879978 0.469088 0.074798
vn -0.892821 0.441910 0.087102
vn -0.636015 0.706317 0.310807
vn -0.689204 0.632203 0.354002
vn -0.715380 0.631582 0.298892
vn -0.646772 0.713069 0.270588
vn -0.689204 0.632203 0.354002
vn -0.750930 0.519021 0.408316
vn -0.785228 0.515518 0.343012
vn -0.715380 0.631582 0.298892
vn -0.847144 0.474725 0.238712
vn -0.793400 0.574100 0.202300
vn -0.715380 0.631582 0.298892
vn -0.785228 0.515518 0.343012
vn -0.793400 0.574100 0.202300
vn -0.747893 0.638894 0.180198
vn -0.646772 0.713069 0.270588
vn -0.715380 0.631582 0.298892
vn 0.953846 0.051297 0.295883
vn 0.926376 0.012600 0.376390
vn 0.973649 0.063997 0.218889
vn 0.988132 0.084303 0.128404
vn 0.926376 0.012600 0.376390
vn 0.934220 0.096102 0.343507
vn 0.966097 0.128900 0.223699
vn 0.973649 0.063997 0.218889
vn 0.973733 0.142105 0.177906
vn 0.977734 0.126004 0.167806
vn 0.973649 0.063997 0.218889
vn 0.966097 0.128900 0.223699
vn 0.977734 0.126004 0.167806
vn 0.981480 0.147697 0.121997
vn 0.988132 0.084303 0.128404
vn 0.973649 0.063997 0.218889
vn 0.981480 0.147697 0.121997
vn 0.977734 0.126004 0.167806
vn 0.973133 0.126304 0.192507
vn 0.967309 0.176602 0.182002
vn 0.977734 0.126004 0.167806
vn 0.973733 0.142105 0.177906
vn 0.979448 0.085895 0.182490
vn 0.973133 0.126304 0.192507
vn 0.978480 -0.024399 0.204896
vn 0.973726 0.032401 0.225406
vn 0.973133 0.126304 0.192507
vn 0.979448 0.085895 0.182490
vn 0.973726 0.032401 0.225406
vn 0.969671 0.102697 0.221793
vn 0.967309 0.176602 0.182002
vn 0.973133 0.126304 0.192507
vn 0.973733 0.142105 0.177906
vn 0.977757 0.148909 0.147709
vn 0.987732 0.049502 0.148105
vn 0.979448 0.085895 0.182490
vn 0.977757 0.148909 0.147709
vn 0.985818 0.132802 0.102602
vn 0.994957 0.029399 0.095896
vn 0.987732 0.049502 0.148105
vn 0.991649 -0.075704 0.104405
vn 0.984542 -0.063303 0.163307
vn 0.987732 0.049502 0.148105
vn 0.994957 0.029399 0.095896
vn 0.984542 -0.063303 0.163307
vn 0.978480 -0.024399 0.204896
vn 0.979448 0.085895 0.182490
vn 0.987732 0.049502 0.148105
vn 0.934220 0.096102 0.343507
vn 0.929974 0.230494 0.286392
vn 0.961262 0.213292 0.174593
vn 0.966097 0.128900 0.223699
vn 0.929974 0.230494 0.286392
vn 0.908471 0.300590 0.290391
vn 0.962603 0.230101 0.143000
vn 0.961262 0.213292 0.174593
vn 0.985818 0.132802 0.102602
vn 0.977757 0.148909 0.147709
vn 0.961262 0.213292 0.174593
vn 0.962603 0.230101 0.143000
vn 0.977757 0.148909 0.147709
vn 0.973733 0.142105 0.177906
vn 0.966097 0.128900 0.223699
vn 0.961262 0.213292 0.174593
vn 0.995354 0.023799 -0.093296
vn 0.996724 0.071502 -0.037801
vn 0.992866 0.111896 -0.041199
vn 0.991642 0.060403 -0.114005
vn 0.996724 0.071502 -0.037801
vn 0.994732 0.099003 0.026601
vn 0.989276 0.137197 0.050099
vn 0.992866 0.111896 -0.041199
vn 0.979313 0.175802 0.100201
vn 0.987968 0.152195 -0.027499
vn 0.992866 0.111896 -0.041199
vn 0.989276 0.137197 0.050099
vn 0.987968 0.152195 -0.027499
vn 0.987208 0.099101 -0.124901
vn 0.991642 0.060403 -0.114005
vn 0.992866 0.111896 -0.041199
vn 0.987208 0.099101 -0.124901
vn 0.987968 0.152195 -0.027499
vn 0.977315 0.211503 0.011000
vn 0.982442 0.142006 -0.121005
vn 0.987968 0.152195 -0.027499
vn 0.979313 0.175802 0.100201
vn 0.956458 0.243189 0.161393
vn 0.977315 0.211503 0.011000
vn 0.915930 0.355212 0.186806
vn 0.955860 0.289588 0.049698
vn 0.977315 0.211503 0.011000
vn 0.956458 0.243189 0.161393
vn 0.955860 0.289588 0.049698
vn 0.977439 0.182107 -0.107004
vn 0.982442 0.142006 -0.121005
vn 0.977315 0.211503 0.011000
vn 0.979313 0.175802 0.100201
vn 0.946561 0.173493 0.271889
vn 0.910339 0.259111 0.322714
vn 0.956458 0.243189 0.161393
vn 0.946561 0.173493 0.271889
vn 0.861999 0.180200 0.473799
vn 0.829087 0.284895 0.481092
vn 0.910339 0.259111 0.322714
vn 0.777470 0.475282 0.411884
vn 0.861630 0.410614 0.298310
vn 0.910339 0.259111 0.322714
vn 0.829087 0.284895 0.481092
vn 0.861630 0.410614 0.298310
vn 0.915930 0.355212 0.186806
vn 0.956458 0.243189 0.161393
vn 0.910339 0.259111 0.322714
vn 0.994732 0.099003 0.026601
vn 0.981535 0.124404 0.145305
vn 0.970341 0.138106 0.198408
vn 0.989276 0.137197 0.050099
vn 0.981535 0.124404 0.145305
vn 0.906875 0.187695 0.377290
vn 0.890186 0.154798 0.428493
vn 0.970341 0.138106 0.198408
vn 0.861999 0.180200 0.473799
vn 0.946561 0.173493 0.271889
vn 0.970341 0.138106 0.198408
vn 0.890186 0.154798 0.428493
vn 0.946561 0.173493 0.271889
vn 0.979313 0.175802 0.100201
vn 0.989276 0.137197 0.050099
vn 0.970341 0.138106 0.198408
vn 0.140796 -0.800775 -0.582182
vn 0.152104 -0.815020 -0.559113
vn 0.103797 -0.805176 -0.583882
vn 0.083000 -0.788198 -0.609799
vn 0.152104 -0.815020 -0.559113
vn 0.175906 -0.807925 -0.562418
vn 0.134803 -0.798717 -0.586412
vn 0.103797 -0.805176 -0.583882
vn 0.093903 -0.784624 -0.612819
vn 0.056302 -0.789530 -0.611124
vn 0.103797 -0.805176 -0.583882
vn 0.134803 -0.798717 -0.586412
vn 0.056302 -0.789530 -0.611124
vn 0.024400 -0.769311 -0.638409
vn 0.083000 -0.788198 -0.609799
vn 0.103797 -0.805176 -0.583882
vn 0.024400 -0.769311 -0.638409
vn 0.056302 -0.789530 -0.611124
vn 0.000600 -0.767475 -0.641079
vn -0.042101 -0.743316 -0.667614
vn 0.056302 -0.789530 -0.611124
vn 0.093903 -0.784624 -0.612819
vn 0.044902 -0.767037 -0.640030
vn 0.000600 -0.767475 -0.641079
vn -0.017201 -0.743224 -0.668822
vn -0.069898 -0.737080 -0.672181
vn 0.000600 -0.767475 -0.641079
vn 0.044902 -0.767037 -0.640030
vn -0.069898 -0.737080 -0.672181
vn -0.121400 -0.708099 -0.695599
vn -0.042101 -0.743316 -0.667614
vn 0.000600 -0.767475 -0.641079
vn 0.093903 -0.784624 -0.612819
vn 0.128905 -0.767032 -0.628526
vn 0.079601 -0.754712 -0.651210
vn 0.044902 -0.767037 -0.640030
vn 0.128905 -0.767032 -0.628526
vn 0.154992 -0.746861 -0.646666
vn 0.102002 -0.740014 -0.664812
vn 0.079601 -0.754712 -0.651210
vn 0.051801 -0.730908 -0.680507
vn 0.024700 -0.738310 -0.674009
vn 0.079601 -0.754712 -0.651210
vn 0.102002 -0.740014 -0.664812
vn 0.024700 -0.738310 -0.674009
vn -0.017201 -0.743224 -0.668822
vn 0.044902 -0.767037 -0.640030
vn 0.079601 -0.754712 -0.651210
vn 0.175906 -0.807925 -0.562418
vn 0.205402 -0.787407 -0.581205
vn 0.170297 -0.778586 -0.603989
vn 0.134803 -0.798717 -0.586412
vn 0.205402 -0.787407 -0.581205
vn 0.235504 -0.760114 -0.605611
vn 0.201504 -0.753413 -0.625911
vn 0.170297 -0.778586 -0.603989
vn 0.154992 -0.746861 -0.646666
vn 0.128905 -0.767032 -0.628526
vn 0.170297 -0.778586 -0.603989
vn 0.201504 -0.753413 -0.625911
vn 0.128905 -0.767032 -0.628526
vn 0.093903 -0.784624 -0.612819
vn 0.134803 -0.798717 -0.586412
vn 0.170297 -0.778586 -0.603989
vn 0.805493 -0.559395 -0.195598
vn 0.796759 -0.584870 -0.151992
vn 0.683765 -0.674965 -0.277286
vn 0.687288 -0.654389 -0.315295
vn 0.796759 -0.584870 -0.151992
vn 0.791615 -0.600611 -0.112302
vn 0.683415 -0.690315 -0.237505
vn 0.683765 -0.674965 -0.277286
vn 0.566308 -0.749611 -0.342605
vn 0.567110 -0.733114 -0.375407
vn 0.683765 -0.674965 -0.277286
vn 0.683415 -0.690315 -0.237505
vn 0.567110 -0.733114 -0.375407
vn 0.573704 -0.712605 -0.403803
vn 0.687288 -0.654389 -0.315295
vn 0.683765 -0.674965 -0.277286
vn 0.573704 -0.712605 -0.403803
vn 0.567110 -0.733114 -0.375407
vn 0.460705 -0.771208 -0.439305
vn 0.475107 -0.750111 -0.460007
vn 0.567110 -0.733114 -0.375407
vn 0.566308 -0.749611 -0.342605
vn 0.457803 -0.783805 -0.419603
vn 0.460705 -0.771208 -0.439305
vn 0.369505 -0.801011 -0.471007
vn 0.370695 -0.796189 -0.478193
vn 0.460705 -0.771208 -0.439305
vn 0.457803 -0.783805 -0.419603
vn 0.370695 -0.796189 -0.478193
vn 0.388807 -0.776915 -0.495209
vn 0.475107 -0.750111 -0.460007
vn 0.460705 -0.771208 -0.439305
vn 0.566308 -0.749611 -0.342605
vn 0.576673 -0.755265 -0.311485
vn 0.475207 -0.784811 -0.397806
vn 0.457803 -0.783805 -0.419603
vn 0.576673 -0.755265 -0.311485
vn 0.594385 -0.749181 -0.292293
vn 0.504301 -0.776302 -0.378201
vn 0.475207 -0.784811 -0.397806
vn 0.424587 -0.783977 -0.452887
vn 0.390519 -0.795038 -0.464122
vn 0.475207 -0.784811 -0.397806
vn 0.504301 -0.776302 -0.378201
vn 0.390519 -0.795038 -0.464122
vn 0.369505 -0.801011 -0.471007
vn 0.457803 -0.783805 -0.419603
vn 0.475207 -0.784811 -0.397806
vn 0.791615 -0.600611 -0.112302
vn 0.790424 -0.606118 -0.088603
vn 0.687038 -0.696539 -0.206912
vn 0.683415 -0.690315 -0.237505
vn 0.790424 -0.606118 -0.088603
vn 0.792475 -0.602881 -0.092297
vn 0.693813 -0.692913 -0.196204
vn 0.687038 -0.696539 -0.206912
vn 0.594385 -0.749181 -0.292293
vn 0.576673 -0.755265 -0.311485
vn 0.687038 -0.696539 -0.206912
vn 0.693813 -0.692913 -0.196204
vn 0.576673 -0.755265 -0.311485
vn 0.566308 -0.749611 -0.342605
vn 0.683415 -0.690315 -0.237505
vn 0.687038 -0.696539 -0.206912
vn 0.762806 -0.481504 -0.431603
vn 0.783054 -0.533568 -0.319581
vn 0.872887 -0.408194 -0.267296
vn 0.852773 -0.365388 -0.373188
vn 0.783054 -0.533568 -0.319581
vn 0.795504 -0.567203 -0.213201
vn 0.883124 -0.443212 -0.153804
vn 0.872887 -0.408194 -0.267296
vn 0.953128 -0.288808 -0.090203
vn 0.951524 -0.244806 -0.186205
vn 0.872887 -0.408194 -0.267296
vn 0.883124 -0.443212 -0.153804
vn 0.951524 -0.244806 -0.186205
vn 0.941419 -0.204704 -0.268005
vn 0.852773 -0.365388 -0.373188
vn 0.872887 -0.408194 -0.267296
vn 0.941419 -0.204704 -0.268005
vn 0.951524 -0.244806 -0.186205
vn 0.988902 -0.100300 -0.109600
vn 0.984923 -0.061201 -0.161804
vn 0.951524 -0.244806 -0.186205
vn 0.953128 -0.288808 -0.090203
vn 0.988686 -0.143998 -0.041999
vn 0.988902 -0.100300 -0.109600
vn 0.998464 -0.049698 -0.024499
vn 0.997697 -0.015200 -0.066100
vn 0.988902 -0.100300 -0.109600
vn 0.988686 -0.143998 -0.041999
vn 0.997697 -0.015200 -0.066100
vn 0.995354 0.023799 -0.093296
vn 0.984923 -0.061201 -0.161804
vn 0.988902 -0.100300 -0.109600
vn 0.953128 -0.288808 -0.090203
vn 0.945700 -0.325000 0.005100
vn 0.983610 -0.176302 0.037800
vn 0.988686 -0.143998 -0.041999
vn 0.945700 -0.325000 0.005100
vn 0.937240 -0.338414 0.084004
vn 0.975410 -0.188202 0.114701
vn 0.983610 -0.176302 0.037800
vn 0.991649 -0.075704 0.104405
vn 0.996924 -0.069202 0.036801
vn 0.983610 -0.176302 0.037800
vn 0.975410 -0.188202 0.114701
vn 0.996924 -0.069202 0.036801
vn 0.998464 -0.049698 -0.024499
vn 0.988686 -0.143998 -0.041999
vn 0.983610 -0.176302 0.037800
vn 0.795504 -0.567203 -0.213201
vn 0.794912 -0.591809 -0.133702
vn 0.879363 -0.472680 -0.057398
vn 0.883124 -0.443212 -0.153804
vn 0.794912 -0.591809 -0.133702
vn 0.792475 -0.602881 -0.092297
vn 0.874596 -0.484798 0.007300
vn 0.879363 -0.472680 -0.057398
vn 0.937240 -0.338414 0.084004
vn 0.945700 -0.325000 0.005100
vn 0.879363 -0.472680 -0.057398
vn 0.874596 -0.484798 0.007300
vn 0.945700 -0.325000 0.005100
vn 0.953128 -0.288808 -0.090203
vn 0.883124 -0.443212 -0.153804
vn 0.879363 -0.472680 -0.057398
vn -0.797892 -0.272297 -0.537795
vn -0.796491 -0.300497 -0.524694
vn -0.937165 -0.099196 -0.334487
vn -0.930301 -0.071800 -0.359700
vn -0.796491 -0.300497 -0.524694
vn -0.789417 -0.311907 -0.528711
vn -0.937320 -0.103302 -0.332807
vn -0.937165 -0.099196 -0.334487
vn -0.983255 0.054197 -0.173992
vn -0.983511 0.060301 -0.170502
vn -0.937165 -0.099196 -0.334487
vn -0.937320 -0.103302 -0.332807
vn -0.983511 0.060301 -0.170502
vn -0.976119 0.088702 -0.198304
vn -0.930301 -0.071800 -0.359700
vn -0.937165 -0.099196 -0.334487
vn -0.976119 0.088702 -0.198304
vn -0.983511 0.060301 -0.170502
vn -0.985987 0.140398 -0.090099
vn -0.979836 0.164706 -0.113104
vn -0.983511 0.060301 -0.170502
vn -0.983255 0.054197 -0.173992
vn -0.985609 0.136801 -0.099301
vn -0.985987 0.140398 -0.090099
vn -0.983156 0.143494 -0.113195
vn -0.984543 0.141506 -0.103205
vn -0.985987 0.140398 -0.090099
vn -0.985609 0.136801 -0.099301
vn -0.984543 0.141506 -0.103205
vn -0.977549 0.168591 -0.126393
vn -0.979836 0.164706 -0.113104
vn -0.985987 0.140398 -0.090099
vn -0.983255 0.054197 -0.173992
vn -0.980642 0.048502 -0.189708
vn -0.983356 0.134094 -0.122595
vn -0.985609 0.136801 -0.099301
vn -0.980642 0.048502 -0.189708
vn -0.979049 0.024801 -0.202110
vn -0.982747 0.116806 -0.143407
vn -0.983356 0.134094 -0.122595
vn -0.978094 0.136799 -0.156899
vn -0.979323 0.146603 -0.139403
vn -0.983356 0.134094 -0.122595
vn -0.982747 0.116806 -0.143407
vn -0.979323 0.146603 -0.139403
vn -0.983156 0.143494 -0.113195
vn -0.985609 0.136801 -0.099301
vn -0.983356 0.134094 -0.122595
vn -0.789417 -0.311907 -0.528711
vn -0.779351 -0.327421 -0.534235
vn -0.934255 -0.109795 -0.339284
vn -0.937320 -0.103302 -0.332807
vn -0.779351 -0.327421 -0.534235
vn -0.768488 -0.361894 -0.527692
vn -0.930737 -0.137105 -0.339014
vn -0.934255 -0.109795 -0.339284
vn -0.979049 0.024801 -0.202110
vn -0.980642 0.048502 -0.189708
vn -0.934255 -0.109795 -0.339284
vn -0.930737 -0.137105 -0.339014
vn -0.980642 0.048502 -0.189708
vn -0.983255 0.054197 -0.173992
vn -0.937320 -0.103302 -0.332807
vn -0.934255 -0.109795 -0.339284
vn 0.906875 0.187695 0.377290
vn 0.912517 0.236404 0.333806
vn 0.736221 0.336910 0.586917
vn 0.725223 0.272208 0.632420
vn 0.912517 0.236404 0.333806
vn 0.910541 0.275312 0.308414
vn 0.751924 0.353411 0.556517
vn 0.736221 0.336910 0.586917
vn 0.551604 0.353903 0.755305
vn 0.512500 0.373300 0.773299
vn 0.736221 0.336910 0.586917
vn 0.751924 0.353411 0.556517
vn 0.512500 0.373300 0.773299
vn 0.487193 0.323695 0.811088
vn 0.725223 0.272208 0.632420
vn 0.736221 0.336910 0.586917
vn 0.487193 0.323695 0.811088
vn 0.512500 0.373300 0.773299
vn 0.289600 0.356700 0.888199
vn 0.248812 0.328216 0.911245
vn 0.512500 0.373300 0.773299
vn 0.551604 0.353903 0.755305
vn 0.342304 0.311903 0.886310
vn 0.289600 0.356700 0.888199
vn 0.121096 0.255991 0.959065
vn 0.071502 0.315808 0.946125
vn 0.289600 0.356700 0.888199
vn 0.342304 0.311903 0.886310
vn 0.071502 0.315808 0.946125
vn 0.030000 0.305596 0.951688
vn 0.248812 0.328216 0.911245
vn 0.289600 0.356700 0.888199
vn 0.551604 0.353903 0.755305
vn 0.582973 0.302786 0.753965
vn 0.376193 0.243095 0.894083
vn 0.342304 0.311903 0.886310
vn 0.582973 0.302786 0.753965
vn 0.631479 0.233892 0.739276
vn 0.425786 0.172794 0.888171
vn 0.376193 0.243095 0.894083
vn 0.198505 0.128603 0.971626
vn 0.148100 0.183500 0.971799
vn 0.376193 0.243095 0.894083
vn 0.425786 0.172794 0.888171
vn 0.148100 0.183500 0.971799
vn 0.121096 0.255991 0.959065
vn 0.342304 0.311903 0.886310
vn 0.376193 0.243095 0.894083
vn 0.910541 0.275312 0.308414
vn 0.903905 0.301302 0.303602
vn 0.765395 0.338098 0.547596
vn 0.751924 0.353411 0.556517
vn 0.903905 0.301302 0.303602
vn 0.908471 0.300590 0.290391
vn 0.798099 0.292800 0.526599
vn 0.765395 0.338098 0.547596
vn 0.631479 0.233892 0.739276
vn 0.582973 0.302786 0.753965
vn 0.765395 0.338098 0.547596
vn 0.798099 0.292800 0.526599
vn 0.582973 0.302786 0.753965
vn 0.551604 0.353903 0.755305
vn 0.751924 0.353411 0.556517
vn 0.765395 0.338098 0.547596
vn -0.518323 0.215310 0.827637
vn -0.546883 0.201194 0.812675
vn -0.647974 0.202792 0.734170
vn -0.598704 0.218802 0.770506
vn -0.546883 0.201194 0.812675
vn -0.595667 0.097795 0.797256
vn -0.717335 0.092705 0.690534
vn -0.647974 0.202792 0.734170
vn -0.787590 0.111699 0.605992
vn -0.713282 0.218394 0.665983
vn -0.647974 0.202792 0.734170
vn -0.717335 0.092705 0.690534
vn -0.713282 0.218394 0.665983
vn -0.664033 0.229112 0.711736
vn -0.598704 0.218802 0.770506
vn -0.647974 0.202792 0.734170
vn -0.664033 0.229112 0.711736
vn -0.713282 0.218394 0.665983
vn -0.758398 0.240499 0.605799
vn -0.716875 0.239492 0.654777
vn -0.713282 0.218394 0.665983
vn -0.787590 0.111699 0.605992
vn -0.831096 0.152199 0.534897
vn -0.758398 0.240499 0.605799
vn -0.859032 0.205608 0.468817
vn -0.795968 0.263089 0.545178
vn -0.758398 0.240499 0.605799
vn -0.831096 0.152199 0.534897
vn -0.795968 0.263089 0.545178
vn -0.762293 0.248098 0.597794
vn -0.716875 0.239492 0.654777
vn -0.758398 0.240499 0.605799
vn -0.787590 0.111699 0.605992
vn -0.861746 -0.010701 0.507227
vn -0.908767 0.022699 0.416685
vn -0.831096 0.152199 0.534897
vn -0.861746 -0.010701 0.507227
vn -0.890211 -0.067601 0.450505
vn -0.939784 -0.068699 0.334794
vn -0.908767 0.022699 0.416685
vn -0.963617 -0.034101 0.265105
vn -0.931364 0.085997 0.353786
vn -0.908767 0.022699 0.416685
vn -0.939784 -0.068699 0.334794
vn -0.931364 0.085997 0.353786
vn -0.859032 0.205608 0.468817
vn -0.831096 0.152199 0.534897
vn -0.908767 0.022699 0.416685
vn -0.595667 0.097795 0.797256
vn -0.656556 0.006400 0.754250
vn -0.786518 -0.013800 0.617414
vn -0.717335 0.092705 0.690534
vn -0.656556 0.006400 0.754250
vn -0.655386 0.003800 0.755284
vn -0.805823 -0.038301 0.590917
vn -0.786518 -0.013800 0.617414
vn -0.890211 -0.067601 0.450505
vn -0.861746 -0.010701 0.507227
vn -0.786518 -0.013800 0.617414
vn -0.805823 -0.038301 0.590917
vn -0.861746 -0.010701 0.507227
vn -0.787590 0.111699 0.605992
vn -0.717335 0.092705 0.690534
vn -0.786518 -0.013800 0.617414
vn -0.977549 0.168591 -0.126393
vn -0.984543 0.141506 -0.103205
vn -0.980207 0.117001 -0.159701
vn -0.965168 0.156595 -0.209593
vn -0.984543 0.141506 -0.103205
vn -0.983156 0.143494 -0.113195
vn -0.979985 0.126398 -0.153798
vn -0.980207 0.117001 -0.159701
vn -0.981703 0.101200 -0.161300
vn -0.977520 0.078702 -0.195604
vn -0.980207 0.117001 -0.159701
vn -0.979985 0.126398 -0.153798
vn -0.977520 0.078702 -0.195604
vn -0.945411 0.135002 -0.296603
vn -0.965168 0.156595 -0.209593
vn -0.980207 0.117001 -0.159701
vn -0.945411 0.135002 -0.296603
vn -0.977520 0.078702 -0.195604
vn -0.984042 0.026801 -0.175907
vn -0.931252 0.080896 -0.355282
vn -0.977520 0.078702 -0.195604
vn -0.981703 0.101200 -0.161300
vn -0.991138 0.060602 -0.118205
vn -0.984042 0.026801 -0.175907
vn -0.999737 0.012100 -0.019501
vn -0.995692 -0.062600 -0.068399
vn -0.984042 0.026801 -0.175907
vn -0.991138 0.060602 -0.118205
vn -0.995692 -0.062600 -0.068399
vn -0.954999 -0.049200 -0.292500
vn -0.931252 0.080896 -0.355282
vn -0.984042 0.026801 -0.175907
vn -0.981703 0.101200 -0.161300
vn -0.976583 0.136498 -0.166297
vn -0.984972 0.130796 -0.112797
vn -0.991138 0.060602 -0.118205
vn -0.976583 0.136498 -0.166297
vn -0.978340 0.140406 -0.152106
vn -0.984296 0.155099 -0.084300
vn -0.984972 0.130796 -0.112797
vn -0.983025 0.180005 0.035501
vn -0.992772 0.119997 -0.002000
vn -0.984972 0.130796 -0.112797
vn -0.984296 0.155099 -0.084300
vn -0.992772 0.119997 -0.002000
vn -0.999737 0.012100 -0.019501
vn -0.991138 0.060602 -0.118205
vn -0.984972 0.130796 -0.112797
vn -0.983156 0.143494 -0.113195
vn -0.979323 0.146603 -0.139403
vn -0.975312 0.138502 -0.172002
vn -0.979985 0.126398 -0.153798
vn -0.979323 0.146603 -0.139403
vn -0.978094 0.136799 -0.156899
vn -0.975616 0.132602 -0.174903
vn -0.975312 0.138502 -0.172002
vn -0.978340 0.140406 -0.152106
vn -0.976583 0.136498 -0.166297
vn -0.975312 0.138502 -0.172002
vn -0.975616 0.132602 -0.174903
vn -0.976583 0.136498 -0.166297
vn -0.981703 0.101200 -0.161300
vn -0.979985 0.126398 -0.153798
vn -0.975312 0.138502 -0.172002
vn 0.995354 0.023799 -0.093296
vn 0.997697 -0.015200 -0.066100
vn 0.999050 0.033298 -0.028099
vn 0.996724 0.071502 -0.037801
vn 0.997697 -0.015200 -0.066100
vn 0.998464 -0.049698 -0.024499
vn 0.999834 0.017401 -0.005400
vn 0.999050 0.033298 -0.028099
vn 0.996029 0.082802 0.032701
vn 0.997030 0.073502 0.023001
vn 0.999050 0.033298 -0.028099
vn 0.999834 0.017401 -0.005400
vn 0.997030 0.073502 0.023001
vn 0.994732 0.099003 0.026601
vn 0.996724 0.071502 -0.037801
vn 0.999050 0.033298 -0.028099
vn 0.994732 0.099003 0.026601
vn 0.997030 0.073502 0.023001
vn 0.983870 0.131296 0.121496
vn 0.981535 0.124404 0.145305
vn 0.997030 0.073502 0.023001
vn 0.996029 0.082802 0.032701
vn 0.979713 0.163702 0.115602
vn 0.983870 0.131296 0.121496
vn 0.910541 0.275312 0.308414
vn 0.912517 0.236404 0.333806
vn 0.983870 0.131296 0.121496
vn 0.979713 0.163702 0.115602
vn 0.912517 0.236404 0.333806
vn 0.906875 0.187695 0.377290
vn 0.981535 0.124404 0.145305
vn 0.983870 0.131296 0.121496
vn 0.996029 0.082802 0.032701
vn 0.991974 0.110697 0.061098
vn 0.970790 0.203998 0.126299
vn 0.979713 0.163702 0.115602
vn 0.991974 0.110697 0.061098
vn 0.985818 0.132802 0.102602
vn 0.962603 0.230101 0.143000
vn 0.970790 0.203998 0.126299
vn 0.908471 0.300590 0.290391
vn 0.903905 0.301302 0.303602
vn 0.970790 0.203998 0.126299
vn 0.962603 0.230101 0.143000
vn 0.903905 0.301302 0.303602
vn 0.910541 0.275312 0.308414
vn 0.979713 0.163702 0.115602
vn 0.970790 0.203998 0.126299
vn 0.998464 -0.049698 -0.024499
vn 0.996924 -0.069202 0.036801
vn 0.998988 0.021500 0.039500
vn 0.999834 0.017401 -0.005400
vn 0.996924 -0.069202 0.036801
vn 0.991649 -0.075704 0.104405
vn 0.994957 0.029399 0.095896
vn 0.998988 0.021500 0.039500
vn 0.985818 0.132802 0.102602
vn 0.991974 0.110697 0.061098
vn 0.998988 0.021500 0.039500
vn 0.994957 0.029399 0.095896
vn 0.991974 0.110697 0.061098
vn 0.996029 0.082802 0.032701
vn 0.999834 0.017401 -0.005400
vn 0.998988 0.021500 0.039500
vn 0.805493 -0.559395 -0.195598
vn 0.687288 -0.654389 -0.315295
vn 0.696401 -0.628901 -0.345701
vn 0.819963 -0.523077 -0.232490
vn 0.687288 -0.654389 -0.315295
vn 0.573704 -0.712605 -0.403803
vn 0.582081 -0.691877 -0.427186
vn 0.696401 -0.628901 -0.345701
vn 0.592100 -0.673900 -0.441900
vn 0.708889 -0.602991 -0.365894
vn 0.696401 -0.628901 -0.345701
vn 0.582081 -0.691877 -0.427186
vn 0.708889 -0.602991 -0.365894
vn 0.835110 -0.485506 -0.258603
vn 0.819963 -0.523077 -0.232490
vn 0.696401 -0.628901 -0.345701
vn 0.835110 -0.485506 -0.258603
vn 0.708889 -0.602991 -0.365894
vn 0.724302 -0.578001 -0.375901
vn 0.848104 -0.453902 -0.273301
vn 0.708889 -0.602991 -0.365894
vn 0.592100 -0.673900 -0.441900
vn 0.607673 -0.654271 -0.450180
vn 0.724302 -0.578001 -0.375901
vn 0.624733 -0.631233 -0.459624
vn 0.738420 -0.557615 -0.379210
vn 0.724302 -0.578001 -0.375901
vn 0.607673 -0.654271 -0.450180
vn 0.738420 -0.557615 -0.379210
vn 0.857488 -0.433894 -0.276496
vn 0.848104 -0.453902 -0.273301
vn 0.724302 -0.578001 -0.375901
vn 0.592100 -0.673900 -0.441900
vn 0.499293 -0.712990 -0.492293
vn 0.513877 -0.694869 -0.503078
vn 0.607673 -0.654271 -0.450180
vn 0.499293 -0.712990 -0.492293
vn 0.424778 -0.734462 -0.529273
vn 0.437983 -0.712972 -0.547578
vn 0.513877 -0.694869 -0.503078
vn 0.458106 -0.673509 -0.580108
vn 0.533486 -0.664582 -0.523186
vn 0.513877 -0.694869 -0.503078
vn 0.437983 -0.712972 -0.547578
vn 0.533486 -0.664582 -0.523186
vn 0.624733 -0.631233 -0.459624
vn 0.607673 -0.654271 -0.450180
vn 0.513877 -0.694869 -0.503078
vn 0.573704 -0.712605 -0.403803
vn 0.475107 -0.750111 -0.460007
vn 0.488903 -0.728404 -0.480002
vn 0.582081 -0.691877 -0.427186
vn 0.475107 -0.750111 -0.460007
vn 0.388807 -0.776915 -0.495209
vn 0.410115 -0.752428 -0.515419
vn 0.488903 -0.728404 -0.480002
vn 0.424778 -0.734462 -0.529273
vn 0.499293 -0.712990 -0.492293
vn 0.488903 -0.728404 -0.480002
vn 0.410115 -0.752428 -0.515419
vn 0.499293 -0.712990 -0.492293
vn 0.592100 -0.673900 -0.441900
vn 0.582081 -0.691877 -0.427186
vn 0.488903 -0.728404 -0.480002
vn 0.140796 -0.800775 -0.582182
vn 0.195802 -0.807510 -0.556407
vn 0.198996 -0.819585 -0.537290
vn 0.152104 -0.815020 -0.559113
vn 0.195802 -0.807510 -0.556407
vn 0.250606 -0.807019 -0.534712
vn 0.244505 -0.819116 -0.518910
vn 0.198996 -0.819585 -0.537290
vn 0.255797 -0.811692 -0.525095
vn 0.216704 -0.811416 -0.542811
vn 0.198996 -0.819585 -0.537290
vn 0.244505 -0.819116 -0.518910
vn 0.216704 -0.811416 -0.542811
vn 0.175906 -0.807925 -0.562418
vn 0.152104 -0.815020 -0.559113
vn 0.198996 -0.819585 -0.537290
vn 0.175906 -0.807925 -0.562418
vn 0.216704 -0.811416 -0.542811
vn 0.240492 -0.791274 -0.562182
vn 0.205402 -0.787407 -0.581205
vn 0.216704 -0.811416 -0.542811
vn 0.255797 -0.811692 -0.525095
vn 0.278202 -0.793606 -0.541104
vn 0.240492 -0.791274 -0.562182
vn 0.308098 -0.773195 -0.554297
vn 0.268111 -0.766332 -0.583825
vn 0.240492 -0.791274 -0.562182
vn 0.278202 -0.793606 -0.541104
vn 0.268111 -0.766332 -0.583825
vn 0.235504 -0.760114 -0.605611
vn 0.205402 -0.787407 -0.581205
vn 0.240492 -0.791274 -0.562182
vn 0.255797 -0.811692 -0.525095
vn 0.303796 -0.808890 -0.503394
vn 0.325700 -0.796000 -0.510200
vn 0.278202 -0.793606 -0.541104
vn 0.303796 -0.808890 -0.503394
vn 0.369505 -0.801011 -0.471007
vn 0.390519 -0.795038 -0.464122
vn 0.325700 -0.796000 -0.510200
vn 0.424587 -0.783977 -0.452887
vn 0.359104 -0.780710 -0.511406
vn 0.325700 -0.796000 -0.510200
vn 0.390519 -0.795038 -0.464122
vn 0.359104 -0.780710 -0.511406
vn 0.308098 -0.773195 -0.554297
vn 0.278202 -0.793606 -0.541104
vn 0.325700 -0.796000 -0.510200
vn 0.250606 -0.807019 -0.534712
vn 0.314807 -0.796117 -0.516811
vn 0.299822 -0.811460 -0.501637
vn 0.244505 -0.819116 -0.518910
vn 0.314807 -0.796117 -0.516811
vn 0.388807 -0.776915 -0.495209
vn 0.370695 -0.796189 -0.478193
vn 0.299822 -0.811460 -0.501637
vn 0.369505 -0.801011 -0.471007
vn 0.303796 -0.808890 -0.503394
vn 0.299822 -0.811460 -0.501637
vn 0.370695 -0.796189 -0.478193
vn 0.303796 -0.808890 -0.503394
vn 0.255797 -0.811692 -0.525095
vn 0.244505 -0.819116 -0.518910
vn 0.299822 -0.811460 -0.501637
vn 0.698203 0.197901 -0.688003
vn 0.824963 0.154093 -0.543775
vn 0.765716 0.364808 -0.529711
vn 0.606082 0.457186 -0.650881
vn 0.824963 0.154093 -0.543775
vn 0.909735 0.109404 -0.400516
vn 0.886135 0.266811 -0.378915
vn 0.765716 0.364808 -0.529711
vn 0.806126 0.506416 -0.306110
vn 0.670633 0.601129 -0.434621
vn 0.765716 0.364808 -0.529711
vn 0.886135 0.266811 -0.378915
vn 0.670633 0.601129 -0.434621
vn 0.533714 0.667118 -0.519714
vn 0.606082 0.457186 -0.650881
vn 0.765716 0.364808 -0.529711
vn 0.533714 0.667118 -0.519714
vn 0.670633 0.601129 -0.434621
vn 0.595894 0.707093 -0.380696
vn 0.469297 0.745995 -0.472497
vn 0.670633 0.601129 -0.434621
vn 0.806126 0.506416 -0.306110
vn 0.727799 0.638599 -0.250000
vn 0.595894 0.707093 -0.380696
vn 0.698097 0.630397 -0.339499
vn 0.560214 0.684217 -0.466912
vn 0.595894 0.707093 -0.380696
vn 0.727799 0.638599 -0.250000
vn 0.560214 0.684217 -0.466912
vn 0.422994 0.713790 -0.558193
vn 0.469297 0.745995 -0.472497
vn 0.595894 0.707093 -0.380696
vn 0.806126 0.506416 -0.306110
vn 0.880908 0.430704 -0.196202
vn 0.808504 0.573403 -0.132401
vn 0.727799 0.638599 -0.250000
vn 0.880908 0.430704 -0.196202
vn 0.903525 0.404111 -0.142604
vn 0.834493 0.546295 -0.071999
vn 0.808504 0.573403 -0.132401
vn 0.822963 0.549175 -0.145393
vn 0.788220 0.576014 -0.216605
vn 0.808504 0.573403 -0.132401
vn 0.834493 0.546295 -0.071999
vn 0.788220 0.576014 -0.216605
vn 0.698097 0.630397 -0.339499
vn 0.727799 0.638599 -0.250000
vn 0.808504 0.573403 -0.132401
vn 0.909735 0.109404 -0.400516
vn 0.954735 0.071603 -0.288711
vn 0.942045 0.203510 -0.266713
vn 0.886135 0.266811 -0.378915
vn 0.954735 0.071603 -0.288711
vn 0.983976 0.031499 -0.175496
vn 0.965935 0.170806 -0.194407
vn 0.942045 0.203510 -0.266713
vn 0.903525 0.404111 -0.142604
vn 0.880908 0.430704 -0.196202
vn 0.942045 0.203510 -0.266713
vn 0.965935 0.170806 -0.194407
vn 0.880908 0.430704 -0.196202
vn 0.806126 0.506416 -0.306110
vn 0.886135 0.266811 -0.378915
vn 0.942045 0.203510 -0.266713
vn 0.977275 -0.018200 -0.211195
vn 0.911813 0.094401 -0.399606
vn 0.890699 0.021200 -0.454099
vn 0.968797 -0.074800 -0.236299
vn 0.911813 0.094401 -0.399606
vn 0.805993 0.210598 -0.553195
vn 0.762579 0.121497 -0.635383
vn 0.890699 0.021200 -0.454099
vn 0.754810 -0.006800 -0.655909
vn 0.892114 -0.052001 -0.448807
vn 0.890699 0.021200 -0.454099
vn 0.762579 0.121497 -0.635383
vn 0.892114 -0.052001 -0.448807
vn 0.975180 -0.098298 -0.198396
vn 0.968797 -0.074800 -0.236299
vn 0.890699 0.021200 -0.454099
vn 0.975180 -0.098298 -0.198396
vn 0.892114 -0.052001 -0.448807
vn 0.907398 -0.104400 -0.407099
vn 0.987265 -0.080197 -0.137395
vn 0.892114 -0.052001 -0.448807
vn 0.754810 -0.006800 -0.655909
vn 0.775063 -0.144793 -0.615071
vn 0.907398 -0.104400 -0.407099
vn 0.822471 -0.202393 -0.531581
vn 0.930831 -0.117604 -0.346011
vn 0.907398 -0.104400 -0.407099
vn 0.775063 -0.144793 -0.615071
vn 0.930831 -0.117604 -0.346011
vn 0.993972 -0.052598 -0.096197
vn 0.987265 -0.080197 -0.137395
vn 0.907398 -0.104400 -0.407099
vn 0.754810 -0.006800 -0.655909
vn 0.604195 0.023400 -0.796493
vn 0.621204 -0.205201 -0.756305
vn 0.775063 -0.144793 -0.615071
vn 0.604195 0.023400 -0.796493
vn 0.514388 0.053599 -0.855881
vn 0.504005 -0.247403 -0.827509
vn 0.621204 -0.205201 -0.756305
vn 0.539211 -0.373707 -0.754715
vn 0.682737 -0.298216 -0.667036
vn 0.621204 -0.205201 -0.756305
vn 0.504005 -0.247403 -0.827509
vn 0.682737 -0.298216 -0.667036
vn 0.822471 -0.202393 -0.531581
vn 0.775063 -0.144793 -0.615071
vn 0.621204 -0.205201 -0.756305
vn 0.805993 0.210598 -0.553195
vn 0.709113 0.312806 -0.631911
vn 0.635773 0.208191 -0.743269
vn 0.762579 0.121497 -0.635383
vn 0.709113 0.312806 -0.631911
vn 0.685531 0.381917 -0.619828
vn 0.585397 0.277998 -0.761596
vn 0.635773 0.208191 -0.743269
vn 0.514388 0.053599 -0.855881
vn 0.604195 0.023400 -0.796493
vn 0.635773 0.208191 -0.743269
vn 0.585397 0.277998 -0.761596
vn 0.604195 0.023400 -0.796493
vn 0.754810 -0.006800 -0.655909
vn 0.762579 0.121497 -0.635383
vn 0.635773 0.208191 -0.743269
vn 0.991109 0.075001 0.109901
vn 0.991097 0.118400 -0.060900
vn 0.988208 0.130801 -0.079601
vn 0.994300 0.071600 0.079000
vn 0.991097 0.118400 -0.060900
vn 0.962412 0.158702 -0.220403
vn 0.955384 0.186797 -0.228796
vn 0.988208 0.130801 -0.079601
vn 0.935085 0.218197 -0.279296
vn 0.980086 0.134598 -0.145998
vn 0.988208 0.130801 -0.079601
vn 0.955384 0.186797 -0.228796
vn 0.980086 0.134598 -0.145998
vn 0.998639 0.052102 0.002200
vn 0.994300 0.071600 0.079000
vn 0.988208 0.130801 -0.079601
vn 0.998639 0.052102 0.002200
vn 0.980086 0.134598 -0.145998
vn 0.953173 0.131596 -0.272292
vn 0.993355 0.025199 -0.112295
vn 0.980086 0.134598 -0.145998
vn 0.935085 0.218197 -0.279296
vn 0.881066 0.242691 -0.405984
vn 0.953173 0.131596 -0.272292
vn 0.805993 0.210598 -0.553195
vn 0.911813 0.094401 -0.399606
vn 0.953173 0.131596 -0.272292
vn 0.881066 0.242691 -0.405984
vn 0.911813 0.094401 -0.399606
vn 0.977275 -0.018200 -0.211195
vn 0.993355 0.025199 -0.112295
vn 0.953173 0.131596 -0.272292
vn 0.935085 0.218197 -0.279296
vn 0.873091 0.297597 -0.386196
vn 0.801907 0.346503 -0.486704
vn 0.881066 0.242691 -0.405984
vn 0.873091 0.297597 -0.386196
vn 0.808379 0.363291 -0.463188
vn 0.752995 0.418498 -0.507797
vn 0.801907 0.346503 -0.486704
vn 0.685531 0.381917 -0.619828
vn 0.709113 0.312806 -0.631911
vn 0.801907 0.346503 -0.486704
vn 0.752995 0.418498 -0.507797
vn 0.709113 0.312806 -0.631911
vn 0.805993 0.210598 -0.553195
vn 0.881066 0.242691 -0.405984
vn 0.801907 0.346503 -0.486704
vn 0.962412 0.158702 -0.220403
vn 0.916945 0.193209 -0.349117
vn 0.905065 0.235991 -0.353786
vn 0.955384 0.186797 -0.228796
vn 0.916945 0.193209 -0.349117
vn 0.875298 0.219499 -0.430899
vn 0.852114 0.279604 -0.442407
vn 0.905065 0.235991 -0.353786
vn 0.808379 0.363291 -0.463188
vn 0.873091 0.297597 -0.386196
vn 0.905065 0.235991 -0.353786
vn 0.852114 0.279604 -0.442407
vn 0.873091 0.297597 -0.386196
vn 0.935085 0.218197 -0.279296
vn 0.955384 0.186797 -0.228796
vn 0.905065 0.235991 -0.353786
vn 0.993250 -0.110494 0.035298
vn 0.987689 -0.085799 -0.130799
vn 0.993117 -0.010000 -0.116702
vn 0.997829 -0.040401 0.052002
vn 0.987689 -0.085799 -0.130799
vn 0.961232 -0.064002 -0.268209
vn 0.966164 0.014999 -0.257491
vn 0.993117 -0.010000 -0.116702
vn 0.966857 0.076497 -0.243589
vn 0.993771 0.050399 -0.099397
vn 0.993117 -0.010000 -0.116702
vn 0.966164 0.014999 -0.257491
vn 0.993771 0.050399 -0.099397
vn 0.997465 0.019999 0.068298
vn 0.997829 -0.040401 0.052002
vn 0.993117 -0.010000 -0.116702
vn 0.997465 0.019999 0.068298
vn 0.993771 0.050399 -0.099397
vn 0.992859 0.093096 -0.074597
vn 0.993476 0.060299 0.096798
vn 0.993771 0.050399 -0.099397
vn 0.966857 0.076497 -0.243589
vn 0.965658 0.123495 -0.228590
vn 0.992859 0.093096 -0.074597
vn 0.962412 0.158702 -0.220403
vn 0.991097 0.118400 -0.060900
vn 0.992859 0.093096 -0.074597
vn 0.965658 0.123495 -0.228590
vn 0.991097 0.118400 -0.060900
vn 0.991109 0.075001 0.109901
vn 0.993476 0.060299 0.096798
vn 0.992859 0.093096 -0.074597
vn 0.966857 0.076497 -0.243589
vn 0.925678 0.100598 -0.364691
vn 0.923026 0.151604 -0.353610
vn 0.965658 0.123495 -0.228590
vn 0.925678 0.100598 -0.364691
vn 0.879102 0.117200 -0.462001
vn 0.881556 0.170592 -0.440178
vn 0.923026 0.151604 -0.353610
vn 0.875298 0.219499 -0.430899
vn 0.916945 0.193209 -0.349117
vn 0.923026 0.151604 -0.353610
vn 0.881556 0.170592 -0.440178
vn 0.916945 0.193209 -0.349117
vn 0.962412 0.158702 -0.220403
vn 0.965658 0.123495 -0.228590
vn 0.923026 0.151604 -0.353610
vn 0.961232 -0.064002 -0.268209
vn 0.920430 -0.044101 -0.388413
vn 0.924870 0.036899 -0.378488
vn 0.966164 0.014999 -0.257491
vn 0.920430 -0.044101 -0.388413
vn 0.867897 -0.027200 -0.495998
vn 0.874007 0.053100 -0.483004
vn 0.924870 0.036899 -0.378488
vn 0.879102 0.117200 -0.462001
vn 0.925678 0.100598 -0.364691
vn 0.924870 0.036899 -0.378488
vn 0.874007 0.053100 -0.483004
vn 0.925678 0.100598 -0.364691
vn 0.966857 0.076497 -0.243589
vn 0.966164 0.014999 -0.257491
vn 0.924870 0.036899 -0.378488
vn 0.989122 -0.100402 -0.107502
vn 0.978873 -0.089998 -0.183595
vn 0.977195 -0.124799 -0.171799
vn 0.988399 -0.130500 -0.077700
vn 0.978873 -0.089998 -0.183595
vn 0.962871 -0.079498 -0.257992
vn 0.957825 -0.118003 -0.262007
vn 0.977195 -0.124799 -0.171799
vn 0.955086 -0.140698 -0.260796
vn 0.976764 -0.150794 -0.152294
vn 0.977195 -0.124799 -0.171799
vn 0.957825 -0.118003 -0.262007
vn 0.976764 -0.150794 -0.152294
vn 0.986714 -0.158802 -0.034301
vn 0.988399 -0.130500 -0.077700
vn 0.977195 -0.124799 -0.171799
vn 0.986714 -0.158802 -0.034301
vn 0.976764 -0.150794 -0.152294
vn 0.979293 -0.144199 -0.142099
vn 0.987138 -0.159806 0.004500
vn 0.976764 -0.150794 -0.152294
vn 0.955086 -0.140698 -0.260796
vn 0.954931 -0.128004 -0.267809
vn 0.979293 -0.144199 -0.142099
vn 0.961232 -0.064002 -0.268209
vn 0.987689 -0.085799 -0.130799
vn 0.979293 -0.144199 -0.142099
vn 0.954931 -0.128004 -0.267809
vn 0.987689 -0.085799 -0.130799
vn 0.993250 -0.110494 0.035298
vn 0.987138 -0.159806 0.004500
vn 0.979293 -0.144199 -0.142099
vn 0.955086 -0.140698 -0.260796
vn 0.922503 -0.128700 -0.363901
vn 0.917491 -0.111199 -0.381896
vn 0.954931 -0.128004 -0.267809
vn 0.922503 -0.128700 -0.363901
vn 0.877598 -0.114600 -0.465499
vn 0.867095 -0.094499 -0.489097
vn 0.917491 -0.111199 -0.381896
vn 0.867897 -0.027200 -0.495998
vn 0.920430 -0.044101 -0.388413
vn 0.917491 -0.111199 -0.381896
vn 0.867095 -0.094499 -0.489097
vn 0.920430 -0.044101 -0.388413
vn 0.961232 -0.064002 -0.268209
vn 0.954931 -0.128004 -0.267809
vn 0.917491 -0.111199 -0.381896
vn 0.962871 -0.079498 -0.257992
vn 0.942111 -0.069101 -0.328104
vn 0.931101 -0.109300 -0.348000
vn 0.957825 -0.118003 -0.262007
vn 0.942111 -0.069101 -0.328104
vn 0.915385 -0.057899 -0.398394
vn 0.895552 -0.097795 -0.434077
vn 0.931101 -0.109300 -0.348000
vn 0.877598 -0.114600 -0.465499
vn 0.922503 -0.128700 -0.363901
vn 0.931101 -0.109300 -0.348000
vn 0.895552 -0.097795 -0.434077
vn 0.922503 -0.128700 -0.363901
vn 0.955086 -0.140698 -0.260796
vn 0.957825 -0.118003 -0.262007
vn 0.931101 -0.109300 -0.348000
vn 0.989270 0.051298 -0.136796
vn 0.989775 0.038299 -0.137397
vn 0.996088 -0.038800 -0.079399
vn 0.997966 -0.039799 -0.049798
vn 0.989775 0.038299 -0.137397
vn 0.994841 0.015801 -0.100204
vn 0.994180 -0.034099 -0.102198
vn 0.996088 -0.038800 -0.079399
vn 0.985423 -0.040601 -0.165204
vn 0.993786 -0.056499 -0.095899
vn 0.996088 -0.038800 -0.079399
vn 0.994180 -0.034099 -0.102198
vn 0.993786 -0.056499 -0.095899
vn 0.996852 -0.068697 -0.039598
vn 0.997966 -0.039799 -0.049798
vn 0.996088 -0.038800 -0.079399
vn 0.996852 -0.068697 -0.039598
vn 0.993786 -0.056499 -0.095899
vn 0.986557 -0.064397 -0.150193
vn 0.993165 -0.079997 -0.084997
vn 0.993786 -0.056499 -0.095899
vn 0.985423 -0.040601 -0.165204
vn 0.973656 -0.048003 -0.222913
vn 0.986557 -0.064397 -0.150193
vn 0.962871 -0.079498 -0.257992
vn 0.978873 -0.089998 -0.183595
vn 0.986557 -0.064397 -0.150193
vn 0.973656 -0.048003 -0.222913
vn 0.978873 -0.089998 -0.183595
vn 0.989122 -0.100402 -0.107502
vn 0.993165 -0.079997 -0.084997
vn 0.986557 -0.064397 -0.150193
vn 0.985423 -0.040601 -0.165204
vn 0.971173 -0.020499 -0.237493
vn 0.955387 -0.032200 -0.293596
vn 0.973656 -0.048003 -0.222913
vn 0.971173 -0.020499 -0.237493
vn 0.946297 0.000700 -0.323299
vn 0.930372 -0.017699 -0.366189
vn 0.955387 -0.032200 -0.293596
vn 0.915385 -0.057899 -0.398394
vn 0.942111 -0.069101 -0.328104
vn 0.955387 -0.032200 -0.293596
vn 0.930372 -0.017699 -0.366189
vn 0.942111 -0.069101 -0.328104
vn 0.962871 -0.079498 -0.257992
vn 0.973656 -0.048003 -0.222913
vn 0.955387 -0.032200 -0.293596
vn 0.994841 0.015801 -0.100204
vn 0.995483 0.006800 -0.094698
vn 0.989351 -0.017401 -0.144507
vn 0.994180 -0.034099 -0.102198
vn 0.995483 0.006800 -0.094698
vn 0.983976 0.031499 -0.175496
vn 0.970848 0.009999 -0.239487
vn 0.989351 -0.017401 -0.144507
vn 0.946297 0.000700 -0.323299
vn 0.971173 -0.020499 -0.237493
vn 0.989351 -0.017401 -0.144507
vn 0.970848 0.009999 -0.239487
vn 0.971173 -0.020499 -0.237493
vn 0.985423 -0.040601 -0.165204
vn 0.994180 -0.034099 -0.102198
vn 0.989351 -0.017401 -0.144507
vn 0.265993 -0.417490 -0.868879
vn 0.411816 -0.394116 -0.821633
vn 0.361490 -0.437088 -0.823577
vn 0.238904 -0.462707 -0.853714
vn 0.411816 -0.394116 -0.821633
vn 0.561997 -0.357698 -0.745796
vn 0.497093 -0.397894 -0.771089
vn 0.361490 -0.437088 -0.823577
vn 0.424890 -0.429290 -0.796981
vn 0.310305 -0.457308 -0.833415
vn 0.361490 -0.437088 -0.823577
vn 0.497093 -0.397894 -0.771089
vn 0.310305 -0.457308 -0.833415
vn 0.210292 -0.473781 -0.855166
vn 0.238904 -0.462707 -0.853714
vn 0.361490 -0.437088 -0.823577
vn 0.210292 -0.473781 -0.855166
vn 0.310305 -0.457308 -0.833415
vn 0.289008 -0.451212 -0.844323
vn 0.204400 -0.453500 -0.867501
vn 0.310305 -0.457308 -0.833415
vn 0.424890 -0.429290 -0.796981
vn 0.374310 -0.441011 -0.815721
vn 0.289008 -0.451212 -0.844323
vn 0.362089 -0.415587 -0.834374
vn 0.307209 -0.402512 -0.862326
vn 0.289008 -0.451212 -0.844323
vn 0.374310 -0.441011 -0.815721
vn 0.307209 -0.402512 -0.862326
vn 0.228702 -0.386904 -0.893309
vn 0.204400 -0.453500 -0.867501
vn 0.289008 -0.451212 -0.844323
vn 0.424890 -0.429290 -0.796981
vn 0.558485 -0.381890 -0.736380
vn 0.479409 -0.410408 -0.775714
vn 0.374310 -0.441011 -0.815721
vn 0.558485 -0.381890 -0.736380
vn 0.705267 -0.314285 -0.635471
vn 0.618614 -0.355208 -0.700816
vn 0.479409 -0.410408 -0.775714
vn 0.539211 -0.373707 -0.754715
vn 0.428507 -0.409107 -0.805614
vn 0.479409 -0.410408 -0.775714
vn 0.618614 -0.355208 -0.700816
vn 0.428507 -0.409107 -0.805614
vn 0.362089 -0.415587 -0.834374
vn 0.374310 -0.441011 -0.815721
vn 0.479409 -0.410408 -0.775714
vn 0.561997 -0.357698 -0.745796
vn 0.707594 -0.306897 -0.636494
vn 0.641795 -0.341797 -0.686494
vn 0.497093 -0.397894 -0.771089
vn 0.707594 -0.306897 -0.636494
vn 0.827170 -0.249391 -0.503582
vn 0.778086 -0.273295 -0.565590
vn 0.641795 -0.341797 -0.686494
vn 0.705267 -0.314285 -0.635471
vn 0.558485 -0.381890 -0.736380
vn 0.641795 -0.341797 -0.686494
vn 0.778086 -0.273295 -0.565590
vn 0.558485 -0.381890 -0.736380
vn 0.424890 -0.429290 -0.796981
vn 0.497093 -0.397894 -0.771089
vn 0.641795 -0.341797 -0.686494
vn 0.265806 -0.354908 -0.896319
vn 0.444901 -0.340801 -0.828202
vn 0.436806 -0.356005 -0.826112
vn 0.270704 -0.372405 -0.887713
vn 0.444901 -0.340801 -0.828202
vn 0.617905 -0.315203 -0.720306
vn 0.600114 -0.327907 -0.729617
vn 0.436806 -0.356005 -0.826112
vn 0.561997 -0.357698 -0.745796
vn 0.411816 -0.394116 -0.821633
vn 0.436806 -0.356005 -0.826112
vn 0.600114 -0.327907 -0.729617
vn 0.411816 -0.394116 -0.821633
vn 0.265993 -0.417490 -0.868879
vn 0.270704 -0.372405 -0.887713
vn 0.436806 -0.356005 -0.826112
vn 0.617905 -0.315203 -0.720306
vn 0.769284 -0.274594 -0.576888
vn 0.748113 -0.285505 -0.599011
vn 0.600114 -0.327907 -0.729617
vn 0.769284 -0.274594 -0.576888
vn 0.869856 -0.230715 -0.436028
vn 0.855225 -0.238507 -0.460113
vn 0.748113 -0.285505 -0.599011
vn 0.827170 -0.249391 -0.503582
vn 0.707594 -0.306897 -0.636494
vn 0.748113 -0.285505 -0.599011
vn 0.855225 -0.238507 -0.460113
vn 0.707594 -0.306897 -0.636494
vn 0.561997 -0.357698 -0.745796
vn 0.600114 -0.327907 -0.729617
vn 0.748113 -0.285505 -0.599011
vn 0.905693 -0.210298 -0.368097
vn 0.847205 -0.233701 -0.477103
vn 0.919134 0.005000 -0.393914
vn 0.959809 -0.042600 -0.277403
vn 0.847205 -0.233701 -0.477103
vn 0.775940 -0.236412 -0.584830
vn 0.865430 0.003500 -0.501017
vn 0.919134 0.005000 -0.393914
vn 0.910732 0.239008 -0.336812
vn 0.945542 0.212909 -0.246211
vn 0.919134 0.005000 -0.393914
vn 0.865430 0.003500 -0.501017
vn 0.945542 0.212909 -0.246211
vn 0.974308 0.167101 -0.151001
vn 0.959809 -0.042600 -0.277403
vn 0.919134 0.005000 -0.393914
vn 0.974308 0.167101 -0.151001
vn 0.945542 0.212909 -0.246211
vn 0.923130 0.363012 -0.126704
vn 0.948581 0.312594 -0.049799
vn 0.945542 0.212909 -0.246211
vn 0.910732 0.239008 -0.336812
vn 0.895798 0.400899 -0.191900
vn 0.923130 0.363012 -0.126704
vn 0.853563 0.516677 -0.066897
vn 0.872022 0.488912 -0.023301
vn 0.923130 0.363012 -0.126704
vn 0.895798 0.400899 -0.191900
vn 0.872022 0.488912 -0.023301
vn 0.894876 0.444788 0.036899
vn 0.948581 0.312594 -0.049799
vn 0.923130 0.363012 -0.126704
vn 0.910732 0.239008 -0.336812
vn 0.866186 0.266396 -0.422793
vn 0.865826 0.432713 -0.251207
vn 0.895798 0.400899 -0.191900
vn 0.866186 0.266396 -0.422793
vn 0.806993 0.296397 -0.510795
vn 0.830391 0.459595 -0.314997
vn 0.865826 0.432713 -0.251207
vn 0.822963 0.549175 -0.145393
vn 0.838639 0.534725 -0.103705
vn 0.865826 0.432713 -0.251207
vn 0.830391 0.459595 -0.314997
vn 0.838639 0.534725 -0.103705
vn 0.853563 0.516677 -0.066897
vn 0.895798 0.400899 -0.191900
vn 0.865826 0.432713 -0.251207
vn 0.775940 -0.236412 -0.584830
vn 0.713992 -0.222998 -0.663692
vn 0.804944 0.016101 -0.593132
vn 0.865430 0.003500 -0.501017
vn 0.713992 -0.222998 -0.663692
vn 0.645316 -0.191905 -0.739419
vn 0.731158 0.044397 -0.680761
vn 0.804944 0.016101 -0.593132
vn 0.806993 0.296397 -0.510795
vn 0.866186 0.266396 -0.422793
vn 0.804944 0.016101 -0.593132
vn 0.731158 0.044397 -0.680761
vn 0.866186 0.266396 -0.422793
vn 0.910732 0.239008 -0.336812
vn 0.865430 0.003500 -0.501017
vn 0.804944 0.016101 -0.593132
vn 0.021299 -0.982659 -0.184192
vn 0.051499 -0.980375 -0.190295
vn 0.013800 -0.996866 -0.077897
vn -0.000300 -0.997706 -0.067700
vn 0.051499 -0.980375 -0.190295
vn 0.072500 -0.977396 -0.198599
vn 0.027300 -0.995595 -0.089700
vn 0.013800 -0.996866 -0.077897
vn -0.007000 -0.999917 -0.010800
vn -0.034601 -0.999333 0.011700
vn 0.013800 -0.996866 -0.077897
vn 0.027300 -0.995595 -0.089700
vn -0.034601 -0.999333 0.011700
vn -0.028999 -0.999074 0.031799
vn -0.000300 -0.997706 -0.067700
vn 0.013800 -0.996866 -0.077897
vn -0.028999 -0.999074 0.031799
vn -0.034601 -0.999333 0.011700
vn -0.108197 -0.991372 0.073998
vn -0.076597 -0.986755 0.142994
vn -0.034601 -0.999333 0.011700
vn -0.007000 -0.999917 -0.010800
vn -0.034000 -0.998791 0.035500
vn -0.108197 -0.991372 0.073998
vn -0.049001 -0.998113 0.037000
vn -0.287498 -0.952494 0.100499
vn -0.108197 -0.991372 0.073998
vn -0.034000 -0.998791 0.035500
vn -0.287498 -0.952494 0.100499
vn -0.205305 -0.923122 0.325108
vn -0.076597 -0.986755 0.142994
vn -0.108197 -0.991372 0.073998
vn -0.007000 -0.999917 -0.010800
vn 0.021799 -0.999755 -0.003900
vn 0.035700 -0.997993 0.052300
vn -0.034000 -0.998791 0.035500
vn 0.021799 -0.999755 -0.003900
vn 0.040598 -0.999161 0.005400
vn 0.021000 -0.993907 0.108201
vn 0.035700 -0.997993 0.052300
vn 0.037600 -0.964307 0.262102
vn 0.155006 -0.985740 0.065503
vn 0.035700 -0.997993 0.052300
vn 0.021000 -0.993907 0.108201
vn 0.155006 -0.985740 0.065503
vn -0.049001 -0.998113 0.037000
vn -0.034000 -0.998791 0.035500
vn 0.035700 -0.997993 0.052300
vn 0.072500 -0.977396 -0.198599
vn 0.096303 -0.973631 -0.206807
vn 0.046200 -0.994509 -0.093901
vn 0.027300 -0.995595 -0.089700
vn 0.096303 -0.973631 -0.206807
vn 0.134998 -0.967284 -0.214796
vn 0.081500 -0.991704 -0.099400
vn 0.046200 -0.994509 -0.093901
vn 0.040598 -0.999161 0.005400
vn 0.021799 -0.999755 -0.003900
vn 0.046200 -0.994509 -0.093901
vn 0.081500 -0.991704 -0.099400
vn 0.021799 -0.999755 -0.003900
vn -0.007000 -0.999917 -0.010800
vn 0.027300 -0.995595 -0.089700
vn 0.046200 -0.994509 -0.093901
vn 0.262412 -0.696233 -0.668131
vn 0.338220 -0.690640 -0.639237
vn 0.328705 -0.637610 -0.696711
vn 0.244694 -0.646083 -0.722981
vn 0.338220 -0.690640 -0.639237
vn 0.408993 -0.682188 -0.606089
vn 0.400504 -0.624406 -0.670607
vn 0.328705 -0.637610 -0.696711
vn 0.368078 -0.554367 -0.746456
vn 0.298799 -0.572798 -0.763297
vn 0.328705 -0.637610 -0.696711
vn 0.400504 -0.624406 -0.670607
vn 0.298799 -0.572798 -0.763297
vn 0.210594 -0.585584 -0.782778
vn 0.244694 -0.646083 -0.722981
vn 0.328705 -0.637610 -0.696711
vn 0.210594 -0.585584 -0.782778
vn 0.298799 -0.572798 -0.763297
vn 0.250505 -0.552012 -0.795317
vn 0.162504 -0.568012 -0.806818
vn 0.298799 -0.572798 -0.763297
vn 0.368078 -0.554367 -0.746456
vn 0.315184 -0.530574 -0.786861
vn 0.250505 -0.552012 -0.795317
vn 0.266307 -0.606917 -0.748821
vn 0.207408 -0.627325 -0.750630
vn 0.250505 -0.552012 -0.795317
vn 0.315184 -0.530574 -0.786861
vn 0.207408 -0.627325 -0.750630
vn 0.123208 -0.643640 -0.755346
vn 0.162504 -0.568012 -0.806818
vn 0.250505 -0.552012 -0.795317
vn 0.368078 -0.554367 -0.746456
vn 0.431095 -0.528694 -0.731191
vn 0.378907 -0.502209 -0.777314
vn 0.315184 -0.530574 -0.786861
vn 0.431095 -0.528694 -0.731191
vn 0.498497 -0.498397 -0.709296
vn 0.459279 -0.466778 -0.755765
vn 0.378907 -0.502209 -0.777314
vn 0.415107 -0.541309 -0.731212
vn 0.328097 -0.581194 -0.744692
vn 0.378907 -0.502209 -0.777314
vn 0.459279 -0.466778 -0.755765
vn 0.328097 -0.581194 -0.744692
vn 0.266307 -0.606917 -0.748821
vn 0.315184 -0.530574 -0.786861
vn 0.378907 -0.502209 -0.777314
vn 0.408993 -0.682188 -0.606089
vn 0.474602 -0.669003 -0.572003
vn 0.465192 -0.604689 -0.646489
vn 0.400504 -0.624406 -0.670607
vn 0.474602 -0.669003 -0.572003
vn 0.535717 -0.650721 -0.538117
vn 0.527275 -0.579873 -0.621071
vn 0.465192 -0.604689 -0.646489
vn 0.498497 -0.498397 -0.709296
vn 0.431095 -0.528694 -0.731191
vn 0.465192 -0.604689 -0.646489
vn 0.527275 -0.579873 -0.621071
vn 0.431095 -0.528694 -0.731191
vn 0.368078 -0.554367 -0.746456
vn 0.400504 -0.624406 -0.670607
vn 0.465192 -0.604689 -0.646489
vn 0.235504 -0.760114 -0.605611
vn 0.268111 -0.766332 -0.583825
vn 0.299786 -0.746065 -0.594572
vn 0.260102 -0.739307 -0.621106
vn 0.268111 -0.766332 -0.583825
vn 0.308098 -0.773195 -0.554297
vn 0.346095 -0.755190 -0.556692
vn 0.299786 -0.746065 -0.594572
vn 0.380196 -0.743092 -0.550694
vn 0.324615 -0.738933 -0.590426
vn 0.299786 -0.746065 -0.594572
vn 0.346095 -0.755190 -0.556692
vn 0.324615 -0.738933 -0.590426
vn 0.272510 -0.736327 -0.619323
vn 0.260102 -0.739307 -0.621106
vn 0.299786 -0.746065 -0.594572
vn 0.272510 -0.736327 -0.619323
vn 0.324615 -0.738933 -0.590426
vn 0.336799 -0.725898 -0.599698
vn 0.272298 -0.728594 -0.628495
vn 0.324615 -0.738933 -0.590426
vn 0.380196 -0.743092 -0.550694
vn 0.401300 -0.722800 -0.562600
vn 0.336799 -0.725898 -0.599698
vn 0.408993 -0.682188 -0.606089
vn 0.338220 -0.690640 -0.639237
vn 0.336799 -0.725898 -0.599698
vn 0.401300 -0.722800 -0.562600
vn 0.338220 -0.690640 -0.639237
vn 0.262412 -0.696233 -0.668131
vn 0.272298 -0.728594 -0.628495
vn 0.336799 -0.725898 -0.599698
vn 0.380196 -0.743092 -0.550694
vn 0.438969 -0.745748 -0.501165
vn 0.464397 -0.716895 -0.519997
vn 0.401300 -0.722800 -0.562600
vn 0.438969 -0.745748 -0.501165
vn 0.500812 -0.742517 -0.444810
vn 0.525287 -0.705882 -0.475188
vn 0.464397 -0.716895 -0.519997
vn 0.535717 -0.650721 -0.538117
vn 0.474602 -0.669003 -0.572003
vn 0.464397 -0.716895 -0.519997
vn 0.525287 -0.705882 -0.475188
vn 0.474602 -0.669003 -0.572003
vn 0.408993 -0.682188 -0.606089
vn 0.401300 -0.722800 -0.562600
vn 0.464397 -0.716895 -0.519997
vn 0.308098 -0.773195 -0.554297
vn 0.359104 -0.780710 -0.511406
vn 0.400713 -0.763924 -0.505816
vn 0.346095 -0.755190 -0.556692
vn 0.359104 -0.780710 -0.511406
vn 0.424587 -0.783977 -0.452887
vn 0.464508 -0.766912 -0.442807
vn 0.400713 -0.763924 -0.505816
vn 0.500812 -0.742517 -0.444810
vn 0.438969 -0.745748 -0.501165
vn 0.400713 -0.763924 -0.505816
vn 0.464508 -0.766912 -0.442807
vn 0.438969 -0.745748 -0.501165
vn 0.380196 -0.743092 -0.550694
vn 0.346095 -0.755190 -0.556692
vn 0.400713 -0.763924 -0.505816
vn 0.328199 0.024200 -0.944299
vn 0.416478 -0.029998 -0.908651
vn 0.392496 -0.200698 -0.897590
vn 0.315906 -0.137203 -0.938818
vn 0.416478 -0.029998 -0.908651
vn 0.497891 -0.087798 -0.862784
vn 0.459005 -0.264303 -0.848209
vn 0.392496 -0.200698 -0.897590
vn 0.416096 -0.426695 -0.802992
vn 0.356998 -0.372097 -0.856794
vn 0.392496 -0.200698 -0.897590
vn 0.459005 -0.264303 -0.848209
vn 0.356998 -0.372097 -0.856794
vn 0.287117 -0.314619 -0.904754
vn 0.315906 -0.137203 -0.938818
vn 0.392496 -0.200698 -0.897590
vn 0.287117 -0.314619 -0.904754
vn 0.356998 -0.372097 -0.856794
vn 0.313691 -0.513685 -0.798577
vn 0.247294 -0.469888 -0.847379
vn 0.356998 -0.372097 -0.856794
vn 0.416096 -0.426695 -0.802992
vn 0.372095 -0.553792 -0.744889
vn 0.313691 -0.513685 -0.798577
vn 0.337591 -0.641784 -0.688582
vn 0.277486 -0.613469 -0.739363
vn 0.313691 -0.513685 -0.798577
vn 0.372095 -0.553792 -0.744889
vn 0.277486 -0.613469 -0.739363
vn 0.211496 -0.581890 -0.785286
vn 0.247294 -0.469888 -0.847379
vn 0.313691 -0.513685 -0.798577
vn 0.416096 -0.426695 -0.802992
vn 0.471007 -0.473607 -0.744211
vn 0.428292 -0.586689 -0.687287
vn 0.372095 -0.553792 -0.744889
vn 0.471007 -0.473607 -0.744211
vn 0.526498 -0.509898 -0.680297
vn 0.486591 -0.608989 -0.626388
vn 0.428292 -0.586689 -0.687287
vn 0.458106 -0.673509 -0.580108
vn 0.396411 -0.663319 -0.634718
vn 0.428292 -0.586689 -0.687287
vn 0.486591 -0.608989 -0.626388
vn 0.396411 -0.663319 -0.634718
vn 0.337591 -0.641784 -0.688582
vn 0.372095 -0.553792 -0.744889
vn 0.428292 -0.586689 -0.687287
vn 0.497891 -0.087798 -0.862784
vn 0.573397 -0.143599 -0.806595
vn 0.520502 -0.321301 -0.791103
vn 0.459005 -0.264303 -0.848209
vn 0.573397 -0.143599 -0.806595
vn 0.645316 -0.191905 -0.739419
vn 0.580742 -0.367827 -0.726252
vn 0.520502 -0.321301 -0.791103
vn 0.526498 -0.509898 -0.680297
vn 0.471007 -0.473607 -0.744211
vn 0.520502 -0.321301 -0.791103
vn 0.580742 -0.367827 -0.726252
vn 0.471007 -0.473607 -0.744211
vn 0.416096 -0.426695 -0.802992
vn 0.459005 -0.264303 -0.848209
vn 0.520502 -0.321301 -0.791103
vn 0.140796 -0.800775 -0.582182
vn 0.083000 -0.788198 -0.609799
vn 0.072599 -0.751791 -0.655392
vn 0.141008 -0.768243 -0.624435
vn 0.083000 -0.788198 -0.609799
vn 0.024400 -0.769311 -0.638409
vn 0.003900 -0.729678 -0.683780
vn 0.072599 -0.751791 -0.655392
vn -0.002100 -0.682438 -0.730941
vn 0.074803 -0.703524 -0.706724
vn 0.072599 -0.751791 -0.655392
vn 0.003900 -0.729678 -0.683780
vn 0.074803 -0.703524 -0.706724
vn 0.151804 -0.722017 -0.675016
vn 0.141008 -0.768243 -0.624435
vn 0.072599 -0.751791 -0.655392
vn 0.151804 -0.722017 -0.675016
vn 0.074803 -0.703524 -0.706724
vn 0.098700 -0.640603 -0.761503
vn 0.177900 -0.661101 -0.728901
vn 0.074803 -0.703524 -0.706724
vn -0.002100 -0.682438 -0.730941
vn 0.014801 -0.620030 -0.784438
vn 0.098700 -0.640603 -0.761503
vn 0.044301 -0.522115 -0.851724
vn 0.133895 -0.552379 -0.822769
vn 0.098700 -0.640603 -0.761503
vn 0.014801 -0.620030 -0.784438
vn 0.133895 -0.552379 -0.822769
vn 0.211496 -0.581890 -0.785286
vn 0.177900 -0.661101 -0.728901
vn 0.098700 -0.640603 -0.761503
vn -0.002100 -0.682438 -0.730941
vn -0.084100 -0.656299 -0.749799
vn -0.076998 -0.594388 -0.800484
vn 0.014801 -0.620030 -0.784438
vn -0.084100 -0.656299 -0.749799
vn -0.177703 -0.619011 -0.765014
vn -0.184099 -0.554598 -0.811498
vn -0.076998 -0.594388 -0.800484
vn -0.177810 -0.442126 -0.879152
vn -0.058202 -0.488314 -0.870725
vn -0.076998 -0.594388 -0.800484
vn -0.184099 -0.554598 -0.811498
vn -0.058202 -0.488314 -0.870725
vn 0.044301 -0.522115 -0.851724
vn 0.014801 -0.620030 -0.784438
vn -0.076998 -0.594388 -0.800484
vn 0.024400 -0.769311 -0.638409
vn -0.042101 -0.743316 -0.667614
vn -0.071101 -0.701507 -0.709107
vn 0.003900 -0.729678 -0.683780
vn -0.042101 -0.743316 -0.667614
vn -0.121400 -0.708099 -0.695599
vn -0.157193 -0.664171 -0.730868
vn -0.071101 -0.701507 -0.709107
vn -0.177703 -0.619011 -0.765014
vn -0.084100 -0.656299 -0.749799
vn -0.071101 -0.701507 -0.709107
vn -0.157193 -0.664171 -0.730868
vn -0.084100 -0.656299 -0.749799
vn -0.002100 -0.682438 -0.730941
vn 0.003900 -0.729678 -0.683780
vn -0.071101 -0.701507 -0.709107
vn -0.797892 -0.272297 -0.537795
vn -0.590090 -0.454592 -0.667188
vn -0.569308 -0.489507 -0.660509
vn -0.796491 -0.300497 -0.524694
vn -0.590090 -0.454592 -0.667188
vn -0.387022 -0.576732 -0.719440
vn -0.345216 -0.615128 -0.708832
vn -0.569308 -0.489507 -0.660509
vn -0.294805 -0.636611 -0.712612
vn -0.539399 -0.511099 -0.669199
vn -0.569308 -0.489507 -0.660509
vn -0.345216 -0.615128 -0.708832
vn -0.539399 -0.511099 -0.669199
vn -0.789417 -0.311907 -0.528711
vn -0.796491 -0.300497 -0.524694
vn -0.569308 -0.489507 -0.660509
vn -0.789417 -0.311907 -0.528711
vn -0.539399 -0.511099 -0.669199
vn -0.508901 -0.532701 -0.676202
vn -0.779351 -0.327421 -0.534235
vn -0.539399 -0.511099 -0.669199
vn -0.294805 -0.636611 -0.712612
vn -0.248012 -0.652631 -0.715935
vn -0.508901 -0.532701 -0.676202
vn -0.212294 -0.671882 -0.709581
vn -0.482479 -0.565176 -0.669171
vn -0.508901 -0.532701 -0.676202
vn -0.248012 -0.652631 -0.715935
vn -0.482479 -0.565176 -0.669171
vn -0.768488 -0.361894 -0.527692
vn -0.779351 -0.327421 -0.534235
vn -0.508901 -0.532701 -0.676202
vn -0.294805 -0.636611 -0.712612
vn -0.119801 -0.705008 -0.699008
vn -0.070001 -0.710106 -0.700606
vn -0.248012 -0.652631 -0.715935
vn -0.119801 -0.705008 -0.699008
vn -0.017201 -0.743224 -0.668822
vn 0.024700 -0.738310 -0.674009
vn -0.070001 -0.710106 -0.700606
vn 0.051801 -0.730908 -0.680507
vn -0.035501 -0.714220 -0.699020
vn -0.070001 -0.710106 -0.700606
vn 0.024700 -0.738310 -0.674009
vn -0.035501 -0.714220 -0.699020
vn -0.212294 -0.671882 -0.709581
vn -0.248012 -0.652631 -0.715935
vn -0.070001 -0.710106 -0.700606
vn -0.387022 -0.576732 -0.719440
vn -0.231398 -0.655694 -0.718693
vn -0.177599 -0.690697 -0.700997
vn -0.345216 -0.615128 -0.708832
vn -0.231398 -0.655694 -0.718693
vn -0.121400 -0.708099 -0.695599
vn -0.069898 -0.737080 -0.672181
vn -0.177599 -0.690697 -0.700997
vn -0.017201 -0.743224 -0.668822
vn -0.119801 -0.705008 -0.699008
vn -0.177599 -0.690697 -0.700997
vn -0.069898 -0.737080 -0.672181
vn -0.119801 -0.705008 -0.699008
vn -0.294805 -0.636611 -0.712612
vn -0.345216 -0.615128 -0.708832
vn -0.177599 -0.690697 -0.700997
vn -0.620107 0.074101 -0.781009
vn -0.596269 0.088795 -0.797859
vn -0.682872 0.420083 -0.597676
vn -0.698803 0.401802 -0.591802
vn -0.596269 0.088795 -0.797859
vn -0.529308 0.118502 -0.840113
vn -0.637872 0.454580 -0.621673
vn -0.682872 0.420083 -0.597676
vn -0.685790 0.602891 -0.407694
vn -0.721195 0.579796 -0.379097
vn -0.682872 0.420083 -0.597676
vn -0.637872 0.454580 -0.621673
vn -0.721195 0.579796 -0.379097
vn -0.748905 0.558804 -0.356202
vn -0.698803 0.401802 -0.591802
vn -0.682872 0.420083 -0.597676
vn -0.748905 0.558804 -0.356202
vn -0.721195 0.579796 -0.379097
vn -0.682238 0.630935 -0.369421
vn -0.738694 0.596595 -0.313697
vn -0.721195 0.579796 -0.379097
vn -0.685790 0.602891 -0.407694
vn -0.623934 0.653836 -0.428024
vn -0.682238 0.630935 -0.369421
vn -0.525285 0.652082 -0.546685
vn -0.620774 0.623574 -0.475180
vn -0.682238 0.630935 -0.369421
vn -0.623934 0.653836 -0.428024
vn -0.620774 0.623574 -0.475180
vn -0.710684 0.579287 -0.399191
vn -0.738694 0.596595 -0.313697
vn -0.682238 0.630935 -0.369421
vn -0.685790 0.602891 -0.407694
vn -0.606783 0.649381 -0.458387
vn -0.532909 0.680212 -0.503309
vn -0.623934 0.653836 -0.428024
vn -0.606783 0.649381 -0.458387
vn -0.418514 0.727324 -0.543918
vn -0.355393 0.728386 -0.585789
vn -0.532909 0.680212 -0.503309
vn -0.247303 0.691909 -0.678309
vn -0.409187 0.670579 -0.618781
vn -0.532909 0.680212 -0.503309
vn -0.355393 0.728386 -0.585789
vn -0.409187 0.670579 -0.618781
vn -0.525285 0.652082 -0.546685
vn -0.623934 0.653836 -0.428024
vn -0.532909 0.680212 -0.503309
vn -0.529308 0.118502 -0.840113
vn -0.396087 0.167694 -0.902770
vn -0.534995 0.517395 -0.667894
vn -0.637872 0.454580 -0.621673
vn -0.396087 0.167694 -0.902770
vn -0.154296 0.220194 -0.963176
vn -0.320101 0.587903 -0.742903
vn -0.534995 0.517395 -0.667894
vn -0.418514 0.727324 -0.543918
vn -0.606783 0.649381 -0.458387
vn -0.534995 0.517395 -0.667894
vn -0.320101 0.587903 -0.742903
vn -0.606783 0.649381 -0.458387
vn -0.685790 0.602891 -0.407694
vn -0.637872 0.454580 -0.621673
vn -0.534995 0.517395 -0.667894
vn 0.698203 0.197901 -0.688003
vn 0.542511 0.232905 -0.807117
vn 0.587808 0.087901 -0.804211
vn 0.710375 0.085797 -0.698575
vn 0.542511 0.232905 -0.807117
vn 0.338691 0.256793 -0.905177
vn 0.417591 0.077998 -0.905281
vn 0.587808 0.087901 -0.804211
vn 0.432498 0.036500 -0.900896
vn 0.574998 0.047100 -0.816798
vn 0.587808 0.087901 -0.804211
vn 0.417591 0.077998 -0.905281
vn 0.574998 0.047100 -0.816798
vn 0.681311 0.048101 -0.730412
vn 0.710375 0.085797 -0.698575
vn 0.587808 0.087901 -0.804211
vn 0.681311 0.048101 -0.730412
vn 0.574998 0.047100 -0.816798
vn 0.549420 0.019001 -0.835330
vn 0.652099 0.018900 -0.757899
vn 0.574998 0.047100 -0.816798
vn 0.432498 0.036500 -0.900896
vn 0.416198 0.011900 -0.909196
vn 0.549420 0.019001 -0.835330
vn 0.380383 -0.026199 -0.924458
vn 0.515396 -0.021100 -0.856693
vn 0.549420 0.019001 -0.835330
vn 0.416198 0.011900 -0.909196
vn 0.515396 -0.021100 -0.856693
vn 0.621225 -0.021701 -0.783332
vn 0.652099 0.018900 -0.757899
vn 0.549420 0.019001 -0.835330
vn 0.432498 0.036500 -0.900896
vn 0.268085 0.016899 -0.963247
vn 0.265105 -0.001100 -0.964219
vn 0.416198 0.011900 -0.909196
vn 0.268085 0.016899 -0.963247
vn 0.096399 -0.010100 -0.995292
vn 0.118599 -0.017300 -0.992792
vn 0.265105 -0.001100 -0.964219
vn 0.092296 -0.044098 -0.994755
vn 0.229306 -0.035001 -0.972725
vn 0.265105 -0.001100 -0.964219
vn 0.118599 -0.017300 -0.992792
vn 0.229306 -0.035001 -0.972725
vn 0.380383 -0.026199 -0.924458
vn 0.416198 0.011900 -0.909196
vn 0.265105 -0.001100 -0.964219
vn 0.338691 0.256793 -0.905177
vn 0.111002 0.249803 -0.961913
vn 0.217896 0.053899 -0.974483
vn 0.417591 0.077998 -0.905281
vn 0.111002 0.249803 -0.961913
vn -0.154296 0.220194 -0.963176
vn -0.007000 0.016701 -0.999836
vn 0.217896 0.053899 -0.974483
vn 0.096399 -0.010100 -0.995292
vn 0.268085 0.016899 -0.963247
vn 0.217896 0.053899 -0.974483
vn -0.007000 0.016701 -0.999836
vn 0.268085 0.016899 -0.963247
vn 0.432498 0.036500 -0.900896
vn 0.417591 0.077998 -0.905281
vn 0.217896 0.053899 -0.974483
vn 0.621225 -0.021701 -0.783332
vn 0.515396 -0.021100 -0.856693
vn 0.475797 -0.057200 -0.877694
vn 0.588599 -0.058600 -0.806299
vn 0.515396 -0.021100 -0.856693
vn 0.380383 -0.026199 -0.924458
vn 0.334102 -0.060300 -0.940606
vn 0.475797 -0.057200 -0.877694
vn 0.288095 -0.072099 -0.954884
vn 0.435301 -0.072000 -0.897402
vn 0.475797 -0.057200 -0.877694
vn 0.334102 -0.060300 -0.940606
vn 0.435301 -0.072000 -0.897402
vn 0.557893 -0.075299 -0.826490
vn 0.588599 -0.058600 -0.806299
vn 0.475797 -0.057200 -0.877694
vn 0.557893 -0.075299 -0.826490
vn 0.435301 -0.072000 -0.897402
vn 0.396201 -0.050000 -0.916802
vn 0.532186 -0.054399 -0.844878
vn 0.435301 -0.072000 -0.897402
vn 0.288095 -0.072099 -0.954884
vn 0.248405 -0.048901 -0.967421
vn 0.396201 -0.050000 -0.916802
vn 0.228508 0.020201 -0.973333
vn 0.375518 0.022401 -0.926544
vn 0.396201 -0.050000 -0.916802
vn 0.248405 -0.048901 -0.967421
vn 0.375518 0.022401 -0.926544
vn 0.516490 0.019000 -0.856083
vn 0.532186 -0.054399 -0.844878
vn 0.396201 -0.050000 -0.916802
vn 0.288095 -0.072099 -0.954884
vn 0.128694 -0.077496 -0.988652
vn 0.094902 -0.054001 -0.994021
vn 0.248405 -0.048901 -0.967421
vn 0.128694 -0.077496 -0.988652
vn -0.007700 -0.083101 -0.996511
vn -0.039701 -0.061202 -0.997336
vn 0.094902 -0.054001 -0.994021
vn -0.054500 0.004400 -0.998504
vn 0.079197 0.013600 -0.996766
vn 0.094902 -0.054001 -0.994021
vn -0.039701 -0.061202 -0.997336
vn 0.079197 0.013600 -0.996766
vn 0.228508 0.020201 -0.973333
vn 0.248405 -0.048901 -0.967421
vn 0.094902 -0.054001 -0.994021
vn 0.380383 -0.026199 -0.924458
vn 0.229306 -0.035001 -0.972725
vn 0.177298 -0.066799 -0.981888
vn 0.334102 -0.060300 -0.940606
vn 0.229306 -0.035001 -0.972725
vn 0.092296 -0.044098 -0.994755
vn 0.041600 -0.072401 -0.996508
vn 0.177298 -0.066799 -0.981888
vn -0.007700 -0.083101 -0.996511
vn 0.128694 -0.077496 -0.988652
vn 0.177298 -0.066799 -0.981888
vn 0.041600 -0.072401 -0.996508
vn 0.128694 -0.077496 -0.988652
vn 0.288095 -0.072099 -0.954884
vn 0.334102 -0.060300 -0.940606
vn 0.177298 -0.066799 -0.981888
vn 0.516490 0.019000 -0.856083
vn 0.375518 0.022401 -0.926544
vn 0.378784 0.112995 -0.918561
vn 0.507471 0.107394 -0.854950
vn 0.375518 0.022401 -0.926544
vn 0.228508 0.020201 -0.973333
vn 0.233190 0.111995 -0.965960
vn 0.378784 0.112995 -0.918561
vn 0.219995 0.207495 -0.953178
vn 0.367517 0.195009 -0.909342
vn 0.378784 0.112995 -0.918561
vn 0.233190 0.111995 -0.965960
vn 0.367517 0.195009 -0.909342
vn 0.484112 0.178904 -0.856521
vn 0.507471 0.107394 -0.854950
vn 0.378784 0.112995 -0.918561
vn 0.484112 0.178904 -0.856521
vn 0.367517 0.195009 -0.909342
vn 0.308088 0.286589 -0.907165
vn 0.426018 0.259711 -0.866637
vn 0.367517 0.195009 -0.909342
vn 0.219995 0.207495 -0.953178
vn 0.153095 0.311090 -0.937969
vn 0.308088 0.286589 -0.907165
vn 0.073300 0.424199 -0.902598
vn 0.228306 0.402211 -0.886624
vn 0.308088 0.286589 -0.907165
vn 0.153095 0.311090 -0.937969
vn 0.228306 0.402211 -0.886624
vn 0.352083 0.374782 -0.857658
vn 0.426018 0.259711 -0.866637
vn 0.308088 0.286589 -0.907165
vn 0.219995 0.207495 -0.953178
vn 0.064399 0.217698 -0.973889
vn 0.003900 0.330709 -0.943725
vn 0.153095 0.311090 -0.937969
vn 0.064399 0.217698 -0.973889
vn -0.060400 0.221000 -0.973402
vn -0.088900 0.341698 -0.935596
vn 0.003900 0.330709 -0.943725
vn -0.117903 0.446213 -0.887126
vn -0.059002 0.437613 -0.897226
vn 0.003900 0.330709 -0.943725
vn -0.088900 0.341698 -0.935596
vn -0.059002 0.437613 -0.897226
vn 0.073300 0.424199 -0.902598
vn 0.153095 0.311090 -0.937969
vn 0.003900 0.330709 -0.943725
vn 0.228508 0.020201 -0.973333
vn 0.079197 0.013600 -0.996766
vn 0.080503 0.108503 -0.990831
vn 0.233190 0.111995 -0.965960
vn 0.079197 0.013600 -0.996766
vn -0.054500 0.004400 -0.998504
vn -0.053998 0.101596 -0.993359
vn 0.080503 0.108503 -0.990831
vn -0.060400 0.221000 -0.973402
vn 0.064399 0.217698 -0.973889
vn 0.080503 0.108503 -0.990831
vn -0.053998 0.101596 -0.993359
vn 0.064399 0.217698 -0.973889
vn 0.219995 0.207495 -0.953178
vn 0.233190 0.111995 -0.965960
vn 0.080503 0.108503 -0.990831
vn 0.352083 0.374782 -0.857658
vn 0.228306 0.402211 -0.886624
vn 0.165903 0.496708 -0.851914
vn 0.291801 0.477602 -0.828703
vn 0.228306 0.402211 -0.886624
vn 0.073300 0.424199 -0.902598
vn 0.021000 0.508311 -0.860918
vn 0.165903 0.496708 -0.851914
vn -0.009500 0.521192 -0.853387
vn 0.133400 0.522400 -0.842201
vn 0.165903 0.496708 -0.851914
vn 0.021000 0.508311 -0.860918
vn 0.133400 0.522400 -0.842201
vn 0.263101 0.517702 -0.814103
vn 0.291801 0.477602 -0.828703
vn 0.165903 0.496708 -0.851914
vn 0.263101 0.517702 -0.814103
vn 0.133400 0.522400 -0.842201
vn 0.145503 0.546510 -0.824715
vn 0.282589 0.547179 -0.787870
vn 0.133400 0.522400 -0.842201
vn -0.009500 0.521192 -0.853387
vn -0.015500 0.537206 -0.843309
vn 0.145503 0.546510 -0.824715
vn -0.017299 0.667770 -0.744167
vn 0.144105 0.668821 -0.729323
vn 0.145503 0.546510 -0.824715
vn -0.015500 0.537206 -0.843309
vn 0.144105 0.668821 -0.729323
vn 0.271200 0.645599 -0.713899
vn 0.282589 0.547179 -0.787870
vn 0.145503 0.546510 -0.824715
vn -0.009500 0.521192 -0.853387
vn -0.120897 0.518187 -0.846679
vn -0.150904 0.526112 -0.836919
vn -0.015500 0.537206 -0.843309
vn -0.120897 0.518187 -0.846679
vn -0.163705 0.524017 -0.835827
vn -0.218497 0.527793 -0.820789
vn -0.150904 0.526112 -0.836919
vn -0.256402 0.626305 -0.736206
vn -0.166106 0.646023 -0.745026
vn -0.150904 0.526112 -0.836919
vn -0.218497 0.527793 -0.820789
vn -0.166106 0.646023 -0.745026
vn -0.017299 0.667770 -0.744167
vn -0.015500 0.537206 -0.843309
vn -0.150904 0.526112 -0.836919
vn 0.073300 0.424199 -0.902598
vn -0.059002 0.437613 -0.897226
vn -0.093303 0.511619 -0.854132
vn 0.021000 0.508311 -0.860918
vn -0.059002 0.437613 -0.897226
vn -0.117903 0.446213 -0.887126
vn -0.135098 0.516293 -0.845689
vn -0.093303 0.511619 -0.854132
vn -0.163705 0.524017 -0.835827
vn -0.120897 0.518187 -0.846679
vn -0.093303 0.511619 -0.854132
vn -0.135098 0.516293 -0.845689
vn -0.120897 0.518187 -0.846679
vn -0.009500 0.521192 -0.853387
vn 0.021000 0.508311 -0.860918
vn -0.093303 0.511619 -0.854132
vn 0.271200 0.645599 -0.713899
vn 0.144105 0.668821 -0.729323
vn 0.084000 0.723497 -0.685197
vn 0.159798 0.684492 -0.711291
vn 0.144105 0.668821 -0.729323
vn -0.017299 0.667770 -0.744167
vn -0.025201 0.730427 -0.682525
vn 0.084000 0.723497 -0.685197
vn -0.019000 0.409708 -0.912019
vn 0.098001 0.402606 -0.910113
vn 0.084000 0.723497 -0.685197
vn -0.025201 0.730427 -0.682525
vn 0.098001 0.402606 -0.910113
vn 0.171200 0.373000 -0.911900
vn 0.159798 0.684492 -0.711291
vn 0.084000 0.723497 -0.685197
vn 0.171200 0.373000 -0.911900
vn 0.098001 0.402606 -0.910113
vn 0.141596 -0.138596 -0.980174
vn 0.261010 -0.147906 -0.953938
vn 0.098001 0.402606 -0.910113
vn -0.019000 0.409708 -0.912019
vn -0.024599 -0.133296 -0.990771
vn 0.141596 -0.138596 -0.980174
vn -0.053002 -0.376414 -0.924934
vn 0.112797 -0.380989 -0.917673
vn 0.141596 -0.138596 -0.980174
vn -0.024599 -0.133296 -0.990771
vn 0.112797 -0.380989 -0.917673
vn 0.228702 -0.386904 -0.893309
vn 0.261010 -0.147906 -0.953938
vn 0.141596 -0.138596 -0.980174
vn -0.019000 0.409708 -0.912019
vn -0.151804 0.394610 -0.906222
vn -0.197297 -0.123098 -0.972585
vn -0.024599 -0.133296 -0.990771
vn -0.151804 0.394610 -0.906222
vn -0.267705 0.370506 -0.889415
vn -0.336600 -0.111700 -0.934999
vn -0.197297 -0.123098 -0.972585
vn -0.359090 -0.343290 -0.867875
vn -0.224995 -0.361592 -0.904781
vn -0.197297 -0.123098 -0.972585
vn -0.336600 -0.111700 -0.934999
vn -0.224995 -0.361592 -0.904781
vn -0.053002 -0.376414 -0.924934
vn -0.024599 -0.133296 -0.990771
vn -0.197297 -0.123098 -0.972585
vn -0.017299 0.667770 -0.744167
vn -0.166106 0.646023 -0.745026
vn -0.141699 0.705897 -0.693997
vn -0.025201 0.730427 -0.682525
vn -0.166106 0.646023 -0.745026
vn -0.256402 0.626305 -0.736206
vn -0.232601 0.670502 -0.704502
vn -0.141699 0.705897 -0.693997
vn -0.267705 0.370506 -0.889415
vn -0.151804 0.394610 -0.906222
vn -0.141699 0.705897 -0.693997
vn -0.232601 0.670502 -0.704502
vn -0.151804 0.394610 -0.906222
vn -0.019000 0.409708 -0.912019
vn -0.025201 0.730427 -0.682525
vn -0.141699 0.705897 -0.693997
vn -0.790191 -0.315196 -0.525594
vn -0.729488 -0.340895 -0.592990
vn -0.685217 -0.374610 -0.624616
vn -0.750403 -0.337701 -0.568202
vn -0.729488 -0.340895 -0.592990
vn -0.648797 -0.368298 -0.665897
vn -0.607607 -0.409705 -0.680408
vn -0.685217 -0.374610 -0.624616
vn -0.554195 -0.422496 -0.717193
vn -0.618781 -0.391288 -0.681179
vn -0.685217 -0.374610 -0.624616
vn -0.607607 -0.409705 -0.680408
vn -0.618781 -0.391288 -0.681179
vn -0.682097 -0.353399 -0.640197
vn -0.750403 -0.337701 -0.568202
vn -0.685217 -0.374610 -0.624616
vn -0.682097 -0.353399 -0.640197
vn -0.618781 -0.391288 -0.681179
vn -0.554594 -0.379796 -0.740392
vn -0.601058 -0.349675 -0.718649
vn -0.618781 -0.391288 -0.681179
vn -0.554195 -0.422496 -0.717193
vn -0.513005 -0.401104 -0.758908
vn -0.554594 -0.379796 -0.740392
vn -0.488684 -0.323489 -0.810273
vn -0.508391 -0.314894 -0.801486
vn -0.554594 -0.379796 -0.740392
vn -0.513005 -0.401104 -0.758908
vn -0.508391 -0.314894 -0.801486
vn -0.531698 -0.299799 -0.792097
vn -0.601058 -0.349675 -0.718649
vn -0.554594 -0.379796 -0.740392
vn -0.554195 -0.422496 -0.717193
vn -0.481490 -0.444990 -0.755084
vn -0.459908 -0.415207 -0.784913
vn -0.513005 -0.401104 -0.758908
vn -0.481490 -0.444990 -0.755084
vn -0.392284 -0.462581 -0.795067
vn -0.374710 -0.428612 -0.822122
vn -0.459908 -0.415207 -0.784913
vn -0.359090 -0.343290 -0.867875
vn -0.448418 -0.331113 -0.830233
vn -0.459908 -0.415207 -0.784913
vn -0.374710 -0.428612 -0.822122
vn -0.448418 -0.331113 -0.830233
vn -0.488684 -0.323489 -0.810273
vn -0.513005 -0.401104 -0.758908
vn -0.459908 -0.415207 -0.784913
vn -0.648797 -0.368298 -0.665897
vn -0.547212 -0.393708 -0.738616
vn -0.516511 -0.438109 -0.735715
vn -0.607607 -0.409705 -0.680408
vn -0.547212 -0.393708 -0.738616
vn -0.431588 -0.413188 -0.801877
vn -0.413817 -0.459419 -0.785932
vn -0.516511 -0.438109 -0.735715
vn -0.392284 -0.462581 -0.795067
vn -0.481490 -0.444990 -0.755084
vn -0.516511 -0.438109 -0.735715
vn -0.413817 -0.459419 -0.785932
vn -0.481490 -0.444990 -0.755084
vn -0.554195 -0.422496 -0.717193
vn -0.607607 -0.409705 -0.680408
vn -0.516511 -0.438109 -0.735715
vn -0.796232 -0.292612 -0.529521
vn -0.741518 -0.302608 -0.598815
vn -0.742196 -0.313198 -0.592497
vn -0.799089 -0.298996 -0.521593
vn -0.741518 -0.302608 -0.598815
vn -0.666405 -0.315803 -0.675406
vn -0.664011 -0.330306 -0.670811
vn -0.742196 -0.313198 -0.592497
vn -0.648797 -0.368298 -0.665897
vn -0.729488 -0.340895 -0.592990
vn -0.742196 -0.313198 -0.592497
vn -0.664011 -0.330306 -0.670811
vn -0.729488 -0.340895 -0.592990
vn -0.790191 -0.315196 -0.525594
vn -0.799089 -0.298996 -0.521593
vn -0.742196 -0.313198 -0.592497
vn -0.666405 -0.315803 -0.675406
vn -0.565424 -0.331314 -0.755332
vn -0.561195 -0.348597 -0.750693
vn -0.664011 -0.330306 -0.670811
vn -0.565424 -0.331314 -0.755332
vn -0.439498 -0.344399 -0.829597
vn -0.438478 -0.363482 -0.821960
vn -0.561195 -0.348597 -0.750693
vn -0.431588 -0.413188 -0.801877
vn -0.547212 -0.393708 -0.738616
vn -0.561195 -0.348597 -0.750693
vn -0.438478 -0.363482 -0.821960
vn -0.547212 -0.393708 -0.738616
vn -0.648797 -0.368298 -0.665897
vn -0.664011 -0.330306 -0.670811
vn -0.561195 -0.348597 -0.750693
vn 0.328199 0.024200 -0.944299
vn 0.228997 0.070299 -0.970886
vn 0.236508 0.236408 -0.942431
vn 0.348603 0.206202 -0.914307
vn 0.228997 0.070299 -0.970886
vn 0.114902 0.107702 -0.987521
vn 0.115105 0.258812 -0.959045
vn 0.236508 0.236408 -0.942431
vn 0.114704 0.448218 -0.886535
vn 0.249887 0.438577 -0.863254
vn 0.236508 0.236408 -0.942431
vn 0.115105 0.258812 -0.959045
vn 0.249887 0.438577 -0.863254
vn 0.379200 0.420400 -0.824300
vn 0.348603 0.206202 -0.914307
vn 0.236508 0.236408 -0.942431
vn 0.379200 0.420400 -0.824300
vn 0.249887 0.438577 -0.863254
vn 0.261499 0.605698 -0.751497
vn 0.400697 0.594795 -0.696894
vn 0.249887 0.438577 -0.863254
vn 0.114704 0.448218 -0.886535
vn 0.114796 0.606081 -0.787075
vn 0.261499 0.605698 -0.751497
vn 0.119100 0.719502 -0.684202
vn 0.283904 0.722310 -0.630609
vn 0.261499 0.605698 -0.751497
vn 0.114796 0.606081 -0.787075
vn 0.283904 0.722310 -0.630609
vn 0.422994 0.713790 -0.558193
vn 0.400697 0.594795 -0.696894
vn 0.261499 0.605698 -0.751497
vn 0.114704 0.448218 -0.886535
vn -0.023500 0.448610 -0.893419
vn -0.038002 0.599135 -0.799746
vn 0.114796 0.606081 -0.787075
vn -0.023500 0.448610 -0.893419
vn -0.159000 0.445201 -0.881201
vn -0.192595 0.586685 -0.786580
vn -0.038002 0.599135 -0.799746
vn -0.247303 0.691909 -0.678309
vn -0.061903 0.710733 -0.700733
vn -0.038002 0.599135 -0.799746
vn -0.192595 0.586685 -0.786580
vn -0.061903 0.710733 -0.700733
vn 0.119100 0.719502 -0.684202
vn 0.114796 0.606081 -0.787075
vn -0.038002 0.599135 -0.799746
vn 0.114902 0.107702 -0.987521
vn -0.007000 0.132593 -0.991146
vn -0.011200 0.270700 -0.962599
vn 0.115105 0.258812 -0.959045
vn -0.007000 0.132593 -0.991146
vn -0.127800 0.151900 -0.980099
vn -0.135202 0.278704 -0.950813
vn -0.011200 0.270700 -0.962599
vn -0.159000 0.445201 -0.881201
vn -0.023500 0.448610 -0.893419
vn -0.011200 0.270700 -0.962599
vn -0.135202 0.278704 -0.950813
vn -0.023500 0.448610 -0.893419
vn 0.114704 0.448218 -0.886535
vn 0.115105 0.258812 -0.959045
vn -0.011200 0.270700 -0.962599
vn 0.211496 -0.581890 -0.785286
vn 0.133895 -0.552379 -0.822769
vn 0.167297 -0.426493 -0.888885
vn 0.247294 -0.469888 -0.847379
vn 0.133895 -0.552379 -0.822769
vn 0.044301 -0.522115 -0.851724
vn 0.071102 -0.382712 -0.921128
vn 0.167297 -0.426493 -0.888885
vn 0.095603 -0.209006 -0.973230
vn 0.200803 -0.260304 -0.944415
vn 0.167297 -0.426493 -0.888885
vn 0.071102 -0.382712 -0.921128
vn 0.200803 -0.260304 -0.944415
vn 0.287117 -0.314619 -0.904754
vn 0.247294 -0.469888 -0.847379
vn 0.167297 -0.426493 -0.888885
vn 0.287117 -0.314619 -0.904754
vn 0.200803 -0.260304 -0.944415
vn 0.223494 -0.080498 -0.971376
vn 0.315906 -0.137203 -0.938818
vn 0.200803 -0.260304 -0.944415
vn 0.095603 -0.209006 -0.973230
vn 0.111903 -0.031201 -0.993229
vn 0.223494 -0.080498 -0.971376
vn 0.114902 0.107702 -0.987521
vn 0.228997 0.070299 -0.970886
vn 0.223494 -0.080498 -0.971376
vn 0.111903 -0.031201 -0.993229
vn 0.228997 0.070299 -0.970886
vn 0.328199 0.024200 -0.944299
vn 0.315906 -0.137203 -0.938818
vn 0.223494 -0.080498 -0.971376
vn 0.095603 -0.209006 -0.973230
vn -0.021200 -0.165902 -0.985914
vn -0.009400 0.005100 -0.999943
vn 0.111903 -0.031201 -0.993229
vn -0.021200 -0.165902 -0.985914
vn -0.142195 -0.125395 -0.981864
vn -0.130096 0.035499 -0.990866
vn -0.009400 0.005100 -0.999943
vn -0.127800 0.151900 -0.980099
vn -0.007000 0.132593 -0.991146
vn -0.009400 0.005100 -0.999943
vn -0.130096 0.035499 -0.990866
vn -0.007000 0.132593 -0.991146
vn 0.114902 0.107702 -0.987521
vn 0.111903 -0.031201 -0.993229
vn -0.009400 0.005100 -0.999943
vn 0.044301 -0.522115 -0.851724
vn -0.058202 -0.488314 -0.870725
vn -0.038701 -0.340009 -0.939625
vn 0.071102 -0.382712 -0.921128
vn -0.058202 -0.488314 -0.870725
vn -0.177810 -0.442126 -0.879152
vn -0.161002 -0.292504 -0.942613
vn -0.038701 -0.340009 -0.939625
vn -0.142195 -0.125395 -0.981864
vn -0.021200 -0.165902 -0.985914
vn -0.038701 -0.340009 -0.939625
vn -0.161002 -0.292504 -0.942613
vn -0.021200 -0.165902 -0.985914
vn 0.095603 -0.209006 -0.973230
vn 0.071102 -0.382712 -0.921128
vn -0.038701 -0.340009 -0.939625
vn 0.262412 -0.696233 -0.668131
vn 0.185997 -0.700990 -0.688490
vn 0.207600 -0.732801 -0.648001
vn 0.272298 -0.728594 -0.628495
vn 0.185997 -0.700990 -0.688490
vn 0.114098 -0.704187 -0.700787
vn 0.143005 -0.737328 -0.660225
vn 0.207600 -0.732801 -0.648001
vn 0.161294 -0.740271 -0.652674
vn 0.219388 -0.737460 -0.638765
vn 0.207600 -0.732801 -0.648001
vn 0.143005 -0.737328 -0.660225
vn 0.219388 -0.737460 -0.638765
vn 0.272510 -0.736327 -0.619323
vn 0.272298 -0.728594 -0.628495
vn 0.207600 -0.732801 -0.648001
vn 0.272510 -0.736327 -0.619323
vn 0.219388 -0.737460 -0.638765
vn 0.218503 -0.736210 -0.640509
vn 0.260102 -0.739307 -0.621106
vn 0.219388 -0.737460 -0.638765
vn 0.161294 -0.740271 -0.652674
vn 0.165700 -0.735099 -0.657399
vn 0.218503 -0.736210 -0.640509
vn 0.154992 -0.746861 -0.646666
vn 0.201504 -0.753413 -0.625911
vn 0.218503 -0.736210 -0.640509
vn 0.165700 -0.735099 -0.657399
vn 0.201504 -0.753413 -0.625911
vn 0.235504 -0.760114 -0.605611
vn 0.260102 -0.739307 -0.621106
vn 0.218503 -0.736210 -0.640509
vn 0.161294 -0.740271 -0.652674
vn 0.104397 -0.742481 -0.661683
vn 0.110102 -0.733316 -0.670914
vn 0.165700 -0.735099 -0.657399
vn 0.104397 -0.742481 -0.661683
vn 0.054300 -0.744599 -0.665299
vn 0.060999 -0.730684 -0.679985
vn 0.110102 -0.733316 -0.670914
vn 0.051801 -0.730908 -0.680507
vn 0.102002 -0.740014 -0.664812
vn 0.110102 -0.733316 -0.670914
vn 0.060999 -0.730684 -0.679985
vn 0.102002 -0.740014 -0.664812
vn 0.154992 -0.746861 -0.646666
vn 0.165700 -0.735099 -0.657399
vn 0.110102 -0.733316 -0.670914
vn 0.114098 -0.704187 -0.700787
vn 0.050401 -0.705107 -0.707307
vn 0.082200 -0.740600 -0.666900
vn 0.143005 -0.737328 -0.660225
vn 0.050401 -0.705107 -0.707307
vn -0.002600 -0.703596 -0.710596
vn 0.028499 -0.743087 -0.668588
vn 0.082200 -0.740600 -0.666900
vn 0.054300 -0.744599 -0.665299
vn 0.104397 -0.742481 -0.661683
vn 0.082200 -0.740600 -0.666900
vn 0.028499 -0.743087 -0.668588
vn 0.104397 -0.742481 -0.661683
vn 0.161294 -0.740271 -0.652674
vn 0.143005 -0.737328 -0.660225
vn 0.082200 -0.740600 -0.666900
vn 0.021299 -0.982659 -0.184192
vn -0.010900 -0.982939 -0.183607
vn -0.008700 -0.947754 -0.318884
vn 0.042399 -0.946472 -0.319990
vn -0.010900 -0.982939 -0.183607
vn -0.038402 -0.982640 -0.181507
vn -0.047200 -0.948809 -0.312303
vn -0.008700 -0.947754 -0.318884
vn -0.053698 -0.881467 -0.469183
vn -0.002300 -0.877916 -0.478809
vn -0.008700 -0.947754 -0.318884
vn -0.047200 -0.948809 -0.312303
vn -0.002300 -0.877916 -0.478809
vn 0.065998 -0.874572 -0.480384
vn 0.042399 -0.946472 -0.319990
vn -0.008700 -0.947754 -0.318884
vn 0.065998 -0.874572 -0.480384
vn -0.002300 -0.877916 -0.478809
vn 0.010300 -0.770797 -0.636998
vn 0.092703 -0.764421 -0.638018
vn -0.002300 -0.877916 -0.478809
vn -0.053698 -0.881467 -0.469183
vn -0.052900 -0.777301 -0.626901
vn 0.010300 -0.770797 -0.636998
vn -0.038002 -0.659734 -0.750538
vn 0.032801 -0.652325 -0.757229
vn 0.010300 -0.770797 -0.636998
vn -0.052900 -0.777301 -0.626901
vn 0.032801 -0.652325 -0.757229
vn 0.123208 -0.643640 -0.755346
vn 0.092703 -0.764421 -0.638018
vn 0.010300 -0.770797 -0.636998
vn -0.053698 -0.881467 -0.469183
vn -0.101802 -0.889620 -0.445210
vn -0.113106 -0.788741 -0.604231
vn -0.052900 -0.777301 -0.626901
vn -0.101802 -0.889620 -0.445210
vn -0.165904 -0.896224 -0.411411
vn -0.189299 -0.800397 -0.568798
vn -0.113106 -0.788741 -0.604231
vn -0.182002 -0.681309 -0.709009
vn -0.104401 -0.669206 -0.735706
vn -0.113106 -0.788741 -0.604231
vn -0.189299 -0.800397 -0.568798
vn -0.104401 -0.669206 -0.735706
vn -0.038002 -0.659734 -0.750538
vn -0.052900 -0.777301 -0.626901
vn -0.113106 -0.788741 -0.604231
vn -0.038402 -0.982640 -0.181507
vn -0.061701 -0.983510 -0.170002
vn -0.080396 -0.952854 -0.292586
vn -0.047200 -0.948809 -0.312303
vn -0.061701 -0.983510 -0.170002
vn -0.082698 -0.984776 -0.152896
vn -0.120697 -0.956473 -0.265692
vn -0.080396 -0.952854 -0.292586
vn -0.165904 -0.896224 -0.411411
vn -0.101802 -0.889620 -0.445210
vn -0.080396 -0.952854 -0.292586
vn -0.120697 -0.956473 -0.265692
vn -0.101802 -0.889620 -0.445210
vn -0.053698 -0.881467 -0.469183
vn -0.047200 -0.948809 -0.312303
vn -0.080396 -0.952854 -0.292586
vn -0.205305 -0.923122 0.325108
vn 0.126903 -0.986922 0.099402
vn 0.005600 -0.996641 0.081703
vn -0.076597 -0.986755 0.142994
vn 0.126903 -0.986922 0.099402
vn -0.087504 -0.989745 0.112905
vn -0.050999 -0.996086 0.072199
vn 0.005600 -0.996641 0.081703
vn -0.025501 -0.999628 0.009700
vn -0.011800 -0.999720 0.020500
vn 0.005600 -0.996641 0.081703
vn -0.050999 -0.996086 0.072199
vn -0.011800 -0.999720 0.020500
vn -0.028999 -0.999074 0.031799
vn -0.076597 -0.986755 0.142994
vn 0.005600 -0.996641 0.081703
vn -0.028999 -0.999074 0.031799
vn -0.011800 -0.999720 0.020500
vn -0.012200 -0.997507 -0.069501
vn -0.000300 -0.997706 -0.067700
vn -0.011800 -0.999720 0.020500
vn -0.025501 -0.999628 0.009700
vn -0.023199 -0.997070 -0.072898
vn -0.012200 -0.997507 -0.069501
vn -0.038402 -0.982640 -0.181507
vn -0.010900 -0.982939 -0.183607
vn -0.012200 -0.997507 -0.069501
vn -0.023199 -0.997070 -0.072898
vn -0.010900 -0.982939 -0.183607
vn 0.021299 -0.982659 -0.184192
vn -0.000300 -0.997706 -0.067700
vn -0.012200 -0.997507 -0.069501
vn -0.025501 -0.999628 0.009700
vn -0.038901 -0.998737 0.031801
vn -0.031100 -0.997414 -0.064801
vn -0.023199 -0.997070 -0.072898
vn -0.038901 -0.998737 0.031801
vn -0.005900 -0.998640 0.051802
vn -0.032801 -0.998040 -0.053302
vn -0.031100 -0.997414 -0.064801
vn -0.082698 -0.984776 -0.152896
vn -0.061701 -0.983510 -0.170002
vn -0.031100 -0.997414 -0.064801
vn -0.032801 -0.998040 -0.053302
vn -0.061701 -0.983510 -0.170002
vn -0.038402 -0.982640 -0.181507
vn -0.023199 -0.997070 -0.072898
vn -0.031100 -0.997414 -0.064801
vn -0.087504 -0.989745 0.112905
vn -0.375890 -0.897076 0.232294
vn -0.125797 -0.983777 0.127897
vn -0.050999 -0.996086 0.072199
vn -0.375890 -0.897076 0.232294
vn -0.249999 -0.833398 0.492899
vn -0.050301 -0.977215 0.206203
vn -0.125797 -0.983777 0.127897
vn -0.005900 -0.998640 0.051802
vn -0.038901 -0.998737 0.031801
vn -0.125797 -0.983777 0.127897
vn -0.050301 -0.977215 0.206203
vn -0.038901 -0.998737 0.031801
vn -0.025501 -0.999628 0.009700
vn -0.050999 -0.996086 0.072199
vn -0.125797 -0.983777 0.127897
vn 0.989270 0.051298 -0.136796
vn 0.989734 0.066702 -0.126404
vn 0.958425 0.233506 -0.164004
vn 0.955160 0.229490 -0.187092
vn 0.989734 0.066702 -0.126404
vn 0.985314 0.091601 -0.144102
vn 0.955119 0.245405 -0.165903
vn 0.958425 0.233506 -0.164004
vn 0.928581 0.368293 -0.045799
vn 0.923715 0.379506 -0.052201
vn 0.958425 0.233506 -0.164004
vn 0.955119 0.245405 -0.165903
vn 0.923715 0.379506 -0.052201
vn 0.914367 0.397185 -0.078597
vn 0.955160 0.229490 -0.187092
vn 0.958425 0.233506 -0.164004
vn 0.914367 0.397185 -0.078597
vn 0.923715 0.379506 -0.052201
vn 0.888292 0.451496 0.084199
vn 0.871986 0.487392 0.045699
vn 0.923715 0.379506 -0.052201
vn 0.928581 0.368293 -0.045799
vn 0.900455 0.422579 0.102995
vn 0.888292 0.451496 0.084199
vn 0.922830 0.362212 0.131104
vn 0.912410 0.398004 0.095401
vn 0.888292 0.451496 0.084199
vn 0.900455 0.422579 0.102995
vn 0.912410 0.398004 0.095401
vn 0.894876 0.444788 0.036899
vn 0.871986 0.487392 0.045699
vn 0.888292 0.451496 0.084199
vn 0.928581 0.368293 -0.045799
vn 0.937173 0.346690 -0.038899
vn 0.912858 0.393182 0.109995
vn 0.900455 0.422579 0.102995
vn 0.937173 0.346690 -0.038899
vn 0.951492 0.307597 -0.006800
vn 0.926040 0.357877 0.119892
vn 0.912858 0.393182 0.109995
vn 0.940118 0.303106 0.155903
vn 0.931801 0.331201 0.148500
vn 0.912858 0.393182 0.109995
vn 0.926040 0.357877 0.119892
vn 0.931801 0.331201 0.148500
vn 0.922830 0.362212 0.131104
vn 0.900455 0.422579 0.102995
vn 0.912858 0.393182 0.109995
vn 0.985314 0.091601 -0.144102
vn 0.984897 0.103500 -0.138800
vn 0.958786 0.239097 -0.153498
vn 0.955119 0.245405 -0.165903
vn 0.984897 0.103500 -0.138800
vn 0.991376 0.099998 -0.084698
vn 0.972851 0.209989 -0.097295
vn 0.958786 0.239097 -0.153498
vn 0.951492 0.307597 -0.006800
vn 0.937173 0.346690 -0.038899
vn 0.958786 0.239097 -0.153498
vn 0.972851 0.209989 -0.097295
vn 0.937173 0.346690 -0.038899
vn 0.928581 0.368293 -0.045799
vn 0.955119 0.245405 -0.165903
vn 0.958786 0.239097 -0.153498
vn -0.954999 -0.049200 -0.292500
vn -0.844889 0.007200 -0.534893
vn -0.838500 0.162200 -0.520200
vn -0.931252 0.080896 -0.355282
vn -0.844889 0.007200 -0.534893
vn -0.679901 0.073600 -0.729601
vn -0.708890 0.253496 -0.658191
vn -0.838500 0.162200 -0.520200
vn -0.810679 0.334991 -0.480188
vn -0.882209 0.237102 -0.406804
vn -0.838500 0.162200 -0.520200
vn -0.708890 0.253496 -0.658191
vn -0.882209 0.237102 -0.406804
vn -0.945411 0.135002 -0.296603
vn -0.931252 0.080896 -0.355282
vn -0.838500 0.162200 -0.520200
vn -0.945411 0.135002 -0.296603
vn -0.882209 0.237102 -0.406804
vn -0.936977 0.234294 -0.259194
vn -0.965168 0.156595 -0.209593
vn -0.882209 0.237102 -0.406804
vn -0.810679 0.334991 -0.480188
vn -0.908064 0.313188 -0.278089
vn -0.936977 0.234294 -0.259194
vn -0.947811 0.266903 -0.174402
vn -0.963357 0.218113 -0.156109
vn -0.936977 0.234294 -0.259194
vn -0.908064 0.313188 -0.278089
vn -0.963357 0.218113 -0.156109
vn -0.977549 0.168591 -0.126393
vn -0.965168 0.156595 -0.209593
vn -0.936977 0.234294 -0.259194
vn -0.810679 0.334991 -0.480188
vn -0.755588 0.421893 -0.501092
vn -0.880242 0.386919 -0.274713
vn -0.908064 0.313188 -0.278089
vn -0.755588 0.421893 -0.501092
vn -0.744553 0.479970 -0.463971
vn -0.854620 0.449410 -0.260106
vn -0.880242 0.386919 -0.274713
vn -0.902426 0.372611 -0.216306
vn -0.928843 0.316481 -0.192588
vn -0.880242 0.386919 -0.274713
vn -0.854620 0.449410 -0.260106
vn -0.928843 0.316481 -0.192588
vn -0.947811 0.266903 -0.174402
vn -0.908064 0.313188 -0.278089
vn -0.880242 0.386919 -0.274713
vn -0.679901 0.073600 -0.729601
vn -0.507598 0.120000 -0.853197
vn -0.574511 0.332507 -0.747915
vn -0.708890 0.253496 -0.658191
vn -0.507598 0.120000 -0.853197
vn -0.465382 0.126895 -0.875966
vn -0.556393 0.374595 -0.741691
vn -0.574511 0.332507 -0.747915
vn -0.744553 0.479970 -0.463971
vn -0.755588 0.421893 -0.501092
vn -0.574511 0.332507 -0.747915
vn -0.556393 0.374595 -0.741691
vn -0.755588 0.421893 -0.501092
vn -0.810679 0.334991 -0.480188
vn -0.708890 0.253496 -0.658191
vn -0.574511 0.332507 -0.747915
vn 0.575632 -0.278715 0.768743
vn 0.597804 -0.265202 0.756505
vn 0.607229 -0.280314 0.743436
vn 0.624312 -0.285806 0.727014
vn 0.597804 -0.265202 0.756505
vn 0.621995 -0.266998 0.736094
vn 0.589032 -0.288016 0.755042
vn 0.607229 -0.280314 0.743436
vn 0.578663 -0.260483 0.772850
vn 0.619195 -0.258998 0.741294
vn 0.607229 -0.280314 0.743436
vn 0.589032 -0.288016 0.755042
vn 0.619195 -0.258998 0.741294
vn 0.649392 -0.255097 0.716391
vn 0.624312 -0.285806 0.727014
vn 0.607229 -0.280314 0.743436
vn 0.649392 -0.255097 0.716391
vn 0.619195 -0.258998 0.741294
vn 0.630997 -0.218099 0.744497
vn 0.615603 -0.218001 0.757304
vn 0.619195 -0.258998 0.741294
vn 0.578663 -0.260483 0.772850
vn 0.622339 -0.203813 0.755748
vn 0.630997 -0.218099 0.744497
vn 0.694689 -0.144298 0.704688
vn 0.659232 -0.162208 0.734236
vn 0.630997 -0.218099 0.744497
vn 0.622339 -0.203813 0.755748
vn 0.659232 -0.162208 0.734236
vn 0.587669 -0.165191 0.792059
vn 0.615603 -0.218001 0.757304
vn 0.630997 -0.218099 0.744497
vn 0.578663 -0.260483 0.772850
vn 0.583388 -0.252995 0.771785
vn 0.636382 -0.168795 0.752679
vn 0.622339 -0.203813 0.755748
vn 0.583388 -0.252995 0.771785
vn 0.688599 -0.228200 0.688299
vn 0.715795 -0.121299 0.687695
vn 0.636382 -0.168795 0.752679
vn 0.781495 -0.065200 0.620496
vn 0.727381 -0.107997 0.677682
vn 0.636382 -0.168795 0.752679
vn 0.715795 -0.121299 0.687695
vn 0.727381 -0.107997 0.677682
vn 0.694689 -0.144298 0.704688
vn 0.622339 -0.203813 0.755748
vn 0.636382 -0.168795 0.752679
vn 0.621995 -0.266998 0.736094
vn 0.674976 -0.281390 0.682076
vn 0.614010 -0.303505 0.728612
vn 0.589032 -0.288016 0.755042
vn 0.674976 -0.281390 0.682076
vn 0.778595 -0.281798 0.560696
vn 0.724267 -0.301986 0.619872
vn 0.614010 -0.303505 0.728612
vn 0.688599 -0.228200 0.688299
vn 0.583388 -0.252995 0.771785
vn 0.614010 -0.303505 0.728612
vn 0.724267 -0.301986 0.619872
vn 0.583388 -0.252995 0.771785
vn 0.578663 -0.260483 0.772850
vn 0.589032 -0.288016 0.755042
vn 0.614010 -0.303505 0.728612
vn 0.534790 -0.231396 0.812684
vn 0.583974 -0.206891 0.784965
vn 0.609904 -0.235402 0.756705
vn 0.556113 -0.255006 0.791018
vn 0.583974 -0.206891 0.784965
vn 0.643113 -0.177504 0.744915
vn 0.671714 -0.210704 0.710214
vn 0.609904 -0.235402 0.756705
vn 0.677808 -0.219503 0.701708
vn 0.615220 -0.235608 0.752325
vn 0.609904 -0.235402 0.756705
vn 0.671714 -0.210704 0.710214
vn 0.615220 -0.235608 0.752325
vn 0.558902 -0.251101 0.790302
vn 0.556113 -0.255006 0.791018
vn 0.609904 -0.235402 0.756705
vn 0.558902 -0.251101 0.790302
vn 0.615220 -0.235608 0.752325
vn 0.603919 -0.236907 0.761024
vn 0.557093 -0.249797 0.791990
vn 0.615220 -0.235608 0.752325
vn 0.677808 -0.219503 0.701708
vn 0.655012 -0.231404 0.719313
vn 0.603919 -0.236907 0.761024
vn 0.621995 -0.266998 0.736094
vn 0.597804 -0.265202 0.756505
vn 0.603919 -0.236907 0.761024
vn 0.655012 -0.231404 0.719313
vn 0.597804 -0.265202 0.756505
vn 0.575632 -0.278715 0.768743
vn 0.557093 -0.249797 0.791990
vn 0.603919 -0.236907 0.761024
vn 0.677808 -0.219503 0.701708
vn 0.751580 -0.201594 0.628083
vn 0.723913 -0.232004 0.649711
vn 0.655012 -0.231404 0.719313
vn 0.751580 -0.201594 0.628083
vn 0.841160 -0.170892 0.513075
vn 0.820869 -0.220392 0.526880
vn 0.723913 -0.232004 0.649711
vn 0.778595 -0.281798 0.560696
vn 0.674976 -0.281390 0.682076
vn 0.723913 -0.232004 0.649711
vn 0.820869 -0.220392 0.526880
vn 0.674976 -0.281390 0.682076
vn 0.621995 -0.266998 0.736094
vn 0.655012 -0.231404 0.719313
vn 0.723913 -0.232004 0.649711
vn 0.643113 -0.177504 0.744915
vn 0.712604 -0.142201 0.687004
vn 0.742965 -0.179292 0.644870
vn 0.671714 -0.210704 0.710214
vn 0.712604 -0.142201 0.687004
vn 0.797617 -0.097002 0.595313
vn 0.827993 -0.134799 0.544295
vn 0.742965 -0.179292 0.644870
vn 0.841160 -0.170892 0.513075
vn 0.751580 -0.201594 0.628083
vn 0.742965 -0.179292 0.644870
vn 0.827993 -0.134799 0.544295
vn 0.751580 -0.201594 0.628083
vn 0.677808 -0.219503 0.701708
vn 0.671714 -0.210704 0.710214
vn 0.742965 -0.179292 0.644870
vn 0.427283 -0.176293 0.886764
vn 0.546916 -0.162205 0.821324
vn 0.515716 -0.148305 0.843826
vn 0.423600 -0.162800 0.891100
vn 0.546916 -0.162205 0.821324
vn 0.656568 -0.153592 0.738464
vn 0.609263 -0.138092 0.780852
vn 0.515716 -0.148305 0.843826
vn 0.583607 -0.137502 0.800310
vn 0.506010 -0.157003 0.848118
vn 0.515716 -0.148305 0.843826
vn 0.609263 -0.138092 0.780852
vn 0.506010 -0.157003 0.848118
vn 0.438615 -0.177206 0.881031
vn 0.423600 -0.162800 0.891100
vn 0.515716 -0.148305 0.843826
vn 0.438615 -0.177206 0.881031
vn 0.506010 -0.157003 0.848118
vn 0.539192 -0.175997 0.823588
vn 0.486117 -0.202407 0.850130
vn 0.506010 -0.157003 0.848118
vn 0.583607 -0.137502 0.800310
vn 0.604290 -0.146998 0.783087
vn 0.539192 -0.175997 0.823588
vn 0.643113 -0.177504 0.744915
vn 0.583974 -0.206891 0.784965
vn 0.539192 -0.175997 0.823588
vn 0.604290 -0.146998 0.783087
vn 0.583974 -0.206891 0.784965
vn 0.534790 -0.231396 0.812684
vn 0.486117 -0.202407 0.850130
vn 0.539192 -0.175997 0.823588
vn 0.583607 -0.137502 0.800310
vn 0.669074 -0.118595 0.733672
vn 0.680262 -0.115194 0.723860
vn 0.604290 -0.146998 0.783087
vn 0.669074 -0.118595 0.733672
vn 0.765595 -0.095499 0.636196
vn 0.771692 -0.077199 0.631294
vn 0.680262 -0.115194 0.723860
vn 0.797617 -0.097002 0.595313
vn 0.712604 -0.142201 0.687004
vn 0.680262 -0.115194 0.723860
vn 0.771692 -0.077199 0.631294
vn 0.712604 -0.142201 0.687004
vn 0.643113 -0.177504 0.744915
vn 0.604290 -0.146998 0.783087
vn 0.680262 -0.115194 0.723860
vn 0.656568 -0.153592 0.738464
vn 0.750816 -0.150603 0.643113
vn 0.700428 -0.131905 0.701428
vn 0.609263 -0.138092 0.780852
vn 0.750816 -0.150603 0.643113
vn 0.828683 -0.150197 0.539189
vn 0.790006 -0.124601 0.600304
vn 0.700428 -0.131905 0.701428
vn 0.765595 -0.095499 0.636196
vn 0.669074 -0.118595 0.733672
vn 0.700428 -0.131905 0.701428
vn 0.790006 -0.124601 0.600304
vn 0.669074 -0.118595 0.733672
vn 0.583607 -0.137502 0.800310
vn 0.609263 -0.138092 0.780852
vn 0.700428 -0.131905 0.701428
vn 0.569293 -0.212897 0.794091
vn 0.668213 -0.208304 0.714214
vn 0.626427 -0.221210 0.747432
vn 0.491294 -0.232497 0.839390
vn 0.668213 -0.208304 0.714214
vn 0.769987 -0.197297 0.606790
vn 0.746492 -0.204798 0.633093
vn 0.626427 -0.221210 0.747432
vn 0.732877 -0.194794 0.651879
vn 0.604990 -0.210197 0.767987
vn 0.626427 -0.221210 0.747432
vn 0.746492 -0.204798 0.633093
vn 0.604990 -0.210197 0.767987
vn 0.448102 -0.225001 0.865205
vn 0.491294 -0.232497 0.839390
vn 0.626427 -0.221210 0.747432
vn 0.448102 -0.225001 0.865205
vn 0.604990 -0.210197 0.767987
vn 0.577477 -0.187992 0.794468
vn 0.432212 -0.203006 0.878625
vn 0.604990 -0.210197 0.767987
vn 0.732877 -0.194794 0.651879
vn 0.699981 -0.176995 0.691881
vn 0.577477 -0.187992 0.794468
vn 0.656568 -0.153592 0.738464
vn 0.546916 -0.162205 0.821324
vn 0.577477 -0.187992 0.794468
vn 0.699981 -0.176995 0.691881
vn 0.546916 -0.162205 0.821324
vn 0.427283 -0.176293 0.886764
vn 0.432212 -0.203006 0.878625
vn 0.577477 -0.187992 0.794468
vn 0.732877 -0.194794 0.651879
vn 0.829379 -0.181195 0.528487
vn 0.796262 -0.170692 0.580372
vn 0.699981 -0.176995 0.691881
vn 0.829379 -0.181195 0.528487
vn 0.896292 -0.170698 0.409296
vn 0.866678 -0.168396 0.469588
vn 0.796262 -0.170692 0.580372
vn 0.828683 -0.150197 0.539189
vn 0.750816 -0.150603 0.643113
vn 0.796262 -0.170692 0.580372
vn 0.866678 -0.168396 0.469588
vn 0.750816 -0.150603 0.643113
vn 0.656568 -0.153592 0.738464
vn 0.699981 -0.176995 0.691881
vn 0.796262 -0.170692 0.580372
vn 0.769987 -0.197297 0.606790
vn 0.854416 -0.182703 0.486409
vn 0.840742 -0.186709 0.508225
vn 0.746492 -0.204798 0.633093
vn 0.854416 -0.182703 0.486409
vn 0.917692 -0.165899 0.360997
vn 0.907801 -0.169100 0.383800
vn 0.840742 -0.186709 0.508225
vn 0.896292 -0.170698 0.409296
vn 0.829379 -0.181195 0.528487
vn 0.840742 -0.186709 0.508225
vn 0.907801 -0.169100 0.383800
vn 0.829379 -0.181195 0.528487
vn 0.732877 -0.194794 0.651879
vn 0.746492 -0.204798 0.633093
vn 0.840742 -0.186709 0.508225
vn 0.953846 0.051297 0.295883
vn 0.993002 0.103600 0.056700
vn 0.982731 0.070202 0.171205
vn 0.946147 0.083004 0.312916
vn 0.993002 0.103600 0.056700
vn 0.994205 0.107501 -0.000600
vn 0.992403 0.046500 0.113900
vn 0.982731 0.070202 0.171205
vn 0.939384 -0.044299 0.339994
vn 0.907423 -0.016100 0.419911
vn 0.982731 0.070202 0.171205
vn 0.992403 0.046500 0.113900
vn 0.907423 -0.016100 0.419911
vn 0.849492 0.002500 0.527595
vn 0.946147 0.083004 0.312916
vn 0.982731 0.070202 0.171205
vn 0.849492 0.002500 0.527595
vn 0.907423 -0.016100 0.419911
vn 0.765024 -0.145204 0.627419
vn 0.691591 -0.139498 0.708691
vn 0.907423 -0.016100 0.419911
vn 0.939384 -0.044299 0.339994
vn 0.838157 -0.148810 0.524736
vn 0.765024 -0.145204 0.627419
vn 0.769987 -0.197297 0.606790
vn 0.668213 -0.208304 0.714214
vn 0.765024 -0.145204 0.627419
vn 0.838157 -0.148810 0.524736
vn 0.668213 -0.208304 0.714214
vn 0.569293 -0.212897 0.794091
vn 0.691591 -0.139498 0.708691
vn 0.765024 -0.145204 0.627419
vn 0.939384 -0.044299 0.339994
vn 0.960050 -0.066903 0.271714
vn 0.897318 -0.147503 0.416008
vn 0.838157 -0.148810 0.524736
vn 0.960050 -0.066903 0.271714
vn 0.980073 -0.077498 0.182895
vn 0.944100 -0.139900 0.298500
vn 0.897318 -0.147503 0.416008
vn 0.917692 -0.165899 0.360997
vn 0.854416 -0.182703 0.486409
vn 0.897318 -0.147503 0.416008
vn 0.944100 -0.139900 0.298500
vn 0.854416 -0.182703 0.486409
vn 0.769987 -0.197297 0.606790
vn 0.838157 -0.148810 0.524736
vn 0.897318 -0.147503 0.416008
vn 0.994205 0.107501 -0.000600
vn 0.994564 0.099596 -0.030399
vn 0.996483 0.020300 0.081299
vn 0.992403 0.046500 0.113900
vn 0.994564 0.099596 -0.030399
vn 0.991376 0.099998 -0.084698
vn 0.999699 0.003400 0.024300
vn 0.996483 0.020300 0.081299
vn 0.980073 -0.077498 0.182895
vn 0.960050 -0.066903 0.271714
vn 0.996483 0.020300 0.081299
vn 0.999699 0.003400 0.024300
vn 0.960050 -0.066903 0.271714
vn 0.939384 -0.044299 0.339994
vn 0.992403 0.046500 0.113900
vn 0.996483 0.020300 0.081299
vn -0.620107 0.074101 -0.781009
vn -0.604384 0.075798 -0.793079
vn -0.568492 -0.139998 -0.810689
vn -0.540506 -0.130802 -0.831110
vn -0.604384 0.075798 -0.793079
vn -0.563708 0.089501 -0.821111
vn -0.569490 -0.134098 -0.810986
vn -0.568492 -0.139998 -0.810689
vn -0.604989 -0.195397 -0.771886
vn -0.554873 -0.182991 -0.811560
vn -0.568492 -0.139998 -0.810689
vn -0.569490 -0.134098 -0.810986
vn -0.554873 -0.182991 -0.811560
vn -0.480705 -0.159202 -0.862309
vn -0.540506 -0.130802 -0.831110
vn -0.568492 -0.139998 -0.810689
vn -0.480705 -0.159202 -0.862309
vn -0.554873 -0.182991 -0.811560
vn -0.539621 -0.168707 -0.824832
vn -0.428790 -0.137497 -0.892879
vn -0.554873 -0.182991 -0.811560
vn -0.604989 -0.195397 -0.771886
vn -0.626873 -0.192492 -0.754968
vn -0.539621 -0.168707 -0.824832
vn -0.649191 -0.163298 -0.742890
vn -0.541691 -0.140298 -0.828787
vn -0.539621 -0.168707 -0.824832
vn -0.626873 -0.192492 -0.754968
vn -0.541691 -0.140298 -0.828787
vn -0.410410 -0.114203 -0.904722
vn -0.428790 -0.137497 -0.892879
vn -0.539621 -0.168707 -0.824832
vn -0.604989 -0.195397 -0.771886
vn -0.648113 -0.197404 -0.735514
vn -0.705337 -0.209411 -0.677235
vn -0.626873 -0.192492 -0.754968
vn -0.648113 -0.197404 -0.735514
vn -0.692693 -0.190598 -0.695593
vn -0.771800 -0.217800 -0.597400
vn -0.705337 -0.209411 -0.677235
vn -0.819115 -0.201404 -0.537110
vn -0.745077 -0.185094 -0.640781
vn -0.705337 -0.209411 -0.677235
vn -0.771800 -0.217800 -0.597400
vn -0.745077 -0.185094 -0.640781
vn -0.649191 -0.163298 -0.742890
vn -0.626873 -0.192492 -0.754968
vn -0.705337 -0.209411 -0.677235
vn -0.563708 0.089501 -0.821111
vn -0.514416 0.107103 -0.850826
vn -0.561179 -0.116396 -0.819469
vn -0.569490 -0.134098 -0.810986
vn -0.514416 0.107103 -0.850826
vn -0.465382 0.126895 -0.875966
vn -0.558290 -0.090598 -0.824685
vn -0.561179 -0.116396 -0.819469
vn -0.692693 -0.190598 -0.695593
vn -0.648113 -0.197404 -0.735514
vn -0.561179 -0.116396 -0.819469
vn -0.558290 -0.090598 -0.824685
vn -0.648113 -0.197404 -0.735514
vn -0.604989 -0.195397 -0.771886
vn -0.569490 -0.134098 -0.810986
vn -0.561179 -0.116396 -0.819469
vn -0.410410 -0.114203 -0.904722
vn -0.541691 -0.140298 -0.828787
vn -0.572987 -0.118297 -0.810982
vn -0.445306 -0.103201 -0.889411
vn -0.541691 -0.140298 -0.828787
vn -0.649191 -0.163298 -0.742890
vn -0.678103 -0.133701 -0.722703
vn -0.572987 -0.118297 -0.810982
vn -0.704188 -0.128498 -0.698289
vn -0.611085 -0.117597 -0.782781
vn -0.572987 -0.118297 -0.810982
vn -0.678103 -0.133701 -0.722703
vn -0.611085 -0.117597 -0.782781
vn -0.495476 -0.107395 -0.861957
vn -0.445306 -0.103201 -0.889411
vn -0.572987 -0.118297 -0.810982
vn -0.495476 -0.107395 -0.861957
vn -0.611085 -0.117597 -0.782781
vn -0.646679 -0.110096 -0.754775
vn -0.538411 -0.098402 -0.836917
vn -0.611085 -0.117597 -0.782781
vn -0.704188 -0.128498 -0.698289
vn -0.730777 -0.120596 -0.671879
vn -0.646679 -0.110096 -0.754775
vn -0.760805 -0.081801 -0.643804
vn -0.679436 -0.068404 -0.730539
vn -0.646679 -0.110096 -0.754775
vn -0.730777 -0.120596 -0.671879
vn -0.679436 -0.068404 -0.730539
vn -0.572821 -0.052002 -0.818030
vn -0.538411 -0.098402 -0.836917
vn -0.646679 -0.110096 -0.754775
vn -0.704188 -0.128498 -0.698289
vn -0.787507 -0.145001 -0.599005
vn -0.806884 -0.135797 -0.574889
vn -0.730777 -0.120596 -0.671879
vn -0.787507 -0.145001 -0.599005
vn -0.857808 -0.163401 -0.487304
vn -0.875819 -0.154303 -0.457310
vn -0.806884 -0.135797 -0.574889
vn -0.901420 -0.115303 -0.417309
vn -0.834397 -0.096800 -0.542598
vn -0.806884 -0.135797 -0.574889
vn -0.875819 -0.154303 -0.457310
vn -0.834397 -0.096800 -0.542598
vn -0.760805 -0.081801 -0.643804
vn -0.730777 -0.120596 -0.671879
vn -0.806884 -0.135797 -0.574889
vn -0.649191 -0.163298 -0.742890
vn -0.745077 -0.185094 -0.640781
vn -0.771516 -0.153103 -0.617513
vn -0.678103 -0.133701 -0.722703
vn -0.745077 -0.185094 -0.640781
vn -0.819115 -0.201404 -0.537110
vn -0.844708 -0.171802 -0.506905
vn -0.771516 -0.153103 -0.617513
vn -0.857808 -0.163401 -0.487304
vn -0.787507 -0.145001 -0.599005
vn -0.771516 -0.153103 -0.617513
vn -0.844708 -0.171802 -0.506905
vn -0.787507 -0.145001 -0.599005
vn -0.704188 -0.128498 -0.698289
vn -0.678103 -0.133701 -0.722703
vn -0.771516 -0.153103 -0.617513
vn -0.572821 -0.052002 -0.818030
vn -0.679436 -0.068404 -0.730539
vn -0.705300 0.003600 -0.708900
vn -0.595689 0.026300 -0.802785
vn -0.679436 -0.068404 -0.730539
vn -0.760805 -0.081801 -0.643804
vn -0.791008 -0.015600 -0.611606
vn -0.705300 0.003600 -0.708900
vn -0.812571 0.078297 -0.577579
vn -0.721866 0.104695 -0.684068
vn -0.705300 0.003600 -0.708900
vn -0.791008 -0.015600 -0.611606
vn -0.721866 0.104695 -0.684068
vn -0.607280 0.133596 -0.783175
vn -0.595689 0.026300 -0.802785
vn -0.705300 0.003600 -0.708900
vn -0.607280 0.133596 -0.783175
vn -0.721866 0.104695 -0.684068
vn -0.722968 0.210691 -0.657971
vn -0.603287 0.247394 -0.758183
vn -0.721866 0.104695 -0.684068
vn -0.812571 0.078297 -0.577579
vn -0.814917 0.176304 -0.552112
vn -0.722968 0.210691 -0.657971
vn -0.801248 0.252884 -0.542265
vn -0.706313 0.299306 -0.641512
vn -0.722968 0.210691 -0.657971
vn -0.814917 0.176304 -0.552112
vn -0.706313 0.299306 -0.641512
vn -0.581196 0.347798 -0.735695
vn -0.603287 0.247394 -0.758183
vn -0.722968 0.210691 -0.657971
vn -0.812571 0.078297 -0.577579
vn -0.887187 0.050899 -0.458593
vn -0.887485 0.140198 -0.438993
vn -0.814917 0.176304 -0.552112
vn -0.887187 0.050899 -0.458593
vn -0.944189 0.020000 -0.328796
vn -0.943013 0.099901 -0.317404
vn -0.887485 0.140198 -0.438993
vn -0.934829 0.159405 -0.317310
vn -0.875475 0.206994 -0.436688
vn -0.887485 0.140198 -0.438993
vn -0.943013 0.099901 -0.317404
vn -0.875475 0.206994 -0.436688
vn -0.801248 0.252884 -0.542265
vn -0.814917 0.176304 -0.552112
vn -0.887485 0.140198 -0.438993
vn -0.760805 -0.081801 -0.643804
vn -0.834397 -0.096800 -0.542598
vn -0.865623 -0.034401 -0.499513
vn -0.791008 -0.015600 -0.611606
vn -0.834397 -0.096800 -0.542598
vn -0.901420 -0.115303 -0.417309
vn -0.927818 -0.056001 -0.368807
vn -0.865623 -0.034401 -0.499513
vn -0.944189 0.020000 -0.328796
vn -0.887187 0.050899 -0.458593
vn -0.865623 -0.034401 -0.499513
vn -0.927818 -0.056001 -0.368807
vn -0.887187 0.050899 -0.458593
vn -0.812571 0.078297 -0.577579
vn -0.791008 -0.015600 -0.611606
vn -0.865623 -0.034401 -0.499513
vn -0.581196 0.347798 -0.735695
vn -0.706313 0.299306 -0.641512
vn -0.666190 0.379694 -0.641890
vn -0.534802 0.435502 -0.724103
vn -0.706313 0.299306 -0.641512
vn -0.801248 0.252884 -0.542265
vn -0.772364 0.321385 -0.547874
vn -0.666190 0.379694 -0.641890
vn -0.739788 0.385594 -0.551391
vn -0.621585 0.446289 -0.643784
vn -0.666190 0.379694 -0.641890
vn -0.772364 0.321385 -0.547874
vn -0.621585 0.446289 -0.643784
vn -0.491280 0.495580 -0.716271
vn -0.534802 0.435502 -0.724103
vn -0.666190 0.379694 -0.641890
vn -0.491280 0.495580 -0.716271
vn -0.621585 0.446289 -0.643784
vn -0.604774 0.503579 -0.616974
vn -0.493819 0.541321 -0.680526
vn -0.621585 0.446289 -0.643784
vn -0.739788 0.385594 -0.551391
vn -0.722157 0.442874 -0.531368
vn -0.604774 0.503579 -0.616974
vn -0.705803 0.511702 -0.489902
vn -0.604723 0.575722 -0.550321
vn -0.604774 0.503579 -0.616974
vn -0.722157 0.442874 -0.531368
vn -0.604723 0.575722 -0.550321
vn -0.526608 0.604209 -0.598009
vn -0.493819 0.541321 -0.680526
vn -0.604774 0.503579 -0.616974
vn -0.739788 0.385594 -0.551391
vn -0.842128 0.318311 -0.435314
vn -0.833805 0.362002 -0.416802
vn -0.722157 0.442874 -0.531368
vn -0.842128 0.318311 -0.435314
vn -0.928019 0.242605 -0.282706
vn -0.931369 0.257991 -0.256891
vn -0.833805 0.362002 -0.416802
vn -0.931810 0.246603 -0.266303
vn -0.819684 0.405092 -0.404992
vn -0.833805 0.362002 -0.416802
vn -0.931369 0.257991 -0.256891
vn -0.819684 0.405092 -0.404992
vn -0.705803 0.511702 -0.489902
vn -0.722157 0.442874 -0.531368
vn -0.833805 0.362002 -0.416802
vn -0.801248 0.252884 -0.542265
vn -0.875475 0.206994 -0.436688
vn -0.858665 0.263389 -0.439682
vn -0.772364 0.321385 -0.547874
vn -0.875475 0.206994 -0.436688
vn -0.934829 0.159405 -0.317310
vn -0.929779 0.203895 -0.306493
vn -0.858665 0.263389 -0.439682
vn -0.928019 0.242605 -0.282706
vn -0.842128 0.318311 -0.435314
vn -0.858665 0.263389 -0.439682
vn -0.929779 0.203895 -0.306493
vn -0.842128 0.318311 -0.435314
vn -0.739788 0.385594 -0.551391
vn -0.772364 0.321385 -0.547874
vn -0.858665 0.263389 -0.439682
vn -0.526608 0.604209 -0.598009
vn -0.604723 0.575722 -0.550321
vn -0.630099 0.536999 -0.560899
vn -0.582990 0.558390 -0.590190
vn -0.604723 0.575722 -0.550321
vn -0.705803 0.511702 -0.489902
vn -0.703073 0.480981 -0.523780
vn -0.630099 0.536999 -0.560899
vn -0.722388 0.195797 -0.663189
vn -0.644774 0.233391 -0.727871
vn -0.630099 0.536999 -0.560899
vn -0.703073 0.480981 -0.523780
vn -0.644774 0.233391 -0.727871
vn -0.609206 0.251102 -0.752207
vn -0.582990 0.558390 -0.590190
vn -0.630099 0.536999 -0.560899
vn -0.609206 0.251102 -0.752207
vn -0.644774 0.233391 -0.727871
vn -0.584537 -0.130208 -0.800851
vn -0.537609 -0.127402 -0.833514
vn -0.644774 0.233391 -0.727871
vn -0.722388 0.195797 -0.663189
vn -0.702793 -0.127399 -0.699893
vn -0.584537 -0.130208 -0.800851
vn -0.726700 -0.234200 -0.645800
vn -0.595728 -0.272813 -0.755435
vn -0.584537 -0.130208 -0.800851
vn -0.702793 -0.127399 -0.699893
vn -0.595728 -0.272813 -0.755435
vn -0.531698 -0.299799 -0.792097
vn -0.537609 -0.127402 -0.833514
vn -0.584537 -0.130208 -0.800851
vn -0.722388 0.195797 -0.663189
vn -0.823299 0.132200 -0.551999
vn -0.835605 -0.112901 -0.537603
vn -0.702793 -0.127399 -0.699893
vn -0.823299 0.132200 -0.551999
vn -0.931879 0.033799 -0.361192
vn -0.942914 -0.090501 -0.320505
vn -0.835605 -0.112901 -0.537603
vn -0.954158 -0.138194 -0.265488
vn -0.861311 -0.186002 -0.472806
vn -0.835605 -0.112901 -0.537603
vn -0.942914 -0.090501 -0.320505
vn -0.861311 -0.186002 -0.472806
vn -0.726700 -0.234200 -0.645800
vn -0.702793 -0.127399 -0.699893
vn -0.835605 -0.112901 -0.537603
vn -0.705803 0.511702 -0.489902
vn -0.819684 0.405092 -0.404992
vn -0.805233 0.372415 -0.461419
vn -0.703073 0.480981 -0.523780
vn -0.819684 0.405092 -0.404992
vn -0.931810 0.246603 -0.266303
vn -0.926477 0.187895 -0.326092
vn -0.805233 0.372415 -0.461419
vn -0.931879 0.033799 -0.361192
vn -0.823299 0.132200 -0.551999
vn -0.805233 0.372415 -0.461419
vn -0.926477 0.187895 -0.326092
vn -0.823299 0.132200 -0.551999
vn -0.722388 0.195797 -0.663189
vn -0.703073 0.480981 -0.523780
vn -0.805233 0.372415 -0.461419
vn 0.996446 -0.083304 0.012501
vn 0.989767 -0.049598 0.133796
vn 0.994446 -0.032201 0.100205
vn 0.997460 -0.064597 -0.029999
vn 0.989767 -0.049598 0.133796
vn 0.970378 -0.022999 0.240495
vn 0.975237 -0.014201 0.220708
vn 0.994446 -0.032201 0.100205
vn 0.971228 -0.012800 0.237807
vn 0.995144 -0.019401 0.096504
vn 0.994446 -0.032201 0.100205
vn 0.975237 -0.014201 0.220708
vn 0.995144 -0.019401 0.096504
vn 0.997074 -0.048599 -0.058998
vn 0.997460 -0.064597 -0.029999
vn 0.994446 -0.032201 0.100205
vn 0.997074 -0.048599 -0.058998
vn 0.995144 -0.019401 0.096504
vn 0.991735 -0.011300 0.127805
vn 0.996113 -0.041501 -0.077701
vn 0.995144 -0.019401 0.096504
vn 0.971228 -0.012800 0.237807
vn 0.953468 -0.011100 0.301290
vn 0.991735 -0.011300 0.127805
vn 0.931115 -0.017500 0.364306
vn 0.986956 -0.019599 0.159793
vn 0.991735 -0.011300 0.127805
vn 0.953468 -0.011100 0.301290
vn 0.986956 -0.019599 0.159793
vn 0.993972 -0.052598 -0.096197
vn 0.996113 -0.041501 -0.077701
vn 0.991735 -0.011300 0.127805
vn 0.971228 -0.012800 0.237807
vn 0.930133 -0.015101 0.366913
vn 0.896708 -0.025200 0.441904
vn 0.953468 -0.011100 0.301290
vn 0.930133 -0.015101 0.366913
vn 0.885509 -0.019700 0.464205
vn 0.843070 -0.046598 0.535781
vn 0.896708 -0.025200 0.441904
vn 0.781495 -0.065200 0.620496
vn 0.853415 -0.034201 0.520109
vn 0.896708 -0.025200 0.441904
vn 0.843070 -0.046598 0.535781
vn 0.853415 -0.034201 0.520109
vn 0.931115 -0.017500 0.364306
vn 0.953468 -0.011100 0.301290
vn 0.896708 -0.025200 0.441904
vn 0.970378 -0.022999 0.240495
vn 0.935454 -0.006800 0.353383
vn 0.939435 -0.003100 0.342713
vn 0.975237 -0.014201 0.220708
vn 0.935454 -0.006800 0.353383
vn 0.891245 0.000600 0.453523
vn 0.897099 0.005100 0.441800
vn 0.939435 -0.003100 0.342713
vn 0.885509 -0.019700 0.464205
vn 0.930133 -0.015101 0.366913
vn 0.939435 -0.003100 0.342713
vn 0.897099 0.005100 0.441800
vn 0.930133 -0.015101 0.366913
vn 0.971228 -0.012800 0.237807
vn 0.975237 -0.014201 0.220708
vn 0.939435 -0.003100 0.342713
vn -0.974272 -0.183395 0.130996
vn -0.980438 -0.195908 0.019001
vn -0.973907 -0.220502 0.053700
vn -0.958235 -0.217908 0.185207
vn -0.980438 -0.195908 0.019001
vn -0.974692 -0.209798 -0.077199
vn -0.973478 -0.222295 -0.054099
vn -0.973907 -0.220502 0.053700
vn -0.978689 -0.205098 -0.010100
vn -0.971374 -0.213094 0.104997
vn -0.973907 -0.220502 0.053700
vn -0.973478 -0.222295 -0.054099
vn -0.971374 -0.213094 0.104997
vn -0.947205 -0.214401 0.238401
vn -0.958235 -0.217908 0.185207
vn -0.973907 -0.220502 0.053700
vn -0.947205 -0.214401 0.238401
vn -0.971374 -0.213094 0.104997
vn -0.970068 -0.173894 0.169494
vn -0.948107 -0.181001 0.261402
vn -0.971374 -0.213094 0.104997
vn -0.978689 -0.205098 -0.010100
vn -0.985464 -0.160494 0.055698
vn -0.970068 -0.173894 0.169494
vn -0.988193 -0.099399 0.116599
vn -0.965911 -0.112601 0.233103
vn -0.970068 -0.173894 0.169494
vn -0.985464 -0.160494 0.055698
vn -0.965911 -0.112601 0.233103
vn -0.953681 -0.128497 0.271995
vn -0.948107 -0.181001 0.261402
vn -0.970068 -0.173894 0.169494
vn -0.978689 -0.205098 -0.010100
vn -0.973093 -0.199199 -0.115799
vn -0.984513 -0.156802 -0.078401
vn -0.985464 -0.160494 0.055698
vn -0.973093 -0.199199 -0.115799
vn -0.952313 -0.203103 -0.227703
vn -0.956332 -0.170906 -0.237108
vn -0.984513 -0.156802 -0.078401
vn -0.954158 -0.138194 -0.265488
vn -0.992654 -0.107095 -0.056297
vn -0.984513 -0.156802 -0.078401
vn -0.956332 -0.170906 -0.237108
vn -0.992654 -0.107095 -0.056297
vn -0.988193 -0.099399 0.116599
vn -0.985464 -0.160494 0.055698
vn -0.984513 -0.156802 -0.078401
vn -0.974692 -0.209798 -0.077199
vn -0.962186 -0.222597 -0.156998
vn -0.964150 -0.223012 -0.143807
vn -0.973478 -0.222295 -0.054099
vn -0.962186 -0.222597 -0.156998
vn -0.945672 -0.234793 -0.224893
vn -0.947041 -0.227110 -0.227010
vn -0.964150 -0.223012 -0.143807
vn -0.952313 -0.203103 -0.227703
vn -0.973093 -0.199199 -0.115799
vn -0.964150 -0.223012 -0.143807
vn -0.947041 -0.227110 -0.227010
vn -0.973093 -0.199199 -0.115799
vn -0.978689 -0.205098 -0.010100
vn -0.973478 -0.222295 -0.054099
vn -0.964150 -0.223012 -0.143807
vn 0.989906 -0.095301 0.104901
vn 0.970533 -0.059502 0.233508
vn 0.980022 -0.061301 0.189204
vn 0.993150 -0.096005 0.066603
vn 0.970533 -0.059502 0.233508
vn 0.950189 -0.028200 0.310396
vn 0.959544 -0.030401 0.279913
vn 0.980022 -0.061301 0.189204
vn 0.970378 -0.022999 0.240495
vn 0.989767 -0.049598 0.133796
vn 0.980022 -0.061301 0.189204
vn 0.959544 -0.030401 0.279913
vn 0.989767 -0.049598 0.133796
vn 0.996446 -0.083304 0.012501
vn 0.993150 -0.096005 0.066603
vn 0.980022 -0.061301 0.189204
vn 0.950189 -0.028200 0.310396
vn 0.926697 -0.015300 0.375499
vn 0.929500 -0.015400 0.368500
vn 0.959544 -0.030401 0.279913
vn 0.926697 -0.015300 0.375499
vn 0.890262 -0.015599 0.455181
vn 0.888222 -0.013700 0.459211
vn 0.929500 -0.015400 0.368500
vn 0.891245 0.000600 0.453523
vn 0.935454 -0.006800 0.353383
vn 0.929500 -0.015400 0.368500
vn 0.888222 -0.013700 0.459211
vn 0.935454 -0.006800 0.353383
vn 0.970378 -0.022999 0.240495
vn 0.959544 -0.030401 0.279913
vn 0.929500 -0.015400 0.368500
vn -0.986717 -0.132702 0.093702
vn -0.988191 -0.152399 0.015900
vn -0.986039 -0.166207 0.010100
vn -0.983921 -0.146403 0.102302
vn -0.988191 -0.152399 0.015900
vn -0.982962 -0.175293 -0.055298
vn -0.979521 -0.188104 -0.071802
vn -0.986039 -0.166207 0.010100
vn -0.974692 -0.209798 -0.077199
vn -0.980438 -0.195908 0.019001
vn -0.986039 -0.166207 0.010100
vn -0.979521 -0.188104 -0.071802
vn -0.980438 -0.195908 0.019001
vn -0.974272 -0.183395 0.130996
vn -0.983921 -0.146403 0.102302
vn -0.986039 -0.166207 0.010100
vn -0.982962 -0.175293 -0.055298
vn -0.972165 -0.200093 -0.121896
vn -0.967100 -0.210400 -0.143000
vn -0.979521 -0.188104 -0.071802
vn -0.972165 -0.200093 -0.121896
vn -0.955638 -0.224809 -0.190308
vn -0.950364 -0.231491 -0.207892
vn -0.967100 -0.210400 -0.143000
vn -0.945672 -0.234793 -0.224893
vn -0.962186 -0.222597 -0.156998
vn -0.967100 -0.210400 -0.143000
vn -0.950364 -0.231491 -0.207892
vn -0.962186 -0.222597 -0.156998
vn -0.974692 -0.209798 -0.077199
vn -0.979521 -0.188104 -0.071802
vn -0.967100 -0.210400 -0.143000
vn -0.482491 0.226596 -0.846084
vn -0.569073 0.150693 -0.808361
vn -0.685328 0.271511 -0.675727
vn -0.554292 0.322295 -0.767389
vn -0.569073 0.150693 -0.808361
vn -0.663076 0.069997 -0.745273
vn -0.772426 0.198707 -0.603220
vn -0.685328 0.271511 -0.675727
vn -0.820300 0.314500 -0.477700
vn -0.737369 0.382184 -0.556976
vn -0.685328 0.271511 -0.675727
vn -0.772426 0.198707 -0.603220
vn -0.737369 0.382184 -0.556976
vn -0.623182 0.434487 -0.650281
vn -0.554292 0.322295 -0.767389
vn -0.685328 0.271511 -0.675727
vn -0.623182 0.434487 -0.650281
vn -0.737369 0.382184 -0.556976
vn -0.768098 0.458399 -0.447099
vn -0.674296 0.510697 -0.533397
vn -0.737369 0.382184 -0.556976
vn -0.820300 0.314500 -0.477700
vn -0.836065 0.400383 -0.375084
vn -0.768098 0.458399 -0.447099
vn -0.831904 0.480203 -0.278102
vn -0.782811 0.528107 -0.329105
vn -0.768098 0.458399 -0.447099
vn -0.836065 0.400383 -0.375084
vn -0.782811 0.528107 -0.329105
vn -0.710684 0.579287 -0.399191
vn -0.674296 0.510697 -0.533397
vn -0.768098 0.458399 -0.447099
vn -0.820300 0.314500 -0.477700
vn -0.868881 0.258294 -0.422291
vn -0.881659 0.343184 -0.323885
vn -0.836065 0.400383 -0.375084
vn -0.868881 0.258294 -0.422291
vn -0.890164 0.232791 -0.391684
vn -0.909876 0.299792 -0.286792
vn -0.881659 0.343184 -0.323885
vn -0.902426 0.372611 -0.216306
vn -0.869500 0.429400 -0.244100
vn -0.881659 0.343184 -0.323885
vn -0.909876 0.299792 -0.286792
vn -0.869500 0.429400 -0.244100
vn -0.831904 0.480203 -0.278102
vn -0.836065 0.400383 -0.375084
vn -0.881659 0.343184 -0.323885
vn -0.663076 0.069997 -0.745273
vn -0.720792 0.022300 -0.692792
vn -0.821434 0.150006 -0.550223
vn -0.772426 0.198707 -0.603220
vn -0.720792 0.022300 -0.692792
vn -0.748373 -0.001700 -0.663276
vn -0.842178 0.133597 -0.522387
vn -0.821434 0.150006 -0.550223
vn -0.890164 0.232791 -0.391684
vn -0.868881 0.258294 -0.422291
vn -0.821434 0.150006 -0.550223
vn -0.842178 0.133597 -0.522387
vn -0.868881 0.258294 -0.422291
vn -0.820300 0.314500 -0.477700
vn -0.772426 0.198707 -0.603220
vn -0.821434 0.150006 -0.550223
vn 0.805493 -0.559395 -0.195598
vn 0.819963 -0.523077 -0.232490
vn 0.930829 -0.355311 -0.085503
vn 0.911831 -0.408014 -0.045702
vn 0.819963 -0.523077 -0.232490
vn 0.835110 -0.485506 -0.258603
vn 0.945202 -0.305601 -0.114900
vn 0.930829 -0.355311 -0.085503
vn 0.996244 -0.077803 0.038002
vn 0.988351 -0.135193 0.069897
vn 0.930829 -0.355311 -0.085503
vn 0.945202 -0.305601 -0.114900
vn 0.988351 -0.135193 0.069897
vn 0.973610 -0.201102 0.107901
vn 0.911831 -0.408014 -0.045702
vn 0.930829 -0.355311 -0.085503
vn 0.973610 -0.201102 0.107901
vn 0.988351 -0.135193 0.069897
vn 0.984565 0.046998 0.168594
vn 0.979694 -0.021900 0.199299
vn 0.988351 -0.135193 0.069897
vn 0.996244 -0.077803 0.038002
vn 0.984823 0.104202 0.138803
vn 0.984565 0.046998 0.168594
vn 0.955840 0.230110 0.182808
vn 0.963777 0.172996 0.202995
vn 0.984565 0.046998 0.168594
vn 0.984823 0.104202 0.138803
vn 0.963777 0.172996 0.202995
vn 0.969671 0.102697 0.221793
vn 0.979694 -0.021900 0.199299
vn 0.984565 0.046998 0.168594
vn 0.996244 -0.077803 0.038002
vn 0.999284 -0.034699 0.015100
vn 0.982426 0.146704 0.115403
vn 0.984823 0.104202 0.138803
vn 0.999284 -0.034699 0.015100
vn 0.999961 -0.007600 0.004600
vn 0.979473 0.172495 0.104297
vn 0.982426 0.146704 0.115403
vn 0.940118 0.303106 0.155903
vn 0.947783 0.272795 0.165197
vn 0.982426 0.146704 0.115403
vn 0.979473 0.172495 0.104297
vn 0.947783 0.272795 0.165197
vn 0.955840 0.230110 0.182808
vn 0.984823 0.104202 0.138803
vn 0.982426 0.146704 0.115403
vn 0.835110 -0.485506 -0.258603
vn 0.848104 -0.453902 -0.273301
vn 0.954221 -0.267606 -0.133603
vn 0.945202 -0.305601 -0.114900
vn 0.848104 -0.453902 -0.273301
vn 0.857488 -0.433894 -0.276496
vn 0.959524 -0.244706 -0.139403
vn 0.954221 -0.267606 -0.133603
vn 0.999961 -0.007600 0.004600
vn 0.999284 -0.034699 0.015100
vn 0.954221 -0.267606 -0.133603
vn 0.959524 -0.244706 -0.139403
vn 0.999284 -0.034699 0.015100
vn 0.996244 -0.077803 0.038002
vn 0.945202 -0.305601 -0.114900
vn 0.954221 -0.267606 -0.133603
vn -0.797892 -0.272297 -0.537795
vn -0.791850 -0.222186 -0.568864
vn -0.593914 -0.408310 -0.693217
vn -0.590090 -0.454592 -0.667188
vn -0.791850 -0.222186 -0.568864
vn -0.776999 -0.141900 -0.613300
vn -0.595010 -0.337306 -0.729512
vn -0.593914 -0.408310 -0.693217
vn -0.423088 -0.473087 -0.772778
vn -0.407600 -0.529600 -0.743900
vn -0.593914 -0.408310 -0.693217
vn -0.595010 -0.337306 -0.729512
vn -0.407600 -0.529600 -0.743900
vn -0.387022 -0.576732 -0.719440
vn -0.590090 -0.454592 -0.667188
vn -0.593914 -0.408310 -0.693217
vn -0.387022 -0.576732 -0.719440
vn -0.407600 -0.529600 -0.743900
vn -0.266703 -0.608606 -0.747307
vn -0.231398 -0.655694 -0.718693
vn -0.407600 -0.529600 -0.743900
vn -0.423088 -0.473087 -0.772778
vn -0.290202 -0.559304 -0.776506
vn -0.266703 -0.608606 -0.747307
vn -0.177703 -0.619011 -0.765014
vn -0.157193 -0.664171 -0.730868
vn -0.266703 -0.608606 -0.747307
vn -0.290202 -0.559304 -0.776506
vn -0.157193 -0.664171 -0.730868
vn -0.121400 -0.708099 -0.695599
vn -0.231398 -0.655694 -0.718693
vn -0.266703 -0.608606 -0.747307
vn -0.423088 -0.473087 -0.772778
vn -0.448014 -0.390312 -0.804326
vn -0.309311 -0.488118 -0.816130
vn -0.290202 -0.559304 -0.776506
vn -0.448014 -0.390312 -0.804326
vn -0.455713 -0.286308 -0.842824
vn -0.312694 -0.375493 -0.872484
vn -0.309311 -0.488118 -0.816130
vn -0.177810 -0.442126 -0.879152
vn -0.184099 -0.554598 -0.811498
vn -0.309311 -0.488118 -0.816130
vn -0.312694 -0.375493 -0.872484
vn -0.184099 -0.554598 -0.811498
vn -0.177703 -0.619011 -0.765014
vn -0.290202 -0.559304 -0.776506
vn -0.309311 -0.488118 -0.816130
vn -0.776999 -0.141900 -0.613300
vn -0.760825 -0.052602 -0.646821
vn -0.607921 -0.240408 -0.756727
vn -0.595010 -0.337306 -0.729512
vn -0.760825 -0.052602 -0.646821
vn -0.748373 -0.001700 -0.663276
vn -0.609896 -0.156899 -0.776795
vn -0.607921 -0.240408 -0.756727
vn -0.455713 -0.286308 -0.842824
vn -0.448014 -0.390312 -0.804326
vn -0.607921 -0.240408 -0.756727
vn -0.609896 -0.156899 -0.776795
vn -0.448014 -0.390312 -0.804326
vn -0.423088 -0.473087 -0.772778
vn -0.595010 -0.337306 -0.729512
vn -0.607921 -0.240408 -0.756727
vn 0.140796 -0.800775 -0.582182
vn 0.141008 -0.768243 -0.624435
vn 0.205603 -0.778810 -0.592607
vn 0.195802 -0.807510 -0.556407
vn 0.141008 -0.768243 -0.624435
vn 0.151804 -0.722017 -0.675016
vn 0.223103 -0.738210 -0.636609
vn 0.205603 -0.778810 -0.592607
vn 0.291114 -0.746736 -0.598029
vn 0.269497 -0.780493 -0.564095
vn 0.205603 -0.778810 -0.592607
vn 0.223103 -0.738210 -0.636609
vn 0.269497 -0.780493 -0.564095
vn 0.250606 -0.807019 -0.534712
vn 0.195802 -0.807510 -0.556407
vn 0.205603 -0.778810 -0.592607
vn 0.250606 -0.807019 -0.534712
vn 0.269497 -0.780493 -0.564095
vn 0.339108 -0.770319 -0.540013
vn 0.314807 -0.796117 -0.516811
vn 0.269497 -0.780493 -0.564095
vn 0.291114 -0.746736 -0.598029
vn 0.359594 -0.744888 -0.561991
vn 0.339108 -0.770319 -0.540013
vn 0.424778 -0.734462 -0.529273
vn 0.410115 -0.752428 -0.515419
vn 0.339108 -0.770319 -0.540013
vn 0.359594 -0.744888 -0.561991
vn 0.410115 -0.752428 -0.515419
vn 0.388807 -0.776915 -0.495209
vn 0.314807 -0.796117 -0.516811
vn 0.339108 -0.770319 -0.540013
vn 0.291114 -0.746736 -0.598029
vn 0.312705 -0.702312 -0.639511
vn 0.375617 -0.713033 -0.592027
vn 0.359594 -0.744888 -0.561991
vn 0.312705 -0.702312 -0.639511
vn 0.337591 -0.641784 -0.688582
vn 0.396411 -0.663319 -0.634718
vn 0.375617 -0.713033 -0.592027
vn 0.458106 -0.673509 -0.580108
vn 0.437983 -0.712972 -0.547578
vn 0.375617 -0.713033 -0.592027
vn 0.396411 -0.663319 -0.634718
vn 0.437983 -0.712972 -0.547578
vn 0.424778 -0.734462 -0.529273
vn 0.359594 -0.744888 -0.561991
vn 0.375617 -0.713033 -0.592027
vn 0.151804 -0.722017 -0.675016
vn 0.177900 -0.661101 -0.728901
vn 0.247895 -0.683985 -0.686085
vn 0.223103 -0.738210 -0.636609
vn 0.177900 -0.661101 -0.728901
vn 0.211496 -0.581890 -0.785286
vn 0.277486 -0.613469 -0.739363
vn 0.247895 -0.683985 -0.686085
vn 0.337591 -0.641784 -0.688582
vn 0.312705 -0.702312 -0.639511
vn 0.247895 -0.683985 -0.686085
vn 0.277486 -0.613469 -0.739363
vn 0.312705 -0.702312 -0.639511
vn 0.291114 -0.746736 -0.598029
vn 0.223103 -0.738210 -0.636609
vn 0.247895 -0.683985 -0.686085
vn -0.242305 -0.078502 0.967019
vn -0.511808 -0.143602 0.847013
vn -0.568317 -0.102303 0.816425
vn -0.312898 -0.051400 0.948395
vn -0.511808 -0.143602 0.847013
vn -0.698227 -0.189907 0.690227
vn -0.749189 -0.144998 0.646291
vn -0.568317 -0.102303 0.816425
vn -0.807788 -0.105298 0.579992
vn -0.642190 -0.058799 0.764288
vn -0.568317 -0.102303 0.816425
vn -0.749189 -0.144998 0.646291
vn -0.642190 -0.058799 0.764288
vn -0.408792 -0.016300 0.912482
vn -0.312898 -0.051400 0.948395
vn -0.568317 -0.102303 0.816425
vn -0.408792 -0.016300 0.912482
vn -0.642190 -0.058799 0.764288
vn -0.734582 -0.037499 0.677483
vn -0.532922 0.007100 0.846135
vn -0.642190 -0.058799 0.764288
vn -0.807788 -0.105298 0.579992
vn -0.861239 -0.085104 0.501023
vn -0.734582 -0.037499 0.677483
vn -0.890211 -0.067601 0.450505
vn -0.805823 -0.038301 0.590917
vn -0.734582 -0.037499 0.677483
vn -0.861239 -0.085104 0.501023
vn -0.805823 -0.038301 0.590917
vn -0.655386 0.003800 0.755284
vn -0.532922 0.007100 0.846135
vn -0.734582 -0.037499 0.677483
vn -0.807788 -0.105298 0.579992
vn -0.912558 -0.140694 0.383983
vn -0.934312 -0.113501 0.337904
vn -0.861239 -0.085104 0.501023
vn -0.912558 -0.140694 0.383983
vn -0.963115 -0.154802 0.220103
vn -0.968810 -0.111901 0.221102
vn -0.934312 -0.113501 0.337904
vn -0.963617 -0.034101 0.265105
vn -0.939784 -0.068699 0.334794
vn -0.934312 -0.113501 0.337904
vn -0.968810 -0.111901 0.221102
vn -0.939784 -0.068699 0.334794
vn -0.890211 -0.067601 0.450505
vn -0.861239 -0.085104 0.501023
vn -0.934312 -0.113501 0.337904
vn -0.698227 -0.189907 0.690227
vn -0.835391 -0.215398 0.505694
vn -0.875160 -0.174992 0.451079
vn -0.749189 -0.144998 0.646291
vn -0.835391 -0.215398 0.505694
vn -0.917398 -0.221999 0.330299
vn -0.942961 -0.189092 0.273989
vn -0.875160 -0.174992 0.451079
vn -0.963115 -0.154802 0.220103
vn -0.912558 -0.140694 0.383983
vn -0.875160 -0.174992 0.451079
vn -0.942961 -0.189092 0.273989
vn -0.912558 -0.140694 0.383983
vn -0.807788 -0.105298 0.579992
vn -0.749189 -0.144998 0.646291
vn -0.875160 -0.174992 0.451079
vn 0.953846 0.051297 0.295883
vn 0.868683 0.058599 0.491890
vn 0.835835 0.013201 0.548823
vn 0.926376 0.012600 0.376390
vn 0.868683 0.058599 0.491890
vn 0.814008 0.067601 0.576906
vn 0.774460 0.026499 0.632067
vn 0.835835 0.013201 0.548823
vn 0.768782 0.049599 0.637585
vn 0.855829 0.066102 0.513017
vn 0.835835 0.013201 0.548823
vn 0.774460 0.026499 0.632067
vn 0.855829 0.066102 0.513017
vn 0.934220 0.096102 0.343507
vn 0.926376 0.012600 0.376390
vn 0.835835 0.013201 0.548823
vn 0.934220 0.096102 0.343507
vn 0.855829 0.066102 0.513017
vn 0.849964 0.190792 0.491079
vn 0.929974 0.230494 0.286392
vn 0.855829 0.066102 0.513017
vn 0.768782 0.049599 0.637585
vn 0.717682 0.136397 0.682883
vn 0.849964 0.190792 0.491079
vn 0.631479 0.233892 0.739276
vn 0.798099 0.292800 0.526599
vn 0.849964 0.190792 0.491079
vn 0.717682 0.136397 0.682883
vn 0.798099 0.292800 0.526599
vn 0.908471 0.300590 0.290391
vn 0.929974 0.230494 0.286392
vn 0.849964 0.190792 0.491079
vn 0.768782 0.049599 0.637585
vn 0.664505 0.036200 0.746406
vn 0.542476 0.092496 0.834964
vn 0.717682 0.136397 0.682883
vn 0.664505 0.036200 0.746406
vn 0.519808 0.033801 0.853614
vn 0.336205 0.069601 0.939214
vn 0.542476 0.092496 0.834964
vn 0.198505 0.128603 0.971626
vn 0.425786 0.172794 0.888171
vn 0.542476 0.092496 0.834964
vn 0.336205 0.069601 0.939214
vn 0.425786 0.172794 0.888171
vn 0.631479 0.233892 0.739276
vn 0.717682 0.136397 0.682883
vn 0.542476 0.092496 0.834964
vn 0.814008 0.067601 0.576906
vn 0.777003 0.073400 0.625203
vn 0.730095 0.032000 0.682596
vn 0.774460 0.026499 0.632067
vn 0.777003 0.073400 0.625203
vn 0.708892 0.074299 0.701392
vn 0.647986 0.038399 0.760684
vn 0.730095 0.032000 0.682596
vn 0.519808 0.033801 0.853614
vn 0.664505 0.036200 0.746406
vn 0.730095 0.032000 0.682596
vn 0.647986 0.038399 0.760684
vn 0.664505 0.036200 0.746406
vn 0.768782 0.049599 0.637585
vn 0.774460 0.026499 0.632067
vn 0.730095 0.032000 0.682596
vn -0.412587 -0.051298 0.909472
vn -0.498688 -0.050999 0.865280
vn -0.447293 -0.042299 0.893387
vn -0.370503 -0.041400 0.927908
vn -0.498688 -0.050999 0.865280
vn -0.586184 -0.050899 0.808578
vn -0.529505 -0.045100 0.847107
vn -0.447293 -0.042299 0.893387
vn -0.488524 -0.066103 0.870043
vn -0.411695 -0.045399 0.910190
vn -0.447293 -0.042299 0.893387
vn -0.529505 -0.045100 0.847107
vn -0.411695 -0.045399 0.910190
vn -0.343609 -0.030301 0.938624
vn -0.370503 -0.041400 0.927908
vn -0.447293 -0.042299 0.893387
vn -0.586184 -0.050899 0.808578
vn -0.688087 -0.056999 0.723386
vn -0.630301 -0.055000 0.774401
vn -0.529505 -0.045100 0.847107
vn -0.688087 -0.056999 0.723386
vn -0.797237 -0.069703 0.599628
vn -0.747277 -0.072198 0.660579
vn -0.630301 -0.055000 0.774401
vn -0.692486 -0.122898 0.710886
vn -0.581890 -0.093398 0.807886
vn -0.630301 -0.055000 0.774401
vn -0.747277 -0.072198 0.660579
vn -0.581890 -0.093398 0.807886
vn -0.488524 -0.066103 0.870043
vn -0.529505 -0.045100 0.847107
vn -0.630301 -0.055000 0.774401
vn 0.566182 -0.034099 0.823574
vn 0.454795 -0.026900 0.890190
vn 0.536875 -0.000400 0.843661
vn 0.630078 -0.009500 0.776473
vn 0.454795 -0.026900 0.890190
vn 0.305608 -0.025201 0.951824
vn 0.399307 0.001000 0.916817
vn 0.536875 -0.000400 0.843661
vn 0.478092 0.027300 0.877885
vn 0.606399 0.029900 0.794598
vn 0.536875 -0.000400 0.843661
vn 0.399307 0.001000 0.916817
vn 0.606399 0.029900 0.794598
vn 0.692612 0.026800 0.720812
vn 0.630078 -0.009500 0.776473
vn 0.536875 -0.000400 0.843661
vn 0.305608 -0.025201 0.951824
vn 0.132696 -0.030999 0.990672
vn 0.225505 -0.006400 0.974221
vn 0.399307 0.001000 0.916817
vn 0.132696 -0.030999 0.990672
vn -0.014300 -0.034700 0.999296
vn 0.062802 -0.013900 0.997929
vn 0.225505 -0.006400 0.974221
vn 0.130998 0.013800 0.991287
vn 0.307503 0.021200 0.951311
vn 0.225505 -0.006400 0.974221
vn 0.062802 -0.013900 0.997929
vn 0.307503 0.021200 0.951311
vn 0.478092 0.027300 0.877885
vn 0.399307 0.001000 0.916817
vn 0.225505 -0.006400 0.974221
vn -0.343609 -0.030301 0.938624
vn -0.411695 -0.045399 0.910190
vn -0.474297 -0.047300 0.879094
vn -0.396992 -0.016100 0.917681
vn -0.411695 -0.045399 0.910190
vn -0.488524 -0.066103 0.870043
vn -0.550301 -0.087200 0.830401
vn -0.474297 -0.047300 0.879094
vn -0.663369 -0.032998 0.747565
vn -0.577787 0.002900 0.816182
vn -0.474297 -0.047300 0.879094
vn -0.550301 -0.087200 0.830401
vn -0.577787 0.002900 0.816182
vn -0.474820 0.028001 0.879637
vn -0.396992 -0.016100 0.917681
vn -0.474297 -0.047300 0.879094
vn -0.474820 0.028001 0.879637
vn -0.577787 0.002900 0.816182
vn -0.617713 0.030401 0.785816
vn -0.484001 0.034100 0.874403
vn -0.577787 0.002900 0.816182
vn -0.663369 -0.032998 0.747565
vn -0.728868 0.015899 0.684470
vn -0.617713 0.030401 0.785816
vn -0.741379 -0.038499 0.669981
vn -0.601993 -0.050699 0.796890
vn -0.617713 0.030401 0.785816
vn -0.728868 0.015899 0.684470
vn -0.601993 -0.050699 0.796890
vn -0.448314 -0.066102 0.891429
vn -0.484001 0.034100 0.874403
vn -0.617713 0.030401 0.785816
vn -0.663369 -0.032998 0.747565
vn -0.727718 -0.077202 0.681517
vn -0.808528 -0.012700 0.588320
vn -0.728868 0.015899 0.684470
vn -0.727718 -0.077202 0.681517
vn -0.774567 -0.121695 0.620674
vn -0.858803 -0.051600 0.509701
vn -0.808528 -0.012700 0.588320
vn -0.909592 -0.049900 0.412496
vn -0.845170 -0.037499 0.533181
vn -0.808528 -0.012700 0.588320
vn -0.858803 -0.051600 0.509701
vn -0.845170 -0.037499 0.533181
vn -0.741379 -0.038499 0.669981
vn -0.728868 0.015899 0.684470
vn -0.808528 -0.012700 0.588320
vn -0.488524 -0.066103 0.870043
vn -0.581890 -0.093398 0.807886
vn -0.625078 -0.131695 0.769373
vn -0.550301 -0.087200 0.830401
vn -0.581890 -0.093398 0.807886
vn -0.692486 -0.122898 0.710886
vn -0.700694 -0.171698 0.692494
vn -0.625078 -0.131695 0.769373
vn -0.774567 -0.121695 0.620674
vn -0.727718 -0.077202 0.681517
vn -0.625078 -0.131695 0.769373
vn -0.700694 -0.171698 0.692494
vn -0.727718 -0.077202 0.681517
vn -0.663369 -0.032998 0.747565
vn -0.550301 -0.087200 0.830401
vn -0.625078 -0.131695 0.769373
vn 0.692612 0.026800 0.720812
vn 0.606399 0.029900 0.794598
vn 0.598183 0.027799 0.800877
vn 0.695529 0.031001 0.717829
vn 0.606399 0.029900 0.794598
vn 0.478092 0.027300 0.877885
vn 0.473583 0.022199 0.880469
vn 0.598183 0.027799 0.800877
vn 0.444112 -0.021001 0.895725
vn 0.552309 -0.019400 0.833414
vn 0.598183 0.027799 0.800877
vn 0.473583 0.022199 0.880469
vn 0.552309 -0.019400 0.833414
vn 0.659981 -0.017499 0.751078
vn 0.695529 0.031001 0.717829
vn 0.598183 0.027799 0.800877
vn 0.659981 -0.017499 0.751078
vn 0.552309 -0.019400 0.833414
vn 0.515507 -0.092201 0.851911
vn 0.615316 -0.094302 0.782620
vn 0.552309 -0.019400 0.833414
vn 0.444112 -0.021001 0.895725
vn 0.452684 -0.087497 0.887368
vn 0.515507 -0.092201 0.851911
vn 0.488708 -0.143202 0.860615
vn 0.514312 -0.156404 0.843220
vn 0.515507 -0.092201 0.851911
vn 0.452684 -0.087497 0.887368
vn 0.514312 -0.156404 0.843220
vn 0.587669 -0.165191 0.792059
vn 0.615316 -0.094302 0.782620
vn 0.515507 -0.092201 0.851911
vn 0.444112 -0.021001 0.895725
vn 0.315615 -0.008900 0.948846
vn 0.380519 -0.068303 0.922247
vn 0.452684 -0.087497 0.887368
vn 0.315615 -0.008900 0.948846
vn 0.149193 0.010699 0.988750
vn 0.236505 -0.039701 0.970819
vn 0.380519 -0.068303 0.922247
vn 0.315898 -0.121399 0.940995
vn 0.448101 -0.131200 0.884303
vn 0.380519 -0.068303 0.922247
vn 0.236505 -0.039701 0.970819
vn 0.448101 -0.131200 0.884303
vn 0.488708 -0.143202 0.860615
vn 0.452684 -0.087497 0.887368
vn 0.380519 -0.068303 0.922247
vn 0.478092 0.027300 0.877885
vn 0.307503 0.021200 0.951311
vn 0.314289 0.022199 0.949068
vn 0.473583 0.022199 0.880469
vn 0.307503 0.021200 0.951311
vn 0.130998 0.013800 0.991287
vn 0.136494 0.023699 0.990357
vn 0.314289 0.022199 0.949068
vn 0.149193 0.010699 0.988750
vn 0.315615 -0.008900 0.948846
vn 0.314289 0.022199 0.949068
vn 0.136494 0.023699 0.990357
vn 0.315615 -0.008900 0.948846
vn 0.444112 -0.021001 0.895725
vn 0.473583 0.022199 0.880469
vn 0.314289 0.022199 0.949068
vn -0.995983 0.045699 0.076999
vn -0.991080 0.059999 0.118998
vn -0.984823 -0.044701 0.167704
vn -0.983305 -0.091301 0.157401
vn -0.991080 0.059999 0.118998
vn -0.960663 0.003800 0.277689
vn -0.964981 -0.063999 0.254395
vn -0.984823 -0.044701 0.167704
vn -0.969375 -0.075498 0.233694
vn -0.965223 -0.091202 0.245006
vn -0.984823 -0.044701 0.167704
vn -0.964981 -0.063999 0.254395
vn -0.965223 -0.091202 0.245006
vn -0.948682 -0.131498 0.287595
vn -0.983305 -0.091301 0.157401
vn -0.984823 -0.044701 0.167704
vn -0.948682 -0.131498 0.287595
vn -0.965223 -0.091202 0.245006
vn -0.959532 -0.092403 0.266009
vn -0.946667 -0.096297 0.307489
vn -0.965223 -0.091202 0.245006
vn -0.969375 -0.075498 0.233694
vn -0.968099 -0.082200 0.236700
vn -0.959532 -0.092403 0.266009
vn -0.952583 -0.107398 0.284695
vn -0.952907 -0.126101 0.275802
vn -0.959532 -0.092403 0.266009
vn -0.968099 -0.082200 0.236700
vn -0.952907 -0.126101 0.275802
vn -0.953681 -0.128497 0.271995
vn -0.946667 -0.096297 0.307489
vn -0.959532 -0.092403 0.266009
vn -0.969375 -0.075498 0.233694
vn -0.957362 -0.101196 0.270589
vn -0.961503 -0.076600 0.263901
vn -0.968099 -0.082200 0.236700
vn -0.957362 -0.101196 0.270589
vn -0.912908 -0.153001 0.378403
vn -0.921423 -0.086502 0.378810
vn -0.961503 -0.076600 0.263901
vn -0.909592 -0.049900 0.412496
vn -0.943350 -0.077104 0.322717
vn -0.961503 -0.076600 0.263901
vn -0.921423 -0.086502 0.378810
vn -0.943350 -0.077104 0.322717
vn -0.952583 -0.107398 0.284695
vn -0.968099 -0.082200 0.236700
vn -0.961503 -0.076600 0.263901
vn -0.960663 0.003800 0.277689
vn -0.896083 -0.073899 0.437692
vn -0.928763 -0.132495 0.346186
vn -0.964981 -0.063999 0.254395
vn -0.896083 -0.073899 0.437692
vn -0.849396 -0.127599 0.512098
vn -0.887596 -0.200499 0.414698
vn -0.928763 -0.132495 0.346186
vn -0.912908 -0.153001 0.378403
vn -0.957362 -0.101196 0.270589
vn -0.928763 -0.132495 0.346186
vn -0.887596 -0.200499 0.414698
vn -0.957362 -0.101196 0.270589
vn -0.969375 -0.075498 0.233694
vn -0.964981 -0.063999 0.254395
vn -0.928763 -0.132495 0.346186
vn -0.996612 0.079301 -0.021800
vn -0.995839 0.036501 0.083503
vn -0.988280 0.120898 0.093198
vn -0.988346 0.151107 0.018401
vn -0.995839 0.036501 0.083503
vn -0.979087 -0.014900 0.202897
vn -0.974931 0.069102 0.211507
vn -0.988280 0.120898 0.093198
vn -0.967866 0.110896 0.225692
vn -0.982796 0.156299 0.098400
vn -0.988280 0.120898 0.093198
vn -0.974931 0.069102 0.211507
vn -0.982796 0.156299 0.098400
vn -0.983743 0.171207 0.054202
vn -0.988346 0.151107 0.018401
vn -0.988280 0.120898 0.093198
vn -0.983743 0.171207 0.054202
vn -0.982796 0.156299 0.098400
vn -0.984912 0.136402 0.106501
vn -0.987859 0.140594 0.066097
vn -0.982796 0.156299 0.098400
vn -0.967866 0.110896 0.225692
vn -0.960968 0.087097 0.262591
vn -0.984912 0.136402 0.106501
vn -0.960663 0.003800 0.277689
vn -0.991080 0.059999 0.118998
vn -0.984912 0.136402 0.106501
vn -0.960968 0.087097 0.262591
vn -0.991080 0.059999 0.118998
vn -0.995983 0.045699 0.076999
vn -0.987859 0.140594 0.066097
vn -0.984912 0.136402 0.106501
vn -0.967866 0.110896 0.225692
vn -0.910276 0.059598 0.409689
vn -0.891097 0.034500 0.452499
vn -0.960968 0.087097 0.262591
vn -0.910276 0.059598 0.409689
vn -0.801784 -0.005500 0.597588
vn -0.808906 -0.016600 0.587704
vn -0.891097 0.034500 0.452499
vn -0.849396 -0.127599 0.512098
vn -0.896083 -0.073899 0.437692
vn -0.891097 0.034500 0.452499
vn -0.808906 -0.016600 0.587704
vn -0.896083 -0.073899 0.437692
vn -0.960663 0.003800 0.277689
vn -0.960968 0.087097 0.262591
vn -0.891097 0.034500 0.452499
vn -0.979087 -0.014900 0.202897
vn -0.934210 -0.068401 0.350104
vn -0.926320 0.009900 0.376608
vn -0.974931 0.069102 0.211507
vn -0.934210 -0.068401 0.350104
vn -0.845617 -0.119202 0.520310
vn -0.821607 -0.054900 0.567405
vn -0.926320 0.009900 0.376608
vn -0.801784 -0.005500 0.597588
vn -0.910276 0.059598 0.409689
vn -0.926320 0.009900 0.376608
vn -0.821607 -0.054900 0.567405
vn -0.910276 0.059598 0.409689
vn -0.967866 0.110896 0.225692
vn -0.974931 0.069102 0.211507
vn -0.926320 0.009900 0.376608
vn -0.985394 -0.166799 -0.034300
vn -0.983294 -0.175499 0.048300
vn -0.984972 -0.158895 0.067698
vn -0.990256 -0.136994 -0.024999
vn -0.983294 -0.175499 0.048300
vn -0.972065 -0.185893 0.143295
vn -0.970384 -0.176997 0.164397
vn -0.984972 -0.158895 0.067698
vn -0.971762 -0.150194 0.181993
vn -0.989790 -0.120199 0.076599
vn -0.984972 -0.158895 0.067698
vn -0.970384 -0.176997 0.164397
vn -0.989790 -0.120199 0.076599
vn -0.995949 -0.084904 -0.029601
vn -0.990256 -0.136994 -0.024999
vn -0.984972 -0.158895 0.067698
vn -0.995949 -0.084904 -0.029601
vn -0.989790 -0.120199 0.076599
vn -0.995478 -0.055499 0.077098
vn -0.999300 -0.011500 -0.035600
vn -0.989790 -0.120199 0.076599
vn -0.971762 -0.150194 0.181993
vn -0.976644 -0.098004 0.191209
vn -0.995478 -0.055499 0.077098
vn -0.979087 -0.014900 0.202897
vn -0.995839 0.036501 0.083503
vn -0.995478 -0.055499 0.077098
vn -0.976644 -0.098004 0.191209
vn -0.995839 0.036501 0.083503
vn -0.996612 0.079301 -0.021800
vn -0.999300 -0.011500 -0.035600
vn -0.995478 -0.055499 0.077098
vn -0.971762 -0.150194 0.181993
vn -0.936625 -0.178905 0.301208
vn -0.936217 -0.138903 0.322806
vn -0.976644 -0.098004 0.191209
vn -0.936625 -0.178905 0.301208
vn -0.877108 -0.205302 0.434204
vn -0.863777 -0.175595 0.472287
vn -0.936217 -0.138903 0.322806
vn -0.845617 -0.119202 0.520310
vn -0.934210 -0.068401 0.350104
vn -0.936217 -0.138903 0.322806
vn -0.863777 -0.175595 0.472287
vn -0.934210 -0.068401 0.350104
vn -0.979087 -0.014900 0.202897
vn -0.976644 -0.098004 0.191209
vn -0.936217 -0.138903 0.322806
vn -0.972065 -0.185893 0.143295
vn -0.943897 -0.203999 0.259699
vn -0.940227 -0.197106 0.277708
vn -0.970384 -0.176997 0.164397
vn -0.943897 -0.203999 0.259699
vn -0.891429 -0.227507 0.391913
vn -0.887157 -0.219389 0.405980
vn -0.940227 -0.197106 0.277708
vn -0.877108 -0.205302 0.434204
vn -0.936625 -0.178905 0.301208
vn -0.940227 -0.197106 0.277708
vn -0.887157 -0.219389 0.405980
vn -0.936625 -0.178905 0.301208
vn -0.971762 -0.150194 0.181993
vn -0.970384 -0.176997 0.164397
vn -0.940227 -0.197106 0.277708
vn -0.959565 -0.218392 -0.177594
vn -0.972041 -0.226910 -0.060403
vn -0.977123 -0.208605 -0.041401
vn -0.968542 -0.199609 -0.148606
vn -0.972041 -0.226910 -0.060403
vn -0.967327 -0.239107 0.084302
vn -0.970050 -0.222788 0.096795
vn -0.977123 -0.208605 -0.041401
vn -0.973178 -0.204695 0.104998
vn -0.981042 -0.192508 -0.022301
vn -0.977123 -0.208605 -0.041401
vn -0.970050 -0.222788 0.096795
vn -0.981042 -0.192508 -0.022301
vn -0.974932 -0.187306 -0.120104
vn -0.968542 -0.199609 -0.148606
vn -0.977123 -0.208605 -0.041401
vn -0.974932 -0.187306 -0.120104
vn -0.981042 -0.192508 -0.022301
vn -0.983143 -0.182308 0.013901
vn -0.980931 -0.180006 -0.073302
vn -0.981042 -0.192508 -0.022301
vn -0.973178 -0.204695 0.104998
vn -0.973795 -0.191299 0.122999
vn -0.983143 -0.182308 0.013901
vn -0.972065 -0.185893 0.143295
vn -0.983294 -0.175499 0.048300
vn -0.983143 -0.182308 0.013901
vn -0.973795 -0.191299 0.122999
vn -0.983294 -0.175499 0.048300
vn -0.985394 -0.166799 -0.034300
vn -0.980931 -0.180006 -0.073302
vn -0.983143 -0.182308 0.013901
vn -0.973178 -0.204695 0.104998
vn -0.938504 -0.225101 0.261801
vn -0.942968 -0.211093 0.257391
vn -0.973795 -0.191299 0.122999
vn -0.938504 -0.225101 0.261801
vn -0.874420 -0.247306 0.417409
vn -0.885786 -0.236196 0.399494
vn -0.942968 -0.211093 0.257391
vn -0.891429 -0.227507 0.391913
vn -0.943897 -0.203999 0.259699
vn -0.942968 -0.211093 0.257391
vn -0.885786 -0.236196 0.399494
vn -0.943897 -0.203999 0.259699
vn -0.972065 -0.185893 0.143295
vn -0.973795 -0.191299 0.122999
vn -0.942968 -0.211093 0.257391
vn -0.967327 -0.239107 0.084302
vn -0.931258 -0.252389 0.262788
vn -0.932981 -0.240595 0.267695
vn -0.970050 -0.222788 0.096795
vn -0.931258 -0.252389 0.262788
vn -0.859740 -0.261312 0.438820
vn -0.863259 -0.256588 0.434679
vn -0.932981 -0.240595 0.267695
vn -0.874420 -0.247306 0.417409
vn -0.938504 -0.225101 0.261801
vn -0.932981 -0.240595 0.267695
vn -0.863259 -0.256588 0.434679
vn -0.938504 -0.225101 0.261801
vn -0.973178 -0.204695 0.104998
vn -0.970050 -0.222788 0.096795
vn -0.932981 -0.240595 0.267695
vn -0.954999 -0.049200 -0.292500
vn -0.982988 -0.170698 -0.067799
vn -0.975088 -0.181798 -0.127098
vn -0.938221 -0.130203 -0.320607
vn -0.982988 -0.170698 -0.067799
vn -0.976860 -0.206392 0.056098
vn -0.975975 -0.215794 0.030099
vn -0.975088 -0.181798 -0.127098
vn -0.972694 -0.230899 0.023500
vn -0.969971 -0.207494 -0.126896
vn -0.975088 -0.181798 -0.127098
vn -0.975975 -0.215794 0.030099
vn -0.969971 -0.207494 -0.126896
vn -0.942688 -0.185598 -0.277296
vn -0.938221 -0.130203 -0.320607
vn -0.975088 -0.181798 -0.127098
vn -0.942688 -0.185598 -0.277296
vn -0.969971 -0.207494 -0.126896
vn -0.968330 -0.229807 -0.097603
vn -0.949309 -0.219102 -0.225402
vn -0.969971 -0.207494 -0.126896
vn -0.972694 -0.230899 0.023500
vn -0.968620 -0.243405 0.050301
vn -0.968330 -0.229807 -0.097603
vn -0.967327 -0.239107 0.084302
vn -0.972041 -0.226910 -0.060403
vn -0.968330 -0.229807 -0.097603
vn -0.968620 -0.243405 0.050301
vn -0.972041 -0.226910 -0.060403
vn -0.959565 -0.218392 -0.177594
vn -0.949309 -0.219102 -0.225402
vn -0.968330 -0.229807 -0.097603
vn -0.972694 -0.230899 0.023500
vn -0.948138 -0.248410 0.198308
vn -0.938660 -0.255689 0.231390
vn -0.968620 -0.243405 0.050301
vn -0.948138 -0.248410 0.198308
vn -0.888918 -0.257105 0.379108
vn -0.872239 -0.261312 0.413419
vn -0.938660 -0.255689 0.231390
vn -0.859740 -0.261312 0.438820
vn -0.931258 -0.252389 0.262788
vn -0.938660 -0.255689 0.231390
vn -0.872239 -0.261312 0.413419
vn -0.931258 -0.252389 0.262788
vn -0.967327 -0.239107 0.084302
vn -0.968620 -0.243405 0.050301
vn -0.938660 -0.255689 0.231390
vn -0.976860 -0.206392 0.056098
vn -0.959010 -0.220002 0.178602
vn -0.953511 -0.235603 0.187902
vn -0.975975 -0.215794 0.030099
vn -0.959010 -0.220002 0.178602
vn -0.917398 -0.221999 0.330299
vn -0.900959 -0.245489 0.357783
vn -0.953511 -0.235603 0.187902
vn -0.888918 -0.257105 0.379108
vn -0.948138 -0.248410 0.198308
vn -0.953511 -0.235603 0.187902
vn -0.900959 -0.245489 0.357783
vn -0.948138 -0.248410 0.198308
vn -0.972694 -0.230899 0.023500
vn -0.975975 -0.215794 0.030099
vn -0.953511 -0.235603 0.187902
vn -0.308801 -0.399402 0.863204
vn -0.138999 -0.417696 0.897892
vn -0.157704 -0.414410 0.896322
vn -0.326710 -0.397812 0.857325
vn -0.138999 -0.417696 0.897892
vn 0.023100 -0.420905 0.906811
vn 0.001200 -0.422403 0.906407
vn -0.157704 -0.414410 0.896322
vn -0.032600 -0.333198 0.942293
vn -0.190406 -0.323910 0.926730
vn -0.157704 -0.414410 0.896322
vn 0.001200 -0.422403 0.906407
vn -0.190406 -0.323910 0.926730
vn -0.347584 -0.307886 0.885659
vn -0.326710 -0.397812 0.857325
vn -0.157704 -0.414410 0.896322
vn -0.347584 -0.307886 0.885659
vn -0.190406 -0.323910 0.926730
vn -0.230895 -0.212096 0.949580
vn -0.395413 -0.194706 0.897629
vn -0.190406 -0.323910 0.926730
vn -0.032600 -0.333198 0.942293
vn -0.049800 -0.222798 0.973592
vn -0.230895 -0.212096 0.949580
vn -0.075402 -0.100003 0.992126
vn -0.274414 -0.082704 0.958049
vn -0.230895 -0.212096 0.949580
vn -0.049800 -0.222798 0.973592
vn -0.274414 -0.082704 0.958049
vn -0.448314 -0.066102 0.891429
vn -0.395413 -0.194706 0.897629
vn -0.230895 -0.212096 0.949580
vn -0.032600 -0.333198 0.942293
vn 0.120999 -0.331698 0.935594
vn 0.131597 -0.220895 0.966379
vn -0.049800 -0.222798 0.973592
vn 0.120999 -0.331698 0.935594
vn 0.295202 -0.317303 0.901207
vn 0.315687 -0.208991 0.925562
vn 0.131597 -0.220895 0.966379
vn 0.315898 -0.121399 0.940995
vn 0.126794 -0.112295 0.985552
vn 0.131597 -0.220895 0.966379
vn 0.315687 -0.208991 0.925562
vn 0.126794 -0.112295 0.985552
vn -0.075402 -0.100003 0.992126
vn -0.049800 -0.222798 0.973592
vn 0.131597 -0.220895 0.966379
vn 0.023100 -0.420905 0.906811
vn 0.156094 -0.417083 0.895364
vn 0.141508 -0.423125 0.894953
vn 0.001200 -0.422403 0.906407
vn 0.156094 -0.417083 0.895364
vn 0.287397 -0.402596 0.869091
vn 0.296190 -0.410386 0.862470
vn 0.141508 -0.423125 0.894953
vn 0.295202 -0.317303 0.901207
vn 0.120999 -0.331698 0.935594
vn 0.141508 -0.423125 0.894953
vn 0.296190 -0.410386 0.862470
vn 0.120999 -0.331698 0.935594
vn -0.032600 -0.333198 0.942293
vn 0.001200 -0.422403 0.906407
vn 0.141508 -0.423125 0.894953
vn -0.179605 -0.216906 0.959528
vn 0.008400 -0.240009 0.970735
vn -0.049399 -0.246096 0.967986
vn -0.199103 -0.210903 0.957015
vn 0.008400 -0.240009 0.970735
vn 0.148197 -0.255894 0.955278
vn 0.083302 -0.273608 0.958227
vn -0.049399 -0.246096 0.967986
vn 0.020899 -0.309491 0.950673
vn -0.114999 -0.289998 0.950093
vn -0.049399 -0.246096 0.967986
vn 0.083302 -0.273608 0.958227
vn -0.114999 -0.289998 0.950093
vn -0.236005 -0.260006 0.936322
vn -0.199103 -0.210903 0.957015
vn -0.049399 -0.246096 0.967986
vn -0.236005 -0.260006 0.936322
vn -0.114999 -0.289998 0.950093
vn -0.137193 -0.356281 0.924252
vn -0.275406 -0.335407 0.900918
vn -0.114999 -0.289998 0.950093
vn 0.020899 -0.309491 0.950673
vn 0.012300 -0.360613 0.932634
vn -0.137193 -0.356281 0.924252
vn 0.023100 -0.420905 0.906811
vn -0.138999 -0.417696 0.897892
vn -0.137193 -0.356281 0.924252
vn 0.012300 -0.360613 0.932634
vn -0.138999 -0.417696 0.897892
vn -0.308801 -0.399402 0.863204
vn -0.275406 -0.335407 0.900918
vn -0.137193 -0.356281 0.924252
vn 0.020899 -0.309491 0.950673
vn 0.141604 -0.316010 0.938129
vn 0.141005 -0.355614 0.923935
vn 0.012300 -0.360613 0.932634
vn 0.141604 -0.316010 0.938129
vn 0.246594 -0.313892 0.916877
vn 0.257700 -0.342200 0.903599
vn 0.141005 -0.355614 0.923935
vn 0.287397 -0.402596 0.869091
vn 0.156094 -0.417083 0.895364
vn 0.141005 -0.355614 0.923935
vn 0.257700 -0.342200 0.903599
vn 0.156094 -0.417083 0.895364
vn 0.023100 -0.420905 0.906811
vn 0.012300 -0.360613 0.932634
vn 0.141005 -0.355614 0.923935
vn 0.148197 -0.255894 0.955278
vn 0.247098 -0.267298 0.931394
vn 0.188994 -0.289390 0.938368
vn 0.083302 -0.273608 0.958227
vn 0.247098 -0.267298 0.931394
vn 0.321388 -0.275890 0.905867
vn 0.277795 -0.297895 0.913284
vn 0.188994 -0.289390 0.938368
vn 0.246594 -0.313892 0.916877
vn 0.141604 -0.316010 0.938129
vn 0.188994 -0.289390 0.938368
vn 0.277795 -0.297895 0.913284
vn 0.141604 -0.316010 0.938129
vn 0.020899 -0.309491 0.950673
vn 0.083302 -0.273608 0.958227
vn 0.188994 -0.289390 0.938368
vn -0.224306 -0.297108 0.928124
vn 0.013900 -0.275408 0.961227
vn 0.025101 -0.264913 0.963946
vn -0.214597 -0.280397 0.935589
vn 0.013900 -0.275408 0.961227
vn 0.185099 -0.249598 0.950494
vn 0.194797 -0.244096 0.949985
vn 0.025101 -0.264913 0.963946
vn 0.199290 -0.244088 0.949054
vn 0.033900 -0.256699 0.965897
vn 0.025101 -0.264913 0.963946
vn 0.194797 -0.244096 0.949985
vn 0.033900 -0.256699 0.965897
vn -0.197203 -0.263404 0.944314
vn -0.214597 -0.280397 0.935589
vn 0.025101 -0.264913 0.963946
vn -0.197203 -0.263404 0.944314
vn 0.033900 -0.256699 0.965897
vn 0.031401 -0.249304 0.967916
vn -0.182702 -0.243603 0.952511
vn 0.033900 -0.256699 0.965897
vn 0.199290 -0.244088 0.949054
vn 0.184793 -0.248791 0.950765
vn 0.031401 -0.249304 0.967916
vn 0.148197 -0.255894 0.955278
vn 0.008400 -0.240009 0.970735
vn 0.031401 -0.249304 0.967916
vn 0.184793 -0.248791 0.950765
vn 0.008400 -0.240009 0.970735
vn -0.179605 -0.216906 0.959528
vn -0.182702 -0.243603 0.952511
vn 0.031401 -0.249304 0.967916
vn 0.199290 -0.244088 0.949054
vn 0.309384 -0.233788 0.921751
vn 0.289012 -0.249510 0.924238
vn 0.184793 -0.248791 0.950765
vn 0.309384 -0.233788 0.921751
vn 0.364512 -0.227707 0.902929
vn 0.353797 -0.251798 0.900792
vn 0.289012 -0.249510 0.924238
vn 0.321388 -0.275890 0.905867
vn 0.247098 -0.267298 0.931394
vn 0.289012 -0.249510 0.924238
vn 0.353797 -0.251798 0.900792
vn 0.247098 -0.267298 0.931394
vn 0.148197 -0.255894 0.955278
vn 0.184793 -0.248791 0.950765
vn 0.289012 -0.249510 0.924238
vn 0.185099 -0.249598 0.950494
vn 0.291994 -0.231495 0.927981
vn 0.303590 -0.226992 0.925369
vn 0.194797 -0.244096 0.949985
vn 0.291994 -0.231495 0.927981
vn 0.318702 -0.224001 0.921006
vn 0.344797 -0.216398 0.913393
vn 0.303590 -0.226992 0.925369
vn 0.364512 -0.227707 0.902929
vn 0.309384 -0.233788 0.921751
vn 0.303590 -0.226992 0.925369
vn 0.344797 -0.216398 0.913393
vn 0.309384 -0.233788 0.921751
vn 0.199290 -0.244088 0.949054
vn 0.194797 -0.244096 0.949985
vn 0.303590 -0.226992 0.925369
vn -0.158500 -0.211699 0.964397
vn 0.056003 -0.182308 0.981645
vn 0.032001 -0.229708 0.972733
vn -0.174207 -0.252310 0.951836
vn 0.056003 -0.182308 0.981645
vn 0.218704 -0.159203 0.962717
vn 0.195395 -0.206795 0.958675
vn 0.032001 -0.229708 0.972733
vn 0.184896 -0.236094 0.953978
vn 0.011800 -0.262701 0.964805
vn 0.032001 -0.229708 0.972733
vn 0.195395 -0.206795 0.958675
vn 0.011800 -0.262701 0.964805
vn -0.197807 -0.285210 0.937832
vn -0.174207 -0.252310 0.951836
vn 0.032001 -0.229708 0.972733
vn -0.197807 -0.285210 0.937832
vn 0.011800 -0.262701 0.964805
vn 0.008300 -0.278197 0.960488
vn -0.215997 -0.302396 0.928387
vn 0.011800 -0.262701 0.964805
vn 0.184896 -0.236094 0.953978
vn 0.181998 -0.249997 0.950988
vn 0.008300 -0.278197 0.960488
vn 0.185099 -0.249598 0.950494
vn 0.013900 -0.275408 0.961227
vn 0.008300 -0.278197 0.960488
vn 0.181998 -0.249997 0.950988
vn 0.013900 -0.275408 0.961227
vn -0.224306 -0.297108 0.928124
vn -0.215997 -0.302396 0.928387
vn 0.008300 -0.278197 0.960488
vn 0.184896 -0.236094 0.953978
vn 0.299091 -0.215494 0.929573
vn 0.292695 -0.231396 0.927785
vn 0.181998 -0.249997 0.950988
vn 0.299091 -0.215494 0.929573
vn 0.311801 -0.215001 0.925503
vn 0.308200 -0.229200 0.923299
vn 0.292695 -0.231396 0.927785
vn 0.318702 -0.224001 0.921006
vn 0.291994 -0.231495 0.927981
vn 0.292695 -0.231396 0.927785
vn 0.308200 -0.229200 0.923299
vn 0.291994 -0.231495 0.927981
vn 0.185099 -0.249598 0.950494
vn 0.181998 -0.249997 0.950988
vn 0.292695 -0.231396 0.927785
vn 0.218704 -0.159203 0.962717
vn 0.338820 -0.144709 0.929656
vn 0.306410 -0.187606 0.933230
vn 0.195395 -0.206795 0.958675
vn 0.338820 -0.144709 0.929656
vn 0.397798 -0.149599 0.905195
vn 0.333492 -0.188196 0.923778
vn 0.306410 -0.187606 0.933230
vn 0.311801 -0.215001 0.925503
vn 0.299091 -0.215494 0.929573
vn 0.306410 -0.187606 0.933230
vn 0.333492 -0.188196 0.923778
vn 0.299091 -0.215494 0.929573
vn 0.184896 -0.236094 0.953978
vn 0.195395 -0.206795 0.958675
vn 0.306410 -0.187606 0.933230
vn -0.242305 -0.078502 0.967019
vn 0.060202 -0.009600 0.998140
vn 0.077200 -0.037700 0.996303
vn -0.211008 -0.104004 0.971936
vn 0.060202 -0.009600 0.998140
vn 0.334487 0.041998 0.941464
vn 0.338309 0.019901 0.940825
vn 0.077200 -0.037700 0.996303
vn 0.303291 -0.039699 0.952071
vn 0.070701 -0.085701 0.993809
vn 0.077200 -0.037700 0.996303
vn 0.338309 0.019901 0.940825
vn 0.070701 -0.085701 0.993809
vn -0.190903 -0.138302 0.971817
vn -0.211008 -0.104004 0.971936
vn 0.077200 -0.037700 0.996303
vn -0.190903 -0.138302 0.971817
vn 0.070701 -0.085701 0.993809
vn 0.066998 -0.132895 0.988863
vn -0.168001 -0.172901 0.970506
vn 0.070701 -0.085701 0.993809
vn 0.303291 -0.039699 0.952071
vn 0.259998 -0.101199 0.960292
vn 0.066998 -0.132895 0.988863
vn 0.218704 -0.159203 0.962717
vn 0.056003 -0.182308 0.981645
vn 0.066998 -0.132895 0.988863
vn 0.259998 -0.101199 0.960292
vn 0.056003 -0.182308 0.981645
vn -0.158500 -0.211699 0.964397
vn -0.168001 -0.172901 0.970506
vn 0.066998 -0.132895 0.988863
vn 0.303291 -0.039699 0.952071
vn 0.512107 -0.004100 0.858912
vn 0.422881 -0.082096 0.902459
vn 0.259998 -0.101199 0.960292
vn 0.512107 -0.004100 0.858912
vn 0.647391 0.010300 0.762089
vn 0.526614 -0.083202 0.846023
vn 0.422881 -0.082096 0.902459
vn 0.397798 -0.149599 0.905195
vn 0.338820 -0.144709 0.929656
vn 0.422881 -0.082096 0.902459
vn 0.526614 -0.083202 0.846023
vn 0.338820 -0.144709 0.929656
vn 0.218704 -0.159203 0.962717
vn 0.259998 -0.101199 0.960292
vn 0.422881 -0.082096 0.902459
vn 0.334487 0.041998 0.941464
vn 0.574706 0.070601 0.815309
vn 0.570094 0.063899 0.819091
vn 0.338309 0.019901 0.940825
vn 0.574706 0.070601 0.815309
vn 0.708892 0.074299 0.701392
vn 0.707677 0.080997 0.701878
vn 0.570094 0.063899 0.819091
vn 0.647391 0.010300 0.762089
vn 0.512107 -0.004100 0.858912
vn 0.570094 0.063899 0.819091
vn 0.707677 0.080997 0.701878
vn 0.512107 -0.004100 0.858912
vn 0.303291 -0.039699 0.952071
vn 0.338309 0.019901 0.940825
vn 0.570094 0.063899 0.819091
vn 0.274304 -0.812111 0.515007
vn 0.384293 -0.657889 0.647689
vn 0.071800 -0.645001 0.760801
vn 0.071297 -0.824962 0.560674
vn 0.384293 -0.657889 0.647689
vn 0.479295 -0.404096 0.779091
vn 0.118300 -0.403500 0.907300
vn 0.071800 -0.645001 0.760801
vn -0.171800 -0.321199 0.931298
vn -0.174502 -0.605206 0.776708
vn 0.071800 -0.645001 0.760801
vn 0.118300 -0.403500 0.907300
vn -0.174502 -0.605206 0.776708
vn -0.156004 -0.798220 0.581814
vn 0.071297 -0.824962 0.560674
vn 0.071800 -0.645001 0.760801
vn -0.156004 -0.798220 0.581814
vn -0.174502 -0.605206 0.776708
vn -0.403600 -0.525600 0.748900
vn -0.375908 -0.736316 0.562612
vn -0.174502 -0.605206 0.776708
vn -0.171800 -0.321199 0.931298
vn -0.452690 -0.171696 0.874981
vn -0.403600 -0.525600 0.748900
vn -0.764427 0.116904 0.634023
vn -0.718407 -0.381304 0.581806
vn -0.403600 -0.525600 0.748900
vn -0.452690 -0.171696 0.874981
vn -0.718407 -0.381304 0.581806
vn -0.567894 -0.639994 0.517595
vn -0.375908 -0.736316 0.562612
vn -0.403600 -0.525600 0.748900
vn -0.171800 -0.321199 0.931298
vn -0.117998 0.195496 0.973580
vn -0.354314 0.382915 0.853134
vn -0.452690 -0.171696 0.874981
vn -0.117998 0.195496 0.973580
vn -0.074301 0.721606 0.688306
vn -0.217499 0.840997 0.495398
vn -0.354314 0.382915 0.853134
vn -0.291789 0.913164 0.284589
vn -0.548605 0.633606 0.545505
vn -0.354314 0.382915 0.853134
vn -0.217499 0.840997 0.495398
vn -0.548605 0.633606 0.545505
vn -0.764427 0.116904 0.634023
vn -0.452690 -0.171696 0.874981
vn -0.354314 0.382915 0.853134
vn 0.479295 -0.404096 0.779091
vn 0.513104 -0.014300 0.858207
vn 0.154396 0.016400 0.987873
vn 0.118300 -0.403500 0.907300
vn 0.513104 -0.014300 0.858207
vn 0.433080 0.383583 0.815663
vn 0.176698 0.541093 0.822190
vn 0.154396 0.016400 0.987873
vn -0.074301 0.721606 0.688306
vn -0.117998 0.195496 0.973580
vn 0.154396 0.016400 0.987873
vn 0.176698 0.541093 0.822190
vn -0.117998 0.195496 0.973580
vn -0.171800 -0.321199 0.931298
vn 0.118300 -0.403500 0.907300
vn 0.154396 0.016400 0.987873
vn -0.795574 -0.481984 0.367088
vn -0.606633 -0.590532 0.532229
vn -0.695387 -0.279895 0.661888
vn -0.890775 -0.243993 0.383389
vn -0.606633 -0.590532 0.532229
vn -0.312499 -0.660197 0.682997
vn -0.414075 -0.336780 0.845649
vn -0.695387 -0.279895 0.661888
vn -0.457696 0.081199 0.885393
vn -0.742304 0.137501 0.655804
vn -0.695387 -0.279895 0.661888
vn -0.414075 -0.336780 0.845649
vn -0.742304 0.137501 0.655804
vn -0.913680 0.195196 0.356492
vn -0.890775 -0.243993 0.383389
vn -0.695387 -0.279895 0.661888
vn -0.913680 0.195196 0.356492
vn -0.742304 0.137501 0.655804
vn -0.617612 0.620613 0.483110
vn -0.716256 0.658360 0.231386
vn -0.742304 0.137501 0.655804
vn -0.457696 0.081199 0.885393
vn -0.431423 0.584331 0.687337
vn -0.617612 0.620613 0.483110
vn -0.334893 0.901082 0.275495
vn -0.422405 0.890111 0.171102
vn -0.617612 0.620613 0.483110
vn -0.431423 0.584331 0.687337
vn -0.422405 0.890111 0.171102
vn -0.491684 0.867372 0.076897
vn -0.716256 0.658360 0.231386
vn -0.617612 0.620613 0.483110
vn -0.457696 0.081199 0.885393
vn -0.085097 0.020399 0.996164
vn -0.148799 0.469698 0.870197
vn -0.431423 0.584331 0.687337
vn -0.085097 0.020399 0.996164
vn 0.375192 -0.011100 0.926881
vn 0.323013 0.448018 0.833633
vn -0.148799 0.469698 0.870197
vn 0.195905 0.799221 0.568215
vn -0.124298 0.873283 0.471091
vn -0.148799 0.469698 0.870197
vn 0.323013 0.448018 0.833633
vn -0.124298 0.873283 0.471091
vn -0.334893 0.901082 0.275495
vn -0.431423 0.584331 0.687337
vn -0.148799 0.469698 0.870197
vn -0.312499 -0.660197 0.682997
vn 0.038501 -0.654810 0.754812
vn -0.066204 -0.337619 0.938952
vn -0.414075 -0.336780 0.845649
vn 0.038501 -0.654810 0.754812
vn 0.341712 -0.598821 0.724325
vn 0.366615 -0.359915 0.857936
vn -0.066204 -0.337619 0.938952
vn 0.375192 -0.011100 0.926881
vn -0.085097 0.020399 0.996164
vn -0.066204 -0.337619 0.938952
vn 0.366615 -0.359915 0.857936
vn -0.085097 0.020399 0.996164
vn -0.457696 0.081199 0.885393
vn -0.414075 -0.336780 0.845649
vn -0.066204 -0.337619 0.938952
vn -0.650808 -0.655908 0.382405
vn -0.443532 -0.692850 0.568541
vn -0.537609 -0.326505 0.777413
vn -0.800487 -0.360394 0.478892
vn -0.443532 -0.692850 0.568541
vn -0.198991 -0.657870 0.726367
vn -0.287788 -0.294888 0.911163
vn -0.537609 -0.326505 0.777413
vn -0.379311 0.111503 0.918526
vn -0.631212 0.103202 0.768714
vn -0.537609 -0.326505 0.777413
vn -0.287788 -0.294888 0.911163
vn -0.631212 0.103202 0.768714
vn -0.866226 0.090903 0.491315
vn -0.800487 -0.360394 0.478892
vn -0.537609 -0.326505 0.777413
vn -0.866226 0.090903 0.491315
vn -0.631212 0.103202 0.768714
vn -0.620401 0.508501 0.597101
vn -0.762390 0.481094 0.432794
vn -0.631212 0.103202 0.768714
vn -0.379311 0.111503 0.918526
vn -0.479123 0.511325 0.713434
vn -0.620401 0.508501 0.597101
vn -0.524705 0.739607 0.421504
vn -0.567398 0.726197 0.388198
vn -0.620401 0.508501 0.597101
vn -0.479123 0.511325 0.713434
vn -0.567398 0.726197 0.388198
vn -0.634395 0.684695 0.358797
vn -0.762390 0.481094 0.432794
vn -0.620401 0.508501 0.597101
vn -0.379311 0.111503 0.918526
vn -0.083099 0.112398 0.990182
vn -0.259994 0.444189 0.857379
vn -0.479123 0.511325 0.713434
vn -0.083099 0.112398 0.990182
vn 0.384782 0.156993 0.909558
vn 0.215991 0.513978 0.830165
vn -0.259994 0.444189 0.857379
vn -0.069002 0.741925 0.666923
vn -0.367805 0.748410 0.551907
vn -0.259994 0.444189 0.857379
vn 0.215991 0.513978 0.830165
vn -0.367805 0.748410 0.551907
vn -0.524705 0.739607 0.421504
vn -0.479123 0.511325 0.713434
vn -0.259994 0.444189 0.857379
vn -0.198991 -0.657870 0.726367
vn 0.080801 -0.581105 0.809807
vn -0.031200 -0.227802 0.973208
vn -0.287788 -0.294888 0.911163
vn 0.080801 -0.581105 0.809807
vn 0.385393 -0.457092 0.801585
vn 0.424611 -0.175404 0.888222
vn -0.031200 -0.227802 0.973208
vn 0.384782 0.156993 0.909558
vn -0.083099 0.112398 0.990182
vn -0.031200 -0.227802 0.973208
vn 0.424611 -0.175404 0.888222
vn -0.083099 0.112398 0.990182
vn -0.379311 0.111503 0.918526
vn -0.287788 -0.294888 0.911163
vn -0.031200 -0.227802 0.973208
vn -0.689176 -0.720775 0.074297
vn -0.545718 -0.826527 0.138004
vn -0.759790 -0.579292 0.295196
vn -0.843832 -0.520720 0.129605
vn -0.545718 -0.826527 0.138004
vn -0.322893 -0.906480 0.272094
vn -0.544104 -0.654704 0.524703
vn -0.759790 -0.579292 0.295196
vn -0.740190 -0.129598 0.659791
vn -0.913590 -0.130299 0.385196
vn -0.759790 -0.579292 0.295196
vn -0.544104 -0.654704 0.524703
vn -0.913590 -0.130299 0.385196
vn -0.966818 -0.153103 0.204504
vn -0.843832 -0.520720 0.129605
vn -0.759790 -0.579292 0.295196
vn -0.966818 -0.153103 0.204504
vn -0.913590 -0.130299 0.385196
vn -0.830911 0.366205 0.418905
vn -0.919360 0.246789 0.306387
vn -0.913590 -0.130299 0.385196
vn -0.740190 -0.129598 0.659791
vn -0.729222 0.443713 0.520916
vn -0.830911 0.366205 0.418905
vn -0.582220 0.694624 0.422514
vn -0.657292 0.618092 0.431195
vn -0.830911 0.366205 0.418905
vn -0.729222 0.443713 0.520916
vn -0.657292 0.618092 0.431195
vn -0.779890 0.482094 0.399195
vn -0.919360 0.246789 0.306387
vn -0.830911 0.366205 0.418905
vn -0.740190 -0.129598 0.659791
vn -0.367805 -0.062301 0.927813
vn -0.545802 0.454402 0.704002
vn -0.729222 0.443713 0.520916
vn -0.367805 -0.062301 0.927813
vn 0.215495 0.142997 0.965978
vn -0.097701 0.627809 0.772211
vn -0.545802 0.454402 0.704002
vn -0.331403 0.808806 0.485804
vn -0.514397 0.729196 0.451297
vn -0.545802 0.454402 0.704002
vn -0.097701 0.627809 0.772211
vn -0.514397 0.729196 0.451297
vn -0.582220 0.694624 0.422514
vn -0.729222 0.443713 0.520916
vn -0.545802 0.454402 0.704002
vn -0.322893 -0.906480 0.272094
vn -0.013400 -0.884207 0.466904
vn -0.216608 -0.587721 0.779528
vn -0.544104 -0.654704 0.524703
vn -0.013400 -0.884207 0.466904
vn 0.306109 -0.757122 0.577117
vn 0.336804 -0.439306 0.832811
vn -0.216608 -0.587721 0.779528
vn 0.215495 0.142997 0.965978
vn -0.367805 -0.062301 0.927813
vn -0.216608 -0.587721 0.779528
vn 0.336804 -0.439306 0.832811
vn -0.367805 -0.062301 0.927813
vn -0.740190 -0.129598 0.659791
vn -0.544104 -0.654704 0.524703
vn -0.216608 -0.587721 0.779528
vn -0.289687 -0.572175 0.767266
vn 0.497599 -0.551999 0.669098
vn 0.387584 -0.831066 0.398884
vn 0.068498 -0.872279 0.484188
vn 0.497599 -0.551999 0.669098
vn 0.810249 -0.527567 0.255284
vn 0.562185 -0.798979 0.213494
vn 0.387584 -0.831066 0.398884
vn 0.153693 -0.981156 0.117095
vn 0.070197 -0.983354 0.167592
vn 0.387584 -0.831066 0.398884
vn 0.562185 -0.798979 0.213494
vn 0.070197 -0.983354 0.167592
vn -0.033300 -0.983503 0.177801
vn 0.068498 -0.872279 0.484188
vn 0.387584 -0.831066 0.398884
vn -0.033300 -0.983503 0.177801
vn 0.070197 -0.983354 0.167592
vn -0.377990 -0.925074 0.036899
vn -0.309101 -0.950904 0.015400
vn 0.070197 -0.983354 0.167592
vn 0.153693 -0.981156 0.117095
vn -0.381286 -0.922965 0.052498
vn -0.377990 -0.925074 0.036899
vn -0.797200 -0.603300 0.022400
vn -0.782212 -0.623010 -0.001700
vn -0.377990 -0.925074 0.036899
vn -0.381286 -0.922965 0.052498
vn -0.782212 -0.623010 -0.001700
vn -0.708914 -0.703714 -0.047201
vn -0.309101 -0.950904 0.015400
vn -0.377990 -0.925074 0.036899
vn 0.153693 -0.981156 0.117095
vn 0.199605 -0.977823 0.063402
vn -0.361200 -0.931200 0.049000
vn -0.381286 -0.922965 0.052498
vn 0.199605 -0.977823 0.063402
vn 0.219599 -0.974998 0.034000
vn -0.326704 -0.944012 0.045901
vn -0.361200 -0.931200 0.049000
vn -0.759646 -0.649539 0.032202
vn -0.787713 -0.615210 0.032001
vn -0.361200 -0.931200 0.049000
vn -0.326704 -0.944012 0.045901
vn -0.787713 -0.615210 0.032001
vn -0.797200 -0.603300 0.022400
vn -0.381286 -0.922965 0.052498
vn -0.361200 -0.931200 0.049000
vn 0.810249 -0.527567 0.255284
vn 0.859103 -0.508402 0.058900
vn 0.625603 -0.777004 0.069900
vn 0.562185 -0.798979 0.213494
vn 0.859103 -0.508402 0.058900
vn 0.863771 -0.503283 -0.024599
vn 0.635560 -0.772051 -0.000500
vn 0.625603 -0.777004 0.069900
vn 0.219599 -0.974998 0.034000
vn 0.199605 -0.977823 0.063402
vn 0.625603 -0.777004 0.069900
vn 0.635560 -0.772051 -0.000500
vn 0.199605 -0.977823 0.063402
vn 0.153693 -0.981156 0.117095
vn 0.562185 -0.798979 0.213494
vn 0.625603 -0.777004 0.069900
vn -0.708914 -0.703714 -0.047201
vn -0.782212 -0.623010 -0.001700
vn -0.955684 -0.294395 0.000900
vn -0.943970 -0.328990 -0.026199
vn -0.782212 -0.623010 -0.001700
vn -0.797200 -0.603300 0.022400
vn -0.964077 -0.264894 0.019700
vn -0.955684 -0.294395 0.000900
vn -0.997084 -0.050399 0.057299
vn -0.993475 -0.106197 0.041599
vn -0.955684 -0.294395 0.000900
vn -0.964077 -0.264894 0.019700
vn -0.993475 -0.106197 0.041599
vn -0.990087 -0.140398 0.003900
vn -0.943970 -0.328990 -0.026199
vn -0.955684 -0.294395 0.000900
vn -0.990087 -0.140398 0.003900
vn -0.993475 -0.106197 0.041599
vn -0.991838 0.039902 0.121105
vn -0.999076 0.005000 0.042699
vn -0.993475 -0.106197 0.041599
vn -0.997084 -0.050399 0.057299
vn -0.984390 0.111599 0.136099
vn -0.991838 0.039902 0.121105
vn -0.929066 0.285190 0.235591
vn -0.946542 0.230586 0.225586
vn -0.991838 0.039902 0.121105
vn -0.984390 0.111599 0.136099
vn -0.946542 0.230586 0.225586
vn -0.968868 0.220493 0.112596
vn -0.999076 0.005000 0.042699
vn -0.991838 0.039902 0.121105
vn -0.997084 -0.050399 0.057299
vn -0.998257 -0.034898 0.047598
vn -0.984796 0.148399 0.090300
vn -0.984390 0.111599 0.136099
vn -0.998257 -0.034898 0.047598
vn -0.998282 -0.050799 0.029199
vn -0.987573 0.148896 0.050299
vn -0.984796 0.148399 0.090300
vn -0.922088 0.372995 0.103099
vn -0.925893 0.341997 0.160499
vn -0.984796 0.148399 0.090300
vn -0.987573 0.148896 0.050299
vn -0.925893 0.341997 0.160499
vn -0.929066 0.285190 0.235591
vn -0.984390 0.111599 0.136099
vn -0.984796 0.148399 0.090300
vn -0.797200 -0.603300 0.022400
vn -0.787713 -0.615210 0.032001
vn -0.962594 -0.269598 0.027000
vn -0.964077 -0.264894 0.019700
vn -0.787713 -0.615210 0.032001
vn -0.759646 -0.649539 0.032202
vn -0.953715 -0.300005 0.020600
vn -0.962594 -0.269598 0.027000
vn -0.998282 -0.050799 0.029199
vn -0.998257 -0.034898 0.047598
vn -0.962594 -0.269598 0.027000
vn -0.953715 -0.300005 0.020600
vn -0.998257 -0.034898 0.047598
vn -0.997084 -0.050399 0.057299
vn -0.964077 -0.264894 0.019700
vn -0.962594 -0.269598 0.027000
vn -0.968868 0.220493 0.112596
vn -0.946542 0.230586 0.225586
vn -0.830843 0.453523 0.322517
vn -0.856826 0.474514 0.201706
vn -0.946542 0.230586 0.225586
vn -0.929066 0.285190 0.235591
vn -0.807150 0.484830 0.336821
vn -0.830843 0.453523 0.322517
vn -0.558423 0.695328 0.452418
vn -0.624383 0.658282 0.420489
vn -0.830843 0.453523 0.322517
vn -0.807150 0.484830 0.336821
vn -0.624383 0.658282 0.420489
vn -0.665284 0.685883 0.294893
vn -0.856826 0.474514 0.201706
vn -0.830843 0.453523 0.322517
vn -0.665284 0.685883 0.294893
vn -0.624383 0.658282 0.420489
vn -0.247695 0.787185 0.564789
vn -0.489186 0.781078 0.388089
vn -0.624383 0.658282 0.420489
vn -0.558423 0.695328 0.452418
vn -0.111200 0.803301 0.585100
vn -0.247695 0.787185 0.564789
vn 0.497365 0.645554 0.579559
vn 0.192005 0.560313 0.805719
vn -0.247695 0.787185 0.564789
vn -0.111200 0.803301 0.585100
vn 0.192005 0.560313 0.805719
vn -0.660328 0.563324 0.496621
vn -0.489186 0.781078 0.388089
vn -0.247695 0.787185 0.564789
vn -0.558423 0.695328 0.452418
vn -0.505418 0.765127 0.398914
vn -0.006100 0.871306 0.490703
vn -0.111200 0.803301 0.585100
vn -0.505418 0.765127 0.398914
vn -0.481314 0.805623 0.345410
vn 0.012300 0.914228 0.405013
vn -0.006100 0.871306 0.490703
vn 0.585099 0.732499 0.348000
vn 0.578602 0.689102 0.436301
vn -0.006100 0.871306 0.490703
vn 0.012300 0.914228 0.405013
vn 0.578602 0.689102 0.436301
vn 0.497365 0.645554 0.579559
vn -0.111200 0.803301 0.585100
vn -0.006100 0.871306 0.490703
vn -0.929066 0.285190 0.235591
vn -0.925893 0.341997 0.160499
vn -0.789584 0.551689 0.268695
vn -0.807150 0.484830 0.336821
vn -0.925893 0.341997 0.160499
vn -0.922088 0.372995 0.103099
vn -0.768005 0.602704 0.216601
vn -0.789584 0.551689 0.268695
vn -0.481314 0.805623 0.345410
vn -0.505418 0.765127 0.398914
vn -0.789584 0.551689 0.268695
vn -0.768005 0.602704 0.216601
vn -0.505418 0.765127 0.398914
vn -0.558423 0.695328 0.452418
vn -0.807150 0.484830 0.336821
vn -0.789584 0.551689 0.268695
vn -0.660328 0.563324 0.496621
vn 0.192005 0.560313 0.805719
vn 0.749810 0.266504 0.605608
vn -0.569713 0.204405 0.796019
vn 0.192005 0.560313 0.805719
vn 0.497365 0.645554 0.579559
vn 0.899188 0.299396 0.319096
vn 0.749810 0.266504 0.605608
vn 0.989518 0.017000 0.143403
vn 0.924724 0.004600 0.380610
vn 0.749810 0.266504 0.605608
vn 0.899188 0.299396 0.319096
vn 0.924724 0.004600 0.380610
vn -0.239991 -0.034499 0.970162
vn -0.569713 0.204405 0.796019
vn 0.749810 0.266504 0.605608
vn -0.239991 -0.034499 0.970162
vn 0.924724 0.004600 0.380610
vn 0.779208 -0.265603 0.567706
vn -0.258101 -0.263801 0.929405
vn 0.924724 0.004600 0.380610
vn 0.989518 0.017000 0.143403
vn 0.951338 -0.244610 0.187408
vn 0.779208 -0.265603 0.567706
vn 0.810249 -0.527567 0.255284
vn 0.497599 -0.551999 0.669098
vn 0.779208 -0.265603 0.567706
vn 0.951338 -0.244610 0.187408
vn 0.497599 -0.551999 0.669098
vn -0.289687 -0.572175 0.767266
vn -0.258101 -0.263801 0.929405
vn 0.779208 -0.265603 0.567706
vn 0.989518 0.017000 0.143403
vn 0.995809 0.027900 0.087101
vn 0.969277 -0.242394 0.041799
vn 0.951338 -0.244610 0.187408
vn 0.995809 0.027900 0.087101
vn 0.997015 0.052301 0.056801
vn 0.972017 -0.234304 -0.016900
vn 0.969277 -0.242394 0.041799
vn 0.863771 -0.503283 -0.024599
vn 0.859103 -0.508402 0.058900
vn 0.969277 -0.242394 0.041799
vn 0.972017 -0.234304 -0.016900
vn 0.859103 -0.508402 0.058900
vn 0.810249 -0.527567 0.255284
vn 0.951338 -0.244610 0.187408
vn 0.969277 -0.242394 0.041799
vn 0.497365 0.645554 0.579559
vn 0.578602 0.689102 0.436301
vn 0.910361 0.335685 0.241990
vn 0.899188 0.299396 0.319096
vn 0.578602 0.689102 0.436301
vn 0.585099 0.732499 0.348000
vn 0.904807 0.375503 0.200802
vn 0.910361 0.335685 0.241990
vn 0.997015 0.052301 0.056801
vn 0.995809 0.027900 0.087101
vn 0.910361 0.335685 0.241990
vn 0.904807 0.375503 0.200802
vn 0.995809 0.027900 0.087101
vn 0.989518 0.017000 0.143403
vn 0.899188 0.299396 0.319096
vn 0.910361 0.335685 0.241990
vn 0.732810 -0.668609 0.126302
vn 0.738841 -0.658137 0.144808
vn 0.460204 -0.880307 0.115201
vn 0.455308 -0.885315 0.094402
vn 0.738841 -0.658137 0.144808
vn 0.739395 -0.657495 0.144899
vn 0.464899 -0.878098 0.113200
vn 0.460204 -0.880307 0.115201
vn 0.161401 -0.983608 0.080401
vn 0.170000 -0.980902 0.094500
vn 0.460204 -0.880307 0.115201
vn 0.464899 -0.878098 0.113200
vn 0.170000 -0.980902 0.094500
vn 0.185097 -0.979285 0.082099
vn 0.455308 -0.885315 0.094402
vn 0.460204 -0.880307 0.115201
vn 0.185097 -0.979285 0.082099
vn 0.170000 -0.980902 0.094500
vn -0.150701 -0.982007 0.113801
vn -0.023000 -0.994405 0.103101
vn 0.170000 -0.980902 0.094500
vn 0.161401 -0.983608 0.080401
vn -0.186705 -0.979425 0.076602
vn -0.150701 -0.982007 0.113801
vn -0.625984 -0.773780 0.096998
vn -0.509391 -0.811585 0.286095
vn -0.150701 -0.982007 0.113801
vn -0.186705 -0.979425 0.076602
vn -0.509391 -0.811585 0.286095
vn 0.037600 -0.964307 0.262102
vn -0.023000 -0.994405 0.103101
vn -0.150701 -0.982007 0.113801
vn 0.161401 -0.983608 0.080401
vn 0.163897 -0.985583 0.041999
vn -0.200805 -0.979622 0.004200
vn -0.186705 -0.979425 0.076602
vn 0.163897 -0.985583 0.041999
vn 0.164995 -0.986272 -0.006700
vn -0.202907 -0.977832 -0.051702
vn -0.200805 -0.979622 0.004200
vn -0.658382 -0.746979 -0.092497
vn -0.652565 -0.757259 -0.026799
vn -0.200805 -0.979622 0.004200
vn -0.202907 -0.977832 -0.051702
vn -0.652565 -0.757259 -0.026799
vn -0.625984 -0.773780 0.096998
vn -0.186705 -0.979425 0.076602
vn -0.200805 -0.979622 0.004200
vn 0.739395 -0.657495 0.144899
vn 0.736368 -0.665271 0.123195
vn 0.470718 -0.878033 0.086503
vn 0.464899 -0.878098 0.113200
vn 0.736368 -0.665271 0.123195
vn 0.725930 -0.683029 0.080603
vn 0.469701 -0.881901 0.040400
vn 0.470718 -0.878033 0.086503
vn 0.164995 -0.986272 -0.006700
vn 0.163897 -0.985583 0.041999
vn 0.470718 -0.878033 0.086503
vn 0.469701 -0.881901 0.040400
vn 0.163897 -0.985583 0.041999
vn 0.161401 -0.983608 0.080401
vn 0.464899 -0.878098 0.113200
vn 0.470718 -0.878033 0.086503
vn 0.037600 -0.964307 0.262102
vn -0.509391 -0.811585 0.286095
vn -0.884610 -0.394604 0.248503
vn 0.090398 -0.745286 0.660588
vn -0.509391 -0.811585 0.286095
vn -0.625984 -0.773780 0.096998
vn -0.941820 -0.330007 0.063801
vn -0.884610 -0.394604 0.248503
vn -0.997227 0.042201 0.061302
vn -0.977813 -0.042601 0.205103
vn -0.884610 -0.394604 0.248503
vn -0.941820 -0.330007 0.063801
vn -0.977813 -0.042601 0.205103
vn 0.059198 -0.198195 0.978373
vn 0.090398 -0.745286 0.660588
vn -0.884610 -0.394604 0.248503
vn 0.059198 -0.198195 0.978373
vn -0.977813 -0.042601 0.205103
vn -0.890295 0.208599 0.404798
vn -0.180502 0.402805 0.897311
vn -0.977813 -0.042601 0.205103
vn -0.997227 0.042201 0.061302
vn -0.937112 0.293104 0.189502
vn -0.890295 0.208599 0.404798
vn -0.778860 0.562771 0.276886
vn -0.710403 0.495102 0.500202
vn -0.890295 0.208599 0.404798
vn -0.937112 0.293104 0.189502
vn -0.710403 0.495102 0.500202
vn -0.292089 0.714473 0.635776
vn -0.180502 0.402805 0.897311
vn -0.890295 0.208599 0.404798
vn -0.997227 0.042201 0.061302
vn -0.996647 0.078404 -0.023401
vn -0.936023 0.350709 0.029401
vn -0.937112 0.293104 0.189502
vn -0.996647 0.078404 -0.023401
vn -0.993183 0.087599 -0.076899
vn -0.932115 0.361906 -0.013600
vn -0.936023 0.350709 0.029401
vn -0.766096 0.628496 0.134499
vn -0.781120 0.614216 0.112203
vn -0.936023 0.350709 0.029401
vn -0.932115 0.361906 -0.013600
vn -0.781120 0.614216 0.112203
vn -0.778860 0.562771 0.276886
vn -0.937112 0.293104 0.189502
vn -0.936023 0.350709 0.029401
vn -0.625984 -0.773780 0.096998
vn -0.652565 -0.757259 -0.026799
vn -0.950658 -0.307386 -0.041998
vn -0.941820 -0.330007 0.063801
vn -0.652565 -0.757259 -0.026799
vn -0.658382 -0.746979 -0.092497
vn -0.950421 -0.294106 -0.101002
vn -0.950658 -0.307386 -0.041998
vn -0.993183 0.087599 -0.076899
vn -0.996647 0.078404 -0.023401
vn -0.950658 -0.307386 -0.041998
vn -0.950421 -0.294106 -0.101002
vn -0.996647 0.078404 -0.023401
vn -0.997227 0.042201 0.061302
vn -0.941820 -0.330007 0.063801
vn -0.950658 -0.307386 -0.041998
vn -0.292089 0.714473 0.635776
vn -0.710403 0.495102 0.500202
vn -0.450905 0.782109 0.430105
vn -0.381485 0.808068 0.448882
vn -0.710403 0.495102 0.500202
vn -0.778860 0.562771 0.276886
vn -0.443507 0.835113 0.325405
vn -0.450905 0.782109 0.430105
vn 0.083695 0.934649 0.345581
vn 0.045198 0.910658 0.410681
vn -0.450905 0.782109 0.430105
vn -0.443507 0.835113 0.325405
vn 0.045198 0.910658 0.410681
vn 0.024200 0.907802 0.418701
vn -0.381485 0.808068 0.448882
vn -0.450905 0.782109 0.430105
vn 0.024200 0.907802 0.418701
vn 0.045198 0.910658 0.410681
vn 0.494789 0.797382 0.345492
vn 0.464624 0.818042 0.339017
vn 0.045198 0.910658 0.410681
vn 0.083695 0.934649 0.345581
vn 0.517686 0.795278 0.315491
vn 0.494789 0.797382 0.345492
vn 0.753767 0.597574 0.273388
vn 0.755205 0.585203 0.295302
vn 0.494789 0.797382 0.345492
vn 0.517686 0.795278 0.315491
vn 0.755205 0.585203 0.295302
vn 0.761776 0.586581 0.274991
vn 0.464624 0.818042 0.339017
vn 0.494789 0.797382 0.345492
vn 0.083695 0.934649 0.345581
vn 0.108402 0.951018 0.289506
vn 0.535795 0.798792 0.273597
vn 0.517686 0.795278 0.315491
vn 0.108402 0.951018 0.289506
vn 0.115602 0.928414 0.353105
vn 0.530310 0.799315 0.282605
vn 0.535795 0.798792 0.273597
vn 0.751327 0.626523 0.207308
vn 0.754407 0.612706 0.235502
vn 0.535795 0.798792 0.273597
vn 0.530310 0.799315 0.282605
vn 0.754407 0.612706 0.235502
vn 0.753767 0.597574 0.273388
vn 0.517686 0.795278 0.315491
vn 0.535795 0.798792 0.273597
vn -0.778860 0.562771 0.276886
vn -0.781120 0.614216 0.112203
vn -0.431380 0.873459 0.225789
vn -0.443507 0.835113 0.325405
vn -0.781120 0.614216 0.112203
vn -0.766096 0.628496 0.134499
vn -0.402086 0.863171 0.305390
vn -0.431380 0.873459 0.225789
vn 0.115602 0.928414 0.353105
vn 0.108402 0.951018 0.289506
vn -0.431380 0.873459 0.225789
vn -0.402086 0.863171 0.305390
vn 0.108402 0.951018 0.289506
vn 0.083695 0.934649 0.345581
vn -0.443507 0.835113 0.325405
vn -0.431380 0.873459 0.225789
vn 0.761776 0.586581 0.274991
vn 0.755205 0.585203 0.295302
vn 0.918763 0.331787 0.213991
vn 0.934470 0.286791 0.210993
vn 0.755205 0.585203 0.295302
vn 0.753767 0.597574 0.273388
vn 0.912327 0.355310 0.203506
vn 0.918763 0.331787 0.213991
vn 0.987190 0.027300 0.157198
vn 0.985394 0.022500 0.168799
vn 0.918763 0.331787 0.213991
vn 0.912327 0.355310 0.203506
vn 0.985394 0.022500 0.168799
vn 0.984617 -0.002800 0.174703
vn 0.934470 0.286791 0.210993
vn 0.918763 0.331787 0.213991
vn 0.984617 -0.002800 0.174703
vn 0.985394 0.022500 0.168799
vn 0.930910 -0.327703 0.161302
vn 0.928398 -0.339299 0.151500
vn 0.985394 0.022500 0.168799
vn 0.987190 0.027300 0.157198
vn 0.928965 -0.335787 0.155794
vn 0.930910 -0.327703 0.161302
vn 0.739395 -0.657495 0.144899
vn 0.738841 -0.658137 0.144808
vn 0.930910 -0.327703 0.161302
vn 0.928965 -0.335787 0.155794
vn 0.738841 -0.658137 0.144808
vn 0.732810 -0.668609 0.126302
vn 0.928398 -0.339299 0.151500
vn 0.930910 -0.327703 0.161302
vn 0.987190 0.027300 0.157198
vn 0.990323 0.018800 0.137503
vn 0.924605 -0.357102 0.132601
vn 0.928965 -0.335787 0.155794
vn 0.990323 0.018800 0.137503
vn 0.994035 -0.010000 0.108604
vn 0.914837 -0.393016 0.092804
vn 0.924605 -0.357102 0.132601
vn 0.725930 -0.683029 0.080603
vn 0.736368 -0.665271 0.123195
vn 0.924605 -0.357102 0.132601
vn 0.914837 -0.393016 0.092804
vn 0.736368 -0.665271 0.123195
vn 0.739395 -0.657495 0.144899
vn 0.928965 -0.335787 0.155794
vn 0.924605 -0.357102 0.132601
vn 0.753767 0.597574 0.273388
vn 0.754407 0.612706 0.235502
vn 0.910448 0.373179 0.178390
vn 0.912327 0.355310 0.203506
vn 0.754407 0.612706 0.235502
vn 0.751327 0.626523 0.207308
vn 0.915501 0.372700 0.151500
vn 0.910448 0.373179 0.178390
vn 0.994035 -0.010000 0.108604
vn 0.990323 0.018800 0.137503
vn 0.910448 0.373179 0.178390
vn 0.915501 0.372700 0.151500
vn 0.990323 0.018800 0.137503
vn 0.987190 0.027300 0.157198
vn 0.912327 0.355310 0.203506
vn 0.910448 0.373179 0.178390
vn -0.249999 -0.833398 0.492899
vn -0.820501 -0.382300 0.425000
vn -0.957779 -0.145797 0.247795
vn -0.207007 -0.461915 0.862428
vn -0.820501 -0.382300 0.425000
vn -0.876891 -0.445595 0.180298
vn -0.974270 -0.216193 0.063698
vn -0.957779 -0.145797 0.247795
vn -0.996430 -0.070002 -0.047201
vn -0.997051 -0.061197 0.046298
vn -0.957779 -0.145797 0.247795
vn -0.974270 -0.216193 0.063698
vn -0.997051 -0.061197 0.046298
vn -0.127695 -0.132195 0.982964
vn -0.207007 -0.461915 0.862428
vn -0.957779 -0.145797 0.247795
vn -0.127695 -0.132195 0.982964
vn -0.997051 -0.061197 0.046298
vn -0.994327 -0.035401 0.100303
vn -0.308995 0.239996 0.920285
vn -0.997051 -0.061197 0.046298
vn -0.996430 -0.070002 -0.047201
vn -0.998910 0.032900 0.033100
vn -0.994327 -0.035401 0.100303
vn -0.949127 0.254307 0.185705
vn -0.948043 0.158907 0.275613
vn -0.994327 -0.035401 0.100303
vn -0.998910 0.032900 0.033100
vn -0.948043 0.158907 0.275613
vn -0.566466 0.593465 0.571766
vn -0.308995 0.239996 0.920285
vn -0.994327 -0.035401 0.100303
vn -0.996430 -0.070002 -0.047201
vn -0.994022 -0.063101 -0.089102
vn -0.993990 0.109299 0.006200
vn -0.998910 0.032900 0.033100
vn -0.994022 -0.063101 -0.089102
vn -0.994602 -0.075100 -0.071600
vn -0.988511 0.151102 0.003900
vn -0.993990 0.109299 0.006200
vn -0.906124 0.409411 0.106403
vn -0.930208 0.336003 0.147701
vn -0.993990 0.109299 0.006200
vn -0.988511 0.151102 0.003900
vn -0.930208 0.336003 0.147701
vn -0.949127 0.254307 0.185705
vn -0.998910 0.032900 0.033100
vn -0.993990 0.109299 0.006200
vn -0.876891 -0.445595 0.180298
vn -0.847684 -0.530390 -0.010900
vn -0.958683 -0.275395 -0.071299
vn -0.974270 -0.216193 0.063698
vn -0.847684 -0.530390 -0.010900
vn -0.804490 -0.587693 -0.086099
vn -0.942928 -0.319009 -0.095503
vn -0.958683 -0.275395 -0.071299
vn -0.994602 -0.075100 -0.071600
vn -0.994022 -0.063101 -0.089102
vn -0.958683 -0.275395 -0.071299
vn -0.942928 -0.319009 -0.095503
vn -0.994022 -0.063101 -0.089102
vn -0.996430 -0.070002 -0.047201
vn -0.974270 -0.216193 0.063698
vn -0.958683 -0.275395 -0.071299
vn -0.566466 0.593465 0.571766
vn -0.948043 0.158907 0.275613
vn -0.762534 0.541624 0.353816
vn -0.695817 0.616115 0.369109
vn -0.948043 0.158907 0.275613
vn -0.949127 0.254307 0.185705
vn -0.735511 0.587809 0.336905
vn -0.762534 0.541624 0.353816
vn -0.294281 0.847645 0.441471
vn -0.368692 0.803384 0.467590
vn -0.762534 0.541624 0.353816
vn -0.735511 0.587809 0.336905
vn -0.368692 0.803384 0.467590
vn -0.407888 0.798976 0.441887
vn -0.695817 0.616115 0.369109
vn -0.762534 0.541624 0.353816
vn -0.407888 0.798976 0.441887
vn -0.368692 0.803384 0.467590
vn 0.118906 0.844043 0.522927
vn -0.114401 0.855207 0.505504
vn -0.368692 0.803384 0.467590
vn -0.294281 0.847645 0.441471
vn 0.240905 0.859917 0.450009
vn 0.118906 0.844043 0.522927
vn 0.678737 0.642035 0.356520
vn 0.481532 0.609241 0.630042
vn 0.118906 0.844043 0.522927
vn 0.240905 0.859917 0.450009
vn 0.481532 0.609241 0.630042
vn -0.414385 0.652377 0.634578
vn -0.114401 0.855207 0.505504
vn 0.118906 0.844043 0.522927
vn -0.294281 0.847645 0.441471
vn -0.248403 0.898309 0.362404
vn 0.296792 0.897577 0.325992
vn 0.240905 0.859917 0.450009
vn -0.248403 0.898309 0.362404
vn -0.216506 0.941325 0.258907
vn 0.292111 0.928537 0.229109
vn 0.296792 0.897577 0.325992
vn 0.686318 0.711219 0.152104
vn 0.700577 0.681577 0.211293
vn 0.296792 0.897577 0.325992
vn 0.292111 0.928537 0.229109
vn 0.700577 0.681577 0.211293
vn 0.678737 0.642035 0.356520
vn 0.240905 0.859917 0.450009
vn 0.296792 0.897577 0.325992
vn -0.949127 0.254307 0.185705
vn -0.930208 0.336003 0.147701
vn -0.706023 0.648921 0.283609
vn -0.735511 0.587809 0.336905
vn -0.930208 0.336003 0.147701
vn -0.906124 0.409411 0.106403
vn -0.666039 0.716442 0.207612
vn -0.706023 0.648921 0.283609
vn -0.216506 0.941325 0.258907
vn -0.248403 0.898309 0.362404
vn -0.706023 0.648921 0.283609
vn -0.666039 0.716442 0.207612
vn -0.248403 0.898309 0.362404
vn -0.294281 0.847645 0.441471
vn -0.735511 0.587809 0.336905
vn -0.706023 0.648921 0.283609
vn -0.414385 0.652377 0.634578
vn 0.481532 0.609241 0.630042
vn 0.878830 0.271709 0.392213
vn -0.238892 0.284390 0.928468
vn 0.481532 0.609241 0.630042
vn 0.678737 0.642035 0.356520
vn 0.921198 0.346299 0.177400
vn 0.878830 0.271709 0.392213
vn 0.995692 0.086799 0.032600
vn 0.991117 0.036801 0.127802
vn 0.878830 0.271709 0.392213
vn 0.921198 0.346299 0.177400
vn 0.991117 0.036801 0.127802
vn -0.033901 -0.245007 0.968928
vn -0.238892 0.284390 0.928468
vn 0.878830 0.271709 0.392213
vn -0.033901 -0.245007 0.968928
vn 0.991117 0.036801 0.127802
vn 0.924455 -0.300585 0.234589
vn -0.160002 -0.675908 0.719408
vn 0.991117 0.036801 0.127802
vn 0.995692 0.086799 0.032600
vn 0.977028 -0.212306 0.018501
vn 0.924455 -0.300585 0.234589
vn 0.802716 -0.595112 0.038601
vn 0.584990 -0.748087 0.313294
vn 0.924455 -0.300585 0.234589
vn 0.977028 -0.212306 0.018501
vn 0.584990 -0.748087 0.313294
vn -0.205305 -0.923122 0.325108
vn -0.160002 -0.675908 0.719408
vn 0.924455 -0.300585 0.234589
vn 0.995692 0.086799 0.032600
vn 0.994337 0.105304 0.014301
vn 0.980422 -0.193304 -0.037501
vn 0.977028 -0.212306 0.018501
vn 0.994337 0.105304 0.014301
vn 0.993581 0.111898 0.016600
vn 0.982367 -0.182094 -0.042399
vn 0.980422 -0.193304 -0.037501
vn 0.853934 -0.512920 -0.087803
vn 0.847448 -0.526468 -0.068296
vn 0.980422 -0.193304 -0.037501
vn 0.982367 -0.182094 -0.042399
vn 0.847448 -0.526468 -0.068296
vn 0.802716 -0.595112 0.038601
vn 0.977028 -0.212306 0.018501
vn 0.980422 -0.193304 -0.037501
vn 0.678737 0.642035 0.356520
vn 0.700577 0.681577 0.211293
vn 0.912871 0.396287 0.098097
vn 0.921198 0.346299 0.177400
vn 0.700577 0.681577 0.211293
vn 0.686318 0.711219 0.152104
vn 0.908602 0.410201 0.078600
vn 0.912871 0.396287 0.098097
vn 0.993581 0.111898 0.016600
vn 0.994337 0.105304 0.014301
vn 0.912871 0.396287 0.098097
vn 0.908602 0.410201 0.078600
vn 0.994337 0.105304 0.014301
vn 0.995692 0.086799 0.032600
vn 0.921198 0.346299 0.177400
vn 0.912871 0.396287 0.098097
vn -0.205305 -0.923122 0.325108
vn 0.584990 -0.748087 0.313294
vn 0.345913 -0.934535 0.083603
vn 0.126903 -0.986922 0.099402
vn 0.584990 -0.748087 0.313294
vn 0.802716 -0.595112 0.038601
vn 0.449912 -0.893024 0.009400
vn 0.345913 -0.934535 0.083603
vn -0.066701 -0.997413 0.026800
vn -0.106295 -0.988254 0.109795
vn 0.345913 -0.934535 0.083603
vn 0.449912 -0.893024 0.009400
vn -0.106295 -0.988254 0.109795
vn -0.087504 -0.989745 0.112905
vn 0.126903 -0.986922 0.099402
vn 0.345913 -0.934535 0.083603
vn -0.087504 -0.989745 0.112905
vn -0.106295 -0.988254 0.109795
vn -0.589221 -0.765027 0.259909
vn -0.375890 -0.897076 0.232294
vn -0.106295 -0.988254 0.109795
vn -0.066701 -0.997413 0.026800
vn -0.618832 -0.771740 0.146508
vn -0.589221 -0.765027 0.259909
vn -0.876891 -0.445595 0.180298
vn -0.820501 -0.382300 0.425000
vn -0.589221 -0.765027 0.259909
vn -0.618832 -0.771740 0.146508
vn -0.820501 -0.382300 0.425000
vn -0.249999 -0.833398 0.492899
vn -0.375890 -0.897076 0.232294
vn -0.589221 -0.765027 0.259909
vn -0.066701 -0.997413 0.026800
vn 0.005200 -0.997109 -0.075801
vn -0.557418 -0.830026 -0.018501
vn -0.618832 -0.771740 0.146508
vn 0.005200 -0.997109 -0.075801
vn 0.039600 -0.992998 -0.111300
vn -0.493511 -0.865018 -0.090502
vn -0.557418 -0.830026 -0.018501
vn -0.804490 -0.587693 -0.086099
vn -0.847684 -0.530390 -0.010900
vn -0.557418 -0.830026 -0.018501
vn -0.493511 -0.865018 -0.090502
vn -0.847684 -0.530390 -0.010900
vn -0.876891 -0.445595 0.180298
vn -0.618832 -0.771740 0.146508
vn -0.557418 -0.830026 -0.018501
vn 0.802716 -0.595112 0.038601
vn 0.847448 -0.526468 -0.068296
vn 0.533607 -0.841111 -0.088301
vn 0.449912 -0.893024 0.009400
vn 0.847448 -0.526468 -0.068296
vn 0.853934 -0.512920 -0.087803
vn 0.546675 -0.829862 -0.111695
vn 0.533607 -0.841111 -0.088301
vn 0.039600 -0.992998 -0.111300
vn 0.005200 -0.997109 -0.075801
vn 0.533607 -0.841111 -0.088301
vn 0.546675 -0.829862 -0.111695
vn 0.005200 -0.997109 -0.075801
vn -0.066701 -0.997413 0.026800
vn 0.449912 -0.893024 0.009400
vn 0.533607 -0.841111 -0.088301
vn 0.863771 -0.503283 -0.024599
vn 0.857423 -0.511114 -0.059902
vn 0.621386 -0.782982 -0.028599
vn 0.635560 -0.772051 -0.000500
vn 0.857423 -0.511114 -0.059902
vn 0.843774 -0.529683 -0.086497
vn 0.592076 -0.804568 -0.045998
vn 0.621386 -0.782982 -0.028599
vn 0.202290 -0.979253 0.011899
vn 0.217996 -0.975681 0.022900
vn 0.621386 -0.782982 -0.028599
vn 0.592076 -0.804568 -0.045998
vn 0.217996 -0.975681 0.022900
vn 0.219599 -0.974998 0.034000
vn 0.635560 -0.772051 -0.000500
vn 0.621386 -0.782982 -0.028599
vn 0.219599 -0.974998 0.034000
vn 0.217996 -0.975681 0.022900
vn -0.293500 -0.955000 0.042800
vn -0.326704 -0.944012 0.045901
vn 0.217996 -0.975681 0.022900
vn 0.202290 -0.979253 0.011899
vn -0.266010 -0.963335 0.035001
vn -0.293500 -0.955000 0.042800
vn -0.683428 -0.729730 0.020501
vn -0.722635 -0.690733 0.026201
vn -0.293500 -0.955000 0.042800
vn -0.266010 -0.963335 0.035001
vn -0.722635 -0.690733 0.026201
vn -0.759646 -0.649539 0.032202
vn -0.326704 -0.944012 0.045901
vn -0.293500 -0.955000 0.042800
vn 0.202290 -0.979253 0.011899
vn 0.174992 -0.984454 -0.015099
vn -0.252402 -0.967606 0.005700
vn -0.266010 -0.963335 0.035001
vn 0.174992 -0.984454 -0.015099
vn 0.155794 -0.985460 -0.067797
vn -0.237097 -0.969888 -0.055699
vn -0.252402 -0.967606 0.005700
vn -0.632276 -0.773470 -0.044398
vn -0.656299 -0.754499 0.001400
vn -0.252402 -0.967606 0.005700
vn -0.237097 -0.969888 -0.055699
vn -0.656299 -0.754499 0.001400
vn -0.683428 -0.729730 0.020501
vn -0.266010 -0.963335 0.035001
vn -0.252402 -0.967606 0.005700
vn 0.843774 -0.529683 -0.086497
vn 0.816477 -0.568984 -0.098097
vn 0.547092 -0.834788 -0.061799
vn 0.592076 -0.804568 -0.045998
vn 0.816477 -0.568984 -0.098097
vn 0.783001 -0.615401 -0.090500
vn 0.504000 -0.859600 -0.084100
vn 0.547092 -0.834788 -0.061799
vn 0.155794 -0.985460 -0.067797
vn 0.174992 -0.984454 -0.015099
vn 0.547092 -0.834788 -0.061799
vn 0.504000 -0.859600 -0.084100
vn 0.174992 -0.984454 -0.015099
vn 0.202290 -0.979253 0.011899
vn 0.592076 -0.804568 -0.045998
vn 0.547092 -0.834788 -0.061799
vn -0.759646 -0.649539 0.032202
vn -0.722635 -0.690733 0.026201
vn -0.939777 -0.341692 0.008100
vn -0.953715 -0.300005 0.020600
vn -0.722635 -0.690733 0.026201
vn -0.683428 -0.729730 0.020501
vn -0.923372 -0.383888 0.003800
vn -0.939777 -0.341692 0.008100
vn -0.994980 -0.098598 0.017100
vn -0.996981 -0.076299 0.014400
vn -0.939777 -0.341692 0.008100
vn -0.923372 -0.383888 0.003800
vn -0.996981 -0.076299 0.014400
vn -0.998282 -0.050799 0.029199
vn -0.953715 -0.300005 0.020600
vn -0.939777 -0.341692 0.008100
vn -0.998282 -0.050799 0.029199
vn -0.996981 -0.076299 0.014400
vn -0.990038 0.135605 0.037901
vn -0.987573 0.148896 0.050299
vn -0.996981 -0.076299 0.014400
vn -0.994980 -0.098598 0.017100
vn -0.990094 0.123499 0.066800
vn -0.990038 0.135605 0.037901
vn -0.907474 0.384089 0.170195
vn -0.917222 0.386109 0.098102
vn -0.990038 0.135605 0.037901
vn -0.990094 0.123499 0.066800
vn -0.917222 0.386109 0.098102
vn -0.922088 0.372995 0.103099
vn -0.987573 0.148896 0.050299
vn -0.990038 0.135605 0.037901
vn -0.994980 -0.098598 0.017100
vn -0.994911 -0.096401 0.029300
vn -0.982836 0.141305 0.118604
vn -0.990094 0.123499 0.066800
vn -0.994911 -0.096401 0.029300
vn -0.996930 -0.069002 0.037001
vn -0.965435 0.202007 0.164706
vn -0.982836 0.141305 0.118604
vn -0.829167 0.436282 0.349486
vn -0.878455 0.390980 0.274686
vn -0.982836 0.141305 0.118604
vn -0.965435 0.202007 0.164706
vn -0.878455 0.390980 0.274686
vn -0.907474 0.384089 0.170195
vn -0.990094 0.123499 0.066800
vn -0.982836 0.141305 0.118604
vn -0.683428 -0.729730 0.020501
vn -0.656299 -0.754499 0.001400
vn -0.913295 -0.407298 -0.000800
vn -0.923372 -0.383888 0.003800
vn -0.656299 -0.754499 0.001400
vn -0.632276 -0.773470 -0.044398
vn -0.907213 -0.420206 -0.019800
vn -0.913295 -0.407298 -0.000800
vn -0.996930 -0.069002 0.037001
vn -0.994911 -0.096401 0.029300
vn -0.913295 -0.407298 -0.000800
vn -0.907213 -0.420206 -0.019800
vn -0.994911 -0.096401 0.029300
vn -0.994980 -0.098598 0.017100
vn -0.923372 -0.383888 0.003800
vn -0.913295 -0.407298 -0.000800
vn -0.922088 0.372995 0.103099
vn -0.917222 0.386109 0.098102
vn -0.744686 0.630288 0.219496
vn -0.768005 0.602704 0.216601
vn -0.917222 0.386109 0.098102
vn -0.907474 0.384089 0.170195
vn -0.717999 0.623399 0.309599
vn -0.744686 0.630288 0.219496
vn -0.481112 0.771719 0.415910
vn -0.479019 0.810532 0.337013
vn -0.744686 0.630288 0.219496
vn -0.717999 0.623399 0.309599
vn -0.479019 0.810532 0.337013
vn -0.481314 0.805623 0.345410
vn -0.768005 0.602704 0.216601
vn -0.744686 0.630288 0.219496
vn -0.481314 0.805623 0.345410
vn -0.479019 0.810532 0.337013
vn -0.029100 0.925187 0.378395
vn 0.012300 0.914228 0.405013
vn -0.479019 0.810532 0.337013
vn -0.481112 0.771719 0.415910
vn -0.093197 0.884474 0.457187
vn -0.029100 0.925187 0.378395
vn 0.481728 0.798047 0.362021
vn 0.543306 0.776608 0.318903
vn -0.029100 0.925187 0.378395
vn -0.093197 0.884474 0.457187
vn 0.543306 0.776608 0.318903
vn 0.585099 0.732499 0.348000
vn 0.012300 0.914228 0.405013
vn -0.029100 0.925187 0.378395
vn -0.481112 0.771719 0.415910
vn -0.452207 0.725712 0.518508
vn -0.107103 0.827326 0.551417
vn -0.093197 0.884474 0.457187
vn -0.452207 0.725712 0.518508
vn -0.425502 0.704903 0.567503
vn -0.124897 0.807078 0.577084
vn -0.107103 0.827326 0.551417
vn 0.439312 0.788621 0.430212
vn 0.464015 0.785226 0.410013
vn -0.107103 0.827326 0.551417
vn -0.124897 0.807078 0.577084
vn 0.464015 0.785226 0.410013
vn 0.481728 0.798047 0.362021
vn -0.093197 0.884474 0.457187
vn -0.107103 0.827326 0.551417
vn -0.907474 0.384089 0.170195
vn -0.878455 0.390980 0.274686
vn -0.673788 0.603489 0.426392
vn -0.717999 0.623399 0.309599
vn -0.878455 0.390980 0.274686
vn -0.829167 0.436282 0.349486
vn -0.620618 0.607618 0.495615
vn -0.673788 0.603489 0.426392
vn -0.425502 0.704903 0.567503
vn -0.452207 0.725712 0.518508
vn -0.673788 0.603489 0.426392
vn -0.620618 0.607618 0.495615
vn -0.452207 0.725712 0.518508
vn -0.481112 0.771719 0.415910
vn -0.717999 0.623399 0.309599
vn -0.673788 0.603489 0.426392
vn 0.585099 0.732499 0.348000
vn 0.543306 0.776608 0.318903
vn 0.885266 0.429884 0.177493
vn 0.904807 0.375503 0.200802
vn 0.543306 0.776608 0.318903
vn 0.481728 0.798047 0.362021
vn 0.865514 0.474507 0.160403
vn 0.885266 0.429884 0.177493
vn 0.992429 0.122604 0.007300
vn 0.995224 0.091802 0.033201
vn 0.885266 0.429884 0.177493
vn 0.865514 0.474507 0.160403
vn 0.995224 0.091802 0.033201
vn 0.997015 0.052301 0.056801
vn 0.904807 0.375503 0.200802
vn 0.885266 0.429884 0.177493
vn 0.997015 0.052301 0.056801
vn 0.995224 0.091802 0.033201
vn 0.973117 -0.225404 -0.047301
vn 0.972017 -0.234304 -0.016900
vn 0.995224 0.091802 0.033201
vn 0.992429 0.122604 0.007300
vn 0.971648 -0.223711 -0.076504
vn 0.973117 -0.225404 -0.047301
vn 0.843774 -0.529683 -0.086497
vn 0.857423 -0.511114 -0.059902
vn 0.973117 -0.225404 -0.047301
vn 0.971648 -0.223711 -0.076504
vn 0.857423 -0.511114 -0.059902
vn 0.863771 -0.503283 -0.024599
vn 0.972017 -0.234304 -0.016900
vn 0.973117 -0.225404 -0.047301
vn 0.992429 0.122604 0.007300
vn 0.994148 0.107794 -0.007100
vn 0.963497 -0.252599 -0.088700
vn 0.971648 -0.223711 -0.076504
vn 0.994148 0.107794 -0.007100
vn 0.997155 0.073197 0.017999
vn 0.951875 -0.299492 -0.065098
vn 0.963497 -0.252599 -0.088700
vn 0.783001 -0.615401 -0.090500
vn 0.816477 -0.568984 -0.098097
vn 0.963497 -0.252599 -0.088700
vn 0.951875 -0.299492 -0.065098
vn 0.816477 -0.568984 -0.098097
vn 0.843774 -0.529683 -0.086497
vn 0.971648 -0.223711 -0.076504
vn 0.963497 -0.252599 -0.088700
vn 0.481728 0.798047 0.362021
vn 0.464015 0.785226 0.410013
vn 0.865492 0.476696 0.153899
vn 0.865514 0.474507 0.160403
vn 0.464015 0.785226 0.410013
vn 0.439312 0.788621 0.430212
vn 0.863766 0.470381 0.180693
vn 0.865492 0.476696 0.153899
vn 0.997155 0.073197 0.017999
vn 0.994148 0.107794 -0.007100
vn 0.865492 0.476696 0.153899
vn 0.863766 0.470381 0.180693
vn 0.994148 0.107794 -0.007100
vn 0.992429 0.122604 0.007300
vn 0.865514 0.474507 0.160403
vn 0.865492 0.476696 0.153899
vn 0.725930 -0.683029 0.080603
vn 0.703510 -0.710410 0.019800
vn 0.455196 -0.890193 -0.018800
vn 0.469701 -0.881901 0.040400
vn 0.703510 -0.710410 0.019800
vn 0.669775 -0.740872 -0.050098
vn 0.423683 -0.902064 -0.082297
vn 0.455196 -0.890193 -0.018800
vn 0.124698 -0.986687 -0.104399
vn 0.153100 -0.986501 -0.058100
vn 0.455196 -0.890193 -0.018800
vn 0.423683 -0.902064 -0.082297
vn 0.153100 -0.986501 -0.058100
vn 0.164995 -0.986272 -0.006700
vn 0.469701 -0.881901 0.040400
vn 0.455196 -0.890193 -0.018800
vn 0.164995 -0.986272 -0.006700
vn 0.153100 -0.986501 -0.058100
vn -0.210910 -0.973344 -0.090104
vn -0.202907 -0.977832 -0.051702
vn 0.153100 -0.986501 -0.058100
vn 0.124698 -0.986687 -0.104399
vn -0.230390 -0.965659 -0.120095
vn -0.210910 -0.973344 -0.090104
vn -0.653207 -0.745708 -0.131301
vn -0.654720 -0.746823 -0.116604
vn -0.210910 -0.973344 -0.090104
vn -0.230390 -0.965659 -0.120095
vn -0.654720 -0.746823 -0.116604
vn -0.658382 -0.746979 -0.092497
vn -0.202907 -0.977832 -0.051702
vn -0.210910 -0.973344 -0.090104
vn 0.124698 -0.986687 -0.104399
vn 0.076197 -0.989967 -0.118996
vn -0.262889 -0.957460 -0.118995
vn -0.230390 -0.965659 -0.120095
vn 0.076197 -0.989967 -0.118996
vn 0.017599 -0.997051 -0.074696
vn -0.302607 -0.950722 -0.067502
vn -0.262889 -0.957460 -0.118995
vn -0.673373 -0.735671 -0.073197
vn -0.659014 -0.742415 -0.120502
vn -0.262889 -0.957460 -0.118995
vn -0.302607 -0.950722 -0.067502
vn -0.659014 -0.742415 -0.120502
vn -0.653207 -0.745708 -0.131301
vn -0.230390 -0.965659 -0.120095
vn -0.262889 -0.957460 -0.118995
vn 0.669775 -0.740872 -0.050098
vn 0.626800 -0.774000 -0.089700
vn 0.371783 -0.921057 -0.115895
vn 0.423683 -0.902064 -0.082297
vn 0.626800 -0.774000 -0.089700
vn 0.582271 -0.810959 -0.057497
vn 0.311306 -0.946817 -0.081401
vn 0.371783 -0.921057 -0.115895
vn 0.017599 -0.997051 -0.074696
vn 0.076197 -0.989967 -0.118996
vn 0.371783 -0.921057 -0.115895
vn 0.311306 -0.946817 -0.081401
vn 0.076197 -0.989967 -0.118996
vn 0.124698 -0.986687 -0.104399
vn 0.423683 -0.902064 -0.082297
vn 0.371783 -0.921057 -0.115895
vn -0.658382 -0.746979 -0.092497
vn -0.654720 -0.746823 -0.116604
vn -0.944679 -0.301093 -0.130097
vn -0.950421 -0.294106 -0.101002
vn -0.654720 -0.746823 -0.116604
vn -0.653207 -0.745708 -0.131301
vn -0.938613 -0.315904 -0.138602
vn -0.944679 -0.301093 -0.130097
vn -0.989374 0.106297 -0.099197
vn -0.989925 0.095102 -0.104903
vn -0.944679 -0.301093 -0.130097
vn -0.938613 -0.315904 -0.138602
vn -0.989925 0.095102 -0.104903
vn -0.993183 0.087599 -0.076899
vn -0.950421 -0.294106 -0.101002
vn -0.944679 -0.301093 -0.130097
vn -0.993183 0.087599 -0.076899
vn -0.989925 0.095102 -0.104903
vn -0.922703 0.384901 0.021700
vn -0.932115 0.361906 -0.013600
vn -0.989925 0.095102 -0.104903
vn -0.989374 0.106297 -0.099197
vn -0.898195 0.431498 0.084000
vn -0.922703 0.384901 0.021700
vn -0.669619 0.641718 0.373910
vn -0.730388 0.628389 0.267695
vn -0.922703 0.384901 0.021700
vn -0.898195 0.431498 0.084000
vn -0.730388 0.628389 0.267695
vn -0.766096 0.628496 0.134499
vn -0.932115 0.361906 -0.013600
vn -0.922703 0.384901 0.021700
vn -0.989374 0.106297 -0.099197
vn -0.989755 0.130994 -0.056797
vn -0.849045 0.504767 0.155990
vn -0.898195 0.431498 0.084000
vn -0.989755 0.130994 -0.056797
vn -0.983706 0.179101 0.015700
vn -0.774397 0.597498 0.208099
vn -0.849045 0.504767 0.155990
vn -0.506379 0.766169 0.395684
vn -0.588905 0.689706 0.421304
vn -0.849045 0.504767 0.155990
vn -0.774397 0.597498 0.208099
vn -0.588905 0.689706 0.421304
vn -0.669619 0.641718 0.373910
vn -0.898195 0.431498 0.084000
vn -0.849045 0.504767 0.155990
vn -0.653207 -0.745708 -0.131301
vn -0.659014 -0.742415 -0.120502
vn -0.937001 -0.328900 -0.117700
vn -0.938613 -0.315904 -0.138602
vn -0.659014 -0.742415 -0.120502
vn -0.673373 -0.735671 -0.073197
vn -0.942408 -0.328403 -0.063401
vn -0.937001 -0.328900 -0.117700
vn -0.983706 0.179101 0.015700
vn -0.989755 0.130994 -0.056797
vn -0.937001 -0.328900 -0.117700
vn -0.942408 -0.328403 -0.063401
vn -0.989755 0.130994 -0.056797
vn -0.989374 0.106297 -0.099197
vn -0.938613 -0.315904 -0.138602
vn -0.937001 -0.328900 -0.117700
vn -0.766096 0.628496 0.134499
vn -0.730388 0.628389 0.267695
vn -0.366795 0.804889 0.466493
vn -0.402086 0.863171 0.305390
vn -0.730388 0.628389 0.267695
vn -0.669619 0.641718 0.373910
vn -0.340302 0.756705 0.558204
vn -0.366795 0.804889 0.466493
vn 0.039501 0.827612 0.559908
vn 0.095297 0.873073 0.478185
vn -0.366795 0.804889 0.466493
vn -0.340302 0.756705 0.558204
vn 0.095297 0.873073 0.478185
vn 0.115602 0.928414 0.353105
vn -0.402086 0.863171 0.305390
vn -0.366795 0.804889 0.466493
vn 0.115602 0.928414 0.353105
vn 0.095297 0.873073 0.478185
vn 0.492792 0.803287 0.334494
vn 0.530310 0.799315 0.282605
vn 0.095297 0.873073 0.478185
vn 0.039501 0.827612 0.559908
vn 0.420887 0.817374 0.393388
vn 0.492792 0.803287 0.334494
vn 0.728431 0.647428 0.224110
vn 0.742978 0.637981 0.202394
vn 0.492792 0.803287 0.334494
vn 0.420887 0.817374 0.393388
vn 0.742978 0.637981 0.202394
vn 0.751327 0.626523 0.207308
vn 0.530310 0.799315 0.282605
vn 0.492792 0.803287 0.334494
vn 0.039501 0.827612 0.559908
vn -0.030801 0.820919 0.570213
vn 0.320206 0.839016 0.439909
vn 0.420887 0.817374 0.393388
vn -0.030801 0.820919 0.570213
vn -0.097696 0.860161 0.500578
vn 0.217695 0.865678 0.450789
vn 0.320206 0.839016 0.439909
vn 0.664601 0.654701 0.360101
vn 0.701979 0.654980 0.279691
vn 0.320206 0.839016 0.439909
vn 0.217695 0.865678 0.450789
vn 0.701979 0.654980 0.279691
vn 0.728431 0.647428 0.224110
vn 0.420887 0.817374 0.393388
vn 0.320206 0.839016 0.439909
vn -0.669619 0.641718 0.373910
vn -0.588905 0.689706 0.421304
vn -0.317404 0.763809 0.562006
vn -0.340302 0.756705 0.558204
vn -0.588905 0.689706 0.421304
vn -0.506379 0.766169 0.395684
vn -0.299801 0.822402 0.483501
vn -0.317404 0.763809 0.562006
vn -0.097696 0.860161 0.500578
vn -0.030801 0.820919 0.570213
vn -0.317404 0.763809 0.562006
vn -0.299801 0.822402 0.483501
vn -0.030801 0.820919 0.570213
vn 0.039501 0.827612 0.559908
vn -0.340302 0.756705 0.558204
vn -0.317404 0.763809 0.562006
vn 0.751327 0.626523 0.207308
vn 0.742978 0.637981 0.202394
vn 0.927940 0.347615 0.134506
vn 0.915501 0.372700 0.151500
vn 0.742978 0.637981 0.202394
vn 0.728431 0.647428 0.224110
vn 0.941415 0.306405 0.140902
vn 0.927940 0.347615 0.134506
vn 0.990600 -0.124800 0.056000
vn 0.995047 -0.063597 0.076396
vn 0.927940 0.347615 0.134506
vn 0.941415 0.306405 0.140902
vn 0.995047 -0.063597 0.076396
vn 0.994035 -0.010000 0.108604
vn 0.915501 0.372700 0.151500
vn 0.927940 0.347615 0.134506
vn 0.994035 -0.010000 0.108604
vn 0.995047 -0.063597 0.076396
vn 0.895080 -0.444090 0.040199
vn 0.914837 -0.393016 0.092804
vn 0.995047 -0.063597 0.076396
vn 0.990600 -0.124800 0.056000
vn 0.868003 -0.496402 -0.012500
vn 0.895080 -0.444090 0.040199
vn 0.669775 -0.740872 -0.050098
vn 0.703510 -0.710410 0.019800
vn 0.895080 -0.444090 0.040199
vn 0.868003 -0.496402 -0.012500
vn 0.703510 -0.710410 0.019800
vn 0.725930 -0.683029 0.080603
vn 0.914837 -0.393016 0.092804
vn 0.895080 -0.444090 0.040199
vn 0.990600 -0.124800 0.056000
vn 0.981638 -0.178107 0.068303
vn 0.839623 -0.542215 -0.032201
vn 0.868003 -0.496402 -0.012500
vn 0.981638 -0.178107 0.068303
vn 0.967250 -0.220289 0.126094
vn 0.812192 -0.583294 0.010600
vn 0.839623 -0.542215 -0.032201
vn 0.582271 -0.810959 -0.057497
vn 0.626800 -0.774000 -0.089700
vn 0.839623 -0.542215 -0.032201
vn 0.812192 -0.583294 0.010600
vn 0.626800 -0.774000 -0.089700
vn 0.669775 -0.740872 -0.050098
vn 0.868003 -0.496402 -0.012500
vn 0.839623 -0.542215 -0.032201
vn 0.728431 0.647428 0.224110
vn 0.701979 0.654980 0.279691
vn 0.947949 0.261414 0.181809
vn 0.941415 0.306405 0.140902
vn 0.701979 0.654980 0.279691
vn 0.664601 0.654701 0.360101
vn 0.941117 0.220704 0.256104
vn 0.947949 0.261414 0.181809
vn 0.967250 -0.220289 0.126094
vn 0.981638 -0.178107 0.068303
vn 0.947949 0.261414 0.181809
vn 0.941117 0.220704 0.256104
vn 0.981638 -0.178107 0.068303
vn 0.990600 -0.124800 0.056000
vn 0.941415 0.306405 0.140902
vn 0.947949 0.261414 0.181809
vn -0.804490 -0.587693 -0.086099
vn -0.777124 -0.624319 -0.079402
vn -0.929405 -0.362402 -0.069800
vn -0.942928 -0.319009 -0.095503
vn -0.777124 -0.624319 -0.079402
vn -0.756232 -0.651528 -0.060203
vn -0.916294 -0.397398 -0.049800
vn -0.929405 -0.362402 -0.069800
vn -0.988978 -0.146797 -0.019300
vn -0.992625 -0.114403 -0.040101
vn -0.929405 -0.362402 -0.069800
vn -0.916294 -0.397398 -0.049800
vn -0.992625 -0.114403 -0.040101
vn -0.994602 -0.075100 -0.071600
vn -0.942928 -0.319009 -0.095503
vn -0.929405 -0.362402 -0.069800
vn -0.994602 -0.075100 -0.071600
vn -0.992625 -0.114403 -0.040101
vn -0.990086 0.139998 0.011400
vn -0.988511 0.151102 0.003900
vn -0.992625 -0.114403 -0.040101
vn -0.988978 -0.146797 -0.019300
vn -0.993510 0.107901 0.036000
vn -0.990086 0.139998 0.011400
vn -0.903381 0.411591 0.120397
vn -0.894900 0.438500 0.082900
vn -0.990086 0.139998 0.011400
vn -0.993510 0.107901 0.036000
vn -0.894900 0.438500 0.082900
vn -0.906124 0.409411 0.106403
vn -0.988511 0.151102 0.003900
vn -0.990086 0.139998 0.011400
vn -0.988978 -0.146797 -0.019300
vn -0.988377 -0.151696 -0.010000
vn -0.990982 0.115698 0.067599
vn -0.993510 0.107901 0.036000
vn -0.988377 -0.151696 -0.010000
vn -0.992814 -0.117902 -0.020500
vn -0.977865 0.191193 0.084997
vn -0.990982 0.115698 0.067599
vn -0.839633 0.488619 0.237209
vn -0.889533 0.415715 0.189507
vn -0.990982 0.115698 0.067599
vn -0.977865 0.191193 0.084997
vn -0.889533 0.415715 0.189507
vn -0.903381 0.411591 0.120397
vn -0.993510 0.107901 0.036000
vn -0.990982 0.115698 0.067599
vn -0.756232 -0.651528 -0.060203
vn -0.736921 -0.674519 -0.044401
vn -0.903498 -0.426599 -0.041300
vn -0.916294 -0.397398 -0.049800
vn -0.736921 -0.674519 -0.044401
vn -0.711403 -0.701003 -0.050000
vn -0.893730 -0.445415 -0.053402
vn -0.903498 -0.426599 -0.041300
vn -0.992814 -0.117902 -0.020500
vn -0.988377 -0.151696 -0.010000
vn -0.903498 -0.426599 -0.041300
vn -0.893730 -0.445415 -0.053402
vn -0.988377 -0.151696 -0.010000
vn -0.988978 -0.146797 -0.019300
vn -0.916294 -0.397398 -0.049800
vn -0.903498 -0.426599 -0.041300
vn -0.906124 0.409411 0.106403
vn -0.894900 0.438500 0.082900
vn -0.642425 0.747930 0.167007
vn -0.666039 0.716442 0.207612
vn -0.894900 0.438500 0.082900
vn -0.903381 0.411591 0.120397
vn -0.670590 0.703690 0.234797
vn -0.642425 0.747930 0.167007
vn -0.293611 0.899734 0.322912
vn -0.212405 0.952622 0.217705
vn -0.642425 0.747930 0.167007
vn -0.670590 0.703690 0.234797
vn -0.212405 0.952622 0.217705
vn -0.216506 0.941325 0.258907
vn -0.666039 0.716442 0.207612
vn -0.642425 0.747930 0.167007
vn -0.216506 0.941325 0.258907
vn -0.212405 0.952622 0.217705
vn 0.276203 0.938609 0.206702
vn 0.292111 0.928537 0.229109
vn -0.212405 0.952622 0.217705
vn -0.293611 0.899734 0.322912
vn 0.196404 0.929120 0.313307
vn 0.276203 0.938609 0.206702
vn 0.632009 0.738311 0.235503
vn 0.669903 0.725003 0.160001
vn 0.276203 0.938609 0.206702
vn 0.196404 0.929120 0.313307
vn 0.669903 0.725003 0.160001
vn 0.686318 0.711219 0.152104
vn 0.292111 0.928537 0.229109
vn 0.276203 0.938609 0.206702
vn -0.293611 0.899734 0.322912
vn -0.358686 0.823368 0.439783
vn 0.078298 0.902181 0.424191
vn 0.196404 0.929120 0.313307
vn -0.358686 0.823368 0.439783
vn -0.353998 0.826396 0.437898
vn -0.019300 0.910799 0.412399
vn 0.078298 0.902181 0.424191
vn 0.472213 0.823123 0.315409
vn 0.558819 0.766926 0.315511
vn 0.078298 0.902181 0.424191
vn -0.019300 0.910799 0.412399
vn 0.558819 0.766926 0.315511
vn 0.632009 0.738311 0.235503
vn 0.196404 0.929120 0.313307
vn 0.078298 0.902181 0.424191
vn -0.903381 0.411591 0.120397
vn -0.889533 0.415715 0.189507
vn -0.658325 0.673025 0.337113
vn -0.670590 0.703690 0.234797
vn -0.889533 0.415715 0.189507
vn -0.839633 0.488619 0.237209
vn -0.581509 0.723711 0.371605
vn -0.658325 0.673025 0.337113
vn -0.353998 0.826396 0.437898
vn -0.358686 0.823368 0.439783
vn -0.658325 0.673025 0.337113
vn -0.581509 0.723711 0.371605
vn -0.358686 0.823368 0.439783
vn -0.293611 0.899734 0.322912
vn -0.670590 0.703690 0.234797
vn -0.658325 0.673025 0.337113
vn 0.686318 0.711219 0.152104
vn 0.669903 0.725003 0.160001
vn 0.901176 0.422689 0.095997
vn 0.908602 0.410201 0.078600
vn 0.669903 0.725003 0.160001
vn 0.632009 0.738311 0.235503
vn 0.886633 0.441216 0.138605
vn 0.901176 0.422689 0.095997
vn 0.988198 0.139900 0.062400
vn 0.991516 0.125702 0.033101
vn 0.901176 0.422689 0.095997
vn 0.886633 0.441216 0.138605
vn 0.991516 0.125702 0.033101
vn 0.993581 0.111898 0.016600
vn 0.908602 0.410201 0.078600
vn 0.901176 0.422689 0.095997
vn 0.993581 0.111898 0.016600
vn 0.991516 0.125702 0.033101
vn 0.983981 -0.176797 -0.022900
vn 0.982367 -0.182094 -0.042399
vn 0.991516 0.125702 0.033101
vn 0.988198 0.139900 0.062400
vn 0.982963 -0.183293 0.013699
vn 0.983981 -0.176797 -0.022900
vn 0.836086 -0.547991 -0.025800
vn 0.849252 -0.523732 -0.066904
vn 0.983981 -0.176797 -0.022900
vn 0.982963 -0.183293 0.013699
vn 0.849252 -0.523732 -0.066904
vn 0.853934 -0.512920 -0.087803
vn 0.982367 -0.182094 -0.042399
vn 0.983981 -0.176797 -0.022900
vn 0.988198 0.139900 0.062400
vn 0.983618 0.152003 0.096902
vn 0.978049 -0.201010 0.054903
vn 0.982963 -0.183293 0.013699
vn 0.983618 0.152003 0.096902
vn 0.976737 0.173007 0.126705
vn 0.972940 -0.212809 0.090004
vn 0.978049 -0.201010 0.054903
vn 0.810170 -0.582778 0.063198
vn 0.820182 -0.571687 0.021800
vn 0.978049 -0.201010 0.054903
vn 0.972940 -0.212809 0.090004
vn 0.820182 -0.571687 0.021800
vn 0.836086 -0.547991 -0.025800
vn 0.982963 -0.183293 0.013699
vn 0.978049 -0.201010 0.054903
vn 0.632009 0.738311 0.235503
vn 0.558819 0.766926 0.315511
vn 0.858577 0.477287 0.187195
vn 0.886633 0.441216 0.138605
vn 0.558819 0.766926 0.315511
vn 0.472213 0.823123 0.315409
vn 0.818612 0.535708 0.207103
vn 0.858577 0.477287 0.187195
vn 0.976737 0.173007 0.126705
vn 0.983618 0.152003 0.096902
vn 0.858577 0.477287 0.187195
vn 0.818612 0.535708 0.207103
vn 0.983618 0.152003 0.096902
vn 0.988198 0.139900 0.062400
vn 0.886633 0.441216 0.138605
vn 0.858577 0.477287 0.187195
vn 0.853934 -0.512920 -0.087803
vn 0.849252 -0.523732 -0.066904
vn 0.537594 -0.837790 -0.095399
vn 0.546675 -0.829862 -0.111695
vn 0.849252 -0.523732 -0.066904
vn 0.836086 -0.547991 -0.025800
vn 0.517296 -0.853594 -0.061500
vn 0.537594 -0.837790 -0.095399
vn 0.041800 -0.996100 -0.077700
vn 0.050098 -0.993263 -0.104496
vn 0.537594 -0.837790 -0.095399
vn 0.517296 -0.853594 -0.061500
vn 0.050098 -0.993263 -0.104496
vn 0.039600 -0.992998 -0.111300
vn 0.546675 -0.829862 -0.111695
vn 0.537594 -0.837790 -0.095399
vn 0.039600 -0.992998 -0.111300
vn 0.050098 -0.993263 -0.104496
vn -0.462300 -0.882000 -0.091400
vn -0.493511 -0.865018 -0.090502
vn 0.050098 -0.993263 -0.104496
vn 0.041800 -0.996100 -0.077700
vn -0.449999 -0.890297 -0.069800
vn -0.462300 -0.882000 -0.091400
vn -0.756232 -0.651528 -0.060203
vn -0.777124 -0.624319 -0.079402
vn -0.462300 -0.882000 -0.091400
vn -0.449999 -0.890297 -0.069800
vn -0.777124 -0.624319 -0.079402
vn -0.804490 -0.587693 -0.086099
vn -0.493511 -0.865018 -0.090502
vn -0.462300 -0.882000 -0.091400
vn 0.041800 -0.996100 -0.077700
vn 0.025300 -0.998702 -0.044200
vn -0.448314 -0.892728 -0.045301
vn -0.449999 -0.890297 -0.069800
vn 0.025300 -0.998702 -0.044200
vn 0.019499 -0.999754 -0.010600
vn -0.430521 -0.901944 -0.033902
vn -0.448314 -0.892728 -0.045301
vn -0.711403 -0.701003 -0.050000
vn -0.736921 -0.674519 -0.044401
vn -0.448314 -0.892728 -0.045301
vn -0.430521 -0.901944 -0.033902
vn -0.736921 -0.674519 -0.044401
vn -0.756232 -0.651528 -0.060203
vn -0.449999 -0.890297 -0.069800
vn -0.448314 -0.892728 -0.045301
vn 0.836086 -0.547991 -0.025800
vn 0.820182 -0.571687 0.021800
vn 0.497596 -0.867192 -0.019400
vn 0.517296 -0.853594 -0.061500
vn 0.820182 -0.571687 0.021800
vn 0.810170 -0.582778 0.063198
vn 0.486209 -0.873516 0.023900
vn 0.497596 -0.867192 -0.019400
vn 0.019499 -0.999754 -0.010600
vn 0.025300 -0.998702 -0.044200
vn 0.497596 -0.867192 -0.019400
vn 0.486209 -0.873516 0.023900
vn 0.025300 -0.998702 -0.044200
vn 0.041800 -0.996100 -0.077700
vn 0.517296 -0.853594 -0.061500
vn 0.497596 -0.867192 -0.019400
vn 0.783001 -0.615401 -0.090500
vn 0.755905 -0.652904 -0.048200
vn 0.474094 -0.877990 -0.066099
vn 0.504000 -0.859600 -0.084100
vn 0.755905 -0.652904 -0.048200
vn 0.729339 -0.679037 0.083505
vn 0.438692 -0.895684 0.072799
vn 0.474094 -0.877990 -0.066099
vn 0.114301 -0.991311 0.065101
vn 0.141007 -0.987350 -0.072504
vn 0.474094 -0.877990 -0.066099
vn 0.438692 -0.895684 0.072799
vn 0.141007 -0.987350 -0.072504
vn 0.155794 -0.985460 -0.067797
vn 0.504000 -0.859600 -0.084100
vn 0.474094 -0.877990 -0.066099
vn 0.155794 -0.985460 -0.067797
vn 0.141007 -0.987350 -0.072504
vn -0.230387 -0.970244 -0.074496
vn -0.237097 -0.969888 -0.055699
vn 0.141007 -0.987350 -0.072504
vn 0.114301 -0.991311 0.065101
vn -0.238109 -0.970636 0.034201
vn -0.230387 -0.970244 -0.074496
vn -0.621594 -0.782993 0.023300
vn -0.615766 -0.785657 -0.059797
vn -0.230387 -0.970244 -0.074496
vn -0.238109 -0.970636 0.034201
vn -0.615766 -0.785657 -0.059797
vn -0.632276 -0.773470 -0.044398
vn -0.237097 -0.969888 -0.055699
vn -0.230387 -0.970244 -0.074496
vn 0.114301 -0.991311 0.065101
vn 0.084803 -0.935934 0.341812
vn -0.221995 -0.937381 0.268394
vn -0.238109 -0.970636 0.034201
vn 0.084803 -0.935934 0.341812
vn 0.036701 -0.711811 0.701411
vn -0.291902 -0.723905 0.625104
vn -0.221995 -0.937381 0.268394
vn -0.571774 -0.669570 0.474079
vn -0.625972 -0.739767 0.246789
vn -0.221995 -0.937381 0.268394
vn -0.291902 -0.723905 0.625104
vn -0.625972 -0.739767 0.246789
vn -0.621594 -0.782993 0.023300
vn -0.238109 -0.970636 0.034201
vn -0.221995 -0.937381 0.268394
vn 0.729339 -0.679037 0.083505
vn 0.665936 -0.652835 0.361020
vn 0.373496 -0.860891 0.345496
vn 0.438692 -0.895684 0.072799
vn 0.665936 -0.652835 0.361020
vn 0.543187 -0.566186 0.619985
vn 0.308503 -0.648706 0.695706
vn 0.373496 -0.860891 0.345496
vn 0.036701 -0.711811 0.701411
vn 0.084803 -0.935934 0.341812
vn 0.373496 -0.860891 0.345496
vn 0.308503 -0.648706 0.695706
vn 0.084803 -0.935934 0.341812
vn 0.114301 -0.991311 0.065101
vn 0.438692 -0.895684 0.072799
vn 0.373496 -0.860891 0.345496
vn -0.632276 -0.773470 -0.044398
vn -0.615766 -0.785657 -0.059797
vn -0.904948 -0.425323 -0.013001
vn -0.907213 -0.420206 -0.019800
vn -0.615766 -0.785657 -0.059797
vn -0.621594 -0.782993 0.023300
vn -0.915672 -0.394088 0.078998
vn -0.904948 -0.425323 -0.013001
vn -0.981946 0.073003 0.174508
vn -0.997286 -0.014900 0.072099
vn -0.904948 -0.425323 -0.013001
vn -0.915672 -0.394088 0.078998
vn -0.997286 -0.014900 0.072099
vn -0.996930 -0.069002 0.037001
vn -0.907213 -0.420206 -0.019800
vn -0.904948 -0.425323 -0.013001
vn -0.996930 -0.069002 0.037001
vn -0.997286 -0.014900 0.072099
vn -0.923211 0.311104 0.225603
vn -0.965435 0.202007 0.164706
vn -0.997286 -0.014900 0.072099
vn -0.981946 0.073003 0.174508
vn -0.843342 0.439922 0.308615
vn -0.923211 0.311104 0.225603
vn -0.645113 0.621912 0.443909
vn -0.748013 0.525009 0.406007
vn -0.923211 0.311104 0.225603
vn -0.843342 0.439922 0.308615
vn -0.748013 0.525009 0.406007
vn -0.829167 0.436282 0.349486
vn -0.965435 0.202007 0.164706
vn -0.923211 0.311104 0.225603
vn -0.981946 0.073003 0.174508
vn -0.922807 0.187601 0.336502
vn -0.744605 0.541504 0.390303
vn -0.843342 0.439922 0.308615
vn -0.922807 0.187601 0.336502
vn -0.783134 0.282612 0.553924
vn -0.635592 0.612093 0.470494
vn -0.744605 0.541504 0.390303
vn -0.516083 0.725076 0.455985
vn -0.566917 0.688621 0.452114
vn -0.744605 0.541504 0.390303
vn -0.635592 0.612093 0.470494
vn -0.566917 0.688621 0.452114
vn -0.645113 0.621912 0.443909
vn -0.843342 0.439922 0.308615
vn -0.744605 0.541504 0.390303
vn -0.621594 -0.782993 0.023300
vn -0.625972 -0.739767 0.246789
vn -0.915023 -0.296708 0.273307
vn -0.915672 -0.394088 0.078998
vn -0.625972 -0.739767 0.246789
vn -0.571774 -0.669570 0.474079
vn -0.757674 -0.260291 0.598480
vn -0.915023 -0.296708 0.273307
vn -0.783134 0.282612 0.553924
vn -0.922807 0.187601 0.336502
vn -0.915023 -0.296708 0.273307
vn -0.757674 -0.260291 0.598480
vn -0.922807 0.187601 0.336502
vn -0.981946 0.073003 0.174508
vn -0.915672 -0.394088 0.078998
vn -0.915023 -0.296708 0.273307
vn -0.829167 0.436282 0.349486
vn -0.748013 0.525009 0.406007
vn -0.559813 0.641315 0.524713
vn -0.620618 0.607618 0.495615
vn -0.748013 0.525009 0.406007
vn -0.645113 0.621912 0.443909
vn -0.506087 0.691483 0.515487
vn -0.559813 0.641315 0.524713
vn -0.459710 0.716115 0.525211
vn -0.433811 0.698918 0.568614
vn -0.559813 0.641315 0.524713
vn -0.506087 0.691483 0.515487
vn -0.433811 0.698918 0.568614
vn -0.425502 0.704903 0.567503
vn -0.620618 0.607618 0.495615
vn -0.559813 0.641315 0.524713
vn -0.425502 0.704903 0.567503
vn -0.433811 0.698918 0.568614
vn -0.214587 0.799052 0.561666
vn -0.124897 0.807078 0.577084
vn -0.433811 0.698918 0.568614
vn -0.459710 0.716115 0.525211
vn -0.329386 0.793466 0.511778
vn -0.214587 0.799052 0.561666
vn 0.206510 0.855842 0.474223
vn 0.340105 0.820812 0.458907
vn -0.214587 0.799052 0.561666
vn -0.329386 0.793466 0.511778
vn 0.340105 0.820812 0.458907
vn 0.439312 0.788621 0.430212
vn -0.124897 0.807078 0.577084
vn -0.214587 0.799052 0.561666
vn -0.459710 0.716115 0.525211
vn -0.492700 0.739300 0.459000
vn -0.422511 0.782820 0.456812
vn -0.329386 0.793466 0.511778
vn -0.492700 0.739300 0.459000
vn -0.505507 0.749010 0.428306
vn -0.408592 0.750386 0.519590
vn -0.422511 0.782820 0.456812
vn -0.190490 0.772659 0.605568
vn 0.035702 0.844336 0.534623
vn -0.422511 0.782820 0.456812
vn -0.408592 0.750386 0.519590
vn 0.035702 0.844336 0.534623
vn 0.206510 0.855842 0.474223
vn -0.329386 0.793466 0.511778
vn -0.422511 0.782820 0.456812
vn -0.645113 0.621912 0.443909
vn -0.566917 0.688621 0.452114
vn -0.490085 0.730178 0.476085
vn -0.506087 0.691483 0.515487
vn -0.566917 0.688621 0.452114
vn -0.516083 0.725076 0.455985
vn -0.497010 0.750716 0.435209
vn -0.490085 0.730178 0.476085
vn -0.505507 0.749010 0.428306
vn -0.492700 0.739300 0.459000
vn -0.490085 0.730178 0.476085
vn -0.497010 0.750716 0.435209
vn -0.492700 0.739300 0.459000
vn -0.459710 0.716115 0.525211
vn -0.506087 0.691483 0.515487
vn -0.490085 0.730178 0.476085
vn 0.439312 0.788621 0.430212
vn 0.340105 0.820812 0.458907
vn 0.833586 0.494192 0.246796
vn 0.863766 0.470381 0.180693
vn 0.340105 0.820812 0.458907
vn 0.206510 0.855842 0.474223
vn 0.779385 0.528390 0.336694
vn 0.833586 0.494192 0.246796
vn 0.973364 0.048898 0.223992
vn 0.994611 0.054501 0.088201
vn 0.833586 0.494192 0.246796
vn 0.779385 0.528390 0.336694
vn 0.994611 0.054501 0.088201
vn 0.997155 0.073197 0.017999
vn 0.863766 0.470381 0.180693
vn 0.833586 0.494192 0.246796
vn 0.997155 0.073197 0.017999
vn 0.994611 0.054501 0.088201
vn 0.940387 -0.340095 -0.002800
vn 0.951875 -0.299492 -0.065098
vn 0.994611 0.054501 0.088201
vn 0.973364 0.048898 0.223992
vn 0.922118 -0.361307 0.138403
vn 0.940387 -0.340095 -0.002800
vn 0.729339 -0.679037 0.083505
vn 0.755905 -0.652904 -0.048200
vn 0.940387 -0.340095 -0.002800
vn 0.922118 -0.361307 0.138403
vn 0.755905 -0.652904 -0.048200
vn 0.783001 -0.615401 -0.090500
vn 0.951875 -0.299492 -0.065098
vn 0.940387 -0.340095 -0.002800
vn 0.973364 0.048898 0.223992
vn 0.868489 0.075699 0.489894
vn 0.853728 -0.326911 0.405313
vn 0.922118 -0.361307 0.138403
vn 0.868489 0.075699 0.489894
vn 0.531614 0.116603 0.838922
vn 0.584995 -0.301798 0.752794
vn 0.853728 -0.326911 0.405313
vn 0.543187 -0.566186 0.619985
vn 0.665936 -0.652835 0.361020
vn 0.853728 -0.326911 0.405313
vn 0.584995 -0.301798 0.752794
vn 0.665936 -0.652835 0.361020
vn 0.729339 -0.679037 0.083505
vn 0.922118 -0.361307 0.138403
vn 0.853728 -0.326911 0.405313
vn 0.206510 0.855842 0.474223
vn 0.035702 0.844336 0.534623
vn 0.645497 0.556697 0.522898
vn 0.779385 0.528390 0.336694
vn 0.035702 0.844336 0.534623
vn -0.190490 0.772659 0.605568
vn 0.252405 0.579212 0.775116
vn 0.645497 0.556697 0.522898
vn 0.531614 0.116603 0.838922
vn 0.868489 0.075699 0.489894
vn 0.645497 0.556697 0.522898
vn 0.252405 0.579212 0.775116
vn 0.868489 0.075699 0.489894
vn 0.973364 0.048898 0.223992
vn 0.779385 0.528390 0.336694
vn 0.645497 0.556697 0.522898
vn 0.582271 -0.810959 -0.057497
vn 0.534573 -0.844458 0.033498
vn 0.249099 -0.968397 0.012500
vn 0.311306 -0.946817 -0.081401
vn 0.534573 -0.844458 0.033498
vn 0.474776 -0.863257 0.171391
vn 0.179596 -0.971180 0.156697
vn 0.249099 -0.968397 0.012500
vn -0.092399 -0.981293 0.168899
vn -0.041200 -0.998902 0.022300
vn 0.249099 -0.968397 0.012500
vn 0.179596 -0.971180 0.156697
vn -0.041200 -0.998902 0.022300
vn 0.017599 -0.997051 -0.074696
vn 0.311306 -0.946817 -0.081401
vn 0.249099 -0.968397 0.012500
vn 0.017599 -0.997051 -0.074696
vn -0.041200 -0.998902 0.022300
vn -0.341286 -0.939661 0.023699
vn -0.302607 -0.950722 -0.067502
vn -0.041200 -0.998902 0.022300
vn -0.092399 -0.981293 0.168899
vn -0.363022 -0.918457 0.157010
vn -0.341286 -0.939661 0.023699
vn -0.706198 -0.698497 0.115700
vn -0.695715 -0.718315 0.002200
vn -0.341286 -0.939661 0.023699
vn -0.363022 -0.918457 0.157010
vn -0.695715 -0.718315 0.002200
vn -0.673373 -0.735671 -0.073197
vn -0.302607 -0.950722 -0.067502
vn -0.341286 -0.939661 0.023699
vn -0.092399 -0.981293 0.168899
vn -0.129904 -0.924327 0.358810
vn -0.358509 -0.869522 0.339709
vn -0.363022 -0.918457 0.157010
vn -0.129904 -0.924327 0.358810
vn -0.156004 -0.798220 0.581814
vn -0.375908 -0.736316 0.562612
vn -0.358509 -0.869522 0.339709
vn -0.567894 -0.639994 0.517595
vn -0.677096 -0.666996 0.310898
vn -0.358509 -0.869522 0.339709
vn -0.375908 -0.736316 0.562612
vn -0.677096 -0.666996 0.310898
vn -0.706198 -0.698497 0.115700
vn -0.363022 -0.918457 0.157010
vn -0.358509 -0.869522 0.339709
vn 0.474776 -0.863257 0.171391
vn 0.386383 -0.848763 0.360984
vn 0.100503 -0.935833 0.337812
vn 0.179596 -0.971180 0.156697
vn 0.386383 -0.848763 0.360984
vn 0.274304 -0.812111 0.515007
vn 0.071297 -0.824962 0.560674
vn 0.100503 -0.935833 0.337812
vn -0.156004 -0.798220 0.581814
vn -0.129904 -0.924327 0.358810
vn 0.100503 -0.935833 0.337812
vn 0.071297 -0.824962 0.560674
vn -0.129904 -0.924327 0.358810
vn -0.092399 -0.981293 0.168899
vn 0.179596 -0.971180 0.156697
vn 0.100503 -0.935833 0.337812
vn -0.673373 -0.735671 -0.073197
vn -0.695715 -0.718315 0.002200
vn -0.954939 -0.296612 0.010600
vn -0.942408 -0.328403 -0.063401
vn -0.695715 -0.718315 0.002200
vn -0.706198 -0.698497 0.115700
vn -0.959896 -0.259299 0.106600
vn -0.954939 -0.296612 0.010600
vn -0.930077 0.338392 0.142996
vn -0.961244 0.261412 0.087604
vn -0.954939 -0.296612 0.010600
vn -0.959896 -0.259299 0.106600
vn -0.961244 0.261412 0.087604
vn -0.983706 0.179101 0.015700
vn -0.942408 -0.328403 -0.063401
vn -0.954939 -0.296612 0.010600
vn -0.983706 0.179101 0.015700
vn -0.961244 0.261412 0.087604
vn -0.682683 0.697283 0.218495
vn -0.774397 0.597498 0.208099
vn -0.961244 0.261412 0.087604
vn -0.930077 0.338392 0.142996
vn -0.591976 0.785668 0.179693
vn -0.682683 0.697283 0.218495
vn -0.352208 0.905022 0.238506
vn -0.430315 0.840230 0.329912
vn -0.682683 0.697283 0.218495
vn -0.591976 0.785668 0.179693
vn -0.430315 0.840230 0.329912
vn -0.506379 0.766169 0.395684
vn -0.774397 0.597498 0.208099
vn -0.682683 0.697283 0.218495
vn -0.930077 0.338392 0.142996
vn -0.899465 0.318887 0.298788
vn -0.572292 0.789989 0.219997
vn -0.591976 0.785668 0.179693
vn -0.899465 0.318887 0.298788
vn -0.764427 0.116904 0.634023
vn -0.548605 0.633606 0.545505
vn -0.572292 0.789989 0.219997
vn -0.291789 0.913164 0.284589
vn -0.302009 0.933126 0.195106
vn -0.572292 0.789989 0.219997
vn -0.548605 0.633606 0.545505
vn -0.302009 0.933126 0.195106
vn -0.352208 0.905022 0.238506
vn -0.591976 0.785668 0.179693
vn -0.572292 0.789989 0.219997
vn -0.706198 -0.698497 0.115700
vn -0.677096 -0.666996 0.310898
vn -0.923615 -0.252504 0.288405
vn -0.959896 -0.259299 0.106600
vn -0.677096 -0.666996 0.310898
vn -0.567894 -0.639994 0.517595
vn -0.718407 -0.381304 0.581806
vn -0.923615 -0.252504 0.288405
vn -0.764427 0.116904 0.634023
vn -0.899465 0.318887 0.298788
vn -0.923615 -0.252504 0.288405
vn -0.718407 -0.381304 0.581806
vn -0.899465 0.318887 0.298788
vn -0.930077 0.338392 0.142996
vn -0.959896 -0.259299 0.106600
vn -0.923615 -0.252504 0.288405
vn -0.506379 0.766169 0.395684
vn -0.430315 0.840230 0.329912
vn -0.278608 0.879724 0.385310
vn -0.299801 0.822402 0.483501
vn -0.430315 0.840230 0.329912
vn -0.352208 0.905022 0.238506
vn -0.243190 0.924163 0.294588
vn -0.278608 0.879724 0.385310
vn -0.130105 0.926833 0.352212
vn -0.130598 0.900587 0.414594
vn -0.278608 0.879724 0.385310
vn -0.243190 0.924163 0.294588
vn -0.130598 0.900587 0.414594
vn -0.097696 0.860161 0.500578
vn -0.299801 0.822402 0.483501
vn -0.278608 0.879724 0.385310
vn -0.097696 0.860161 0.500578
vn -0.130598 0.900587 0.414594
vn 0.163296 0.881379 0.443289
vn 0.217695 0.865678 0.450789
vn -0.130598 0.900587 0.414594
vn -0.130105 0.926833 0.352212
vn 0.155004 0.874121 0.460311
vn 0.163296 0.881379 0.443289
vn 0.616214 0.583913 0.528512
vn 0.635781 0.634881 0.438987
vn 0.163296 0.881379 0.443289
vn 0.155004 0.874121 0.460311
vn 0.635781 0.634881 0.438987
vn 0.664601 0.654701 0.360101
vn 0.217695 0.865678 0.450789
vn 0.163296 0.881379 0.443289
vn -0.130105 0.926833 0.352212
vn -0.101199 0.916891 0.386096
vn 0.147594 0.818869 0.554679
vn 0.155004 0.874121 0.460311
vn -0.101199 0.916891 0.386096
vn -0.074301 0.721606 0.688306
vn 0.176698 0.541093 0.822190
vn 0.147594 0.818869 0.554679
vn 0.433080 0.383583 0.815663
vn 0.545621 0.496219 0.675326
vn 0.147594 0.818869 0.554679
vn 0.176698 0.541093 0.822190
vn 0.545621 0.496219 0.675326
vn 0.616214 0.583913 0.528512
vn 0.155004 0.874121 0.460311
vn 0.147594 0.818869 0.554679
vn -0.352208 0.905022 0.238506
vn -0.302009 0.933126 0.195106
vn -0.196393 0.945867 0.258391
vn -0.243190 0.924163 0.294588
vn -0.302009 0.933126 0.195106
vn -0.291789 0.913164 0.284589
vn -0.217499 0.840997 0.495398
vn -0.196393 0.945867 0.258391
vn -0.074301 0.721606 0.688306
vn -0.101199 0.916891 0.386096
vn -0.196393 0.945867 0.258391
vn -0.217499 0.840997 0.495398
vn -0.101199 0.916891 0.386096
vn -0.130105 0.926833 0.352212
vn -0.243190 0.924163 0.294588
vn -0.196393 0.945867 0.258391
vn 0.664601 0.654701 0.360101
vn 0.635781 0.634881 0.438987
vn 0.918551 0.181290 0.351281
vn 0.941117 0.220704 0.256104
vn 0.635781 0.634881 0.438987
vn 0.616214 0.583913 0.528512
vn 0.873040 0.115305 0.473821
vn 0.918551 0.181290 0.351281
vn 0.873363 -0.305087 0.379684
vn 0.938549 -0.258313 0.228912
vn 0.918551 0.181290 0.351281
vn 0.873040 0.115305 0.473821
vn 0.938549 -0.258313 0.228912
vn 0.967250 -0.220289 0.126094
vn 0.941117 0.220704 0.256104
vn 0.918551 0.181290 0.351281
vn 0.967250 -0.220289 0.126094
vn 0.938549 -0.258313 0.228912
vn 0.776906 -0.620004 0.109601
vn 0.812192 -0.583294 0.010600
vn 0.938549 -0.258313 0.228912
vn 0.873363 -0.305087 0.379684
vn 0.719983 -0.643085 0.260894
vn 0.776906 -0.620004 0.109601
vn 0.474776 -0.863257 0.171391
vn 0.534573 -0.844458 0.033498
vn 0.776906 -0.620004 0.109601
vn 0.719983 -0.643085 0.260894
vn 0.534573 -0.844458 0.033498
vn 0.582271 -0.810959 -0.057497
vn 0.812192 -0.583294 0.010600
vn 0.776906 -0.620004 0.109601
vn 0.873363 -0.305087 0.379684
vn 0.744361 -0.350382 0.568471
vn 0.622266 -0.637865 0.453775
vn 0.719983 -0.643085 0.260894
vn 0.744361 -0.350382 0.568471
vn 0.479295 -0.404096 0.779091
vn 0.384293 -0.657889 0.647689
vn 0.622266 -0.637865 0.453775
vn 0.274304 -0.812111 0.515007
vn 0.386383 -0.848763 0.360984
vn 0.622266 -0.637865 0.453775
vn 0.384293 -0.657889 0.647689
vn 0.386383 -0.848763 0.360984
vn 0.474776 -0.863257 0.171391
vn 0.719983 -0.643085 0.260894
vn 0.622266 -0.637865 0.453775
vn 0.616214 0.583913 0.528512
vn 0.545621 0.496219 0.675326
vn 0.770029 0.027301 0.637424
vn 0.873040 0.115305 0.473821
vn 0.545621 0.496219 0.675326
vn 0.433080 0.383583 0.815663
vn 0.513104 -0.014300 0.858207
vn 0.770029 0.027301 0.637424
vn 0.479295 -0.404096 0.779091
vn 0.744361 -0.350382 0.568471
vn 0.770029 0.027301 0.637424
vn 0.513104 -0.014300 0.858207
vn 0.744361 -0.350382 0.568471
vn 0.873363 -0.305087 0.379684
vn 0.873040 0.115305 0.473821
vn 0.770029 0.027301 0.637424
vn -0.711403 -0.701003 -0.050000
vn -0.686705 -0.725705 -0.042300
vn -0.890869 -0.451685 -0.048298
vn -0.893730 -0.445415 -0.053402
vn -0.686705 -0.725705 -0.042300
vn -0.681297 -0.731497 0.027300
vn -0.900678 -0.433590 0.027899
vn -0.890869 -0.451685 -0.048298
vn -0.996833 0.019101 0.077203
vn -0.998823 -0.047501 -0.009800
vn -0.890869 -0.451685 -0.048298
vn -0.900678 -0.433590 0.027899
vn -0.998823 -0.047501 -0.009800
vn -0.992814 -0.117902 -0.020500
vn -0.893730 -0.445415 -0.053402
vn -0.890869 -0.451685 -0.048298
vn -0.992814 -0.117902 -0.020500
vn -0.998823 -0.047501 -0.009800
vn -0.940354 0.319484 0.116894
vn -0.977865 0.191193 0.084997
vn -0.998823 -0.047501 -0.009800
vn -0.996833 0.019101 0.077203
vn -0.884563 0.428682 0.183792
vn -0.940354 0.319484 0.116894
vn -0.702524 0.650022 0.289710
vn -0.772185 0.575789 0.268695
vn -0.940354 0.319484 0.116894
vn -0.884563 0.428682 0.183792
vn -0.772185 0.575789 0.268695
vn -0.839633 0.488619 0.237209
vn -0.977865 0.191193 0.084997
vn -0.940354 0.319484 0.116894
vn -0.996833 0.019101 0.077203
vn -0.969977 0.061499 0.235294
vn -0.838390 0.469794 0.276397
vn -0.884563 0.428682 0.183792
vn -0.969977 0.061499 0.235294
vn -0.866226 0.090903 0.491315
vn -0.762390 0.481094 0.432794
vn -0.838390 0.469794 0.276397
vn -0.634395 0.684695 0.358797
vn -0.657630 0.686731 0.309714
vn -0.838390 0.469794 0.276397
vn -0.762390 0.481094 0.432794
vn -0.657630 0.686731 0.309714
vn -0.702524 0.650022 0.289710
vn -0.884563 0.428682 0.183792
vn -0.838390 0.469794 0.276397
vn -0.681297 -0.731497 0.027300
vn -0.681302 -0.705302 0.195901
vn -0.910384 -0.371294 0.182597
vn -0.900678 -0.433590 0.027899
vn -0.681302 -0.705302 0.195901
vn -0.650808 -0.655908 0.382405
vn -0.800487 -0.360394 0.478892
vn -0.910384 -0.371294 0.182597
vn -0.866226 0.090903 0.491315
vn -0.969977 0.061499 0.235294
vn -0.910384 -0.371294 0.182597
vn -0.800487 -0.360394 0.478892
vn -0.969977 0.061499 0.235294
vn -0.996833 0.019101 0.077203
vn -0.900678 -0.433590 0.027899
vn -0.910384 -0.371294 0.182597
vn -0.839633 0.488619 0.237209
vn -0.772185 0.575789 0.268695
vn -0.526489 0.771784 0.356593
vn -0.581509 0.723711 0.371605
vn -0.772185 0.575789 0.268695
vn -0.702524 0.650022 0.289710
vn -0.509586 0.796478 0.325491
vn -0.526489 0.771784 0.356593
vn -0.413183 0.861065 0.296388
vn -0.366205 0.854112 0.369305
vn -0.526489 0.771784 0.356593
vn -0.509586 0.796478 0.325491
vn -0.366205 0.854112 0.369305
vn -0.353998 0.826396 0.437898
vn -0.581509 0.723711 0.371605
vn -0.526489 0.771784 0.356593
vn -0.353998 0.826396 0.437898
vn -0.366205 0.854112 0.369305
vn -0.124397 0.935680 0.330193
vn -0.019300 0.910799 0.412399
vn -0.366205 0.854112 0.369305
vn -0.413183 0.861065 0.296388
vn -0.237410 0.936739 0.257211
vn -0.124397 0.935680 0.330193
vn 0.272499 0.928596 0.251899
vn 0.370989 0.887973 0.271792
vn -0.124397 0.935680 0.330193
vn -0.237410 0.936739 0.257211
vn 0.370989 0.887973 0.271792
vn 0.472213 0.823123 0.315409
vn -0.019300 0.910799 0.412399
vn -0.124397 0.935680 0.330193
vn -0.413183 0.861065 0.296388
vn -0.473393 0.834188 0.282896
vn -0.339422 0.895358 0.288319
vn -0.237410 0.936739 0.257211
vn -0.473393 0.834188 0.282896
vn -0.524705 0.739607 0.421504
vn -0.367805 0.748410 0.551907
vn -0.339422 0.895358 0.288319
vn -0.069002 0.741925 0.666923
vn 0.139799 0.896693 0.419997
vn -0.339422 0.895358 0.288319
vn -0.367805 0.748410 0.551907
vn 0.139799 0.896693 0.419997
vn 0.272499 0.928596 0.251899
vn -0.237410 0.936739 0.257211
vn -0.339422 0.895358 0.288319
vn -0.702524 0.650022 0.289710
vn -0.657630 0.686731 0.309714
vn -0.523798 0.792097 0.313399
vn -0.509586 0.796478 0.325491
vn -0.657630 0.686731 0.309714
vn -0.634395 0.684695 0.358797
vn -0.567398 0.726197 0.388198
vn -0.523798 0.792097 0.313399
vn -0.524705 0.739607 0.421504
vn -0.473393 0.834188 0.282896
vn -0.523798 0.792097 0.313399
vn -0.567398 0.726197 0.388198
vn -0.473393 0.834188 0.282896
vn -0.413183 0.861065 0.296388
vn -0.509586 0.796478 0.325491
vn -0.523798 0.792097 0.313399
vn 0.472213 0.823123 0.315409
vn 0.370989 0.887973 0.271792
vn 0.770573 0.597479 0.221892
vn 0.818612 0.535708 0.207103
vn 0.370989 0.887973 0.271792
vn 0.272499 0.928596 0.251899
vn 0.720284 0.629786 0.290794
vn 0.770573 0.597479 0.221892
vn 0.921073 0.211894 0.326690
vn 0.962911 0.199102 0.182102
vn 0.770573 0.597479 0.221892
vn 0.720284 0.629786 0.290794
vn 0.962911 0.199102 0.182102
vn 0.976737 0.173007 0.126705
vn 0.818612 0.535708 0.207103
vn 0.770573 0.597479 0.221892
vn 0.976737 0.173007 0.126705
vn 0.962911 0.199102 0.182102
vn 0.963799 -0.219200 0.151800
vn 0.972940 -0.212809 0.090004
vn 0.962911 0.199102 0.182102
vn 0.921073 0.211894 0.326690
vn 0.926114 -0.220203 0.306305
vn 0.963799 -0.219200 0.151800
vn 0.740314 -0.611812 0.278605
vn 0.793095 -0.595496 0.127999
vn 0.963799 -0.219200 0.151800
vn 0.926114 -0.220203 0.306305
vn 0.793095 -0.595496 0.127999
vn 0.810170 -0.582778 0.063198
vn 0.972940 -0.212809 0.090004
vn 0.963799 -0.219200 0.151800
vn 0.921073 0.211894 0.326690
vn 0.769872 0.205293 0.604278
vn 0.796615 -0.174303 0.578811
vn 0.926114 -0.220203 0.306305
vn 0.769872 0.205293 0.604278
vn 0.384782 0.156993 0.909558
vn 0.424611 -0.175404 0.888222
vn 0.796615 -0.174303 0.578811
vn 0.385393 -0.457092 0.801585
vn 0.599528 -0.569226 0.562626
vn 0.796615 -0.174303 0.578811
vn 0.424611 -0.175404 0.888222
vn 0.599528 -0.569226 0.562626
vn 0.740314 -0.611812 0.278605
vn 0.926114 -0.220203 0.306305
vn 0.796615 -0.174303 0.578811
vn 0.272499 0.928596 0.251899
vn 0.139799 0.896693 0.419997
vn 0.617099 0.593299 0.516899
vn 0.720284 0.629786 0.290794
vn 0.139799 0.896693 0.419997
vn -0.069002 0.741925 0.666923
vn 0.215991 0.513978 0.830165
vn 0.617099 0.593299 0.516899
vn 0.384782 0.156993 0.909558
vn 0.769872 0.205293 0.604278
vn 0.617099 0.593299 0.516899
vn 0.215991 0.513978 0.830165
vn 0.769872 0.205293 0.604278
vn 0.921073 0.211894 0.326690
vn 0.720284 0.629786 0.290794
vn 0.617099 0.593299 0.516899
vn 0.810170 -0.582778 0.063198
vn 0.793095 -0.595496 0.127999
vn 0.457982 -0.883665 0.096896
vn 0.486209 -0.873516 0.023900
vn 0.793095 -0.595496 0.127999
vn 0.740314 -0.611812 0.278605
vn 0.374990 -0.890377 0.258093
vn 0.457982 -0.883665 0.096896
vn -0.047500 -0.978295 0.201699
vn 0.005600 -0.998525 0.054001
vn 0.457982 -0.883665 0.096896
vn 0.374990 -0.890377 0.258093
vn 0.005600 -0.998525 0.054001
vn 0.019499 -0.999754 -0.010600
vn 0.486209 -0.873516 0.023900
vn 0.457982 -0.883665 0.096896
vn 0.019499 -0.999754 -0.010600
vn 0.005600 -0.998525 0.054001
vn -0.405906 -0.913914 -0.001600
vn -0.430521 -0.901944 -0.033902
vn 0.005600 -0.998525 0.054001
vn -0.047500 -0.978295 0.201699
vn -0.399695 -0.910989 0.101699
vn -0.405906 -0.913914 -0.001600
vn -0.681297 -0.731497 0.027300
vn -0.686705 -0.725705 -0.042300
vn -0.405906 -0.913914 -0.001600
vn -0.399695 -0.910989 0.101699
vn -0.686705 -0.725705 -0.042300
vn -0.711403 -0.701003 -0.050000
vn -0.430521 -0.901944 -0.033902
vn -0.405906 -0.913914 -0.001600
vn -0.047500 -0.978295 0.201699
vn -0.121702 -0.889611 0.440206
vn -0.381899 -0.876897 0.291899
vn -0.399695 -0.910989 0.101699
vn -0.121702 -0.889611 0.440206
vn -0.198991 -0.657870 0.726367
vn -0.443532 -0.692850 0.568541
vn -0.381899 -0.876897 0.291899
vn -0.650808 -0.655908 0.382405
vn -0.681302 -0.705302 0.195901
vn -0.381899 -0.876897 0.291899
vn -0.443532 -0.692850 0.568541
vn -0.681302 -0.705302 0.195901
vn -0.681297 -0.731497 0.027300
vn -0.399695 -0.910989 0.101699
vn -0.381899 -0.876897 0.291899
vn 0.740314 -0.611812 0.278605
vn 0.599528 -0.569226 0.562626
vn 0.223496 -0.826986 0.515891
vn 0.374990 -0.890377 0.258093
vn 0.599528 -0.569226 0.562626
vn 0.385393 -0.457092 0.801585
vn 0.080801 -0.581105 0.809807
vn 0.223496 -0.826986 0.515891
vn -0.198991 -0.657870 0.726367
vn -0.121702 -0.889611 0.440206
vn 0.223496 -0.826986 0.515891
vn 0.080801 -0.581105 0.809807
vn -0.121702 -0.889611 0.440206
vn -0.047500 -0.978295 0.201699
vn 0.374990 -0.890377 0.258093
vn 0.223496 -0.826986 0.515891
vn -0.205305 -0.923122 0.325108
vn -0.754591 -0.594493 0.277797
vn -0.935234 -0.291710 0.200607
vn -0.160002 -0.675908 0.719408
vn -0.754591 -0.594493 0.277797
vn -0.816786 -0.570190 0.087998
vn -0.951319 -0.301406 0.064401
vn -0.935234 -0.291710 0.200607
vn -0.996482 -0.073599 0.040099
vn -0.988229 -0.091903 0.122304
vn -0.935234 -0.291710 0.200607
vn -0.951319 -0.301406 0.064401
vn -0.988229 -0.091903 0.122304
vn -0.033901 -0.245007 0.968928
vn -0.160002 -0.675908 0.719408
vn -0.935234 -0.291710 0.200607
vn -0.033901 -0.245007 0.968928
vn -0.988229 -0.091903 0.122304
vn -0.969357 0.045598 0.241389
vn -0.238892 0.284390 0.928468
vn -0.988229 -0.091903 0.122304
vn -0.996482 -0.073599 0.040099
vn -0.982971 0.124896 0.134796
vn -0.969357 0.045598 0.241389
vn -0.883163 0.382584 0.271389
vn -0.860633 0.293811 0.415916
vn -0.969357 0.045598 0.241389
vn -0.982971 0.124896 0.134796
vn -0.860633 0.293811 0.415916
vn -0.414385 0.652377 0.634578
vn -0.238892 0.284390 0.928468
vn -0.969357 0.045598 0.241389
vn -0.996482 -0.073599 0.040099
vn -0.998198 -0.060000 0.000700
vn -0.978860 0.193592 0.065997
vn -0.982971 0.124896 0.134796
vn -0.998198 -0.060000 0.000700
vn -0.997875 -0.064798 0.006800
vn -0.977234 0.207007 0.046502
vn -0.978860 0.193592 0.065997
vn -0.856590 0.506294 0.099599
vn -0.867545 0.472225 0.156108
vn -0.978860 0.193592 0.065997
vn -0.977234 0.207007 0.046502
vn -0.867545 0.472225 0.156108
vn -0.883163 0.382584 0.271389
vn -0.982971 0.124896 0.134796
vn -0.978860 0.193592 0.065997
vn -0.816786 -0.570190 0.087998
vn -0.814691 -0.579594 -0.018700
vn -0.949986 -0.311796 -0.017600
vn -0.951319 -0.301406 0.064401
vn -0.814691 -0.579594 -0.018700
vn -0.802790 -0.594992 -0.038899
vn -0.947188 -0.319796 -0.023800
vn -0.949986 -0.311796 -0.017600
vn -0.997875 -0.064798 0.006800
vn -0.998198 -0.060000 0.000700
vn -0.949986 -0.311796 -0.017600
vn -0.947188 -0.319796 -0.023800
vn -0.998198 -0.060000 0.000700
vn -0.996482 -0.073599 0.040099
vn -0.951319 -0.301406 0.064401
vn -0.949986 -0.311796 -0.017600
vn -0.414385 0.652377 0.634578
vn -0.860633 0.293811 0.415916
vn -0.638340 0.617539 0.459529
vn -0.537813 0.710118 0.454411
vn -0.860633 0.293811 0.415916
vn -0.883163 0.382584 0.271389
vn -0.627693 0.676992 0.384296
vn -0.638340 0.617539 0.459529
vn -0.230199 0.864097 0.447599
vn -0.275393 0.804279 0.526587
vn -0.638340 0.617539 0.459529
vn -0.627693 0.676992 0.384296
vn -0.275393 0.804279 0.526587
vn -0.277211 0.832134 0.480320
vn -0.537813 0.710118 0.454411
vn -0.638340 0.617539 0.459529
vn -0.277211 0.832134 0.480320
vn -0.275393 0.804279 0.526587
vn 0.120098 0.825689 0.551193
vn -0.052002 0.853425 0.518615
vn -0.275393 0.804279 0.526587
vn -0.230199 0.864097 0.447599
vn 0.193309 0.866238 0.460720
vn 0.120098 0.825689 0.551193
vn 0.613412 0.681614 0.398908
vn 0.440987 0.631581 0.637681
vn 0.120098 0.825689 0.551193
vn 0.193309 0.866238 0.460720
vn 0.440987 0.631581 0.637681
vn -0.292089 0.714473 0.635776
vn -0.052002 0.853425 0.518615
vn 0.120098 0.825689 0.551193
vn -0.230199 0.864097 0.447599
vn -0.162594 0.943668 0.288190
vn 0.275296 0.914787 0.295596
vn 0.193309 0.866238 0.460720
vn -0.162594 0.943668 0.288190
vn -0.128703 0.971326 0.199905
vn 0.307985 0.927655 0.211190
vn 0.275296 0.914787 0.295596
vn 0.665269 0.721867 0.190591
vn 0.654180 0.713478 0.250992
vn 0.275296 0.914787 0.295596
vn 0.307985 0.927655 0.211190
vn 0.654180 0.713478 0.250992
vn 0.613412 0.681614 0.398908
vn 0.193309 0.866238 0.460720
vn 0.275296 0.914787 0.295596
vn -0.883163 0.382584 0.271389
vn -0.867545 0.472225 0.156108
vn -0.595804 0.766306 0.240402
vn -0.627693 0.676992 0.384296
vn -0.867545 0.472225 0.156108
vn -0.856590 0.506294 0.099599
vn -0.573278 0.803569 0.160094
vn -0.595804 0.766306 0.240402
vn -0.128703 0.971326 0.199905
vn -0.162594 0.943668 0.288190
vn -0.595804 0.766306 0.240402
vn -0.573278 0.803569 0.160094
vn -0.162594 0.943668 0.288190
vn -0.230199 0.864097 0.447599
vn -0.627693 0.676992 0.384296
vn -0.595804 0.766306 0.240402
vn -0.292089 0.714473 0.635776
vn 0.440987 0.631581 0.637681
vn 0.848516 0.307706 0.430508
vn -0.180502 0.402805 0.897311
vn 0.440987 0.631581 0.637681
vn 0.613412 0.681614 0.398908
vn 0.912925 0.348010 0.213206
vn 0.848516 0.307706 0.430508
vn 0.997175 0.018900 0.072698
vn 0.988425 0.018300 0.150604
vn 0.848516 0.307706 0.430508
vn 0.912925 0.348010 0.213206
vn 0.988425 0.018300 0.150604
vn 0.059198 -0.198195 0.978373
vn -0.180502 0.402805 0.897311
vn 0.848516 0.307706 0.430508
vn 0.059198 -0.198195 0.978373
vn 0.988425 0.018300 0.150604
vn 0.902375 -0.345790 0.257193
vn 0.090398 -0.745286 0.660588
vn 0.988425 0.018300 0.150604
vn 0.997175 0.018900 0.072698
vn 0.941615 -0.321405 0.100302
vn 0.902375 -0.345790 0.257193
vn 0.742827 -0.661324 0.104204
vn 0.582910 -0.759212 0.289505
vn 0.902375 -0.345790 0.257193
vn 0.941615 -0.321405 0.100302
vn 0.582910 -0.759212 0.289505
vn 0.037600 -0.964307 0.262102
vn 0.090398 -0.745286 0.660588
vn 0.902375 -0.345790 0.257193
vn 0.997175 0.018900 0.072698
vn 0.997457 0.020699 0.068197
vn 0.949104 -0.313301 0.032300
vn 0.941615 -0.321405 0.100302
vn 0.997457 0.020699 0.068197
vn 0.996155 0.029499 0.082496
vn 0.953608 -0.299303 0.032400
vn 0.949104 -0.313301 0.032300
vn 0.802091 -0.597193 0.003100
vn 0.790599 -0.612199 0.012900
vn 0.949104 -0.313301 0.032300
vn 0.953608 -0.299303 0.032400
vn 0.790599 -0.612199 0.012900
vn 0.742827 -0.661324 0.104204
vn 0.941615 -0.321405 0.100302
vn 0.949104 -0.313301 0.032300
vn 0.613412 0.681614 0.398908
vn 0.654180 0.713478 0.250992
vn 0.910861 0.383983 0.151293
vn 0.912925 0.348010 0.213206
vn 0.654180 0.713478 0.250992
vn 0.665269 0.721867 0.190591
vn 0.908666 0.393885 0.138495
vn 0.910861 0.383983 0.151293
vn 0.996155 0.029499 0.082496
vn 0.997457 0.020699 0.068197
vn 0.910861 0.383983 0.151293
vn 0.908666 0.393885 0.138495
vn 0.997457 0.020699 0.068197
vn 0.997175 0.018900 0.072698
vn 0.912925 0.348010 0.213206
vn 0.910861 0.383983 0.151293
vn 0.037600 -0.964307 0.262102
vn 0.582910 -0.759212 0.289505
vn 0.336698 -0.939596 0.061600
vn 0.155006 -0.985740 0.065503
vn 0.582910 -0.759212 0.289505
vn 0.742827 -0.661324 0.104204
vn 0.423196 -0.905691 0.025100
vn 0.336698 -0.939596 0.061600
vn -0.029400 -0.999093 -0.030800
vn -0.047099 -0.998878 0.004900
vn 0.336698 -0.939596 0.061600
vn 0.423196 -0.905691 0.025100
vn -0.047099 -0.998878 0.004900
vn -0.049001 -0.998113 0.037000
vn 0.155006 -0.985740 0.065503
vn 0.336698 -0.939596 0.061600
vn -0.049001 -0.998113 0.037000
vn -0.047099 -0.998878 0.004900
vn -0.472112 -0.877421 0.085102
vn -0.287498 -0.952494 0.100499
vn -0.047099 -0.998878 0.004900
vn -0.029400 -0.999093 -0.030800
vn -0.522022 -0.852635 0.022501
vn -0.472112 -0.877421 0.085102
vn -0.816786 -0.570190 0.087998
vn -0.754591 -0.594493 0.277797
vn -0.472112 -0.877421 0.085102
vn -0.522022 -0.852635 0.022501
vn -0.754591 -0.594493 0.277797
vn -0.205305 -0.923122 0.325108
vn -0.287498 -0.952494 0.100499
vn -0.472112 -0.877421 0.085102
vn -0.029400 -0.999093 -0.030800
vn 0.000200 -0.998789 -0.049199
vn -0.514373 -0.856755 -0.037298
vn -0.522022 -0.852635 0.022501
vn 0.000200 -0.998789 -0.049199
vn 0.013701 -0.999438 -0.030601
vn -0.493895 -0.868691 -0.038000
vn -0.514373 -0.856755 -0.037298
vn -0.802790 -0.594992 -0.038899
vn -0.814691 -0.579594 -0.018700
vn -0.514373 -0.856755 -0.037298
vn -0.493895 -0.868691 -0.038000
vn -0.814691 -0.579594 -0.018700
vn -0.816786 -0.570190 0.087998
vn -0.522022 -0.852635 0.022501
vn -0.514373 -0.856755 -0.037298
vn 0.742827 -0.661324 0.104204
vn 0.790599 -0.612199 0.012900
vn 0.489097 -0.871995 -0.020200
vn 0.423196 -0.905691 0.025100
vn 0.790599 -0.612199 0.012900
vn 0.802091 -0.597193 0.003100
vn 0.503026 -0.864145 -0.014801
vn 0.489097 -0.871995 -0.020200
vn 0.013701 -0.999438 -0.030601
vn 0.000200 -0.998789 -0.049199
vn 0.489097 -0.871995 -0.020200
vn 0.503026 -0.864145 -0.014801
vn 0.000200 -0.998789 -0.049199
vn -0.029400 -0.999093 -0.030800
vn 0.423196 -0.905691 0.025100
vn 0.489097 -0.871995 -0.020200
vn -0.289687 -0.572175 0.767266
vn -0.777990 -0.397195 0.486794
vn -0.920314 -0.192203 0.340705
vn -0.258101 -0.263801 0.929405
vn -0.777990 -0.397195 0.486794
vn -0.858436 -0.464519 0.217509
vn -0.965624 -0.227806 0.125203
vn -0.920314 -0.192203 0.340705
vn -0.993561 -0.106596 0.038398
vn -0.979212 -0.102901 0.174802
vn -0.920314 -0.192203 0.340705
vn -0.965624 -0.227806 0.125203
vn -0.979212 -0.102901 0.174802
vn -0.239991 -0.034499 0.970162
vn -0.258101 -0.263801 0.929405
vn -0.920314 -0.192203 0.340705
vn -0.239991 -0.034499 0.970162
vn -0.979212 -0.102901 0.174802
vn -0.981225 -0.020201 0.191805
vn -0.569713 0.204405 0.796019
vn -0.979212 -0.102901 0.174802
vn -0.993561 -0.106596 0.038398
vn -0.995840 0.001500 0.091104
vn -0.981225 -0.020201 0.191805
vn -0.946492 0.248598 0.205798
vn -0.920018 0.233105 0.315006
vn -0.981225 -0.020201 0.191805
vn -0.995840 0.001500 0.091104
vn -0.920018 0.233105 0.315006
vn -0.660328 0.563324 0.496621
vn -0.569713 0.204405 0.796019
vn -0.981225 -0.020201 0.191805
vn -0.993561 -0.106596 0.038398
vn -0.994506 -0.097301 -0.038600
vn -0.998790 0.042000 0.025600
vn -0.995840 0.001500 0.091104
vn -0.994506 -0.097301 -0.038600
vn -0.992903 -0.091800 -0.075600
vn -0.997072 0.074098 -0.018899
vn -0.998790 0.042000 0.025600
vn -0.953022 0.291107 0.083702
vn -0.952926 0.266607 0.144404
vn -0.998790 0.042000 0.025600
vn -0.997072 0.074098 -0.018899
vn -0.952926 0.266607 0.144404
vn -0.946492 0.248598 0.205798
vn -0.995840 0.001500 0.091104
vn -0.998790 0.042000 0.025600
vn -0.858436 -0.464519 0.217509
vn -0.853590 -0.518894 0.046199
vn -0.966513 -0.256403 -0.010500
vn -0.965624 -0.227806 0.125203
vn -0.853590 -0.518894 0.046199
vn -0.830113 -0.555809 -0.044601
vn -0.958065 -0.276590 -0.074897
vn -0.966513 -0.256403 -0.010500
vn -0.992903 -0.091800 -0.075600
vn -0.994506 -0.097301 -0.038600
vn -0.966513 -0.256403 -0.010500
vn -0.958065 -0.276590 -0.074897
vn -0.994506 -0.097301 -0.038600
vn -0.993561 -0.106596 0.038398
vn -0.965624 -0.227806 0.125203
vn -0.966513 -0.256403 -0.010500
vn -0.660328 0.563324 0.496621
vn -0.920018 0.233105 0.315006
vn -0.727487 0.615989 0.302194
vn -0.654687 0.697686 0.290894
vn -0.920018 0.233105 0.315006
vn -0.946492 0.248598 0.205798
vn -0.745065 0.597572 0.296286
vn -0.727487 0.615989 0.302194
vn -0.330386 0.862963 0.382283
vn -0.362612 0.850629 0.380713
vn -0.727487 0.615989 0.302194
vn -0.745065 0.597572 0.296286
vn -0.362612 0.850629 0.380713
vn -0.408419 0.839440 0.358517
vn -0.654687 0.697686 0.290894
vn -0.727487 0.615989 0.302194
vn -0.408419 0.839440 0.358517
vn -0.362612 0.850629 0.380713
vn 0.094704 0.879533 0.466318
vn -0.164807 0.881435 0.442618
vn -0.362612 0.850629 0.380713
vn -0.330386 0.862963 0.382283
vn 0.174497 0.873387 0.454693
vn 0.094704 0.879533 0.466318
vn 0.636929 0.649230 0.415719
vn 0.473908 0.623310 0.622010
vn 0.094704 0.879533 0.466318
vn 0.174497 0.873387 0.454693
vn 0.473908 0.623310 0.622010
vn -0.566466 0.593465 0.571766
vn -0.164807 0.881435 0.442618
vn 0.094704 0.879533 0.466318
vn -0.330386 0.862963 0.382283
vn -0.329486 0.873662 0.357985
vn 0.212202 0.885008 0.414404
vn 0.174497 0.873387 0.454693
vn -0.329486 0.873662 0.357985
vn -0.337498 0.889096 0.309198
vn 0.221393 0.905870 0.361088
vn 0.212202 0.885008 0.414404
vn 0.655966 0.693264 0.298485
vn 0.656211 0.667811 0.351306
vn 0.212202 0.885008 0.414404
vn 0.221393 0.905870 0.361088
vn 0.656211 0.667811 0.351306
vn 0.636929 0.649230 0.415719
vn 0.174497 0.873387 0.454693
vn 0.212202 0.885008 0.414404
vn -0.946492 0.248598 0.205798
vn -0.952926 0.266607 0.144404
vn -0.766800 0.591200 0.250000
vn -0.745065 0.597572 0.296286
vn -0.952926 0.266607 0.144404
vn -0.953022 0.291107 0.083702
vn -0.780295 0.596296 0.188599
vn -0.766800 0.591200 0.250000
vn -0.337498 0.889096 0.309198
vn -0.329486 0.873662 0.357985
vn -0.766800 0.591200 0.250000
vn -0.780295 0.596296 0.188599
vn -0.329486 0.873662 0.357985
vn -0.330386 0.862963 0.382283
vn -0.745065 0.597572 0.296286
vn -0.766800 0.591200 0.250000
vn -0.566466 0.593465 0.571766
vn 0.473908 0.623310 0.622010
vn 0.880430 0.284010 0.379713
vn -0.308995 0.239996 0.920285
vn 0.473908 0.623310 0.622010
vn 0.636929 0.649230 0.415719
vn 0.915716 0.318106 0.245504
vn 0.880430 0.284010 0.379713
vn 0.994114 0.024200 0.105601
vn 0.985425 0.001500 0.170104
vn 0.880430 0.284010 0.379713
vn 0.915716 0.318106 0.245504
vn 0.985425 0.001500 0.170104
vn -0.127695 -0.132195 0.982964
vn -0.308995 0.239996 0.920285
vn 0.880430 0.284010 0.379713
vn -0.127695 -0.132195 0.982964
vn 0.985425 0.001500 0.170104
vn 0.904350 -0.326482 0.274885
vn -0.207007 -0.461915 0.862428
vn 0.985425 0.001500 0.170104
vn 0.994114 0.024200 0.105601
vn 0.959720 -0.269506 0.079402
vn 0.904350 -0.326482 0.274885
vn 0.789307 -0.606605 0.095001
vn 0.608986 -0.702284 0.368692
vn 0.904350 -0.326482 0.274885
vn 0.959720 -0.269506 0.079402
vn 0.608986 -0.702284 0.368692
vn -0.249999 -0.833398 0.492899
vn -0.207007 -0.461915 0.862428
vn 0.904350 -0.326482 0.274885
vn 0.994114 0.024200 0.105601
vn 0.994968 0.035499 0.093697
vn 0.965027 -0.260807 0.026501
vn 0.959720 -0.269506 0.079402
vn 0.994968 0.035499 0.093697
vn 0.995884 0.050599 0.075199
vn 0.967966 -0.250991 -0.006800
vn 0.965027 -0.260807 0.026501
vn 0.824329 -0.564020 -0.048602
vn 0.820854 -0.571138 -0.000600
vn 0.965027 -0.260807 0.026501
vn 0.967966 -0.250991 -0.006800
vn 0.820854 -0.571138 -0.000600
vn 0.789307 -0.606605 0.095001
vn 0.959720 -0.269506 0.079402
vn 0.965027 -0.260807 0.026501
vn 0.636929 0.649230 0.415719
vn 0.656211 0.667811 0.351306
vn 0.913112 0.347705 0.212903
vn 0.915716 0.318106 0.245504
vn 0.656211 0.667811 0.351306
vn 0.655966 0.693264 0.298485
vn 0.909523 0.372409 0.184605
vn 0.913112 0.347705 0.212903
vn 0.995884 0.050599 0.075199
vn 0.994968 0.035499 0.093697
vn 0.913112 0.347705 0.212903
vn 0.909523 0.372409 0.184605
vn 0.994968 0.035499 0.093697
vn 0.994114 0.024200 0.105601
vn 0.915716 0.318106 0.245504
vn 0.913112 0.347705 0.212903
vn -0.249999 -0.833398 0.492899
vn 0.608986 -0.702284 0.368692
vn 0.379304 -0.919610 0.102201
vn 0.159602 -0.978611 0.129801
vn 0.608986 -0.702284 0.368692
vn 0.789307 -0.606605 0.095001
vn 0.456590 -0.887181 0.066599
vn 0.379304 -0.919610 0.102201
vn -0.039901 -0.995733 0.083203
vn -0.097499 -0.982192 0.160599
vn 0.379304 -0.919610 0.102201
vn 0.456590 -0.887181 0.066599
vn -0.097499 -0.982192 0.160599
vn -0.112901 -0.972710 0.202702
vn 0.159602 -0.978611 0.129801
vn 0.379304 -0.919610 0.102201
vn -0.112901 -0.972710 0.202702
vn -0.097499 -0.982192 0.160599
vn -0.570883 -0.743777 0.347689
vn -0.444579 -0.776363 0.446779
vn -0.097499 -0.982192 0.160599
vn -0.039901 -0.995733 0.083203
vn -0.578529 -0.792740 0.192010
vn -0.570883 -0.743777 0.347689
vn -0.858436 -0.464519 0.217509
vn -0.777990 -0.397195 0.486794
vn -0.570883 -0.743777 0.347689
vn -0.578529 -0.792740 0.192010
vn -0.777990 -0.397195 0.486794
vn -0.289687 -0.572175 0.767266
vn -0.444579 -0.776363 0.446779
vn -0.570883 -0.743777 0.347689
vn -0.039901 -0.995733 0.083203
vn -0.008500 -0.999882 0.012800
vn -0.550193 -0.833090 0.056999
vn -0.578529 -0.792740 0.192010
vn -0.008500 -0.999882 0.012800
vn -0.009600 -0.999597 -0.026700
vn -0.519999 -0.853998 -0.017000
vn -0.550193 -0.833090 0.056999
vn -0.830113 -0.555809 -0.044601
vn -0.853590 -0.518894 0.046199
vn -0.550193 -0.833090 0.056999
vn -0.519999 -0.853998 -0.017000
vn -0.853590 -0.518894 0.046199
vn -0.858436 -0.464519 0.217509
vn -0.578529 -0.792740 0.192010
vn -0.550193 -0.833090 0.056999
vn 0.789307 -0.606605 0.095001
vn 0.820854 -0.571138 -0.000600
vn 0.506987 -0.861878 -0.011400
vn 0.456590 -0.887181 0.066599
vn 0.820854 -0.571138 -0.000600
vn 0.824329 -0.564020 -0.048602
vn 0.503700 -0.862300 -0.052200
vn 0.506987 -0.861878 -0.011400
vn -0.009600 -0.999597 -0.026700
vn -0.008500 -0.999882 0.012800
vn 0.506987 -0.861878 -0.011400
vn 0.503700 -0.862300 -0.052200
vn -0.008500 -0.999882 0.012800
vn -0.039901 -0.995733 0.083203
vn 0.456590 -0.887181 0.066599
vn 0.506987 -0.861878 -0.011400
vn -0.802790 -0.594992 -0.038899
vn -0.794996 -0.606497 -0.012000
vn -0.945022 -0.327007 -0.000700
vn -0.947188 -0.319796 -0.023800
vn -0.794996 -0.606497 -0.012000
vn -0.786525 -0.617420 0.013100
vn -0.943433 -0.331412 0.010000
vn -0.945022 -0.327007 -0.000700
vn -0.997370 -0.066298 0.029299
vn -0.996887 -0.074499 0.025800
vn -0.945022 -0.327007 -0.000700
vn -0.943433 -0.331412 0.010000
vn -0.996887 -0.074499 0.025800
vn -0.997875 -0.064798 0.006800
vn -0.947188 -0.319796 -0.023800
vn -0.945022 -0.327007 -0.000700
vn -0.997875 -0.064798 0.006800
vn -0.996887 -0.074499 0.025800
vn -0.979402 0.192100 0.062200
vn -0.977234 0.207007 0.046502
vn -0.996887 -0.074499 0.025800
vn -0.997370 -0.066298 0.029299
vn -0.976151 0.194810 0.095805
vn -0.979402 0.192100 0.062200
vn -0.858426 0.474914 0.193806
vn -0.860405 0.496903 0.113101
vn -0.979402 0.192100 0.062200
vn -0.976151 0.194810 0.095805
vn -0.860405 0.496903 0.113101
vn -0.856590 0.506294 0.099599
vn -0.977234 0.207007 0.046502
vn -0.979402 0.192100 0.062200
vn -0.997370 -0.066298 0.029299
vn -0.999314 -0.027700 0.024600
vn -0.953591 0.268997 0.135299
vn -0.976151 0.194810 0.095805
vn -0.999314 -0.027700 0.024600
vn -0.999111 0.038800 0.016500
vn -0.900342 0.410419 0.144707
vn -0.953591 0.268997 0.135299
vn -0.727496 0.614097 0.305998
vn -0.814721 0.504013 0.286707
vn -0.953591 0.268997 0.135299
vn -0.900342 0.410419 0.144707
vn -0.814721 0.504013 0.286707
vn -0.858426 0.474914 0.193806
vn -0.976151 0.194810 0.095805
vn -0.953591 0.268997 0.135299
vn -0.786525 -0.617420 0.013100
vn -0.772900 -0.633900 0.028200
vn -0.938887 -0.344095 0.009500
vn -0.943433 -0.331412 0.010000
vn -0.772900 -0.633900 0.028200
vn -0.761605 -0.647604 0.023800
vn -0.935922 -0.352208 0.000200
vn -0.938887 -0.344095 0.009500
vn -0.999111 0.038800 0.016500
vn -0.999314 -0.027700 0.024600
vn -0.938887 -0.344095 0.009500
vn -0.935922 -0.352208 0.000200
vn -0.999314 -0.027700 0.024600
vn -0.997370 -0.066298 0.029299
vn -0.943433 -0.331412 0.010000
vn -0.938887 -0.344095 0.009500
vn -0.856590 0.506294 0.099599
vn -0.860405 0.496903 0.113101
vn -0.575408 0.799011 0.174603
vn -0.573278 0.803569 0.160094
vn -0.860405 0.496903 0.113101
vn -0.858426 0.474914 0.193806
vn -0.588169 0.754961 0.289985
vn -0.575408 0.799011 0.174603
vn -0.162697 0.924583 0.344494
vn -0.128197 0.967674 0.217194
vn -0.575408 0.799011 0.174603
vn -0.588169 0.754961 0.289985
vn -0.128197 0.967674 0.217194
vn -0.128703 0.971326 0.199905
vn -0.573278 0.803569 0.160094
vn -0.575408 0.799011 0.174603
vn -0.128703 0.971326 0.199905
vn -0.128197 0.967674 0.217194
vn 0.312394 0.923481 0.222695
vn 0.307985 0.927655 0.211190
vn -0.128197 0.967674 0.217194
vn -0.162697 0.924583 0.344494
vn 0.280392 0.904873 0.320290
vn 0.312394 0.923481 0.222695
vn 0.638818 0.718221 0.275808
vn 0.661512 0.720713 0.207304
vn 0.312394 0.923481 0.222695
vn 0.280392 0.904873 0.320290
vn 0.661512 0.720713 0.207304
vn 0.665269 0.721867 0.190591
vn 0.307985 0.927655 0.211190
vn 0.312394 0.923481 0.222695
vn -0.162697 0.924583 0.344494
vn -0.215692 0.859669 0.463083
vn 0.194904 0.887618 0.417309
vn 0.280392 0.904873 0.320290
vn -0.215692 0.859669 0.463083
vn -0.263498 0.850294 0.455597
vn 0.081804 0.904239 0.419118
vn 0.194904 0.887618 0.417309
vn 0.507204 0.784906 0.355903
vn 0.583401 0.735501 0.344501
vn 0.194904 0.887618 0.417309
vn 0.081804 0.904239 0.419118
vn 0.583401 0.735501 0.344501
vn 0.638818 0.718221 0.275808
vn 0.280392 0.904873 0.320290
vn 0.194904 0.887618 0.417309
vn -0.858426 0.474914 0.193806
vn -0.814721 0.504013 0.286707
vn -0.568994 0.714392 0.407296
vn -0.588169 0.754961 0.289985
vn -0.814721 0.504013 0.286707
vn -0.727496 0.614097 0.305998
vn -0.516003 0.750005 0.413803
vn -0.568994 0.714392 0.407296
vn -0.263498 0.850294 0.455597
vn -0.215692 0.859669 0.463083
vn -0.568994 0.714392 0.407296
vn -0.516003 0.750005 0.413803
vn -0.215692 0.859669 0.463083
vn -0.162697 0.924583 0.344494
vn -0.588169 0.754961 0.289985
vn -0.568994 0.714392 0.407296
vn 0.665269 0.721867 0.190591
vn 0.661512 0.720713 0.207304
vn 0.901313 0.400306 0.165502
vn 0.908666 0.393885 0.138495
vn 0.661512 0.720713 0.207304
vn 0.638818 0.718221 0.275808
vn 0.885289 0.410195 0.219097
vn 0.901313 0.400306 0.165502
vn 0.986651 0.051197 0.154592
vn 0.992907 0.039900 0.112001
vn 0.901313 0.400306 0.165502
vn 0.885289 0.410195 0.219097
vn 0.992907 0.039900 0.112001
vn 0.996155 0.029499 0.082496
vn 0.908666 0.393885 0.138495
vn 0.901313 0.400306 0.165502
vn 0.996155 0.029499 0.082496
vn 0.992907 0.039900 0.112001
vn 0.953278 -0.294593 0.066898
vn 0.953608 -0.299303 0.032400
vn 0.992907 0.039900 0.112001
vn 0.986651 0.051197 0.154592
vn 0.949171 -0.294691 0.110597
vn 0.953278 -0.294593 0.066898
vn 0.788390 -0.608792 0.088399
vn 0.798104 -0.601103 0.041300
vn 0.953278 -0.294593 0.066898
vn 0.949171 -0.294691 0.110597
vn 0.798104 -0.601103 0.041300
vn 0.802091 -0.597193 0.003100
vn 0.953608 -0.299303 0.032400
vn 0.953278 -0.294593 0.066898
vn 0.986651 0.051197 0.154592
vn 0.978251 0.066103 0.196610
vn 0.940468 -0.302690 0.154595
vn 0.949171 -0.294691 0.110597
vn 0.978251 0.066103 0.196610
vn 0.971040 0.082803 0.224109
vn 0.927824 -0.320108 0.191505
vn 0.940468 -0.302690 0.154595
vn 0.748722 -0.639119 0.175905
vn 0.771407 -0.621705 0.135701
vn 0.940468 -0.302690 0.154595
vn 0.927824 -0.320108 0.191505
vn 0.771407 -0.621705 0.135701
vn 0.788390 -0.608792 0.088399
vn 0.949171 -0.294691 0.110597
vn 0.940468 -0.302690 0.154595
vn 0.638818 0.718221 0.275808
vn 0.583401 0.735501 0.344501
vn 0.857803 0.437101 0.270401
vn 0.885289 0.410195 0.219097
vn 0.583401 0.735501 0.344501
vn 0.507204 0.784906 0.355903
vn 0.826279 0.484188 0.287793
vn 0.857803 0.437101 0.270401
vn 0.971040 0.082803 0.224109
vn 0.978251 0.066103 0.196610
vn 0.857803 0.437101 0.270401
vn 0.826279 0.484188 0.287793
vn 0.978251 0.066103 0.196610
vn 0.986651 0.051197 0.154592
vn 0.885289 0.410195 0.219097
vn 0.857803 0.437101 0.270401
vn 0.802091 -0.597193 0.003100
vn 0.798104 -0.601103 0.041300
vn 0.495789 -0.868080 0.025099
vn 0.503026 -0.864145 -0.014801
vn 0.798104 -0.601103 0.041300
vn 0.788390 -0.608792 0.088399
vn 0.482988 -0.872678 0.071798
vn 0.495789 -0.868080 0.025099
vn 0.010400 -0.998577 0.052299
vn 0.013199 -0.999862 0.010100
vn 0.495789 -0.868080 0.025099
vn 0.482988 -0.872678 0.071798
vn 0.013199 -0.999862 0.010100
vn 0.013701 -0.999438 -0.030601
vn 0.503026 -0.864145 -0.014801
vn 0.495789 -0.868080 0.025099
vn 0.013701 -0.999438 -0.030601
vn 0.013199 -0.999862 0.010100
vn -0.483668 -0.875241 -0.004300
vn -0.493895 -0.868691 -0.038000
vn 0.013199 -0.999862 0.010100
vn 0.010400 -0.998577 0.052299
vn -0.473783 -0.880168 0.028899
vn -0.483668 -0.875241 -0.004300
vn -0.786525 -0.617420 0.013100
vn -0.794996 -0.606497 -0.012000
vn -0.483668 -0.875241 -0.004300
vn -0.473783 -0.880168 0.028899
vn -0.794996 -0.606497 -0.012000
vn -0.802790 -0.594992 -0.038899
vn -0.493895 -0.868691 -0.038000
vn -0.483668 -0.875241 -0.004300
vn 0.010400 -0.998577 0.052299
vn 0.008200 -0.996016 0.088801
vn -0.462382 -0.885066 0.053498
vn -0.473783 -0.880168 0.028899
vn 0.008200 -0.996016 0.088801
vn 0.006100 -0.993565 0.113096
vn -0.452098 -0.889797 0.062200
vn -0.462382 -0.885066 0.053498
vn -0.761605 -0.647604 0.023800
vn -0.772900 -0.633900 0.028200
vn -0.462382 -0.885066 0.053498
vn -0.452098 -0.889797 0.062200
vn -0.772900 -0.633900 0.028200
vn -0.786525 -0.617420 0.013100
vn -0.473783 -0.880168 0.028899
vn -0.462382 -0.885066 0.053498
vn 0.788390 -0.608792 0.088399
vn 0.771407 -0.621705 0.135701
vn 0.466512 -0.876822 0.116403
vn 0.482988 -0.872678 0.071798
vn 0.771407 -0.621705 0.135701
vn 0.748722 -0.639119 0.175905
vn 0.448520 -0.880838 0.151507
vn 0.466512 -0.876822 0.116403
vn 0.006100 -0.993565 0.113096
vn 0.008200 -0.996016 0.088801
vn 0.466512 -0.876822 0.116403
vn 0.448520 -0.880838 0.151507
vn 0.008200 -0.996016 0.088801
vn 0.010400 -0.998577 0.052299
vn 0.482988 -0.872678 0.071798
vn 0.466512 -0.876822 0.116403
vn -0.830113 -0.555809 -0.044601
vn -0.804632 -0.587424 -0.086603
vn -0.949099 -0.296500 -0.106300
vn -0.958065 -0.276590 -0.074897
vn -0.804632 -0.587424 -0.086603
vn -0.767808 -0.629607 -0.118601
vn -0.935827 -0.325909 -0.134204
vn -0.949099 -0.296500 -0.106300
vn -0.987244 -0.108405 -0.116605
vn -0.990836 -0.094603 -0.096404
vn -0.949099 -0.296500 -0.106300
vn -0.935827 -0.325909 -0.134204
vn -0.990836 -0.094603 -0.096404
vn -0.992903 -0.091800 -0.075600
vn -0.958065 -0.276590 -0.074897
vn -0.949099 -0.296500 -0.106300
vn -0.992903 -0.091800 -0.075600
vn -0.990836 -0.094603 -0.096404
vn -0.994524 0.091502 -0.050501
vn -0.997072 0.074098 -0.018899
vn -0.990836 -0.094603 -0.096404
vn -0.987244 -0.108405 -0.116605
vn -0.992766 0.093597 -0.075197
vn -0.994524 0.091502 -0.050501
vn -0.943672 0.330790 0.007800
vn -0.949457 0.311986 0.034598
vn -0.994524 0.091502 -0.050501
vn -0.992766 0.093597 -0.075197
vn -0.949457 0.311986 0.034598
vn -0.953022 0.291107 0.083702
vn -0.997072 0.074098 -0.018899
vn -0.994524 0.091502 -0.050501
vn -0.987244 -0.108405 -0.116605
vn -0.980674 -0.141996 -0.134596
vn -0.993353 0.076504 -0.086005
vn -0.992766 0.093597 -0.075197
vn -0.980674 -0.141996 -0.134596
vn -0.974244 -0.181508 -0.133806
vn -0.995648 0.065597 -0.066197
vn -0.993353 0.076504 -0.086005
vn -0.925209 0.369303 0.087201
vn -0.936297 0.350599 0.020700
vn -0.993353 0.076504 -0.086005
vn -0.995648 0.065597 -0.066197
vn -0.936297 0.350599 0.020700
vn -0.943672 0.330790 0.007800
vn -0.992766 0.093597 -0.075197
vn -0.993353 0.076504 -0.086005
vn -0.767808 -0.629607 -0.118601
vn -0.706811 -0.694710 -0.133402
vn -0.910320 -0.384308 -0.153703
vn -0.935827 -0.325909 -0.134204
vn -0.706811 -0.694710 -0.133402
vn -0.649795 -0.752094 -0.110099
vn -0.878533 -0.456917 -0.139305
vn -0.910320 -0.384308 -0.153703
vn -0.974244 -0.181508 -0.133806
vn -0.980674 -0.141996 -0.134596
vn -0.910320 -0.384308 -0.153703
vn -0.878533 -0.456917 -0.139305
vn -0.980674 -0.141996 -0.134596
vn -0.987244 -0.108405 -0.116605
vn -0.935827 -0.325909 -0.134204
vn -0.910320 -0.384308 -0.153703
vn -0.953022 0.291107 0.083702
vn -0.949457 0.311986 0.034598
vn -0.788417 0.597613 0.145803
vn -0.780295 0.596296 0.188599
vn -0.949457 0.311986 0.034598
vn -0.943672 0.330790 0.007800
vn -0.794994 0.586296 0.155699
vn -0.788417 0.597613 0.145803
vn -0.413286 0.844871 0.339688
vn -0.360187 0.887768 0.286590
vn -0.788417 0.597613 0.145803
vn -0.794994 0.586296 0.155699
vn -0.360187 0.887768 0.286590
vn -0.337498 0.889096 0.309198
vn -0.780295 0.596296 0.188599
vn -0.788417 0.597613 0.145803
vn -0.337498 0.889096 0.309198
vn -0.360187 0.887768 0.286590
vn 0.202002 0.917208 0.343403
vn 0.221393 0.905870 0.361088
vn -0.360187 0.887768 0.286590
vn -0.413286 0.844871 0.339688
vn 0.133298 0.903787 0.406694
vn 0.202002 0.917208 0.343403
vn 0.595769 0.729963 0.334983
vn 0.639916 0.713917 0.284307
vn 0.202002 0.917208 0.343403
vn 0.133298 0.903787 0.406694
vn 0.639916 0.713917 0.284307
vn 0.655966 0.693264 0.298485
vn 0.221393 0.905870 0.361088
vn 0.202002 0.917208 0.343403
vn -0.413286 0.844871 0.339688
vn -0.445188 0.786478 0.428088
vn 0.054301 0.870418 0.489310
vn 0.133298 0.903787 0.406694
vn -0.445188 0.786478 0.428088
vn -0.467189 0.729483 0.499588
vn -0.036599 0.844383 0.534489
vn 0.054301 0.870418 0.489310
vn 0.424807 0.788414 0.444908
vn 0.526403 0.748604 0.403102
vn 0.054301 0.870418 0.489310
vn -0.036599 0.844383 0.534489
vn 0.526403 0.748604 0.403102
vn 0.595769 0.729963 0.334983
vn 0.133298 0.903787 0.406694
vn 0.054301 0.870418 0.489310
vn -0.943672 0.330790 0.007800
vn -0.936297 0.350599 0.020700
vn -0.779011 0.587408 0.219303
vn -0.794994 0.586296 0.155699
vn -0.936297 0.350599 0.020700
vn -0.925209 0.369303 0.087201
vn -0.746453 0.586063 0.315180
vn -0.779011 0.587408 0.219303
vn -0.467189 0.729483 0.499588
vn -0.445188 0.786478 0.428088
vn -0.779011 0.587408 0.219303
vn -0.746453 0.586063 0.315180
vn -0.445188 0.786478 0.428088
vn -0.413286 0.844871 0.339688
vn -0.794994 0.586296 0.155699
vn -0.779011 0.587408 0.219303
vn 0.655966 0.693264 0.298485
vn 0.639916 0.713917 0.284307
vn 0.902889 0.393395 0.173298
vn 0.909523 0.372409 0.184605
vn 0.639916 0.713917 0.284307
vn 0.595769 0.729963 0.334983
vn 0.888503 0.417001 0.191501
vn 0.902889 0.393395 0.173298
vn 0.994372 0.080998 0.068298
vn 0.995751 0.066797 0.063397
vn 0.902889 0.393395 0.173298
vn 0.888503 0.417001 0.191501
vn 0.995751 0.066797 0.063397
vn 0.995884 0.050599 0.075199
vn 0.909523 0.372409 0.184605
vn 0.902889 0.393395 0.173298
vn 0.995884 0.050599 0.075199
vn 0.995751 0.066797 0.063397
vn 0.968526 -0.248107 -0.020001
vn 0.967966 -0.250991 -0.006800
vn 0.995751 0.066797 0.063397
vn 0.994372 0.080998 0.068298
vn 0.965770 -0.259192 -0.010400
vn 0.968526 -0.248107 -0.020001
vn 0.792517 -0.607713 -0.051001
vn 0.814317 -0.577012 -0.062801
vn 0.968526 -0.248107 -0.020001
vn 0.965770 -0.259192 -0.010400
vn 0.814317 -0.577012 -0.062801
vn 0.824329 -0.564020 -0.048602
vn 0.967966 -0.250991 -0.006800
vn 0.968526 -0.248107 -0.020001
vn 0.994372 0.080998 0.068298
vn 0.991383 0.101998 0.082199
vn 0.961889 -0.273397 0.004900
vn 0.965770 -0.259192 -0.010400
vn 0.991383 0.101998 0.082199
vn 0.984515 0.143702 0.100402
vn 0.959883 -0.279995 0.015100
vn 0.961889 -0.273397 0.004900
vn 0.760412 -0.648811 -0.028600
vn 0.772716 -0.633813 -0.034501
vn 0.961889 -0.273397 0.004900
vn 0.959883 -0.279995 0.015100
vn 0.772716 -0.633813 -0.034501
vn 0.792517 -0.607713 -0.051001
vn 0.965770 -0.259192 -0.010400
vn 0.961889 -0.273397 0.004900
vn 0.595769 0.729963 0.334983
vn 0.526403 0.748604 0.403102
vn 0.858456 0.459676 0.227488
vn 0.888503 0.417001 0.191501
vn 0.526403 0.748604 0.403102
vn 0.424807 0.788414 0.444908
vn 0.799965 0.537277 0.267188
vn 0.858456 0.459676 0.227488
vn 0.984515 0.143702 0.100402
vn 0.991383 0.101998 0.082199
vn 0.858456 0.459676 0.227488
vn 0.799965 0.537277 0.267188
vn 0.991383 0.101998 0.082199
vn 0.994372 0.080998 0.068298
vn 0.888503 0.417001 0.191501
vn 0.858456 0.459676 0.227488
vn 0.824329 -0.564020 -0.048602
vn 0.814317 -0.577012 -0.062801
vn 0.480507 -0.874413 -0.067201
vn 0.503700 -0.862300 -0.052200
vn 0.814317 -0.577012 -0.062801
vn 0.792517 -0.607713 -0.051001
vn 0.447485 -0.892070 -0.062998
vn 0.480507 -0.874413 -0.067201
vn -0.013400 -0.998102 -0.060100
vn -0.014900 -0.998707 -0.048600
vn 0.480507 -0.874413 -0.067201
vn 0.447485 -0.892070 -0.062998
vn -0.014900 -0.998707 -0.048600
vn -0.009600 -0.999597 -0.026700
vn 0.503700 -0.862300 -0.052200
vn 0.480507 -0.874413 -0.067201
vn -0.009600 -0.999597 -0.026700
vn -0.014900 -0.998707 -0.048600
vn -0.490788 -0.869678 -0.052799
vn -0.519999 -0.853998 -0.017000
vn -0.014900 -0.998707 -0.048600
vn -0.013400 -0.998102 -0.060100
vn -0.447713 -0.890725 -0.078502
vn -0.490788 -0.869678 -0.052799
vn -0.767808 -0.629607 -0.118601
vn -0.804632 -0.587424 -0.086603
vn -0.490788 -0.869678 -0.052799
vn -0.447713 -0.890725 -0.078502
vn -0.804632 -0.587424 -0.086603
vn -0.830113 -0.555809 -0.044601
vn -0.519999 -0.853998 -0.017000
vn -0.490788 -0.869678 -0.052799
vn -0.013400 -0.998102 -0.060100
vn 0.008400 -0.997966 -0.063198
vn -0.383309 -0.919322 -0.089002
vn -0.447713 -0.890725 -0.078502
vn 0.008400 -0.997966 -0.063198
vn 0.023699 -0.997965 -0.059198
vn -0.337217 -0.938346 -0.076104
vn -0.383309 -0.919322 -0.089002
vn -0.649795 -0.752094 -0.110099
vn -0.706811 -0.694710 -0.133402
vn -0.383309 -0.919322 -0.089002
vn -0.337217 -0.938346 -0.076104
vn -0.706811 -0.694710 -0.133402
vn -0.767808 -0.629607 -0.118601
vn -0.447713 -0.890725 -0.078502
vn -0.383309 -0.919322 -0.089002
vn 0.792517 -0.607713 -0.051001
vn 0.772716 -0.633813 -0.034501
vn 0.428476 -0.901950 -0.053797
vn 0.447485 -0.892070 -0.062998
vn 0.772716 -0.633813 -0.034501
vn 0.760412 -0.648811 -0.028600
vn 0.418589 -0.906776 -0.050399
vn 0.428476 -0.901950 -0.053797
vn 0.023699 -0.997965 -0.059198
vn 0.008400 -0.997966 -0.063198
vn 0.428476 -0.901950 -0.053797
vn 0.418589 -0.906776 -0.050399
vn 0.008400 -0.997966 -0.063198
vn -0.013400 -0.998102 -0.060100
vn 0.447485 -0.892070 -0.062998
vn 0.428476 -0.901950 -0.053797
vn -0.761605 -0.647604 0.023800
vn -0.762415 -0.646613 0.024800
vn -0.941215 -0.337805 -0.001200
vn -0.935922 -0.352208 0.000200
vn -0.762415 -0.646613 0.024800
vn -0.773697 -0.629497 0.071600
vn -0.951348 -0.306315 0.033302
vn -0.941215 -0.337805 -0.001200
vn -0.978051 0.205911 0.031902
vn -0.991883 0.126498 0.012900
vn -0.941215 -0.337805 -0.001200
vn -0.951348 -0.306315 0.033302
vn -0.991883 0.126498 0.012900
vn -0.999111 0.038800 0.016500
vn -0.935922 -0.352208 0.000200
vn -0.941215 -0.337805 -0.001200
vn -0.999111 0.038800 0.016500
vn -0.991883 0.126498 0.012900
vn -0.813190 0.568593 0.124198
vn -0.900342 0.410419 0.144707
vn -0.991883 0.126498 0.012900
vn -0.978051 0.205911 0.031902
vn -0.717091 0.692092 0.082399
vn -0.813190 0.568593 0.124198
vn -0.487080 0.858465 0.160594
vn -0.611524 0.746830 0.261310
vn -0.813190 0.568593 0.124198
vn -0.717091 0.692092 0.082399
vn -0.611524 0.746830 0.261310
vn -0.727496 0.614097 0.305998
vn -0.900342 0.410419 0.144707
vn -0.813190 0.568593 0.124198
vn -0.978051 0.205911 0.031902
vn -0.965556 0.229290 0.122994
vn -0.700794 0.709494 0.074199
vn -0.717091 0.692092 0.082399
vn -0.965556 0.229290 0.122994
vn -0.913680 0.195196 0.356492
vn -0.716256 0.658360 0.231386
vn -0.700794 0.709494 0.074199
vn -0.491684 0.867372 0.076897
vn -0.446516 0.892331 0.066102
vn -0.700794 0.709494 0.074199
vn -0.716256 0.658360 0.231386
vn -0.446516 0.892331 0.066102
vn -0.487080 0.858465 0.160594
vn -0.717091 0.692092 0.082399
vn -0.700794 0.709494 0.074199
vn -0.773697 -0.629497 0.071600
vn -0.792077 -0.573784 0.208294
vn -0.956566 -0.255591 0.140195
vn -0.951348 -0.306315 0.033302
vn -0.792077 -0.573784 0.208294
vn -0.795574 -0.481984 0.367088
vn -0.890775 -0.243993 0.383389
vn -0.956566 -0.255591 0.140195
vn -0.913680 0.195196 0.356492
vn -0.965556 0.229290 0.122994
vn -0.956566 -0.255591 0.140195
vn -0.890775 -0.243993 0.383389
vn -0.965556 0.229290 0.122994
vn -0.978051 0.205911 0.031902
vn -0.951348 -0.306315 0.033302
vn -0.956566 -0.255591 0.140195
vn -0.727496 0.614097 0.305998
vn -0.611524 0.746830 0.261310
vn -0.448193 0.826386 0.340894
vn -0.516003 0.750005 0.413803
vn -0.611524 0.746830 0.261310
vn -0.487080 0.858465 0.160594
vn -0.365506 0.908514 0.202503
vn -0.448193 0.826386 0.340894
vn -0.265898 0.941095 0.208899
vn -0.285900 0.885899 0.365300
vn -0.448193 0.826386 0.340894
vn -0.365506 0.908514 0.202503
vn -0.285900 0.885899 0.365300
vn -0.263498 0.850294 0.455597
vn -0.516003 0.750005 0.413803
vn -0.448193 0.826386 0.340894
vn -0.263498 0.850294 0.455597
vn -0.285900 0.885899 0.365300
vn -0.009500 0.936102 0.351601
vn 0.081804 0.904239 0.419118
vn -0.285900 0.885899 0.365300
vn -0.265898 0.941095 0.208899
vn -0.046199 0.973472 0.224094
vn -0.009500 0.936102 0.351601
vn 0.397317 0.872137 0.285512
vn 0.435583 0.836968 0.331287
vn -0.009500 0.936102 0.351601
vn -0.046199 0.973472 0.224094
vn 0.435583 0.836968 0.331287
vn 0.507204 0.784906 0.355903
vn 0.081804 0.904239 0.419118
vn -0.009500 0.936102 0.351601
vn -0.265898 0.941095 0.208899
vn -0.246889 0.964856 0.089996
vn -0.069398 0.985174 0.156896
vn -0.046199 0.973472 0.224094
vn -0.246889 0.964856 0.089996
vn -0.334893 0.901082 0.275495
vn -0.124298 0.873283 0.471091
vn -0.069398 0.985174 0.156896
vn 0.195905 0.799221 0.568215
vn 0.340298 0.862395 0.374798
vn -0.069398 0.985174 0.156896
vn -0.124298 0.873283 0.471091
vn 0.340298 0.862395 0.374798
vn 0.397317 0.872137 0.285512
vn -0.046199 0.973472 0.224094
vn -0.069398 0.985174 0.156896
vn -0.487080 0.858465 0.160594
vn -0.446516 0.892331 0.066102
vn -0.325709 0.942427 0.075802
vn -0.365506 0.908514 0.202503
vn -0.446516 0.892331 0.066102
vn -0.491684 0.867372 0.076897
vn -0.422405 0.890111 0.171102
vn -0.325709 0.942427 0.075802
vn -0.334893 0.901082 0.275495
vn -0.246889 0.964856 0.089996
vn -0.325709 0.942427 0.075802
vn -0.422405 0.890111 0.171102
vn -0.246889 0.964856 0.089996
vn -0.265898 0.941095 0.208899
vn -0.365506 0.908514 0.202503
vn -0.325709 0.942427 0.075802
vn 0.507204 0.784906 0.355903
vn 0.435583 0.836968 0.331287
vn 0.794890 0.524293 0.305396
vn 0.826279 0.484188 0.287793
vn 0.435583 0.836968 0.331287
vn 0.397317 0.872137 0.285512
vn 0.762024 0.528616 0.374012
vn 0.794890 0.524293 0.305396
vn 0.903139 0.043702 0.427118
vn 0.957404 0.077700 0.278101
vn 0.794890 0.524293 0.305396
vn 0.762024 0.528616 0.374012
vn 0.957404 0.077700 0.278101
vn 0.971040 0.082803 0.224109
vn 0.826279 0.484188 0.287793
vn 0.794890 0.524293 0.305396
vn 0.971040 0.082803 0.224109
vn 0.957404 0.077700 0.278101
vn 0.899602 -0.357301 0.251101
vn 0.927824 -0.320108 0.191505
vn 0.957404 0.077700 0.278101
vn 0.903139 0.043702 0.427118
vn 0.832882 -0.393592 0.389092
vn 0.899602 -0.357301 0.251101
vn 0.643722 -0.685724 0.339712
vn 0.711411 -0.664211 0.229604
vn 0.899602 -0.357301 0.251101
vn 0.832882 -0.393592 0.389092
vn 0.711411 -0.664211 0.229604
vn 0.748722 -0.639119 0.175905
vn 0.927824 -0.320108 0.191505
vn 0.899602 -0.357301 0.251101
vn 0.903139 0.043702 0.427118
vn 0.738644 0.008601 0.674040
vn 0.694880 -0.374389 0.613982
vn 0.832882 -0.393592 0.389092
vn 0.738644 0.008601 0.674040
vn 0.375192 -0.011100 0.926881
vn 0.366615 -0.359915 0.857936
vn 0.694880 -0.374389 0.613982
vn 0.341712 -0.598821 0.724325
vn 0.507996 -0.666695 0.545396
vn 0.694880 -0.374389 0.613982
vn 0.366615 -0.359915 0.857936
vn 0.507996 -0.666695 0.545396
vn 0.643722 -0.685724 0.339712
vn 0.832882 -0.393592 0.389092
vn 0.694880 -0.374389 0.613982
vn 0.397317 0.872137 0.285512
vn 0.340298 0.862395 0.374798
vn 0.677586 0.469490 0.566088
vn 0.762024 0.528616 0.374012
vn 0.340298 0.862395 0.374798
vn 0.195905 0.799221 0.568215
vn 0.323013 0.448018 0.833633
vn 0.677586 0.469490 0.566088
vn 0.375192 -0.011100 0.926881
vn 0.738644 0.008601 0.674040
vn 0.677586 0.469490 0.566088
vn 0.323013 0.448018 0.833633
vn 0.738644 0.008601 0.674040
vn 0.903139 0.043702 0.427118
vn 0.762024 0.528616 0.374012
vn 0.677586 0.469490 0.566088
vn 0.748722 -0.639119 0.175905
vn 0.711411 -0.664211 0.229604
vn 0.415499 -0.886698 0.202800
vn 0.448520 -0.880838 0.151507
vn 0.711411 -0.664211 0.229604
vn 0.643722 -0.685724 0.339712
vn 0.339709 -0.885925 0.315809
vn 0.415499 -0.886698 0.202800
vn -0.066197 -0.961452 0.266887
vn -0.012301 -0.987743 0.155607
vn 0.415499 -0.886698 0.202800
vn 0.339709 -0.885925 0.315809
vn -0.012301 -0.987743 0.155607
vn 0.006100 -0.993565 0.113096
vn 0.448520 -0.880838 0.151507
vn 0.415499 -0.886698 0.202800
vn 0.006100 -0.993565 0.113096
vn -0.012301 -0.987743 0.155607
vn -0.454000 -0.887100 0.083300
vn -0.452098 -0.889797 0.062200
vn -0.012301 -0.987743 0.155607
vn -0.066197 -0.961452 0.266887
vn -0.471895 -0.866192 0.164398
vn -0.454000 -0.887100 0.083300
vn -0.773697 -0.629497 0.071600
vn -0.762415 -0.646613 0.024800
vn -0.454000 -0.887100 0.083300
vn -0.471895 -0.866192 0.164398
vn -0.762415 -0.646613 0.024800
vn -0.761605 -0.647604 0.023800
vn -0.452098 -0.889797 0.062200
vn -0.454000 -0.887100 0.083300
vn -0.066197 -0.961452 0.266887
vn -0.172804 -0.873819 0.454510
vn -0.509303 -0.796205 0.326602
vn -0.471895 -0.866192 0.164398
vn -0.172804 -0.873819 0.454510
vn -0.312499 -0.660197 0.682997
vn -0.606633 -0.590532 0.532229
vn -0.509303 -0.796205 0.326602
vn -0.795574 -0.481984 0.367088
vn -0.792077 -0.573784 0.208294
vn -0.509303 -0.796205 0.326602
vn -0.606633 -0.590532 0.532229
vn -0.792077 -0.573784 0.208294
vn -0.773697 -0.629497 0.071600
vn -0.471895 -0.866192 0.164398
vn -0.509303 -0.796205 0.326602
vn 0.643722 -0.685724 0.339712
vn 0.507996 -0.666695 0.545396
vn 0.189303 -0.845314 0.499608
vn 0.339709 -0.885925 0.315809
vn 0.507996 -0.666695 0.545396
vn 0.341712 -0.598821 0.724325
vn 0.038501 -0.654810 0.754812
vn 0.189303 -0.845314 0.499608
vn -0.312499 -0.660197 0.682997
vn -0.172804 -0.873819 0.454510
vn 0.189303 -0.845314 0.499608
vn 0.038501 -0.654810 0.754812
vn -0.172804 -0.873819 0.454510
vn -0.066197 -0.961452 0.266887
vn 0.339709 -0.885925 0.315809
vn 0.189303 -0.845314 0.499608
vn -0.649795 -0.752094 -0.110099
vn -0.630960 -0.772751 -0.068896
vn -0.857874 -0.505685 -0.091297
vn -0.878533 -0.456917 -0.139305
vn -0.630960 -0.772751 -0.068896
vn -0.629498 -0.775598 -0.046700
vn -0.851314 -0.522808 -0.044001
vn -0.857874 -0.505685 -0.091297
vn -0.978246 -0.206710 -0.017501
vn -0.974611 -0.203902 -0.092501
vn -0.857874 -0.505685 -0.091297
vn -0.851314 -0.522808 -0.044001
vn -0.974611 -0.203902 -0.092501
vn -0.974244 -0.181508 -0.133806
vn -0.878533 -0.456917 -0.139305
vn -0.857874 -0.505685 -0.091297
vn -0.974244 -0.181508 -0.133806
vn -0.974611 -0.203902 -0.092501
vn -0.995493 0.094799 -0.002500
vn -0.995648 0.065597 -0.066197
vn -0.974611 -0.203902 -0.092501
vn -0.978246 -0.206710 -0.017501
vn -0.986576 0.136197 0.090098
vn -0.995493 0.094799 -0.002500
vn -0.836370 0.472683 0.277590
vn -0.891486 0.412293 0.187797
vn -0.995493 0.094799 -0.002500
vn -0.986576 0.136197 0.090098
vn -0.891486 0.412293 0.187797
vn -0.925209 0.369303 0.087201
vn -0.995648 0.065597 -0.066197
vn -0.995493 0.094799 -0.002500
vn -0.978246 -0.206710 -0.017501
vn -0.978855 -0.189591 0.076796
vn -0.966255 0.173392 0.190491
vn -0.986576 0.136197 0.090098
vn -0.978855 -0.189591 0.076796
vn -0.966818 -0.153103 0.204504
vn -0.919360 0.246789 0.306387
vn -0.966255 0.173392 0.190491
vn -0.779890 0.482094 0.399195
vn -0.789620 0.505912 0.347209
vn -0.966255 0.173392 0.190491
vn -0.919360 0.246789 0.306387
vn -0.789620 0.505912 0.347209
vn -0.836370 0.472683 0.277590
vn -0.986576 0.136197 0.090098
vn -0.966255 0.173392 0.190491
vn -0.629498 -0.775598 -0.046700
vn -0.647482 -0.762078 -0.002000
vn -0.857365 -0.514479 0.015399
vn -0.851314 -0.522808 -0.044001
vn -0.647482 -0.762078 -0.002000
vn -0.689176 -0.720775 0.074297
vn -0.843832 -0.520720 0.129605
vn -0.857365 -0.514479 0.015399
vn -0.966818 -0.153103 0.204504
vn -0.978855 -0.189591 0.076796
vn -0.857365 -0.514479 0.015399
vn -0.843832 -0.520720 0.129605
vn -0.978855 -0.189591 0.076796
vn -0.978246 -0.206710 -0.017501
vn -0.851314 -0.522808 -0.044001
vn -0.857365 -0.514479 0.015399
vn -0.925209 0.369303 0.087201
vn -0.891486 0.412293 0.187797
vn -0.698002 0.594702 0.398901
vn -0.746453 0.586063 0.315180
vn -0.891486 0.412293 0.187797
vn -0.836370 0.472683 0.277590
vn -0.625518 0.649819 0.431813
vn -0.698002 0.594702 0.398901
vn -0.505918 0.712625 0.486017
vn -0.504275 0.688765 0.520874
vn -0.698002 0.594702 0.398901
vn -0.625518 0.649819 0.431813
vn -0.504275 0.688765 0.520874
vn -0.467189 0.729483 0.499588
vn -0.746453 0.586063 0.315180
vn -0.698002 0.594702 0.398901
vn -0.467189 0.729483 0.499588
vn -0.504275 0.688765 0.520874
vn -0.172898 0.829292 0.531395
vn -0.036599 0.844383 0.534489
vn -0.504275 0.688765 0.520874
vn -0.505918 0.712625 0.486017
vn -0.292002 0.829207 0.476604
vn -0.172898 0.829292 0.531395
vn 0.101805 0.892147 0.440123
vn 0.267705 0.846216 0.460709
vn -0.172898 0.829292 0.531395
vn -0.292002 0.829207 0.476604
vn 0.267705 0.846216 0.460709
vn 0.424807 0.788414 0.444908
vn -0.036599 0.844383 0.534489
vn -0.172898 0.829292 0.531395
vn -0.505918 0.712625 0.486017
vn -0.509881 0.739273 0.439884
vn -0.403319 0.815939 0.414220
vn -0.292002 0.829207 0.476604
vn -0.509881 0.739273 0.439884
vn -0.582220 0.694624 0.422514
vn -0.514397 0.729196 0.451297
vn -0.403319 0.815939 0.414220
vn -0.331403 0.808806 0.485804
vn -0.104298 0.888487 0.446893
vn -0.403319 0.815939 0.414220
vn -0.514397 0.729196 0.451297
vn -0.104298 0.888487 0.446893
vn 0.101805 0.892147 0.440123
vn -0.292002 0.829207 0.476604
vn -0.403319 0.815939 0.414220
vn -0.836370 0.472683 0.277590
vn -0.789620 0.505912 0.347209
vn -0.583626 0.685730 0.434919
vn -0.625518 0.649819 0.431813
vn -0.789620 0.505912 0.347209
vn -0.779890 0.482094 0.399195
vn -0.657292 0.618092 0.431195
vn -0.583626 0.685730 0.434919
vn -0.582220 0.694624 0.422514
vn -0.509881 0.739273 0.439884
vn -0.583626 0.685730 0.434919
vn -0.657292 0.618092 0.431195
vn -0.509881 0.739273 0.439884
vn -0.505918 0.712625 0.486017
vn -0.625518 0.649819 0.431813
vn -0.583626 0.685730 0.434919
vn 0.424807 0.788414 0.444908
vn 0.267705 0.846216 0.460709
vn 0.686720 0.650419 0.324609
vn 0.799965 0.537277 0.267188
vn 0.267705 0.846216 0.460709
vn 0.101805 0.892147 0.440123
vn 0.536025 0.743035 0.400719
vn 0.686720 0.650419 0.324609
vn 0.900443 0.251384 0.354977
vn 0.963607 0.206302 0.170001
vn 0.686720 0.650419 0.324609
vn 0.536025 0.743035 0.400719
vn 0.963607 0.206302 0.170001
vn 0.984515 0.143702 0.100402
vn 0.799965 0.537277 0.267188
vn 0.686720 0.650419 0.324609
vn 0.984515 0.143702 0.100402
vn 0.963607 0.206302 0.170001
vn 0.952306 -0.298402 0.063800
vn 0.959883 -0.279995 0.015100
vn 0.963607 0.206302 0.170001
vn 0.900443 0.251384 0.354977
vn 0.915353 -0.334519 0.224113
vn 0.952306 -0.298402 0.063800
vn 0.679079 -0.728278 0.091997
vn 0.734791 -0.678291 -0.001900
vn 0.952306 -0.298402 0.063800
vn 0.915353 -0.334519 0.224113
vn 0.734791 -0.678291 -0.001900
vn 0.760412 -0.648811 -0.028600
vn 0.959883 -0.279995 0.015100
vn 0.952306 -0.298402 0.063800
vn 0.900443 0.251384 0.354977
vn 0.698790 0.257196 0.667490
vn 0.781085 -0.337293 0.525490
vn 0.915353 -0.334519 0.224113
vn 0.698790 0.257196 0.667490
vn 0.215495 0.142997 0.965978
vn 0.336804 -0.439306 0.832811
vn 0.781085 -0.337293 0.525490
vn 0.306109 -0.757122 0.577117
vn 0.547671 -0.768960 0.329783
vn 0.781085 -0.337293 0.525490
vn 0.336804 -0.439306 0.832811
vn 0.547671 -0.768960 0.329783
vn 0.679079 -0.728278 0.091997
vn 0.915353 -0.334519 0.224113
vn 0.781085 -0.337293 0.525490
vn 0.101805 0.892147 0.440123
vn -0.104298 0.888487 0.446893
vn 0.337479 0.758953 0.556865
vn 0.536025 0.743035 0.400719
vn -0.104298 0.888487 0.446893
vn -0.331403 0.808806 0.485804
vn -0.097701 0.627809 0.772211
vn 0.337479 0.758953 0.556865
vn 0.215495 0.142997 0.965978
vn 0.698790 0.257196 0.667490
vn 0.337479 0.758953 0.556865
vn -0.097701 0.627809 0.772211
vn 0.698790 0.257196 0.667490
vn 0.900443 0.251384 0.354977
vn 0.536025 0.743035 0.400719
vn 0.337479 0.758953 0.556865
vn 0.760412 -0.648811 -0.028600
vn 0.734791 -0.678291 -0.001900
vn 0.384505 -0.922511 -0.033600
vn 0.418589 -0.906776 -0.050399
vn 0.734791 -0.678291 -0.001900
vn 0.679079 -0.728278 0.091997
vn 0.310599 -0.950298 0.021500
vn 0.384505 -0.922511 -0.033600
vn -0.041101 -0.999035 -0.015501
vn 0.004400 -0.998950 -0.045598
vn 0.384505 -0.922511 -0.033600
vn 0.310599 -0.950298 0.021500
vn 0.004400 -0.998950 -0.045598
vn 0.023699 -0.997965 -0.059198
vn 0.418589 -0.906776 -0.050399
vn 0.384505 -0.922511 -0.033600
vn 0.023699 -0.997965 -0.059198
vn 0.004400 -0.998950 -0.045598
vn -0.335805 -0.940313 -0.055201
vn -0.337217 -0.938346 -0.076104
vn 0.004400 -0.998950 -0.045598
vn -0.041101 -0.999035 -0.015501
vn -0.348489 -0.936472 -0.039699
vn -0.335805 -0.940313 -0.055201
vn -0.629498 -0.775598 -0.046700
vn -0.630960 -0.772751 -0.068896
vn -0.335805 -0.940313 -0.055201
vn -0.348489 -0.936472 -0.039699
vn -0.630960 -0.772751 -0.068896
vn -0.649795 -0.752094 -0.110099
vn -0.337217 -0.938346 -0.076104
vn -0.335805 -0.940313 -0.055201
vn -0.041101 -0.999035 -0.015501
vn -0.133801 -0.988707 0.067500
vn -0.388096 -0.921590 0.007300
vn -0.348489 -0.936472 -0.039699
vn -0.133801 -0.988707 0.067500
vn -0.322893 -0.906480 0.272094
vn -0.545718 -0.826527 0.138004
vn -0.388096 -0.921590 0.007300
vn -0.689176 -0.720775 0.074297
vn -0.647482 -0.762078 -0.002000
vn -0.388096 -0.921590 0.007300
vn -0.545718 -0.826527 0.138004
vn -0.647482 -0.762078 -0.002000
vn -0.629498 -0.775598 -0.046700
vn -0.348489 -0.936472 -0.039699
vn -0.388096 -0.921590 0.007300
vn 0.679079 -0.728278 0.091997
vn 0.547671 -0.768960 0.329783
vn 0.174805 -0.972230 0.155605
vn 0.310599 -0.950298 0.021500
vn 0.547671 -0.768960 0.329783
vn 0.306109 -0.757122 0.577117
vn -0.013400 -0.884207 0.466904
vn 0.174805 -0.972230 0.155605
vn -0.322893 -0.906480 0.272094
vn -0.133801 -0.988707 0.067500
vn 0.174805 -0.972230 0.155605
vn -0.013400 -0.884207 0.466904
vn -0.133801 -0.988707 0.067500
vn -0.041101 -0.999035 -0.015501
vn 0.310599 -0.950298 0.021500
vn 0.174805 -0.972230 0.155605
vn -0.934402 0.223601 0.277301
vn -0.906291 0.232598 0.352896
vn -0.867401 0.235600 0.438301
vn -0.896792 0.238298 0.372797
vn -0.906291 0.232598 0.352896
vn -0.860270 0.299790 0.412386
vn -0.823599 0.296500 0.483500
vn -0.867401 0.235600 0.438301
vn -0.782278 0.292692 0.549884
vn -0.823847 0.235814 0.515430
vn -0.867401 0.235600 0.438301
vn -0.823599 0.296500 0.483500
vn -0.823847 0.235814 0.515430
vn -0.852823 0.247707 0.459712
vn -0.896792 0.238298 0.372797
vn -0.867401 0.235600 0.438301
vn -0.852823 0.247707 0.459712
vn -0.823847 0.235814 0.515430
vn -0.778394 0.232598 0.583096
vn -0.806567 0.251490 0.534978
vn -0.823847 0.235814 0.515430
vn -0.782278 0.292692 0.549884
vn -0.739597 0.283999 0.610197
vn -0.778394 0.232598 0.583096
vn -0.697802 0.273301 0.662102
vn -0.733008 0.226203 0.641507
vn -0.778394 0.232598 0.583096
vn -0.739597 0.283999 0.610197
vn -0.733008 0.226203 0.641507
vn -0.762293 0.248098 0.597794
vn -0.806567 0.251490 0.534978
vn -0.778394 0.232598 0.583096
vn -0.782278 0.292692 0.549884
vn -0.731378 0.400088 0.552283
vn -0.688303 0.392602 0.610003
vn -0.739597 0.283999 0.610197
vn -0.731378 0.400088 0.552283
vn -0.675828 0.531722 0.510421
vn -0.629790 0.533692 0.564391
vn -0.688303 0.392602 0.610003
vn -0.609187 0.527789 0.591887
vn -0.653709 0.381905 0.653309
vn -0.688303 0.392602 0.610003
vn -0.629790 0.533692 0.564391
vn -0.653709 0.381905 0.653309
vn -0.697802 0.273301 0.662102
vn -0.739597 0.283999 0.610197
vn -0.688303 0.392602 0.610003
vn -0.860270 0.299790 0.412386
vn -0.806077 0.401389 0.434888
vn -0.773802 0.399201 0.491801
vn -0.823599 0.296500 0.483500
vn -0.806077 0.401389 0.434888
vn -0.750930 0.519021 0.408316
vn -0.723649 0.519763 0.454068
vn -0.773802 0.399201 0.491801
vn -0.675828 0.531722 0.510421
vn -0.731378 0.400088 0.552283
vn -0.773802 0.399201 0.491801
vn -0.723649 0.519763 0.454068
vn -0.731378 0.400088 0.552283
vn -0.782278 0.292692 0.549884
vn -0.823599 0.296500 0.483500
vn -0.773802 0.399201 0.491801
vn -0.002600 -0.703596 -0.710596
vn -0.022401 -0.651616 -0.758218
vn -0.089801 -0.640005 -0.763106
vn -0.079599 -0.691794 -0.717694
vn -0.022401 -0.651616 -0.758218
vn -0.066899 -0.603190 -0.794787
vn -0.134902 -0.603707 -0.785709
vn -0.089801 -0.640005 -0.763106
vn -0.283298 -0.580096 -0.763695
vn -0.232501 -0.602502 -0.763502
vn -0.089801 -0.640005 -0.763106
vn -0.134902 -0.603707 -0.785709
vn -0.232501 -0.602502 -0.763502
vn -0.222298 -0.653893 -0.723193
vn -0.079599 -0.691794 -0.717694
vn -0.089801 -0.640005 -0.763106
vn -0.222298 -0.653893 -0.723193
vn -0.232501 -0.602502 -0.763502
vn -0.467584 -0.508882 -0.722775
vn -0.452603 -0.555803 -0.697304
vn -0.232501 -0.602502 -0.763502
vn -0.283298 -0.580096 -0.763695
vn -0.513909 -0.502709 -0.695112
vn -0.467584 -0.508882 -0.722775
vn -0.773525 -0.328611 -0.541917
vn -0.743007 -0.323503 -0.585906
vn -0.467584 -0.508882 -0.722775
vn -0.513909 -0.502709 -0.695112
vn -0.743007 -0.323503 -0.585906
vn -0.725994 -0.362997 -0.584095
vn -0.452603 -0.555803 -0.697304
vn -0.467584 -0.508882 -0.722775
vn -0.283298 -0.580096 -0.763695
vn -0.384797 -0.589296 -0.710395
vn -0.590112 -0.521111 -0.616613
vn -0.513909 -0.502709 -0.695112
vn -0.384797 -0.589296 -0.710395
vn -0.436715 -0.675324 -0.594321
vn -0.629386 -0.595386 -0.499389
vn -0.590112 -0.521111 -0.616613
vn -0.814797 -0.435398 -0.382798
vn -0.803998 -0.361799 -0.471899
vn -0.590112 -0.521111 -0.616613
vn -0.629386 -0.595386 -0.499389
vn -0.803998 -0.361799 -0.471899
vn -0.773525 -0.328611 -0.541917
vn -0.513909 -0.502709 -0.695112
vn -0.590112 -0.521111 -0.616613
vn -0.066899 -0.603190 -0.794787
vn -0.142600 -0.595100 -0.790899
vn -0.229993 -0.604883 -0.762378
vn -0.134902 -0.603707 -0.785709
vn -0.142600 -0.595100 -0.790899
vn -0.182002 -0.681309 -0.709009
vn -0.279291 -0.694877 -0.662678
vn -0.229993 -0.604883 -0.762378
vn -0.436715 -0.675324 -0.594321
vn -0.384797 -0.589296 -0.710395
vn -0.229993 -0.604883 -0.762378
vn -0.279291 -0.694877 -0.662678
vn -0.384797 -0.589296 -0.710395
vn -0.283298 -0.580096 -0.763695
vn -0.134902 -0.603707 -0.785709
vn -0.229993 -0.604883 -0.762378
vn 0.762806 -0.481504 -0.431603
vn 0.741209 -0.419805 -0.523806
vn 0.671918 -0.484213 -0.560415
vn 0.693954 -0.552864 -0.461270
vn 0.741209 -0.419805 -0.523806
vn 0.730808 -0.361004 -0.579306
vn 0.657794 -0.411896 -0.630594
vn 0.671918 -0.484213 -0.560415
vn 0.604122 -0.444917 -0.661124
vn 0.622211 -0.526109 -0.579710
vn 0.671918 -0.484213 -0.560415
vn 0.657794 -0.411896 -0.630594
vn 0.622211 -0.526109 -0.579710
vn 0.639081 -0.598582 -0.482986
vn 0.693954 -0.552864 -0.461270
vn 0.671918 -0.484213 -0.560415
vn 0.639081 -0.598582 -0.482986
vn 0.622211 -0.526109 -0.579710
vn 0.580520 -0.554219 -0.596521
vn 0.590407 -0.628307 -0.506606
vn 0.622211 -0.526109 -0.579710
vn 0.604122 -0.444917 -0.661124
vn 0.558311 -0.470210 -0.683514
vn 0.580520 -0.554219 -0.596521
vn 0.498497 -0.498397 -0.709296
vn 0.527275 -0.579873 -0.621071
vn 0.580520 -0.554219 -0.596521
vn 0.558311 -0.470210 -0.683514
vn 0.527275 -0.579873 -0.621071
vn 0.535717 -0.650721 -0.538117
vn 0.590407 -0.628307 -0.506606
vn 0.580520 -0.554219 -0.596521
vn 0.604122 -0.444917 -0.661124
vn 0.597381 -0.397387 -0.696577
vn 0.535693 -0.429894 -0.726790
vn 0.558311 -0.470210 -0.683514
vn 0.597381 -0.397387 -0.696577
vn 0.582809 -0.432407 -0.688011
vn 0.504276 -0.487077 -0.713066
vn 0.535693 -0.429894 -0.726790
vn 0.415107 -0.541309 -0.731212
vn 0.459279 -0.466778 -0.755765
vn 0.535693 -0.429894 -0.726790
vn 0.504276 -0.487077 -0.713066
vn 0.459279 -0.466778 -0.755765
vn 0.498497 -0.498397 -0.709296
vn 0.558311 -0.470210 -0.683514
vn 0.535693 -0.429894 -0.726790
vn 0.730808 -0.361004 -0.579306
vn 0.739196 -0.317798 -0.593796
vn 0.662816 -0.363709 -0.654516
vn 0.657794 -0.411896 -0.630594
vn 0.739196 -0.317798 -0.593796
vn 0.746124 -0.316410 -0.585819
vn 0.662740 -0.378523 -0.646139
vn 0.662816 -0.363709 -0.654516
vn 0.582809 -0.432407 -0.688011
vn 0.597381 -0.397387 -0.696577
vn 0.662816 -0.363709 -0.654516
vn 0.662740 -0.378523 -0.646139
vn 0.597381 -0.397387 -0.696577
vn 0.604122 -0.444917 -0.661124
vn 0.657794 -0.411896 -0.630594
vn 0.662816 -0.363709 -0.654516
vn -0.518323 0.215310 0.827637
vn -0.509677 0.198891 0.837062
vn -0.429592 0.207396 0.878884
vn -0.415909 0.227005 0.880618
vn -0.509677 0.198891 0.837062
vn -0.503507 0.247404 0.827812
vn -0.440184 0.246991 0.863269
vn -0.429592 0.207396 0.878884
vn -0.344488 0.255091 0.903469
vn -0.322199 0.225600 0.919398
vn -0.429592 0.207396 0.878884
vn -0.440184 0.246991 0.863269
vn -0.322199 0.225600 0.919398
vn -0.297817 0.248715 0.921654
vn -0.415909 0.227005 0.880618
vn -0.429592 0.207396 0.878884
vn -0.297817 0.248715 0.921654
vn -0.322199 0.225600 0.919398
vn -0.183700 0.248700 0.951001
vn -0.157498 0.274896 0.948487
vn -0.322199 0.225600 0.919398
vn -0.344488 0.255091 0.903469
vn -0.212611 0.269814 0.939147
vn -0.183700 0.248700 0.951001
vn -0.026501 0.293709 0.955528
vn 0.006700 0.272390 0.962164
vn -0.183700 0.248700 0.951001
vn -0.212611 0.269814 0.939147
vn 0.006700 0.272390 0.962164
vn 0.030000 0.305596 0.951688
vn -0.157498 0.274896 0.948487
vn -0.183700 0.248700 0.951001
vn -0.344488 0.255091 0.903469
vn -0.352805 0.359905 0.863711
vn -0.246193 0.363990 0.898276
vn -0.212611 0.269814 0.939147
vn -0.352805 0.359905 0.863711
vn -0.346378 0.552064 0.758451
vn -0.280016 0.547531 0.788544
vn -0.246193 0.363990 0.898276
vn -0.189305 0.565514 0.802719
vn -0.098399 0.389895 0.915587
vn -0.246193 0.363990 0.898276
vn -0.280016 0.547531 0.788544
vn -0.098399 0.389895 0.915587
vn -0.026501 0.293709 0.955528
vn -0.212611 0.269814 0.939147
vn -0.246193 0.363990 0.898276
vn -0.503507 0.247404 0.827812
vn -0.479288 0.373791 0.794080
vn -0.429598 0.363798 0.826496
vn -0.440184 0.246991 0.863269
vn -0.479288 0.373791 0.794080
vn -0.427890 0.574586 0.697683
vn -0.394215 0.562421 0.726827
vn -0.429598 0.363798 0.826496
vn -0.346378 0.552064 0.758451
vn -0.352805 0.359905 0.863711
vn -0.429598 0.363798 0.826496
vn -0.394215 0.562421 0.726827
vn -0.352805 0.359905 0.863711
vn -0.344488 0.255091 0.903469
vn -0.440184 0.246991 0.863269
vn -0.429598 0.363798 0.826496
vn 0.704704 -0.672004 -0.227601
vn 0.714373 -0.616377 -0.331287
vn 0.840615 -0.452808 -0.297205
vn 0.850302 -0.490101 -0.191800
vn 0.714373 -0.616377 -0.331287
vn 0.732708 -0.500705 -0.460905
vn 0.839933 -0.360314 -0.405816
vn 0.840615 -0.452808 -0.297205
vn 0.923826 -0.197206 -0.328109
vn 0.931660 -0.271618 -0.241316
vn 0.840615 -0.452808 -0.297205
vn 0.839933 -0.360314 -0.405816
vn 0.931660 -0.271618 -0.241316
vn 0.946605 -0.293502 -0.133401
vn 0.850302 -0.490101 -0.191800
vn 0.840615 -0.452808 -0.297205
vn 0.946605 -0.293502 -0.133401
vn 0.931660 -0.271618 -0.241316
vn 0.986010 -0.051901 -0.158402
vn 0.995426 -0.066902 -0.068202
vn 0.931660 -0.271618 -0.241316
vn 0.923826 -0.197206 -0.328109
vn 0.976539 0.003600 -0.215309
vn 0.986010 -0.051901 -0.158402
vn 0.974719 0.210504 -0.074901
vn 0.984904 0.164401 -0.054200
vn 0.986010 -0.051901 -0.158402
vn 0.976539 0.003600 -0.215309
vn 0.984904 0.164401 -0.054200
vn 0.994564 0.101396 -0.023699
vn 0.995426 -0.066902 -0.068202
vn 0.986010 -0.051901 -0.158402
vn 0.923826 -0.197206 -0.328109
vn 0.915626 -0.133804 -0.379111
vn 0.968295 0.036700 -0.247099
vn 0.976539 0.003600 -0.215309
vn 0.915626 -0.133804 -0.379111
vn 0.913190 -0.115599 -0.390796
vn 0.966090 0.037300 -0.255497
vn 0.968295 0.036700 -0.247099
vn 0.977439 0.182107 -0.107004
vn 0.973408 0.210702 -0.089901
vn 0.968295 0.036700 -0.247099
vn 0.966090 0.037300 -0.255497
vn 0.973408 0.210702 -0.089901
vn 0.974719 0.210504 -0.074901
vn 0.976539 0.003600 -0.215309
vn 0.968295 0.036700 -0.247099
vn 0.732708 -0.500705 -0.460905
vn 0.742974 -0.374887 -0.554481
vn 0.834423 -0.270608 -0.480114
vn 0.839933 -0.360314 -0.405816
vn 0.742974 -0.374887 -0.554481
vn 0.746124 -0.316410 -0.585819
vn 0.830813 -0.236704 -0.503708
vn 0.834423 -0.270608 -0.480114
vn 0.913190 -0.115599 -0.390796
vn 0.915626 -0.133804 -0.379111
vn 0.834423 -0.270608 -0.480114
vn 0.830813 -0.236704 -0.503708
vn 0.915626 -0.133804 -0.379111
vn 0.923826 -0.197206 -0.328109
vn 0.839933 -0.360314 -0.405816
vn 0.834423 -0.270608 -0.480114
vn -0.725994 -0.362997 -0.584095
vn -0.743007 -0.323503 -0.585906
vn -0.912510 -0.117201 -0.391904
vn -0.899116 -0.151903 -0.410507
vn -0.743007 -0.323503 -0.585906
vn -0.773525 -0.328611 -0.541917
vn -0.930510 -0.113601 -0.348204
vn -0.912510 -0.117201 -0.391904
vn -0.978809 0.034200 -0.201902
vn -0.970422 0.018500 -0.240705
vn -0.912510 -0.117201 -0.391904
vn -0.930510 -0.113601 -0.348204
vn -0.970422 0.018500 -0.240705
vn -0.962728 -0.009400 -0.270308
vn -0.899116 -0.151903 -0.410507
vn -0.912510 -0.117201 -0.391904
vn -0.962728 -0.009400 -0.270308
vn -0.970422 0.018500 -0.240705
vn -0.985917 0.094902 -0.137702
vn -0.981718 0.071501 -0.176403
vn -0.970422 0.018500 -0.240705
vn -0.978809 0.034200 -0.201902
vn -0.987224 0.123403 -0.100802
vn -0.985917 0.094902 -0.137702
vn -0.983406 0.180401 -0.019200
vn -0.989150 0.132907 -0.062603
vn -0.985917 0.094902 -0.137702
vn -0.987224 0.123403 -0.100802
vn -0.989150 0.132907 -0.062603
vn -0.987601 0.107400 -0.114500
vn -0.981718 0.071501 -0.176403
vn -0.985917 0.094902 -0.137702
vn -0.978809 0.034200 -0.201902
vn -0.983943 0.025801 -0.176608
vn -0.986864 0.137695 -0.084497
vn -0.987224 0.123403 -0.100802
vn -0.983943 0.025801 -0.176608
vn -0.988013 -0.004600 -0.154302
vn -0.987507 0.134801 -0.081601
vn -0.986864 0.137695 -0.084497
vn -0.966170 0.257892 -0.002800
vn -0.974312 0.225203 -0.000200
vn -0.986864 0.137695 -0.084497
vn -0.987507 0.134801 -0.081601
vn -0.974312 0.225203 -0.000200
vn -0.983406 0.180401 -0.019200
vn -0.987224 0.123403 -0.100802
vn -0.986864 0.137695 -0.084497
vn -0.773525 -0.328611 -0.541917
vn -0.803998 -0.361799 -0.471899
vn -0.940979 -0.143597 -0.306493
vn -0.930510 -0.113601 -0.348204
vn -0.803998 -0.361799 -0.471899
vn -0.814797 -0.435398 -0.382798
vn -0.944431 -0.204807 -0.257108
vn -0.940979 -0.143597 -0.306493
vn -0.988013 -0.004600 -0.154302
vn -0.983943 0.025801 -0.176608
vn -0.940979 -0.143597 -0.306493
vn -0.944431 -0.204807 -0.257108
vn -0.983943 0.025801 -0.176608
vn -0.978809 0.034200 -0.201902
vn -0.930510 -0.113601 -0.348204
vn -0.940979 -0.143597 -0.306493
vn 0.030000 0.305596 0.951688
vn 0.006700 0.272390 0.962164
vn 0.234191 0.284389 0.929665
vn 0.248812 0.328216 0.911245
vn 0.006700 0.272390 0.962164
vn -0.026501 0.293709 0.955528
vn 0.205997 0.319896 0.924788
vn 0.234191 0.284389 0.929665
vn 0.474776 0.304485 0.825758
vn 0.483876 0.267787 0.833159
vn 0.234191 0.284389 0.929665
vn 0.205997 0.319896 0.924788
vn 0.483876 0.267787 0.833159
vn 0.487193 0.323695 0.811088
vn 0.248812 0.328216 0.911245
vn 0.234191 0.284389 0.929665
vn 0.487193 0.323695 0.811088
vn 0.483876 0.267787 0.833159
vn 0.718913 0.211904 0.662012
vn 0.725223 0.272208 0.632420
vn 0.483876 0.267787 0.833159
vn 0.474776 0.304485 0.825758
vn 0.708915 0.235505 0.664814
vn 0.718913 0.211904 0.662012
vn 0.861999 0.180200 0.473799
vn 0.890186 0.154798 0.428493
vn 0.718913 0.211904 0.662012
vn 0.708915 0.235505 0.664814
vn 0.890186 0.154798 0.428493
vn 0.906875 0.187695 0.377290
vn 0.725223 0.272208 0.632420
vn 0.718913 0.211904 0.662012
vn 0.474776 0.304485 0.825758
vn 0.425506 0.433606 0.794311
vn 0.686488 0.349594 0.637589
vn 0.708915 0.235505 0.664814
vn 0.425506 0.433606 0.794311
vn 0.326804 0.624108 0.709710
vn 0.625780 0.548082 0.554982
vn 0.686488 0.349594 0.637589
vn 0.777470 0.475282 0.411884
vn 0.829087 0.284895 0.481092
vn 0.686488 0.349594 0.637589
vn 0.625780 0.548082 0.554982
vn 0.829087 0.284895 0.481092
vn 0.861999 0.180200 0.473799
vn 0.708915 0.235505 0.664814
vn 0.686488 0.349594 0.637589
vn -0.026501 0.293709 0.955528
vn -0.098399 0.389895 0.915587
vn 0.117706 0.440421 0.890042
vn 0.205997 0.319896 0.924788
vn -0.098399 0.389895 0.915587
vn -0.189305 0.565514 0.802719
vn -0.009300 0.618011 0.786114
vn 0.117706 0.440421 0.890042
vn 0.326804 0.624108 0.709710
vn 0.425506 0.433606 0.794311
vn 0.117706 0.440421 0.890042
vn -0.009300 0.618011 0.786114
vn 0.425506 0.433606 0.794311
vn 0.474776 0.304485 0.825758
vn 0.205997 0.319896 0.924788
vn 0.117706 0.440421 0.890042
vn -0.762293 0.248098 0.597794
vn -0.733008 0.226203 0.641507
vn -0.685500 0.217900 0.694700
vn -0.716875 0.239492 0.654777
vn -0.733008 0.226203 0.641507
vn -0.697802 0.273301 0.662102
vn -0.653591 0.265396 0.708790
vn -0.685500 0.217900 0.694700
vn -0.602887 0.259095 0.754584
vn -0.631303 0.209501 0.746703
vn -0.685500 0.217900 0.694700
vn -0.653591 0.265396 0.708790
vn -0.631303 0.209501 0.746703
vn -0.664033 0.229112 0.711736
vn -0.716875 0.239492 0.654777
vn -0.685500 0.217900 0.694700
vn -0.664033 0.229112 0.711736
vn -0.631303 0.209501 0.746703
vn -0.571231 0.201611 0.795643
vn -0.598704 0.218802 0.770506
vn -0.631303 0.209501 0.746703
vn -0.602887 0.259095 0.754584
vn -0.550501 0.252601 0.795702
vn -0.571231 0.201611 0.795643
vn -0.503507 0.247404 0.827812
vn -0.509677 0.198891 0.837062
vn -0.571231 0.201611 0.795643
vn -0.550501 0.252601 0.795702
vn -0.509677 0.198891 0.837062
vn -0.518323 0.215310 0.827637
vn -0.598704 0.218802 0.770506
vn -0.571231 0.201611 0.795643
vn -0.602887 0.259095 0.754584
vn -0.568798 0.383499 0.727597
vn -0.518987 0.381590 0.764880
vn -0.550501 0.252601 0.795702
vn -0.568798 0.383499 0.727597
vn -0.527303 0.565004 0.634604
vn -0.466003 0.578104 0.669804
vn -0.518987 0.381590 0.764880
vn -0.427890 0.574586 0.697683
vn -0.479288 0.373791 0.794080
vn -0.518987 0.381590 0.764880
vn -0.466003 0.578104 0.669804
vn -0.479288 0.373791 0.794080
vn -0.503507 0.247404 0.827812
vn -0.550501 0.252601 0.795702
vn -0.518987 0.381590 0.764880
vn -0.697802 0.273301 0.662102
vn -0.653709 0.381905 0.653309
vn -0.617278 0.380387 0.688676
vn -0.653591 0.265396 0.708790
vn -0.653709 0.381905 0.653309
vn -0.609187 0.527789 0.591887
vn -0.584226 0.539824 0.606027
vn -0.617278 0.380387 0.688676
vn -0.527303 0.565004 0.634604
vn -0.568798 0.383499 0.727597
vn -0.617278 0.380387 0.688676
vn -0.584226 0.539824 0.606027
vn -0.568798 0.383499 0.727597
vn -0.602887 0.259095 0.754584
vn -0.653591 0.265396 0.708790
vn -0.617278 0.380387 0.688676
vn -0.987601 0.107400 -0.114500
vn -0.989150 0.132907 -0.062603
vn -0.987774 0.154996 0.016700
vn -0.990669 0.127296 -0.048698
vn -0.989150 0.132907 -0.062603
vn -0.983406 0.180401 -0.019200
vn -0.972372 0.221894 0.072498
vn -0.987774 0.154996 0.016700
vn -0.945236 0.262910 0.193407
vn -0.973758 0.188592 0.127394
vn -0.987774 0.154996 0.016700
vn -0.972372 0.221894 0.072498
vn -0.973758 0.188592 0.127394
vn -0.985043 0.164307 0.051902
vn -0.990669 0.127296 -0.048698
vn -0.987774 0.154996 0.016700
vn -0.985043 0.164307 0.051902
vn -0.973758 0.188592 0.127394
vn -0.942533 0.221308 0.250309
vn -0.964413 0.202503 0.170002
vn -0.973758 0.188592 0.127394
vn -0.945236 0.262910 0.193407
vn -0.900958 0.294219 0.318920
vn -0.942533 0.221308 0.250309
vn -0.860270 0.299790 0.412386
vn -0.906291 0.232598 0.352896
vn -0.942533 0.221308 0.250309
vn -0.900958 0.294219 0.318920
vn -0.906291 0.232598 0.352896
vn -0.934402 0.223601 0.277301
vn -0.964413 0.202503 0.170002
vn -0.942533 0.221308 0.250309
vn -0.945236 0.262910 0.193407
vn -0.901473 0.362189 0.236993
vn -0.846080 0.396491 0.356292
vn -0.900958 0.294219 0.318920
vn -0.901473 0.362189 0.236993
vn -0.847144 0.474725 0.238712
vn -0.785228 0.515518 0.343012
vn -0.846080 0.396491 0.356292
vn -0.750930 0.519021 0.408316
vn -0.806077 0.401389 0.434888
vn -0.846080 0.396491 0.356292
vn -0.785228 0.515518 0.343012
vn -0.806077 0.401389 0.434888
vn -0.860270 0.299790 0.412386
vn -0.900958 0.294219 0.318920
vn -0.846080 0.396491 0.356292
vn -0.983406 0.180401 -0.019200
vn -0.974312 0.225203 -0.000200
vn -0.947153 0.302485 0.106795
vn -0.972372 0.221894 0.072498
vn -0.974312 0.225203 -0.000200
vn -0.966170 0.257892 -0.002800
vn -0.916788 0.383495 0.111499
vn -0.947153 0.302485 0.106795
vn -0.847144 0.474725 0.238712
vn -0.901473 0.362189 0.236993
vn -0.947153 0.302485 0.106795
vn -0.916788 0.383495 0.111499
vn -0.901473 0.362189 0.236993
vn -0.945236 0.262910 0.193407
vn -0.972372 0.221894 0.072498
vn -0.947153 0.302485 0.106795
vn 0.994564 0.101396 -0.023699
vn 0.984904 0.164401 -0.054200
vn 0.933266 0.357387 0.035899
vn 0.976332 0.211107 0.047002
vn 0.984904 0.164401 -0.054200
vn 0.974719 0.210504 -0.074901
vn 0.919328 0.391012 0.044101
vn 0.933266 0.357387 0.035899
vn 0.856214 0.504708 0.110302
vn 0.867170 0.486883 0.104696
vn 0.933266 0.357387 0.035899
vn 0.919328 0.391012 0.044101
vn 0.867170 0.486883 0.104696
vn 0.930432 0.340212 0.136205
vn 0.976332 0.211107 0.047002
vn 0.933266 0.357387 0.035899
vn 0.930432 0.340212 0.136205
vn 0.867170 0.486883 0.104696
vn 0.797007 0.577605 0.176501
vn 0.877738 0.432019 0.207209
vn 0.867170 0.486883 0.104696
vn 0.856214 0.504708 0.110302
vn 0.789505 0.591204 0.164801
vn 0.797007 0.577605 0.176501
vn 0.655623 0.710725 0.255009
vn 0.658758 0.706155 0.259583
vn 0.797007 0.577605 0.176501
vn 0.789505 0.591204 0.164801
vn 0.658758 0.706155 0.259583
vn 0.761776 0.586581 0.274991
vn 0.877738 0.432019 0.207209
vn 0.797007 0.577605 0.176501
vn 0.856214 0.504708 0.110302
vn 0.876719 0.455310 0.155103
vn 0.813293 0.539595 0.217698
vn 0.789505 0.591204 0.164801
vn 0.876719 0.455310 0.155103
vn 0.915930 0.355212 0.186806
vn 0.861630 0.410614 0.298310
vn 0.813293 0.539595 0.217698
vn 0.777470 0.475282 0.411884
vn 0.699420 0.646218 0.305309
vn 0.813293 0.539595 0.217698
vn 0.861630 0.410614 0.298310
vn 0.699420 0.646218 0.305309
vn 0.655623 0.710725 0.255009
vn 0.789505 0.591204 0.164801
vn 0.813293 0.539595 0.217698
vn 0.974719 0.210504 -0.074901
vn 0.973408 0.210702 -0.089901
vn 0.931782 0.358093 0.059599
vn 0.919328 0.391012 0.044101
vn 0.973408 0.210702 -0.089901
vn 0.977439 0.182107 -0.107004
vn 0.955860 0.289588 0.049698
vn 0.931782 0.358093 0.059599
vn 0.915930 0.355212 0.186806
vn 0.876719 0.455310 0.155103
vn 0.931782 0.358093 0.059599
vn 0.955860 0.289588 0.049698
vn 0.876719 0.455310 0.155103
vn 0.856214 0.504708 0.110302
vn 0.919328 0.391012 0.044101
vn 0.931782 0.358093 0.059599
vn 0.021299 -0.982659 -0.184192
vn 0.042399 -0.946472 -0.319990
vn 0.090504 -0.941438 -0.324813
vn 0.051499 -0.980375 -0.190295
vn 0.042399 -0.946472 -0.319990
vn 0.065998 -0.874572 -0.480384
vn 0.129897 -0.865380 -0.483989
vn 0.090504 -0.941438 -0.324813
vn 0.172793 -0.854666 -0.489580
vn 0.122299 -0.935390 -0.331796
vn 0.090504 -0.941438 -0.324813
vn 0.129897 -0.865380 -0.483989
vn 0.122299 -0.935390 -0.331796
vn 0.072500 -0.977396 -0.198599
vn 0.051499 -0.980375 -0.190295
vn 0.090504 -0.941438 -0.324813
vn 0.072500 -0.977396 -0.198599
vn 0.122299 -0.935390 -0.331796
vn 0.149007 -0.928942 -0.338915
vn 0.096303 -0.973631 -0.206807
vn 0.122299 -0.935390 -0.331796
vn 0.172793 -0.854666 -0.489580
vn 0.207401 -0.843305 -0.495803
vn 0.149007 -0.928942 -0.338915
vn 0.247604 -0.826714 -0.505209
vn 0.181998 -0.920790 -0.344996
vn 0.149007 -0.928942 -0.338915
vn 0.207401 -0.843305 -0.495803
vn 0.181998 -0.920790 -0.344996
vn 0.134998 -0.967284 -0.214796
vn 0.096303 -0.973631 -0.206807
vn 0.149007 -0.928942 -0.338915
vn 0.172793 -0.854666 -0.489580
vn 0.221814 -0.734145 -0.641739
vn 0.272197 -0.714791 -0.644192
vn 0.207401 -0.843305 -0.495803
vn 0.221814 -0.734145 -0.641739
vn 0.266307 -0.606917 -0.748821
vn 0.328097 -0.581194 -0.744692
vn 0.272197 -0.714791 -0.644192
vn 0.415107 -0.541309 -0.731212
vn 0.341314 -0.681428 -0.647426
vn 0.272197 -0.714791 -0.644192
vn 0.328097 -0.581194 -0.744692
vn 0.341314 -0.681428 -0.647426
vn 0.247604 -0.826714 -0.505209
vn 0.207401 -0.843305 -0.495803
vn 0.272197 -0.714791 -0.644192
vn 0.065998 -0.874572 -0.480384
vn 0.092703 -0.764421 -0.638018
vn 0.169397 -0.750587 -0.638689
vn 0.129897 -0.865380 -0.483989
vn 0.092703 -0.764421 -0.638018
vn 0.123208 -0.643640 -0.755346
vn 0.207408 -0.627325 -0.750630
vn 0.169397 -0.750587 -0.638689
vn 0.266307 -0.606917 -0.748821
vn 0.221814 -0.734145 -0.641739
vn 0.169397 -0.750587 -0.638689
vn 0.207408 -0.627325 -0.750630
vn 0.221814 -0.734145 -0.641739
vn 0.172793 -0.854666 -0.489580
vn 0.129897 -0.865380 -0.483989
vn 0.169397 -0.750587 -0.638689
vn 0.262412 -0.696233 -0.668131
vn 0.244694 -0.646083 -0.722981
vn 0.158301 -0.651206 -0.742207
vn 0.185997 -0.700990 -0.688490
vn 0.244694 -0.646083 -0.722981
vn 0.210594 -0.585584 -0.782778
vn 0.117804 -0.593419 -0.796226
vn 0.158301 -0.651206 -0.742207
vn 0.037602 -0.597029 -0.801338
vn 0.081200 -0.653103 -0.752903
vn 0.158301 -0.651206 -0.742207
vn 0.117804 -0.593419 -0.796226
vn 0.081200 -0.653103 -0.752903
vn 0.114098 -0.704187 -0.700787
vn 0.185997 -0.700990 -0.688490
vn 0.158301 -0.651206 -0.742207
vn 0.114098 -0.704187 -0.700787
vn 0.081200 -0.653103 -0.752903
vn 0.019501 -0.652732 -0.757338
vn 0.050401 -0.705107 -0.707307
vn 0.081200 -0.653103 -0.752903
vn 0.037602 -0.597029 -0.801338
vn -0.025200 -0.598288 -0.800885
vn 0.019501 -0.652732 -0.757338
vn -0.066899 -0.603190 -0.794787
vn -0.022401 -0.651616 -0.758218
vn 0.019501 -0.652732 -0.757338
vn -0.025200 -0.598288 -0.800885
vn -0.022401 -0.651616 -0.758218
vn -0.002600 -0.703596 -0.710596
vn 0.050401 -0.705107 -0.707307
vn 0.019501 -0.652732 -0.757338
vn 0.037602 -0.597029 -0.801338
vn -0.010000 -0.583477 -0.812068
vn -0.078502 -0.587213 -0.805617
vn -0.025200 -0.598288 -0.800885
vn -0.010000 -0.583477 -0.812068
vn -0.038002 -0.659734 -0.750538
vn -0.104401 -0.669206 -0.735706
vn -0.078502 -0.587213 -0.805617
vn -0.182002 -0.681309 -0.709009
vn -0.142600 -0.595100 -0.790899
vn -0.078502 -0.587213 -0.805617
vn -0.104401 -0.669206 -0.735706
vn -0.142600 -0.595100 -0.790899
vn -0.066899 -0.603190 -0.794787
vn -0.025200 -0.598288 -0.800885
vn -0.078502 -0.587213 -0.805617
vn 0.210594 -0.585584 -0.782778
vn 0.162504 -0.568012 -0.806818
vn 0.068302 -0.577513 -0.813519
vn 0.117804 -0.593419 -0.796226
vn 0.162504 -0.568012 -0.806818
vn 0.123208 -0.643640 -0.755346
vn 0.032801 -0.652325 -0.757229
vn 0.068302 -0.577513 -0.813519
vn -0.038002 -0.659734 -0.750538
vn -0.010000 -0.583477 -0.812068
vn 0.068302 -0.577513 -0.813519
vn 0.032801 -0.652325 -0.757229
vn -0.010000 -0.583477 -0.812068
vn 0.037602 -0.597029 -0.801338
vn 0.117804 -0.593419 -0.796226
vn 0.068302 -0.577513 -0.813519
vn 0.059800 0.923094 -0.379897
vn 0.059398 0.922670 -0.380988
vn 0.059199 0.923790 -0.378296
vn 0.059302 0.923939 -0.377916
vn 0.059398 0.922670 -0.380988
vn 0.059000 0.923102 -0.380001
vn 0.059203 0.923944 -0.377918
vn 0.059199 0.923790 -0.378296
vn 0.059200 0.923994 -0.377797
vn 0.059302 0.923939 -0.377916
vn 0.059199 0.923790 -0.378296
vn 0.059203 0.923944 -0.377918
vn 0.059000 0.923102 -0.380001
vn 0.058001 0.922711 -0.381104
vn 0.059000 0.923801 -0.378300
vn 0.059203 0.923944 -0.377918
vn 0.058001 0.922711 -0.381104
vn 0.058200 0.923196 -0.379898
vn 0.059203 0.923944 -0.377918
vn 0.059000 0.923801 -0.378300
vn 0.059200 0.923994 -0.377797
vn 0.059203 0.923944 -0.377918
vn 0.059000 0.923801 -0.378300
vn 0.059203 0.923944 -0.377918
vn 0.057002 0.923429 -0.379512
vn 0.055503 0.923352 -0.379921
vn 0.058700 0.923902 -0.378101
vn 0.059098 0.923964 -0.377885
vn 0.055503 0.923352 -0.379921
vn 0.056502 0.923625 -0.379110
vn 0.059098 0.923964 -0.377885
vn 0.058700 0.923902 -0.378101
vn 0.059200 0.923994 -0.377797
vn 0.059098 0.923964 -0.377885
vn 0.058700 0.923902 -0.378101
vn 0.059098 0.923964 -0.377885
vn 0.056502 0.923625 -0.379110
vn 0.054999 0.923682 -0.379193
vn 0.058597 0.923957 -0.377982
vn 0.059098 0.923964 -0.377885
vn 0.054999 0.923682 -0.379193
vn 0.056302 0.923840 -0.378616
vn 0.058998 0.923970 -0.377888
vn 0.058597 0.923957 -0.377982
vn 0.059200 0.923994 -0.377797
vn 0.059098 0.923964 -0.377885
vn 0.058597 0.923957 -0.377982
vn 0.058998 0.923970 -0.377888
vn 0.061999 0.923892 -0.377597
vn 0.063100 0.923695 -0.377898
vn 0.059797 0.923961 -0.377784
vn 0.059399 0.923983 -0.377793
vn 0.063100 0.923695 -0.377898
vn 0.061801 0.923615 -0.378306
vn 0.059399 0.923983 -0.377793
vn 0.059797 0.923961 -0.377784
vn 0.059200 0.923994 -0.377797
vn 0.059399 0.923983 -0.377793
vn 0.059797 0.923961 -0.377784
vn 0.059399 0.923983 -0.377793
vn 0.061801 0.923615 -0.378306
vn 0.062803 0.923339 -0.378816
vn 0.059701 0.923917 -0.377907
vn 0.059399 0.923983 -0.377793
vn 0.062803 0.923339 -0.378816
vn 0.061300 0.923404 -0.378902
vn 0.059297 0.923953 -0.377881
vn 0.059701 0.923917 -0.377907
vn 0.059200 0.923994 -0.377797
vn 0.059399 0.923983 -0.377793
vn 0.059701 0.923917 -0.377907
vn 0.059297 0.923953 -0.377881
vn 0.056101 0.924223 -0.377709
vn 0.054799 0.924389 -0.377495
vn 0.058602 0.924026 -0.377811
vn 0.059000 0.924005 -0.377802
vn 0.054799 0.924389 -0.377495
vn 0.056301 0.924416 -0.377207
vn 0.059003 0.924040 -0.377716
vn 0.058602 0.924026 -0.377811
vn 0.059200 0.923994 -0.377797
vn 0.059000 0.924005 -0.377802
vn 0.058602 0.924026 -0.377811
vn 0.059003 0.924040 -0.377716
vn 0.056301 0.924416 -0.377207
vn 0.055298 0.924770 -0.376488
vn 0.058700 0.924105 -0.377602
vn 0.059003 0.924040 -0.377716
vn 0.055298 0.924770 -0.376488
vn 0.056898 0.924672 -0.376489
vn 0.059102 0.924034 -0.377714
vn 0.058700 0.924105 -0.377602
vn 0.059200 0.923994 -0.377797
vn 0.059003 0.924040 -0.377716
vn 0.058700 0.924105 -0.377602
vn 0.059102 0.924034 -0.377714
vn 0.060602 0.924631 -0.376013
vn 0.061698 0.924771 -0.375488
vn 0.059599 0.924091 -0.377496
vn 0.059301 0.924023 -0.377710
vn 0.061698 0.924771 -0.375488
vn 0.061199 0.924478 -0.376291
vn 0.059301 0.924023 -0.377710
vn 0.059599 0.924091 -0.377496
vn 0.059200 0.923994 -0.377797
vn 0.059301 0.924023 -0.377710
vn 0.059599 0.924091 -0.377496
vn 0.059301 0.924023 -0.377710
vn 0.061199 0.924478 -0.376291
vn 0.062501 0.924508 -0.376003
vn 0.059699 0.924086 -0.377494
vn 0.059301 0.924023 -0.377710
vn 0.062501 0.924508 -0.376003
vn 0.061699 0.924281 -0.376692
vn 0.059401 0.924018 -0.377707
vn 0.059699 0.924086 -0.377494
vn 0.059200 0.923994 -0.377797
vn 0.059301 0.924023 -0.377710
vn 0.059699 0.924086 -0.377494
vn 0.059401 0.924018 -0.377707
vn 0.058099 0.924881 -0.375792
vn 0.057902 0.925331 -0.374713
vn 0.059100 0.924203 -0.377301
vn 0.059202 0.924029 -0.377712
vn 0.057902 0.925331 -0.374713
vn 0.058599 0.924889 -0.375695
vn 0.059202 0.924029 -0.377712
vn 0.059100 0.924203 -0.377301
vn 0.059200 0.923994 -0.377797
vn 0.059202 0.924029 -0.377712
vn 0.059100 0.924203 -0.377301
vn 0.059202 0.924029 -0.377712
vn 0.058599 0.924889 -0.375695
vn 0.058698 0.925372 -0.374489
vn 0.059200 0.924197 -0.377299
vn 0.059202 0.924029 -0.377712
vn 0.058698 0.925372 -0.374489
vn 0.059200 0.924807 -0.375803
vn 0.059202 0.924029 -0.377712
vn 0.059200 0.924197 -0.377299
vn 0.059200 0.923994 -0.377797
vn 0.059202 0.924029 -0.377712
vn 0.059200 0.924197 -0.377299
vn 0.059202 0.924029 -0.377712
vn 0.060700 0.923199 -0.379499
vn 0.060802 0.922733 -0.380614
vn 0.059401 0.923814 -0.378206
vn 0.059302 0.923939 -0.377916
vn 0.060802 0.922733 -0.380614
vn 0.059800 0.923094 -0.379897
vn 0.059302 0.923939 -0.377916
vn 0.059401 0.923814 -0.378206
vn 0.059200 0.923994 -0.377797
vn 0.059302 0.923939 -0.377916
vn 0.059401 0.923814 -0.378206
vn 0.059302 0.923939 -0.377916
vn 0.061300 0.923404 -0.378902
vn 0.062101 0.923020 -0.379708
vn 0.059599 0.923887 -0.377995
vn 0.059297 0.923953 -0.377881
vn 0.062101 0.923020 -0.379708
vn 0.060700 0.923199 -0.379499
vn 0.059302 0.923939 -0.377916
vn 0.059599 0.923887 -0.377995
vn 0.059200 0.923994 -0.377797
vn 0.059297 0.923953 -0.377881
vn 0.059599 0.923887 -0.377995
vn 0.059302 0.923939 -0.377916
vn 0.057401 0.923323 -0.379710
vn 0.056001 0.923121 -0.380409
vn 0.058700 0.923902 -0.378101
vn 0.059098 0.923964 -0.377885
vn 0.056001 0.923121 -0.380409
vn 0.057002 0.923429 -0.379512
vn 0.059098 0.923964 -0.377885
vn 0.058700 0.923902 -0.378101
vn 0.059200 0.923994 -0.377797
vn 0.059098 0.923964 -0.377885
vn 0.058700 0.923902 -0.378101
vn 0.059098 0.923964 -0.377885
vn 0.058200 0.923196 -0.379898
vn 0.056801 0.922910 -0.380804
vn 0.058803 0.923847 -0.378219
vn 0.059203 0.923944 -0.377918
vn 0.056801 0.922910 -0.380804
vn 0.057401 0.923323 -0.379710
vn 0.059098 0.923964 -0.377885
vn 0.058803 0.923847 -0.378219
vn 0.059200 0.923994 -0.377797
vn 0.059203 0.923944 -0.377918
vn 0.058803 0.923847 -0.378219
vn 0.059098 0.923964 -0.377885
vn 0.061902 0.924136 -0.377015
vn 0.063202 0.924131 -0.376813
vn 0.059802 0.924031 -0.377613
vn 0.059401 0.924018 -0.377707
vn 0.063202 0.924131 -0.376813
vn 0.061999 0.923892 -0.377597
vn 0.059399 0.923983 -0.377793
vn 0.059802 0.924031 -0.377613
vn 0.059200 0.923994 -0.377797
vn 0.059401 0.924018 -0.377707
vn 0.059802 0.924031 -0.377613
vn 0.059399 0.923983 -0.377793
vn 0.061699 0.924281 -0.376692
vn 0.063001 0.924311 -0.376404
vn 0.059702 0.924036 -0.377615
vn 0.059401 0.924018 -0.377707
vn 0.063001 0.924311 -0.376404
vn 0.061902 0.924136 -0.377015
vn 0.059401 0.924018 -0.377707
vn 0.059702 0.924036 -0.377615
vn 0.059200 0.923994 -0.377797
vn 0.059401 0.924018 -0.377707
vn 0.059702 0.924036 -0.377615
vn 0.059401 0.924018 -0.377707
vn 0.056101 0.924019 -0.378208
vn 0.054702 0.924141 -0.378117
vn 0.058599 0.923992 -0.377897
vn 0.059000 0.924005 -0.377802
vn 0.054702 0.924141 -0.378117
vn 0.056101 0.924223 -0.377709
vn 0.059000 0.924005 -0.377802
vn 0.058599 0.923992 -0.377897
vn 0.059200 0.923994 -0.377797
vn 0.059000 0.924005 -0.377802
vn 0.058599 0.923992 -0.377897
vn 0.059000 0.924005 -0.377802
vn 0.056302 0.923840 -0.378616
vn 0.054802 0.923931 -0.378613
vn 0.058599 0.923992 -0.377897
vn 0.058998 0.923970 -0.377888
vn 0.054802 0.923931 -0.378613
vn 0.056101 0.924019 -0.378208
vn 0.059000 0.924005 -0.377802
vn 0.058599 0.923992 -0.377897
vn 0.059200 0.923994 -0.377797
vn 0.058998 0.923970 -0.377888
vn 0.058599 0.923992 -0.377897
vn 0.059000 0.924005 -0.377802
vn 0.057601 0.924824 -0.376010
vn 0.057198 0.925264 -0.374986
vn 0.058899 0.924179 -0.377391
vn 0.059102 0.924034 -0.377714
vn 0.057198 0.925264 -0.374986
vn 0.058099 0.924881 -0.375792
vn 0.059202 0.924029 -0.377712
vn 0.058899 0.924179 -0.377391
vn 0.059200 0.923994 -0.377797
vn 0.059102 0.924034 -0.377714
vn 0.058899 0.924179 -0.377391
vn 0.059202 0.924029 -0.377712
vn 0.056898 0.924672 -0.376489
vn 0.056201 0.925115 -0.375506
vn 0.058797 0.924150 -0.377479
vn 0.059102 0.924034 -0.377714
vn 0.056201 0.925115 -0.375506
vn 0.057601 0.924824 -0.376010
vn 0.059102 0.924034 -0.377714
vn 0.058797 0.924150 -0.377479
vn 0.059200 0.923994 -0.377797
vn 0.059102 0.924034 -0.377714
vn 0.058797 0.924150 -0.377479
vn 0.059102 0.924034 -0.377714
vn 0.059901 0.924719 -0.375908
vn 0.060802 0.925025 -0.375010
vn 0.059402 0.924137 -0.377415
vn 0.059202 0.924029 -0.377712
vn 0.060802 0.925025 -0.375010
vn 0.060602 0.924631 -0.376013
vn 0.059301 0.924023 -0.377710
vn 0.059402 0.924137 -0.377415
vn 0.059200 0.923994 -0.377797
vn 0.059202 0.924029 -0.377712
vn 0.059402 0.924137 -0.377415
vn 0.059301 0.924023 -0.377710
vn 0.059200 0.924807 -0.375803
vn 0.059598 0.925273 -0.374589
vn 0.059200 0.924197 -0.377299
vn 0.059202 0.924029 -0.377712
vn 0.059598 0.925273 -0.374589
vn 0.059901 0.924719 -0.375908
vn 0.059202 0.924029 -0.377712
vn 0.059200 0.924197 -0.377299
vn 0.059200 0.923994 -0.377797
vn 0.059202 0.924029 -0.377712
vn 0.059200 0.924197 -0.377299
vn 0.059202 0.924029 -0.377712
vn -0.098195 -0.350884 -0.931256
vn -0.089404 -0.201308 -0.975439
vn 0.086299 -0.205297 -0.974887
vn 0.082801 -0.354702 -0.931306
vn -0.089404 -0.201308 -0.975439
vn -0.064401 0.094702 -0.993420
vn 0.094498 0.090798 -0.991376
vn 0.086299 -0.205297 -0.974887
vn 0.259894 0.090598 -0.961378
vn 0.269010 -0.205608 -0.940935
vn 0.086299 -0.205297 -0.974887
vn 0.094498 0.090798 -0.991376
vn 0.269010 -0.205608 -0.940935
vn 0.265806 -0.354908 -0.896319
vn 0.082801 -0.354702 -0.931306
vn 0.086299 -0.205297 -0.974887
vn -0.439498 -0.344399 -0.829597
vn -0.426087 -0.196994 -0.882974
vn -0.267303 -0.201502 -0.942309
vn -0.281105 -0.350407 -0.893417
vn -0.426087 -0.196994 -0.882974
vn -0.374395 0.097899 -0.922087
vn -0.226905 0.094502 -0.969321
vn -0.267303 -0.201502 -0.942309
vn -0.064401 0.094702 -0.993420
vn -0.089404 -0.201308 -0.975439
vn -0.267303 -0.201502 -0.942309
vn -0.226905 0.094502 -0.969321
vn -0.089404 -0.201308 -0.975439
vn -0.098195 -0.350884 -0.931256
vn -0.281105 -0.350407 -0.893417
vn -0.267303 -0.201502 -0.942309
vn -0.892305 -0.268502 -0.362902
vn -0.894283 -0.116798 -0.431992
vn -0.841110 -0.132802 -0.524306
vn -0.844309 -0.283203 -0.454905
vn -0.894283 -0.116798 -0.431992
vn -0.826542 0.190310 -0.529727
vn -0.771518 0.172004 -0.612515
vn -0.841110 -0.132802 -0.524306
vn -0.720185 0.156997 -0.675786
vn -0.789690 -0.143898 -0.596392
vn -0.841110 -0.132802 -0.524306
vn -0.771518 0.172004 -0.612515
vn -0.789690 -0.143898 -0.596392
vn -0.796232 -0.292612 -0.529521
vn -0.844309 -0.283203 -0.454905
vn -0.841110 -0.132802 -0.524306
vn -0.955638 -0.224809 -0.190308
vn -0.965109 -0.069701 -0.252402
vn -0.937543 -0.094404 -0.334815
vn -0.930776 -0.247694 -0.268893
vn -0.965109 -0.069701 -0.252402
vn -0.899502 0.240601 -0.364701
vn -0.871499 0.214500 -0.440999
vn -0.937543 -0.094404 -0.334815
vn -0.826542 0.190310 -0.529727
vn -0.894283 -0.116798 -0.431992
vn -0.937543 -0.094404 -0.334815
vn -0.871499 0.214500 -0.440999
vn -0.894283 -0.116798 -0.431992
vn -0.892305 -0.268502 -0.362902
vn -0.930776 -0.247694 -0.268893
vn -0.937543 -0.094404 -0.334815
vn 0.971269 -0.161395 -0.174894
vn 0.974047 -0.012699 -0.225988
vn 0.995109 0.023300 -0.096001
vn 0.990880 -0.127397 -0.043899
vn 0.974047 -0.012699 -0.225988
vn 0.908325 0.269807 -0.319609
vn 0.929815 0.307305 -0.202503
vn 0.995109 0.023300 -0.096001
vn 0.936591 0.344097 -0.066299
vn 0.996883 0.057799 0.053699
vn 0.995109 0.023300 -0.096001
vn 0.929815 0.307305 -0.202503
vn 0.996883 0.057799 0.053699
vn 0.989906 -0.095301 0.104901
vn 0.990880 -0.127397 -0.043899
vn 0.995109 0.023300 -0.096001
vn 0.869856 -0.230715 -0.436028
vn 0.872110 -0.082501 -0.482305
vn 0.934088 -0.047299 -0.353896
vn 0.932493 -0.195199 -0.303898
vn 0.872110 -0.082501 -0.482305
vn 0.810542 0.202311 -0.549629
vn 0.869391 0.235498 -0.434396
vn 0.934088 -0.047299 -0.353896
vn 0.908325 0.269807 -0.319609
vn 0.974047 -0.012699 -0.225988
vn 0.934088 -0.047299 -0.353896
vn 0.869391 0.235498 -0.434396
vn 0.974047 -0.012699 -0.225988
vn 0.971269 -0.161395 -0.174894
vn 0.932493 -0.195199 -0.303898
vn 0.934088 -0.047299 -0.353896
vn -0.945748 -0.098895 0.309483
vn -0.968718 0.052701 0.242504
vn -0.992085 0.035999 0.120298
vn -0.975777 -0.116297 0.185296
vn -0.968718 0.052701 0.242504
vn -0.926200 0.360600 0.110100
vn -0.939768 0.341688 -0.009200
vn -0.992085 0.035999 0.120298
vn -0.939571 0.328590 -0.096097
vn -0.999290 0.021700 0.030800
vn -0.992085 0.035999 0.120298
vn -0.939768 0.341688 -0.009200
vn -0.999290 0.021700 0.030800
vn -0.986717 -0.132702 0.093702
vn -0.975777 -0.116297 0.185296
vn -0.992085 0.035999 0.120298
vn -0.797237 -0.069703 0.599628
vn -0.837119 0.085402 0.540313
vn -0.918729 0.069002 0.388812
vn -0.886567 -0.083597 0.454983
vn -0.837119 0.085402 0.540313
vn -0.817030 0.407915 0.407515
vn -0.887832 0.383314 0.254609
vn -0.918729 0.069002 0.388812
vn -0.926200 0.360600 0.110100
vn -0.968718 0.052701 0.242504
vn -0.918729 0.069002 0.388812
vn -0.887832 0.383314 0.254609
vn -0.968718 0.052701 0.242504
vn -0.945748 -0.098895 0.309483
vn -0.886567 -0.083597 0.454983
vn -0.918729 0.069002 0.388812
vn 0.754133 -0.036102 0.655729
vn 0.781679 0.136396 0.608584
vn 0.684885 0.135797 0.715885
vn 0.661094 -0.038900 0.749294
vn 0.781679 0.136396 0.608584
vn 0.765089 0.463793 0.446693
vn 0.682722 0.475115 0.555118
vn 0.684885 0.135797 0.715885
vn 0.589530 0.487125 0.644332
vn 0.582094 0.140498 0.800891
vn 0.684885 0.135797 0.715885
vn 0.682722 0.475115 0.555118
vn 0.582094 0.140498 0.800891
vn 0.566182 -0.034099 0.823574
vn 0.661094 -0.038900 0.749294
vn 0.684885 0.135797 0.715885
vn 0.890262 -0.015599 0.455181
vn 0.908518 0.147603 0.390908
vn 0.859734 0.144006 0.490020
vn 0.835088 -0.024000 0.549592
vn 0.908518 0.147603 0.390908
vn 0.861826 0.449213 0.235507
vn 0.826109 0.457205 0.329404
vn 0.859734 0.144006 0.490020
vn 0.765089 0.463793 0.446693
vn 0.781679 0.136396 0.608584
vn 0.859734 0.144006 0.490020
vn 0.826109 0.457205 0.329404
vn 0.781679 0.136396 0.608584
vn 0.754133 -0.036102 0.655729
vn 0.835088 -0.024000 0.549592
vn 0.859734 0.144006 0.490020
vn -0.243192 -0.044298 0.968966
vn -0.261792 0.122096 0.957370
vn -0.349200 0.117900 0.929601
vn -0.327992 -0.047699 0.943476
vn -0.261792 0.122096 0.957370
vn -0.249487 0.470575 0.846355
vn -0.339291 0.464888 0.817778
vn -0.349200 0.117900 0.929601
vn -0.432983 0.458182 0.776270
vn -0.440700 0.113100 0.890501
vn -0.349200 0.117900 0.929601
vn -0.339291 0.464888 0.817778
vn -0.440700 0.113100 0.890501
vn -0.412587 -0.051298 0.909472
vn -0.327992 -0.047699 0.943476
vn -0.349200 0.117900 0.929601
vn -0.014300 -0.034700 0.999296
vn -0.030998 0.135093 0.990348
vn -0.154706 0.128705 0.979541
vn -0.137403 -0.039701 0.989719
vn -0.030998 0.135093 0.990348
vn -0.012400 0.489701 0.871802
vn -0.139502 0.479807 0.866213
vn -0.154706 0.128705 0.979541
vn -0.249487 0.470575 0.846355
vn -0.261792 0.122096 0.957370
vn -0.154706 0.128705 0.979541
vn -0.139502 0.479807 0.866213
vn -0.261792 0.122096 0.957370
vn -0.243192 -0.044298 0.968966
vn -0.137403 -0.039701 0.989719
vn -0.154706 0.128705 0.979541
vn 0.265806 -0.354908 -0.896319
vn 0.269010 -0.205608 -0.940935
vn 0.449182 -0.191092 -0.872765
vn 0.444901 -0.340801 -0.828202
vn 0.269010 -0.205608 -0.940935
vn 0.259894 0.090598 -0.961378
vn 0.423085 0.104296 -0.900068
vn 0.449182 -0.191092 -0.872765
vn 0.581588 0.127797 -0.803383
vn 0.622898 -0.165499 -0.764597
vn 0.449182 -0.191092 -0.872765
vn 0.423085 0.104296 -0.900068
vn 0.622898 -0.165499 -0.764597
vn 0.617905 -0.315203 -0.720306
vn 0.444901 -0.340801 -0.828202
vn 0.449182 -0.191092 -0.872765
vn 0.617905 -0.315203 -0.720306
vn 0.622898 -0.165499 -0.764597
vn 0.773787 -0.125498 -0.620890
vn 0.769284 -0.274594 -0.576888
vn 0.622898 -0.165499 -0.764597
vn 0.581588 0.127797 -0.803383
vn 0.720201 0.163600 -0.674200
vn 0.773787 -0.125498 -0.620890
vn 0.810542 0.202311 -0.549629
vn 0.872110 -0.082501 -0.482305
vn 0.773787 -0.125498 -0.620890
vn 0.720201 0.163600 -0.674200
vn 0.872110 -0.082501 -0.482305
vn 0.869856 -0.230715 -0.436028
vn 0.769284 -0.274594 -0.576888
vn 0.773787 -0.125498 -0.620890
vn -0.796232 -0.292612 -0.529521
vn -0.789690 -0.143898 -0.596392
vn -0.733022 -0.155805 -0.662120
vn -0.741518 -0.302608 -0.598815
vn -0.789690 -0.143898 -0.596392
vn -0.720185 0.156997 -0.675786
vn -0.665726 0.140606 -0.732829
vn -0.733022 -0.155805 -0.662120
vn -0.592421 0.124004 -0.796028
vn -0.656427 -0.169807 -0.735030
vn -0.733022 -0.155805 -0.662120
vn -0.665726 0.140606 -0.732829
vn -0.656427 -0.169807 -0.735030
vn -0.666405 -0.315803 -0.675406
vn -0.741518 -0.302608 -0.598815
vn -0.733022 -0.155805 -0.662120
vn -0.666405 -0.315803 -0.675406
vn -0.656427 -0.169807 -0.735030
vn -0.554115 -0.185005 -0.811622
vn -0.565424 -0.331314 -0.755332
vn -0.656427 -0.169807 -0.735030
vn -0.592421 0.124004 -0.796028
vn -0.495099 0.108800 -0.861998
vn -0.554115 -0.185005 -0.811622
vn -0.374395 0.097899 -0.922087
vn -0.426087 -0.196994 -0.882974
vn -0.554115 -0.185005 -0.811622
vn -0.495099 0.108800 -0.861998
vn -0.426087 -0.196994 -0.882974
vn -0.439498 -0.344399 -0.829597
vn -0.565424 -0.331314 -0.755332
vn -0.554115 -0.185005 -0.811622
vn 0.989906 -0.095301 0.104901
vn 0.996883 0.057799 0.053699
vn 0.978165 0.095297 0.184693
vn 0.970533 -0.059502 0.233508
vn 0.996883 0.057799 0.053699
vn 0.936591 0.344097 -0.066299
vn 0.922307 0.382903 0.052300
vn 0.978165 0.095297 0.184693
vn 0.901470 0.417286 0.114996
vn 0.957980 0.128397 0.256495
vn 0.978165 0.095297 0.184693
vn 0.922307 0.382903 0.052300
vn 0.957980 0.128397 0.256495
vn 0.950189 -0.028200 0.310396
vn 0.970533 -0.059502 0.233508
vn 0.978165 0.095297 0.184693
vn 0.950189 -0.028200 0.310396
vn 0.957980 0.128397 0.256495
vn 0.938587 0.143698 0.313696
vn 0.926697 -0.015300 0.375499
vn 0.957980 0.128397 0.256495
vn 0.901470 0.417286 0.114996
vn 0.884109 0.437104 0.165202
vn 0.938587 0.143698 0.313696
vn 0.861826 0.449213 0.235507
vn 0.908518 0.147603 0.390908
vn 0.938587 0.143698 0.313696
vn 0.884109 0.437104 0.165202
vn 0.908518 0.147603 0.390908
vn 0.890262 -0.015599 0.455181
vn 0.926697 -0.015300 0.375499
vn 0.938587 0.143698 0.313696
vn -0.986717 -0.132702 0.093702
vn -0.999290 0.021700 0.030800
vn -0.998998 0.003700 -0.044600
vn -0.988191 -0.152399 0.015900
vn -0.999290 0.021700 0.030800
vn -0.939571 0.328590 -0.096097
vn -0.934991 0.312197 -0.168298
vn -0.998998 0.003700 -0.044600
vn -0.927327 0.291509 -0.234707
vn -0.993265 -0.018399 -0.114396
vn -0.998998 0.003700 -0.044600
vn -0.934991 0.312197 -0.168298
vn -0.993265 -0.018399 -0.114396
vn -0.982962 -0.175293 -0.055298
vn -0.988191 -0.152399 0.015900
vn -0.998998 0.003700 -0.044600
vn -0.982962 -0.175293 -0.055298
vn -0.993265 -0.018399 -0.114396
vn -0.982467 -0.043499 -0.181294
vn -0.972165 -0.200093 -0.121896
vn -0.993265 -0.018399 -0.114396
vn -0.927327 0.291509 -0.234707
vn -0.916525 0.267007 -0.297808
vn -0.982467 -0.043499 -0.181294
vn -0.899502 0.240601 -0.364701
vn -0.965109 -0.069701 -0.252402
vn -0.982467 -0.043499 -0.181294
vn -0.916525 0.267007 -0.297808
vn -0.965109 -0.069701 -0.252402
vn -0.955638 -0.224809 -0.190308
vn -0.972165 -0.200093 -0.121896
vn -0.982467 -0.043499 -0.181294
vn -0.412587 -0.051298 0.909472
vn -0.440700 0.113100 0.890501
vn -0.533967 0.111293 0.838148
vn -0.498688 -0.050999 0.865280
vn -0.440700 0.113100 0.890501
vn -0.432983 0.458182 0.776270
vn -0.526528 0.453124 0.719338
vn -0.533967 0.111293 0.838148
vn -0.617098 0.446998 0.647598
vn -0.626278 0.109496 0.771872
vn -0.533967 0.111293 0.838148
vn -0.526528 0.453124 0.719338
vn -0.626278 0.109496 0.771872
vn -0.586184 -0.050899 0.808578
vn -0.498688 -0.050999 0.865280
vn -0.533967 0.111293 0.838148
vn -0.586184 -0.050899 0.808578
vn -0.626278 0.109496 0.771872
vn -0.730686 0.101098 0.675187
vn -0.688087 -0.056999 0.723386
vn -0.626278 0.109496 0.771872
vn -0.617098 0.446998 0.647598
vn -0.717698 0.432199 0.545998
vn -0.730686 0.101098 0.675187
vn -0.817030 0.407915 0.407515
vn -0.837119 0.085402 0.540313
vn -0.730686 0.101098 0.675187
vn -0.717698 0.432199 0.545998
vn -0.837119 0.085402 0.540313
vn -0.797237 -0.069703 0.599628
vn -0.688087 -0.056999 0.723386
vn -0.730686 0.101098 0.675187
vn 0.566182 -0.034099 0.823574
vn 0.582094 0.140498 0.800891
vn 0.460481 0.146694 0.875464
vn 0.454795 -0.026900 0.890190
vn 0.582094 0.140498 0.800891
vn 0.589530 0.487125 0.644332
vn 0.474587 0.496986 0.726479
vn 0.460481 0.146694 0.875464
vn 0.319301 0.501302 0.804203
vn 0.301102 0.148201 0.942005
vn 0.460481 0.146694 0.875464
vn 0.474587 0.496986 0.726479
vn 0.301102 0.148201 0.942005
vn 0.305608 -0.025201 0.951824
vn 0.454795 -0.026900 0.890190
vn 0.460481 0.146694 0.875464
vn 0.305608 -0.025201 0.951824
vn 0.301102 0.148201 0.942005
vn 0.119898 0.141297 0.982680
vn 0.132696 -0.030999 0.990672
vn 0.301102 0.148201 0.942005
vn 0.319301 0.501302 0.804203
vn 0.139498 0.496792 0.856585
vn 0.119898 0.141297 0.982680
vn -0.012400 0.489701 0.871802
vn -0.030998 0.135093 0.990348
vn 0.119898 0.141297 0.982680
vn 0.139498 0.496792 0.856585
vn -0.030998 0.135093 0.990348
vn -0.014300 -0.034700 0.999296
vn 0.132696 -0.030999 0.990672
vn 0.119898 0.141297 0.982680
vn -0.064401 0.094702 -0.993420
vn -0.032799 0.388693 -0.920783
vn 0.094399 0.384495 -0.918288
vn 0.094498 0.090798 -0.991376
vn -0.032799 0.388693 -0.920783
vn 0.003000 0.649313 -0.760515
vn 0.085896 0.645673 -0.758768
vn 0.094399 0.384495 -0.918288
vn 0.172507 0.645725 -0.743829
vn 0.226910 0.384417 -0.894839
vn 0.094399 0.384495 -0.918288
vn 0.085896 0.645673 -0.758768
vn 0.226910 0.384417 -0.894839
vn 0.259894 0.090598 -0.961378
vn 0.094498 0.090798 -0.991376
vn 0.094399 0.384495 -0.918288
vn 0.003000 0.649313 -0.760515
vn 0.038698 0.846446 -0.531066
vn 0.070097 0.844669 -0.530680
vn 0.085896 0.645673 -0.758768
vn 0.038698 0.846446 -0.531066
vn 0.059000 0.923102 -0.380001
vn 0.059398 0.922670 -0.380988
vn 0.070097 0.844669 -0.530680
vn 0.059800 0.923094 -0.379897
vn 0.102901 0.844607 -0.525405
vn 0.070097 0.844669 -0.530680
vn 0.059398 0.922670 -0.380988
vn 0.102901 0.844607 -0.525405
vn 0.172507 0.645725 -0.743829
vn 0.085896 0.645673 -0.758768
vn 0.070097 0.844669 -0.530680
vn -0.374395 0.097899 -0.922087
vn -0.283606 0.397408 -0.872717
vn -0.163802 0.391204 -0.905609
vn -0.226905 0.094502 -0.969321
vn -0.283606 0.397408 -0.872717
vn -0.160500 0.661799 -0.732299
vn -0.082597 0.653880 -0.752077
vn -0.163802 0.391204 -0.905609
vn 0.003000 0.649313 -0.760515
vn -0.032799 0.388693 -0.920783
vn -0.163802 0.391204 -0.905609
vn -0.082597 0.653880 -0.752077
vn -0.032799 0.388693 -0.920783
vn -0.064401 0.094702 -0.993420
vn -0.226905 0.094502 -0.969321
vn -0.163802 0.391204 -0.905609
vn -0.160500 0.661799 -0.732299
vn -0.022400 0.853996 -0.519798
vn 0.006100 0.848981 -0.528388
vn -0.082597 0.653880 -0.752077
vn -0.022400 0.853996 -0.519798
vn 0.058200 0.923196 -0.379898
vn 0.058001 0.922711 -0.381104
vn 0.006100 0.848981 -0.528388
vn 0.059000 0.923102 -0.380001
vn 0.038698 0.846446 -0.531066
vn 0.006100 0.848981 -0.528388
vn 0.058001 0.922711 -0.381104
vn 0.038698 0.846446 -0.531066
vn 0.003000 0.649313 -0.760515
vn -0.082597 0.653880 -0.752077
vn 0.006100 0.848981 -0.528388
vn -0.826542 0.190310 -0.529727
vn -0.650886 0.500889 -0.570488
vn -0.604877 0.480682 -0.634876
vn -0.771518 0.172004 -0.612515
vn -0.650886 0.500889 -0.570488
vn -0.388494 0.748089 -0.537992
vn -0.360391 0.731681 -0.578585
vn -0.604877 0.480682 -0.634876
vn -0.335907 0.717415 -0.610313
vn -0.563397 0.463098 -0.684196
vn -0.604877 0.480682 -0.634876
vn -0.360391 0.731681 -0.578585
vn -0.563397 0.463098 -0.684196
vn -0.720185 0.156997 -0.675786
vn -0.771518 0.172004 -0.612515
vn -0.604877 0.480682 -0.634876
vn -0.388494 0.748089 -0.537992
vn -0.100403 0.889327 -0.446113
vn -0.091101 0.882709 -0.461005
vn -0.360391 0.731681 -0.578585
vn -0.100403 0.889327 -0.446113
vn 0.056502 0.923625 -0.379110
vn 0.055503 0.923352 -0.379921
vn -0.091101 0.882709 -0.461005
vn 0.057002 0.923429 -0.379512
vn -0.082100 0.877605 -0.472303
vn -0.091101 0.882709 -0.461005
vn 0.055503 0.923352 -0.379921
vn -0.082100 0.877605 -0.472303
vn -0.335907 0.717415 -0.610313
vn -0.360391 0.731681 -0.578585
vn -0.091101 0.882709 -0.461005
vn -0.899502 0.240601 -0.364701
vn -0.709895 0.549796 -0.440197
vn -0.687882 0.525386 -0.500787
vn -0.871499 0.214500 -0.440999
vn -0.709895 0.549796 -0.440197
vn -0.421888 0.783578 -0.456087
vn -0.409998 0.766596 -0.494198
vn -0.687882 0.525386 -0.500787
vn -0.388494 0.748089 -0.537992
vn -0.650886 0.500889 -0.570488
vn -0.687882 0.525386 -0.500787
vn -0.409998 0.766596 -0.494198
vn -0.650886 0.500889 -0.570488
vn -0.826542 0.190310 -0.529727
vn -0.871499 0.214500 -0.440999
vn -0.687882 0.525386 -0.500787
vn -0.421888 0.783578 -0.456087
vn -0.109803 0.902428 -0.416613
vn -0.107398 0.896182 -0.430492
vn -0.409998 0.766596 -0.494198
vn -0.109803 0.902428 -0.416613
vn 0.056302 0.923840 -0.378616
vn 0.054999 0.923682 -0.379193
vn -0.107398 0.896182 -0.430492
vn 0.056502 0.923625 -0.379110
vn -0.100403 0.889327 -0.446113
vn -0.107398 0.896182 -0.430492
vn 0.054999 0.923682 -0.379193
vn -0.100403 0.889327 -0.446113
vn -0.388494 0.748089 -0.537992
vn -0.409998 0.766596 -0.494198
vn -0.107398 0.896182 -0.430492
vn 0.908325 0.269807 -0.319609
vn 0.750315 0.537111 -0.385408
vn 0.766785 0.571289 -0.292694
vn 0.929815 0.307305 -0.202503
vn 0.750315 0.537111 -0.385408
vn 0.512506 0.752509 -0.413605
vn 0.520995 0.776692 -0.353996
vn 0.766785 0.571289 -0.292694
vn 0.523587 0.802679 -0.285593
vn 0.773157 0.606666 -0.184890
vn 0.766785 0.571289 -0.292694
vn 0.520995 0.776692 -0.353996
vn 0.773157 0.606666 -0.184890
vn 0.936591 0.344097 -0.066299
vn 0.929815 0.307305 -0.202503
vn 0.766785 0.571289 -0.292694
vn 0.512506 0.752509 -0.413605
vn 0.228499 0.887395 -0.400398
vn 0.231390 0.896261 -0.378384
vn 0.520995 0.776692 -0.353996
vn 0.228499 0.887395 -0.400398
vn 0.061801 0.923615 -0.378306
vn 0.063100 0.923695 -0.377898
vn 0.231390 0.896261 -0.378384
vn 0.061999 0.923892 -0.377597
vn 0.231898 0.906392 -0.353097
vn 0.231390 0.896261 -0.378384
vn 0.063100 0.923695 -0.377898
vn 0.231898 0.906392 -0.353097
vn 0.523587 0.802679 -0.285593
vn 0.520995 0.776692 -0.353996
vn 0.231390 0.896261 -0.378384
vn 0.810542 0.202311 -0.549629
vn 0.670695 0.477497 -0.567596
vn 0.718893 0.506295 -0.476296
vn 0.869391 0.235498 -0.434396
vn 0.670695 0.477497 -0.567596
vn 0.462508 0.710012 -0.531009
vn 0.493487 0.730481 -0.472088
vn 0.718893 0.506295 -0.476296
vn 0.512506 0.752509 -0.413605
vn 0.750315 0.537111 -0.385408
vn 0.718893 0.506295 -0.476296
vn 0.493487 0.730481 -0.472088
vn 0.750315 0.537111 -0.385408
vn 0.908325 0.269807 -0.319609
vn 0.869391 0.235498 -0.434396
vn 0.718893 0.506295 -0.476296
vn 0.462508 0.710012 -0.531009
vn 0.211492 0.870667 -0.444083
vn 0.222894 0.878678 -0.422189
vn 0.493487 0.730481 -0.472088
vn 0.211492 0.870667 -0.444083
vn 0.061300 0.923404 -0.378902
vn 0.062803 0.923339 -0.378816
vn 0.222894 0.878678 -0.422189
vn 0.061801 0.923615 -0.378306
vn 0.228499 0.887395 -0.400398
vn 0.222894 0.878678 -0.422189
vn 0.062803 0.923339 -0.378816
vn 0.228499 0.887395 -0.400398
vn 0.512506 0.752509 -0.413605
vn 0.493487 0.730481 -0.472088
vn 0.222894 0.878678 -0.422189
vn -0.926200 0.360600 0.110100
vn -0.747484 0.661786 -0.057499
vn -0.752781 0.639884 -0.154496
vn -0.939768 0.341688 -0.009200
vn -0.747484 0.661786 -0.057499
vn -0.448711 0.866122 -0.220206
vn -0.450999 0.847599 -0.279600
vn -0.752781 0.639884 -0.154496
vn -0.445192 0.835384 -0.322394
vn -0.746664 0.626070 -0.224789
vn -0.752781 0.639884 -0.154496
vn -0.450999 0.847599 -0.279600
vn -0.746664 0.626070 -0.224789
vn -0.939571 0.328590 -0.096097
vn -0.939768 0.341688 -0.009200
vn -0.752781 0.639884 -0.154496
vn -0.448711 0.866122 -0.220206
vn -0.120302 0.934217 -0.335806
vn -0.120801 0.926606 -0.356102
vn -0.450999 0.847599 -0.279600
vn -0.120302 0.934217 -0.335806
vn 0.056301 0.924416 -0.377207
vn 0.054799 0.924389 -0.377495
vn -0.120801 0.926606 -0.356102
vn 0.056101 0.924223 -0.377709
vn -0.117300 0.921397 -0.370499
vn -0.120801 0.926606 -0.356102
vn 0.054799 0.924389 -0.377495
vn -0.117300 0.921397 -0.370499
vn -0.445192 0.835384 -0.322394
vn -0.450999 0.847599 -0.279600
vn -0.120801 0.926606 -0.356102
vn -0.817030 0.407915 0.407515
vn -0.664473 0.723771 0.186093
vn -0.720123 0.691222 0.060302
vn -0.887832 0.383314 0.254609
vn -0.664473 0.723771 0.186093
vn -0.391512 0.917328 -0.072302
vn -0.429503 0.890806 -0.148301
vn -0.720123 0.691222 0.060302
vn -0.448711 0.866122 -0.220206
vn -0.747484 0.661786 -0.057499
vn -0.720123 0.691222 0.060302
vn -0.429503 0.890806 -0.148301
vn -0.747484 0.661786 -0.057499
vn -0.926200 0.360600 0.110100
vn -0.887832 0.383314 0.254609
vn -0.720123 0.691222 0.060302
vn -0.391512 0.917328 -0.072302
vn -0.098404 0.953639 -0.284412
vn -0.113197 0.943779 -0.310593
vn -0.429503 0.890806 -0.148301
vn -0.098404 0.953639 -0.284412
vn 0.056898 0.924672 -0.376489
vn 0.055298 0.924770 -0.376488
vn -0.113197 0.943779 -0.310593
vn 0.056301 0.924416 -0.377207
vn -0.120302 0.934217 -0.335806
vn -0.113197 0.943779 -0.310593
vn 0.055298 0.924770 -0.376488
vn -0.120302 0.934217 -0.335806
vn -0.448711 0.866122 -0.220206
vn -0.429503 0.890806 -0.148301
vn -0.113197 0.943779 -0.310593
vn 0.765089 0.463793 0.446693
vn 0.633702 0.746002 0.204701
vn 0.570666 0.768954 0.288183
vn 0.682722 0.475115 0.555118
vn 0.633702 0.746002 0.204701
vn 0.417893 0.906585 -0.058899
vn 0.376507 0.926317 -0.013400
vn 0.570666 0.768954 0.288183
vn 0.331798 0.942995 0.025900
vn 0.498488 0.788981 0.359191
vn 0.570666 0.768954 0.288183
vn 0.376507 0.926317 -0.013400
vn 0.498488 0.788981 0.359191
vn 0.589530 0.487125 0.644332
vn 0.682722 0.475115 0.555118
vn 0.570666 0.768954 0.288183
vn 0.417893 0.906585 -0.058899
vn 0.187096 0.942480 -0.276994
vn 0.171495 0.949572 -0.262492
vn 0.376507 0.926317 -0.013400
vn 0.187096 0.942480 -0.276994
vn 0.061199 0.924478 -0.376291
vn 0.061698 0.924771 -0.375488
vn 0.171495 0.949572 -0.262492
vn 0.060602 0.924631 -0.376013
vn 0.155192 0.955652 -0.250288
vn 0.171495 0.949572 -0.262492
vn 0.061698 0.924771 -0.375488
vn 0.155192 0.955652 -0.250288
vn 0.331798 0.942995 0.025900
vn 0.376507 0.926317 -0.013400
vn 0.171495 0.949572 -0.262492
vn 0.861826 0.449213 0.235507
vn 0.705578 0.707278 0.043799
vn 0.678867 0.725264 0.114594
vn 0.826109 0.457205 0.329404
vn 0.705578 0.707278 0.043799
vn 0.468596 0.870893 -0.148199
vn 0.449008 0.886916 -0.108502
vn 0.678867 0.725264 0.114594
vn 0.417893 0.906585 -0.058899
vn 0.633702 0.746002 0.204701
vn 0.678867 0.725264 0.114594
vn 0.449008 0.886916 -0.108502
vn 0.633702 0.746002 0.204701
vn 0.765089 0.463793 0.446693
vn 0.826109 0.457205 0.329404
vn 0.678867 0.725264 0.114594
vn 0.468596 0.870893 -0.148199
vn 0.206098 0.929292 -0.306497
vn 0.199308 0.935136 -0.292911
vn 0.449008 0.886916 -0.108502
vn 0.206098 0.929292 -0.306497
vn 0.061699 0.924281 -0.376692
vn 0.062501 0.924508 -0.376003
vn 0.199308 0.935136 -0.292911
vn 0.061199 0.924478 -0.376291
vn 0.187096 0.942480 -0.276994
vn 0.199308 0.935136 -0.292911
vn 0.062501 0.924508 -0.376003
vn 0.187096 0.942480 -0.276994
vn 0.417893 0.906585 -0.058899
vn 0.449008 0.886916 -0.108502
vn 0.199308 0.935136 -0.292911
vn -0.249487 0.470575 0.846355
vn -0.188597 0.811288 0.553392
vn -0.265092 0.805575 0.529883
vn -0.339291 0.464888 0.817778
vn -0.188597 0.811288 0.553392
vn -0.086604 0.985940 0.142906
vn -0.134001 0.982509 0.129301
vn -0.265092 0.805575 0.529883
vn -0.183903 0.976915 0.108702
vn -0.344997 0.797593 0.494796
vn -0.265092 0.805575 0.529883
vn -0.134001 0.982509 0.129301
vn -0.344997 0.797593 0.494796
vn -0.432983 0.458182 0.776270
vn -0.339291 0.464888 0.817778
vn -0.265092 0.805575 0.529883
vn -0.086604 0.985940 0.142906
vn 0.011600 0.976412 -0.215603
vn -0.004600 0.975602 -0.219500
vn -0.134001 0.982509 0.129301
vn 0.011600 0.976412 -0.215603
vn 0.058599 0.924889 -0.375695
vn 0.057902 0.925331 -0.374713
vn -0.004600 0.975602 -0.219500
vn 0.058099 0.924881 -0.375792
vn -0.021600 0.973817 -0.226304
vn -0.004600 0.975602 -0.219500
vn 0.057902 0.925331 -0.374713
vn -0.021600 0.973817 -0.226304
vn -0.183903 0.976915 0.108702
vn -0.134001 0.982509 0.129301
vn -0.004600 0.975602 -0.219500
vn -0.012400 0.489701 0.871802
vn 0.012299 0.824262 0.566074
vn -0.095599 0.818088 0.567092
vn -0.139502 0.479807 0.866213
vn 0.012299 0.824262 0.566074
vn 0.037301 0.988313 0.147802
vn -0.029399 0.988159 0.150594
vn -0.095599 0.818088 0.567092
vn -0.086604 0.985940 0.142906
vn -0.188597 0.811288 0.553392
vn -0.095599 0.818088 0.567092
vn -0.029399 0.988159 0.150594
vn -0.188597 0.811288 0.553392
vn -0.249487 0.470575 0.846355
vn -0.139502 0.479807 0.866213
vn -0.095599 0.818088 0.567092
vn 0.037301 0.988313 0.147802
vn 0.053400 0.975592 -0.212998
vn 0.030501 0.976923 -0.211405
vn -0.029399 0.988159 0.150594
vn 0.053400 0.975592 -0.212998
vn 0.059200 0.924807 -0.375803
vn 0.058698 0.925372 -0.374489
vn 0.030501 0.976923 -0.211405
vn 0.058599 0.924889 -0.375695
vn 0.011600 0.976412 -0.215603
vn 0.030501 0.976923 -0.211405
vn 0.058698 0.925372 -0.374489
vn 0.011600 0.976412 -0.215603
vn -0.086604 0.985940 0.142906
vn -0.029399 0.988159 0.150594
vn 0.030501 0.976923 -0.211405
vn 0.259894 0.090598 -0.961378
vn 0.226910 0.384417 -0.894839
vn 0.357707 0.396207 -0.845616
vn 0.423085 0.104296 -0.900068
vn 0.226910 0.384417 -0.894839
vn 0.172507 0.645725 -0.743829
vn 0.257893 0.653781 -0.711380
vn 0.357707 0.396207 -0.845616
vn 0.341895 0.667289 -0.661690
vn 0.485623 0.415820 -0.768937
vn 0.357707 0.396207 -0.845616
vn 0.257893 0.653781 -0.711380
vn 0.485623 0.415820 -0.768937
vn 0.581588 0.127797 -0.803383
vn 0.423085 0.104296 -0.900068
vn 0.357707 0.396207 -0.845616
vn 0.172507 0.645725 -0.743829
vn 0.102901 0.844607 -0.525405
vn 0.135398 0.847587 -0.513092
vn 0.257893 0.653781 -0.711380
vn 0.102901 0.844607 -0.525405
vn 0.059800 0.923094 -0.379897
vn 0.060802 0.922733 -0.380614
vn 0.135398 0.847587 -0.513092
vn 0.060700 0.923199 -0.379499
vn 0.167899 0.852693 -0.494696
vn 0.135398 0.847587 -0.513092
vn 0.060802 0.922733 -0.380614
vn 0.167899 0.852693 -0.494696
vn 0.341895 0.667289 -0.661690
vn 0.257893 0.653781 -0.711380
vn 0.135398 0.847587 -0.513092
vn 0.581588 0.127797 -0.803383
vn 0.485623 0.415820 -0.768937
vn 0.597823 0.445517 -0.666425
vn 0.720201 0.163600 -0.674200
vn 0.485623 0.415820 -0.768937
vn 0.341895 0.667289 -0.661690
vn 0.415502 0.687903 -0.595103
vn 0.597823 0.445517 -0.666425
vn 0.462508 0.710012 -0.531009
vn 0.670695 0.477497 -0.567596
vn 0.597823 0.445517 -0.666425
vn 0.415502 0.687903 -0.595103
vn 0.670695 0.477497 -0.567596
vn 0.810542 0.202311 -0.549629
vn 0.720201 0.163600 -0.674200
vn 0.597823 0.445517 -0.666425
vn 0.341895 0.667289 -0.661690
vn 0.167899 0.852693 -0.494696
vn 0.195900 0.861199 -0.468999
vn 0.415502 0.687903 -0.595103
vn 0.167899 0.852693 -0.494696
vn 0.060700 0.923199 -0.379499
vn 0.062101 0.923020 -0.379708
vn 0.195900 0.861199 -0.468999
vn 0.061300 0.923404 -0.378902
vn 0.211492 0.870667 -0.444083
vn 0.195900 0.861199 -0.468999
vn 0.062101 0.923020 -0.379708
vn 0.211492 0.870667 -0.444083
vn 0.462508 0.710012 -0.531009
vn 0.415502 0.687903 -0.595103
vn 0.195900 0.861199 -0.468999
vn -0.720185 0.156997 -0.675786
vn -0.563397 0.463098 -0.684196
vn -0.521010 0.444109 -0.728914
vn -0.665726 0.140606 -0.732829
vn -0.563397 0.463098 -0.684196
vn -0.335907 0.717415 -0.610313
vn -0.311593 0.702283 -0.640085
vn -0.521010 0.444109 -0.728914
vn -0.275797 0.686893 -0.672394
vn -0.462209 0.425508 -0.778014
vn -0.521010 0.444109 -0.728914
vn -0.311593 0.702283 -0.640085
vn -0.462209 0.425508 -0.778014
vn -0.592421 0.124004 -0.796028
vn -0.665726 0.140606 -0.732829
vn -0.521010 0.444109 -0.728914
vn -0.335907 0.717415 -0.610313
vn -0.082100 0.877605 -0.472303
vn -0.075297 0.871666 -0.484281
vn -0.311593 0.702283 -0.640085
vn -0.082100 0.877605 -0.472303
vn 0.057002 0.923429 -0.379512
vn 0.056001 0.923121 -0.380409
vn -0.075297 0.871666 -0.484281
vn 0.057401 0.923323 -0.379710
vn -0.063398 0.865671 -0.496583
vn -0.075297 0.871666 -0.484281
vn 0.056001 0.923121 -0.380409
vn -0.063398 0.865671 -0.496583
vn -0.275797 0.686893 -0.672394
vn -0.311593 0.702283 -0.640085
vn -0.075297 0.871666 -0.484281
vn -0.592421 0.124004 -0.796028
vn -0.462209 0.425508 -0.778014
vn -0.382517 0.409318 -0.828336
vn -0.495099 0.108800 -0.861998
vn -0.462209 0.425508 -0.778014
vn -0.275797 0.686893 -0.672394
vn -0.224903 0.673010 -0.704611
vn -0.382517 0.409318 -0.828336
vn -0.160500 0.661799 -0.732299
vn -0.283606 0.397408 -0.872717
vn -0.382517 0.409318 -0.828336
vn -0.224903 0.673010 -0.704611
vn -0.283606 0.397408 -0.872717
vn -0.374395 0.097899 -0.922087
vn -0.495099 0.108800 -0.861998
vn -0.382517 0.409318 -0.828336
vn -0.275797 0.686893 -0.672394
vn -0.063398 0.865671 -0.496583
vn -0.046099 0.859182 -0.509589
vn -0.224903 0.673010 -0.704611
vn -0.063398 0.865671 -0.496583
vn 0.057401 0.923323 -0.379710
vn 0.056801 0.922910 -0.380804
vn -0.046099 0.859182 -0.509589
vn 0.058200 0.923196 -0.379898
vn -0.022400 0.853996 -0.519798
vn -0.046099 0.859182 -0.509589
vn 0.056801 0.922910 -0.380804
vn -0.022400 0.853996 -0.519798
vn -0.160500 0.661799 -0.732299
vn -0.224903 0.673010 -0.704611
vn -0.046099 0.859182 -0.509589
vn 0.936591 0.344097 -0.066299
vn 0.773157 0.606666 -0.184890
vn 0.760998 0.642098 -0.092700
vn 0.922307 0.382903 0.052300
vn 0.773157 0.606666 -0.184890
vn 0.523587 0.802679 -0.285593
vn 0.512891 0.827486 -0.228496
vn 0.760998 0.642098 -0.092700
vn 0.495914 0.845025 -0.200006
vn 0.739928 0.671125 -0.045802
vn 0.760998 0.642098 -0.092700
vn 0.512891 0.827486 -0.228496
vn 0.739928 0.671125 -0.045802
vn 0.901470 0.417286 0.114996
vn 0.922307 0.382903 0.052300
vn 0.760998 0.642098 -0.092700
vn 0.523587 0.802679 -0.285593
vn 0.231898 0.906392 -0.353097
vn 0.225702 0.915406 -0.333302
vn 0.512891 0.827486 -0.228496
vn 0.231898 0.906392 -0.353097
vn 0.061999 0.923892 -0.377597
vn 0.063202 0.924131 -0.376813
vn 0.225702 0.915406 -0.333302
vn 0.061902 0.924136 -0.377015
vn 0.216612 0.920849 -0.324217
vn 0.225702 0.915406 -0.333302
vn 0.063202 0.924131 -0.376813
vn 0.216612 0.920849 -0.324217
vn 0.495914 0.845025 -0.200006
vn 0.512891 0.827486 -0.228496
vn 0.225702 0.915406 -0.333302
vn 0.901470 0.417286 0.114996
vn 0.739928 0.671125 -0.045802
vn 0.723584 0.690184 -0.008500
vn 0.884109 0.437104 0.165202
vn 0.739928 0.671125 -0.045802
vn 0.495914 0.845025 -0.200006
vn 0.482821 0.857437 -0.178008
vn 0.723584 0.690184 -0.008500
vn 0.468596 0.870893 -0.148199
vn 0.705578 0.707278 0.043799
vn 0.723584 0.690184 -0.008500
vn 0.482821 0.857437 -0.178008
vn 0.705578 0.707278 0.043799
vn 0.861826 0.449213 0.235507
vn 0.884109 0.437104 0.165202
vn 0.723584 0.690184 -0.008500
vn 0.495914 0.845025 -0.200006
vn 0.216612 0.920849 -0.324217
vn 0.212300 0.924599 -0.316300
vn 0.482821 0.857437 -0.178008
vn 0.216612 0.920849 -0.324217
vn 0.061902 0.924136 -0.377015
vn 0.063001 0.924311 -0.376404
vn 0.212300 0.924599 -0.316300
vn 0.061699 0.924281 -0.376692
vn 0.206098 0.929292 -0.306497
vn 0.212300 0.924599 -0.316300
vn 0.063001 0.924311 -0.376404
vn 0.206098 0.929292 -0.306497
vn 0.468596 0.870893 -0.148199
vn 0.482821 0.857437 -0.178008
vn 0.212300 0.924599 -0.316300
vn -0.939571 0.328590 -0.096097
vn -0.746664 0.626070 -0.224789
vn -0.739619 0.610816 -0.282607
vn -0.934991 0.312197 -0.168298
vn -0.746664 0.626070 -0.224789
vn -0.445192 0.835384 -0.322394
vn -0.439684 0.823769 -0.357887
vn -0.739619 0.610816 -0.282607
vn -0.434112 0.811722 -0.390711
vn -0.731642 0.593234 -0.335819
vn -0.739619 0.610816 -0.282607
vn -0.439684 0.823769 -0.357887
vn -0.731642 0.593234 -0.335819
vn -0.927327 0.291509 -0.234707
vn -0.934991 0.312197 -0.168298
vn -0.739619 0.610816 -0.282607
vn -0.445192 0.835384 -0.322394
vn -0.117300 0.921397 -0.370499
vn -0.116005 0.916638 -0.382516
vn -0.439684 0.823769 -0.357887
vn -0.117300 0.921397 -0.370499
vn 0.056101 0.924223 -0.377709
vn 0.054702 0.924141 -0.378117
vn -0.116005 0.916638 -0.382516
vn 0.056101 0.924019 -0.378208
vn -0.113200 0.912199 -0.393800
vn -0.116005 0.916638 -0.382516
vn 0.054702 0.924141 -0.378117
vn -0.113200 0.912199 -0.393800
vn -0.434112 0.811722 -0.390711
vn -0.439684 0.823769 -0.357887
vn -0.116005 0.916638 -0.382516
vn -0.927327 0.291509 -0.234707
vn -0.731642 0.593234 -0.335819
vn -0.722931 0.572624 -0.386616
vn -0.916525 0.267007 -0.297808
vn -0.731642 0.593234 -0.335819
vn -0.434112 0.811722 -0.390711
vn -0.428986 0.798474 -0.422386
vn -0.722931 0.572624 -0.386616
vn -0.421888 0.783578 -0.456087
vn -0.709895 0.549796 -0.440197
vn -0.722931 0.572624 -0.386616
vn -0.428986 0.798474 -0.422386
vn -0.709895 0.549796 -0.440197
vn -0.899502 0.240601 -0.364701
vn -0.916525 0.267007 -0.297808
vn -0.722931 0.572624 -0.386616
vn -0.434112 0.811722 -0.390711
vn -0.113200 0.912199 -0.393800
vn -0.112407 0.907458 -0.404826
vn -0.428986 0.798474 -0.422386
vn -0.113200 0.912199 -0.393800
vn 0.056101 0.924019 -0.378208
vn 0.054802 0.923931 -0.378613
vn -0.112407 0.907458 -0.404826
vn 0.056302 0.923840 -0.378616
vn -0.109803 0.902428 -0.416613
vn -0.112407 0.907458 -0.404826
vn 0.054802 0.923931 -0.378613
vn -0.109803 0.902428 -0.416613
vn -0.421888 0.783578 -0.456087
vn -0.428986 0.798474 -0.422386
vn -0.112407 0.907458 -0.404826
vn -0.432983 0.458182 0.776270
vn -0.344997 0.797593 0.494796
vn -0.423302 0.788604 0.446003
vn -0.526528 0.453124 0.719338
vn -0.344997 0.797593 0.494796
vn -0.183903 0.976915 0.108702
vn -0.232806 0.969227 0.080002
vn -0.423302 0.788604 0.446003
vn -0.280804 0.958714 0.044901
vn -0.498692 0.776487 0.385194
vn -0.423302 0.788604 0.446003
vn -0.232806 0.969227 0.080002
vn -0.498692 0.776487 0.385194
vn -0.617098 0.446998 0.647598
vn -0.526528 0.453124 0.719338
vn -0.423302 0.788604 0.446003
vn -0.183903 0.976915 0.108702
vn -0.021600 0.973817 -0.226304
vn -0.038600 0.971204 -0.235101
vn -0.232806 0.969227 0.080002
vn -0.021600 0.973817 -0.226304
vn 0.058099 0.924881 -0.375792
vn 0.057198 0.925264 -0.374986
vn -0.038600 0.971204 -0.235101
vn 0.057601 0.924824 -0.376010
vn -0.055499 0.967579 -0.246395
vn -0.038600 0.971204 -0.235101
vn 0.057198 0.925264 -0.374986
vn -0.055499 0.967579 -0.246395
vn -0.280804 0.958714 0.044901
vn -0.232806 0.969227 0.080002
vn -0.038600 0.971204 -0.235101
vn -0.617098 0.446998 0.647598
vn -0.498692 0.776487 0.385194
vn -0.582696 0.755094 0.300498
vn -0.717698 0.432199 0.545998
vn -0.498692 0.776487 0.385194
vn -0.280804 0.958714 0.044901
vn -0.336194 0.941783 -0.004200
vn -0.582696 0.755094 0.300498
vn -0.391512 0.917328 -0.072302
vn -0.664473 0.723771 0.186093
vn -0.582696 0.755094 0.300498
vn -0.336194 0.941783 -0.004200
vn -0.664473 0.723771 0.186093
vn -0.817030 0.407915 0.407515
vn -0.717698 0.432199 0.545998
vn -0.582696 0.755094 0.300498
vn -0.280804 0.958714 0.044901
vn -0.055499 0.967579 -0.246395
vn -0.077199 0.962193 -0.261198
vn -0.336194 0.941783 -0.004200
vn -0.055499 0.967579 -0.246395
vn 0.057601 0.924824 -0.376010
vn 0.056201 0.925115 -0.375506
vn -0.077199 0.962193 -0.261198
vn 0.056898 0.924672 -0.376489
vn -0.098404 0.953639 -0.284412
vn -0.077199 0.962193 -0.261198
vn 0.056201 0.925115 -0.375506
vn -0.098404 0.953639 -0.284412
vn -0.391512 0.917328 -0.072302
vn -0.336194 0.941783 -0.004200
vn -0.077199 0.962193 -0.261198
vn 0.589530 0.487125 0.644332
vn 0.498488 0.788981 0.359191
vn 0.408804 0.805609 0.428805
vn 0.474587 0.496986 0.726479
vn 0.498488 0.788981 0.359191
vn 0.331798 0.942995 0.025900
vn 0.277909 0.958331 0.066102
vn 0.408804 0.805609 0.428805
vn 0.203299 0.973197 0.107500
vn 0.284412 0.818833 0.498620
vn 0.408804 0.805609 0.428805
vn 0.277909 0.958331 0.066102
vn 0.284412 0.818833 0.498620
vn 0.319301 0.501302 0.804203
vn 0.474587 0.496986 0.726479
vn 0.408804 0.805609 0.428805
vn 0.331798 0.942995 0.025900
vn 0.155192 0.955652 -0.250288
vn 0.137000 0.961900 -0.236600
vn 0.277909 0.958331 0.066102
vn 0.155192 0.955652 -0.250288
vn 0.060602 0.924631 -0.376013
vn 0.060802 0.925025 -0.375010
vn 0.137000 0.961900 -0.236600
vn 0.059901 0.924719 -0.375908
vn 0.111301 0.968512 -0.222703
vn 0.137000 0.961900 -0.236600
vn 0.060802 0.925025 -0.375010
vn 0.111301 0.968512 -0.222703
vn 0.203299 0.973197 0.107500
vn 0.277909 0.958331 0.066102
vn 0.137000 0.961900 -0.236600
vn 0.319301 0.501302 0.804203
vn 0.284412 0.818833 0.498620
vn 0.137696 0.824878 0.548285
vn 0.139498 0.496792 0.856585
vn 0.284412 0.818833 0.498620
vn 0.203299 0.973197 0.107500
vn 0.113801 0.984012 0.137002
vn 0.137696 0.824878 0.548285
vn 0.037301 0.988313 0.147802
vn 0.012299 0.824262 0.566074
vn 0.137696 0.824878 0.548285
vn 0.113801 0.984012 0.137002
vn 0.012299 0.824262 0.566074
vn -0.012400 0.489701 0.871802
vn 0.139498 0.496792 0.856585
vn 0.137696 0.824878 0.548285
vn 0.203299 0.973197 0.107500
vn 0.111301 0.968512 -0.222703
vn 0.079801 0.973612 -0.213803
vn 0.113801 0.984012 0.137002
vn 0.111301 0.968512 -0.222703
vn 0.059901 0.924719 -0.375908
vn 0.059598 0.925273 -0.374589
vn 0.079801 0.973612 -0.213803
vn 0.059200 0.924807 -0.375803
vn 0.053400 0.975592 -0.212998
vn 0.079801 0.973612 -0.213803
vn 0.059598 0.925273 -0.374589
vn 0.053400 0.975592 -0.212998
vn 0.037301 0.988313 0.147802
vn 0.113801 0.984012 0.137002
vn 0.079801 0.973612 -0.213803
s off
g Display_Leg
usemtl Display_Leg_Mat
f 1/1/1 1943/2/2 967/3/3 1946/4/4
f 1943/2/5 2/5/6 1944/6/7 967/3/8
f 3/7/9 1945/8/10 967/3/11 1944/6/12
f 1945/8/13 4/9/14 1946/4/15 967/3/16
f 4/9/17 1945/8/18 968/10/19 1949/11/20
f 1945/8/21 3/7/22 1947/12/23 968/10/24
f 5/13/25 1948/14/26 968/10/27 1947/12/28
f 1948/14/29 6/15/30 1949/11/31 968/10/32
f 3/7/33 1950/16/34 969/17/35 1947/12/36
f 1950/16/37 7/18/38 1951/19/39 969/17/40
f 8/20/41 1952/21/42 969/17/43 1951/19/44
f 1952/21/45 5/13/46 1947/12/47 969/17/48
f 2/5/49 1953/22/50 970/23/51 1944/6/52
f 1953/22/53 9/24/54 1954/25/55 970/23/56
f 7/18/57 1950/16/58 970/23/59 1954/25/60
f 1950/16/61 3/7/62 1944/6/63 970/23/64
f 10/26/65 1955/27/66 971/28/67 1958/29/68
f 1955/27/69 11/30/70 1956/31/71 971/28/72
f 12/32/73 1957/33/74 971/28/75 1956/31/76
f 1957/33/77 13/34/78 1958/29/79 971/28/80
f 13/34/81 1957/33/82 972/35/83 1961/36/84
f 1957/33/85 12/32/86 1959/37/87 972/35/88
f 14/38/89 1960/39/90 972/35/91 1959/37/92
f 1960/39/93 15/40/94 1961/36/95 972/35/96
f 12/32/97 1962/41/98 973/42/99 1959/37/100
f 1962/41/101 16/43/102 1963/44/103 973/42/104
f 17/45/105 1964/46/106 973/42/107 1963/44/108
f 1964/46/109 14/38/110 1959/37/111 973/42/112
f 11/30/113 1965/47/114 974/48/115 1956/31/116
f 1965/47/117 18/49/118 1966/50/119 974/48/120
f 16/43/121 1962/41/122 974/48/123 1966/50/124
f 1962/41/125 12/32/126 1956/31/127 974/48/128
f 19/51/129 1967/52/130 975/53/131 1970/54/132
f 1967/52/133 20/55/134 1968/56/135 975/53/136
f 21/57/137 1969/58/138 975/53/139 1968/56/140
f 1969/58/141 22/59/142 1970/54/143 975/53/144
f 22/59/145 1969/58/146 976/60/147 1973/61/148
f 1969/58/149 21/57/150 1971/62/151 976/60/152
f 23/63/153 1972/64/154 976/60/155 1971/62/156
f 1972/64/157 24/65/158 1973/61/159 976/60/160
f 21/57/161 1974/66/162 977/67/163 1971/62/164
f 1974/66/165 25/68/166 1975/69/167 977/67/168
f 26/70/169 1976/71/170 977/67/171 1975/69/172
f 1976/71/173 23/63/174 1971/62/175 977/67/176
f 20/55/177 1977/72/178 978/73/179 1968/56/180
f 1977/72/181 27/74/182 1978/75/183 978/73/184
f 25/68/185 1974/66/186 978/73/187 1978/75/188
f 1974/66/189 21/57/190 1968/56/191 978/73/192
f 27/74/193 1979/76/194 979/77/195 1978/75/196
f 1979/76/197 28/78/198 1980/79/199 979/77/200
f 29/80/201 1981/81/202 979/77/203 1980/79/204
f 1981/81/205 25/68/206 1978/75/207 979/77/208
f 25/68/209 1981/81/210 980/82/211 1975/69/212
f 1981/81/213 29/80/214 1982/83/215 980/82/216
f 30/84/217 1983/85/218 980/82/219 1982/83/220
f 1983/85/221 26/70/222 1975/69/223 980/82/224
f 29/80/225 1984/86/226 981/87/227 1982/83/228
f 1984/86/229 31/88/230 1985/89/231 981/87/232
f 32/90/233 1986/91/234 981/87/235 1985/89/236
f 1986/91/237 30/84/238 1982/83/239 981/87/240
f 28/78/241 1987/92/242 982/93/243 1980/79/244
f 1987/92/245 33/94/246 1988/95/247 982/93/248
f 31/88/249 1984/86/250 982/93/251 1988/95/252
f 1984/86/253 29/80/254 1980/79/255 982/93/256
f 34/96/257 1989/97/258 983/98/259 1992/99/260
f 1989/97/261 35/100/262 1990/101/263 983/98/264
f 36/102/265 1991/103/266 983/98/267 1990/101/268
f 1991/103/269 37/104/270 1992/99/271 983/98/272
f 37/104/273 1991/103/274 984/105/275 1995/106/276
f 1991/103/277 36/102/278 1993/107/279 984/105/280
f 38/108/281 1994/109/282 984/105/283 1993/107/284
f 1994/109/285 39/110/286 1995/106/287 984/105/288
f 36/102/289 1996/111/290 985/112/291 1993/107/292
f 1996/111/293 40/113/294 1997/114/295 985/112/296
f 41/115/297 1998/116/298 985/112/299 1997/114/300
f 1998/116/301 38/108/302 1993/107/303 985/112/304
f 35/100/305 1999/117/306 986/118/307 1990/101/308
f 1999/117/309 42/119/310 2000/120/311 986/118/312
f 40/113/313 1996/111/314 986/118/315 2000/120/316
f 1996/111/317 36/102/318 1990/101/319 986/118/320
f 43/121/321 2001/122/322 987/123/323 2004/124/324
f 2001/122/325 44/125/326 2002/126/327 987/123/328
f 45/127/329 2003/128/330 987/123/331 2002/126/332
f 2003/128/333 46/129/334 2004/124/335 987/123/336
f 46/129/337 2003/128/338 988/130/339 2007/131/340
f 2003/128/341 45/127/342 2005/132/343 988/130/344
f 47/133/345 2006/134/346 988/130/347 2005/132/348
f 2006/134/349 48/135/350 2007/131/351 988/130/352
f 45/127/353 2008/136/354 989/137/355 2005/132/356
f 2008/136/357 49/138/358 2009/139/359 989/137/360
f 50/140/361 2010/141/362 989/137/363 2009/139/364
f 2010/141/365 47/133/366 2005/132/367 989/137/368
f 44/125/369 2011/142/370 990/143/371 2002/126/372
f 2011/142/373 51/144/374 2012/145/375 990/143/376
f 49/138/377 2008/136/378 990/143/379 2012/145/380
f 2008/136/381 45/127/382 2002/126/383 990/143/384
f 52/146/385 2013/147/386 991/148/387 2016/149/388
f 2013/147/389 53/150/390 2014/151/391 991/148/392
f 54/152/393 2015/153/394 991/148/395 2014/151/396
f 2015/153/397 55/154/398 2016/149/399 991/148/400
f 55/154/401 2015/153/402 992/155/403 2019/156/404
f 2015/153/405 54/152/406 2017/157/407 992/155/408
f 56/158/409 2018/159/410 992/155/411 2017/157/412
f 2018/159/413 57/160/414 2019/156/415 992/155/416
f 54/152/417 2020/161/418 993/162/419 2017/157/420
f 2020/161/421 58/163/422 2021/164/423 993/162/424
f 59/165/425 2022/166/426 993/162/427 2021/164/428
f 2022/166/429 56/158/430 2017/157/431 993/162/432
f 53/150/433 2023/167/434 994/168/435 2014/151/436
f 2023/167/437 60/169/438 2024/170/439 994/168/440
f 58/163/441 2020/161/442 994/168/443 2024/170/444
f 2020/161/445 54/152/446 2014/151/447 994/168/448
f 61/171/449 2025/172/450 995/173/451 2028/174/452
f 2025/172/453 62/175/454 2026/176/455 995/173/456
f 63/177/457 2027/178/458 995/173/459 2026/176/460
f 2027/178/461 64/179/462 2028/174/463 995/173/464
f 64/179/465 2027/178/466 996/180/467 2031/181/468
f 2027/178/469 63/177/470 2029/182/471 996/180/472
f 65/183/473 2030/184/474 996/180/475 2029/182/476
f 2030/184/477 66/185/478 2031/181/479 996/180/480
f 63/177/481 2032/186/482 997/187/483 2029/182/484
f 2032/186/485 67/188/486 2033/189/487 997/187/488
f 68/190/489 2034/191/490 997/187/491 2033/189/492
f 2034/191/493 65/183/494 2029/182/495 997/187/496
f 62/175/497 2035/192/498 998/193/499 2026/176/500
f 2035/192/501 69/194/502 2036/195/503 998/193/504
f 67/188/505 2032/186/506 998/193/507 2036/195/508
f 2032/186/509 63/177/510 2026/176/511 998/193/512
f 70/196/513 2037/197/514 999/198/515 2040/199/516
f 2037/197/517 71/200/518 2038/201/519 999/198/520
f 72/202/521 2039/203/522 999/198/523 2038/201/524
f 2039/203/525 73/204/526 2040/199/527 999/198/528
f 73/204/529 2039/203/530 1000/205/531 2042/206/532
f 2039/203/533 72/202/534 2041/207/535 1000/205/536
f 62/175/537 2025/172/538 1000/205/539 2041/207/540
f 2025/172/541 61/171/542 2042/206/543 1000/205/544
f 72/202/545 2043/208/546 1001/209/547 2041/207/548
f 2043/208/549 74/210/550 2044/211/551 1001/209/552
f 69/194/553 2035/192/554 1001/209/555 2044/211/556
f 2035/192/557 62/175/558 2041/207/559 1001/209/560
f 71/200/561 2045/212/562 1002/213/563 2038/201/564
f 2045/212/565 75/214/566 2046/215/567 1002/213/568
f 74/210/569 2043/208/570 1002/213/571 2046/215/572
f 2043/208/573 72/202/574 2038/201/575 1002/213/576
f 76/216/577 2047/217/578 1003/218/579 2050/219/580
f 2047/217/581 77/220/582 2048/221/583 1003/218/584
f 78/222/585 2049/223/586 1003/218/587 2048/221/588
f 2049/223/589 79/224/590 2050/219/591 1003/218/592
f 79/224/593 2049/223/594 1004/225/595 2053/226/596
f 2049/223/597 78/222/598 2051/227/599 1004/225/600
f 80/228/601 2052/229/602 1004/225/603 2051/227/604
f 2052/229/605 81/230/606 2053/226/607 1004/225/608
f 78/222/609 2054/231/610 1005/232/611 2051/227/612
f 2054/231/613 82/233/614 2055/234/615 1005/232/616
f 83/235/617 2056/236/618 1005/232/619 2055/234/620
f 2056/236/621 80/228/622 2051/227/623 1005/232/624
f 77/220/625 2057/237/626 1006/238/627 2048/221/628
f 2057/237/629 84/239/630 2058/240/631 1006/238/632
f 82/233/633 2054/231/634 1006/238/635 2058/240/636
f 2054/231/637 78/222/638 2048/221/639 1006/238/640
f 85/241/641 2059/242/642 1007/243/643 2062/244/644
f 2059/242/645 86/245/646 2060/246/647 1007/243/648
f 87/247/649 2061/248/650 1007/243/651 2060/246/652
f 2061/248/653 88/249/654 2062/244/655 1007/243/656
f 88/249/657 2061/248/658 1008/250/659 2065/251/660
f 2061/248/661 87/247/662 2063/252/663 1008/250/664
f 89/253/665 2064/254/666 1008/250/667 2063/252/668
f 2064/254/669 6/15/670 2065/251/671 1008/250/672
f 87/247/673 2066/255/674 1009/256/675 2063/252/676
f 2066/255/677 90/257/678 2067/258/679 1009/256/680
f 91/259/681 2068/260/682 1009/256/683 2067/258/684
f 2068/260/685 89/253/686 2063/252/687 1009/256/688
f 86/245/689 2069/261/690 1010/262/691 2060/246/692
f 2069/261/693 92/263/694 2070/264/695 1010/262/696
f 90/257/697 2066/255/698 1010/262/699 2070/264/700
f 2066/255/701 87/247/702 2060/246/703 1010/262/704
f 43/121/705 2071/265/706 1011/266/707 2001/122/708
f 2071/265/709 93/267/710 2072/268/711 1011/266/712
f 94/269/713 2073/270/714 1011/266/715 2072/268/716
f 2073/270/717 44/125/718 2001/122/719 1011/266/720
f 44/125/721 2073/270/722 1012/271/723 2011/142/724
f 2073/270/725 94/269/726 2074/272/727 1012/271/728
f 95/273/729 2075/274/730 1012/271/731 2074/272/732
f 2075/274/733 51/144/734 2011/142/735 1012/271/736
f 94/269/737 2076/275/738 1013/276/739 2074/272/740
f 2076/275/741 96/277/742 2077/278/743 1013/276/744
f 97/279/745 2078/280/746 1013/276/747 2077/278/748
f 2078/280/749 95/273/750 2074/272/751 1013/276/752
f 93/267/753 2079/281/754 1014/282/755 2072/268/756
f 2079/281/757 98/283/758 2080/284/759 1014/282/760
f 96/277/761 2076/275/762 1014/282/763 2080/284/764
f 2076/275/765 94/269/766 2072/268/767 1014/282/768
f 1/1/769 2081/285/770 1015/286/771 1943/2/772
f 2081/285/773 99/287/774 2082/288/775 1015/286/776
f 100/289/777 2083/290/778 1015/286/779 2082/288/780
f 2083/290/781 2/5/782 1943/2/783 1015/286/784
f 2/5/785 2083/290/786 1016/291/787 1953/22/788
f 2083/290/789 100/289/790 2084/292/791 1016/291/792
f 101/293/793 2085/294/794 1016/291/795 2084/292/796
f 2085/294/797 9/24/798 1953/22/799 1016/291/800
f 100/289/801 2086/295/802 1017/296/803 2084/292/804
f 2086/295/805 102/297/806 2087/298/807 1017/296/808
f 103/299/809 2088/300/810 1017/296/811 2087/298/812
f 2088/300/813 101/293/814 2084/292/815 1017/296/816
f 99/287/817 2089/301/818 1018/302/819 2082/288/820
f 2089/301/821 104/303/822 2090/304/823 1018/302/824
f 102/297/825 2086/295/826 1018/302/827 2090/304/828
f 2086/295/829 100/289/830 2082/288/831 1018/302/832
f 105/305/833 2091/306/834 1019/307/835 2094/308/836
f 2091/306/837 106/309/838 2092/310/839 1019/307/840
f 107/311/841 2093/312/842 1019/307/843 2092/310/844
f 2093/312/845 108/313/846 2094/308/847 1019/307/848
f 108/313/849 2093/312/850 1020/314/851 2097/315/852
f 2093/312/853 107/311/854 2095/316/855 1020/314/856
f 109/317/857 2096/318/858 1020/314/859 2095/316/860
f 2096/318/861 48/135/862 2097/315/863 1020/314/864
f 107/311/865 2098/319/866 1021/320/867 2095/316/868
f 2098/319/869 110/321/870 2099/322/871 1021/320/872
f 111/323/873 2100/324/874 1021/320/875 2099/322/876
f 2100/324/877 109/317/878 2095/316/879 1021/320/880
f 106/309/881 2101/325/882 1022/326/883 2092/310/884
f 2101/325/885 112/327/886 2102/328/887 1022/326/888
f 110/321/889 2098/319/890 1022/326/891 2102/328/892
f 2098/319/893 107/311/894 2092/310/895 1022/326/896
f 113/329/897 2103/330/898 1023/331/899 2106/332/900
f 2103/330/901 114/333/902 2104/334/903 1023/331/904
f 115/335/905 2105/336/906 1023/331/907 2104/334/908
f 2105/336/909 116/337/910 2106/332/911 1023/331/912
f 116/337/913 2105/336/914 1024/338/915 2109/339/916
f 2105/336/917 115/335/918 2107/340/919 1024/338/920
f 117/341/921 2108/342/922 1024/338/923 2107/340/924
f 2108/342/925 57/160/926 2109/339/927 1024/338/928
f 115/335/929 2110/343/930 1025/344/931 2107/340/932
f 2110/343/933 118/345/934 2111/346/935 1025/344/936
f 119/347/937 2112/348/938 1025/344/939 2111/346/940
f 2112/348/941 117/341/942 2107/340/943 1025/344/944
f 114/333/945 2113/349/946 1026/350/947 2104/334/948
f 2113/349/949 120/351/950 2114/352/951 1026/350/952
f 118/345/953 2110/343/954 1026/350/955 2114/352/956
f 2110/343/957 115/335/958 2104/334/959 1026/350/960
f 34/96/961 2115/353/962 1027/354/963 1989/97/964
f 2115/353/965 121/355/966 2116/356/967 1027/354/968
f 122/357/969 2117/358/970 1027/354/971 2116/356/972
f 2117/358/973 35/100/974 1989/97/975 1027/354/976
f 35/100/977 2117/358/978 1028/359/979 1999/117/980
f 2117/358/981 122/357/982 2118/360/983 1028/359/984
f 123/361/985 2119/362/986 1028/359/987 2118/360/988
f 2119/362/989 42/119/990 1999/117/991 1028/359/992
f 122/357/993 2120/363/994 1029/364/995 2118/360/996
f 2120/363/997 124/365/998 2121/366/999 1029/364/1000
f 125/367/1001 2122/368/1002 1029/364/1003 2121/366/1004
f 2122/368/1005 123/361/1006 2118/360/1007 1029/364/1008
f 121/355/1009 2123/369/1010 1030/370/1011 2116/356/1012
f 2123/369/1013 126/371/1014 2124/372/1015 1030/370/1016
f 124/365/1017 2120/363/1018 1030/370/1019 2124/372/1020
f 2120/363/1021 122/357/1022 2116/356/1023 1030/370/1024
f 52/146/1025 2125/373/1026 1031/374/1027 2128/375/1028
f 2125/373/1029 127/376/1030 2126/377/1031 1031/374/1032
f 128/378/1033 2127/379/1034 1031/374/1035 2126/377/1036
f 2127/379/1037 129/380/1038 2128/375/1039 1031/374/1040
f 129/380/1041 2127/379/1042 1032/381/1043 2131/382/1044
f 2127/379/1045 128/378/1046 2129/383/1047 1032/381/1048
f 130/384/1049 2130/385/1050 1032/381/1051 2129/383/1052
f 2130/385/1053 66/185/1054 2131/382/1055 1032/381/1056
f 128/378/1057 2132/386/1058 1033/387/1059 2129/383/1060
f 2132/386/1061 131/388/1062 2133/389/1063 1033/387/1064
f 132/390/1065 2134/391/1066 1033/387/1067 2133/389/1068
f 2134/391/1069 130/384/1070 2129/383/1071 1033/387/1072
f 127/376/1073 2135/392/1074 1034/393/1075 2126/377/1076
f 2135/392/1077 133/394/1078 2136/395/1079 1034/393/1080
f 131/388/1081 2132/386/1082 1034/393/1083 2136/395/1084
f 2132/386/1085 128/378/1086 2126/377/1087 1034/393/1088
f 27/74/1089 2137/396/1090 1035/397/1091 1979/76/1092
f 2137/396/1093 134/398/1094 2138/399/1095 1035/397/1096
f 135/400/1097 2139/401/1098 1035/397/1099 2138/399/1100
f 2139/401/1101 28/78/1102 1979/76/1103 1035/397/1104
f 28/78/1105 2139/401/1106 1036/402/1107 1987/92/1108
f 2139/401/1109 135/400/1110 2140/403/1111 1036/402/1112
f 136/404/1113 2141/405/1114 1036/402/1115 2140/403/1116
f 2141/405/1117 33/94/1118 1987/92/1119 1036/402/1120
f 135/400/1121 2142/406/1122 1037/407/1123 2140/403/1124
f 2142/406/1125 137/408/1126 2143/409/1127 1037/407/1128
f 138/410/1129 2144/411/1130 1037/407/1131 2143/409/1132
f 2144/411/1133 136/404/1134 2140/403/1135 1037/407/1136
f 134/398/1137 2145/412/1138 1038/413/1139 2138/399/1140
f 2145/412/1141 139/414/1142 2146/415/1143 1038/413/1144
f 137/408/1145 2142/406/1146 1038/413/1147 2146/415/1148
f 2142/406/1149 135/400/1150 2138/399/1151 1038/413/1152
f 61/171/1153 2147/416/1154 1039/417/1155 2042/206/1156
f 2147/416/1157 140/418/1158 2148/419/1159 1039/417/1160
f 141/420/1161 2149/421/1162 1039/417/1163 2148/419/1164
f 2149/421/1165 73/204/1166 2042/206/1167 1039/417/1168
f 73/204/1169 2149/421/1170 1040/422/1171 2040/199/1172
f 2149/421/1173 141/420/1174 2150/423/1175 1040/422/1176
f 142/424/1177 2151/425/1178 1040/422/1179 2150/423/1180
f 2151/425/1181 70/196/1182 2040/199/1183 1040/422/1184
f 141/420/1185 2152/426/1186 1041/427/1187 2150/423/1188
f 2152/426/1189 143/428/1190 2153/429/1191 1041/427/1192
f 144/430/1193 2154/431/1194 1041/427/1195 2153/429/1196
f 2154/431/1197 142/424/1198 2150/423/1199 1041/427/1200
f 140/418/1201 2155/432/1202 1042/433/1203 2148/419/1204
f 2155/432/1205 145/434/1206 2156/435/1207 1042/433/1208
f 143/428/1209 2152/426/1210 1042/433/1211 2156/435/1212
f 2152/426/1213 141/420/1214 2148/419/1215 1042/433/1216
f 146/436/1217 2157/437/1218 1043/438/1219 2160/439/1220
f 2157/437/1221 147/440/1222 2158/441/1223 1043/438/1224
f 148/442/1225 2159/443/1226 1043/438/1227 2158/441/1228
f 2159/443/1229 149/444/1230 2160/439/1231 1043/438/1232
f 149/444/1233 2159/443/1234 1044/445/1235 2163/446/1236
f 2159/443/1237 148/442/1238 2161/447/1239 1044/445/1240
f 150/448/1241 2162/449/1242 1044/445/1243 2161/447/1244
f 2162/449/1245 151/450/1246 2163/446/1247 1044/445/1248
f 148/442/1249 2164/451/1250 1045/452/1251 2161/447/1252
f 2164/451/1253 152/453/1254 2165/454/1255 1045/452/1256
f 153/455/1257 2166/456/1258 1045/452/1259 2165/454/1260
f 2166/456/1261 150/448/1262 2161/447/1263 1045/452/1264
f 147/440/1265 2167/457/1266 1046/458/1267 2158/441/1268
f 2167/457/1269 154/459/1270 2168/460/1271 1046/458/1272
f 152/453/1273 2164/451/1274 1046/458/1275 2168/460/1276
f 2164/451/1277 148/442/1278 2158/441/1279 1046/458/1280
f 155/461/1281 2169/462/1282 1047/463/1283 2172/464/1284
f 2169/462/1285 156/465/1286 2170/466/1287 1047/463/1288
f 157/467/1289 2171/468/1290 1047/463/1291 2170/466/1292
f 2171/468/1293 158/469/1294 2172/464/1295 1047/463/1296
f 158/469/1297 2171/468/1298 1048/470/1299 2175/471/1300
f 2171/468/1301 157/467/1302 2173/472/1303 1048/470/1304
f 159/473/1305 2174/474/1306 1048/470/1307 2173/472/1308
f 2174/474/1309 160/475/1310 2175/471/1311 1048/470/1312
f 157/467/1313 2176/476/1314 1049/477/1315 2173/472/1316
f 2176/476/1317 161/478/1318 2177/479/1319 1049/477/1320
f 162/480/1321 2178/481/1322 1049/477/1323 2177/479/1324
f 2178/481/1325 159/473/1326 2173/472/1327 1049/477/1328
f 156/465/1329 2179/482/1330 1050/483/1331 2170/466/1332
f 2179/482/1333 163/484/1334 2180/485/1335 1050/483/1336
f 161/478/1337 2176/476/1338 1050/483/1339 2180/485/1340
f 2176/476/1341 157/467/1342 2170/466/1343 1050/483/1344
f 164/486/1345 2181/487/1346 1051/488/1347 2184/489/1348
f 2181/487/1349 165/490/1350 2182/491/1351 1051/488/1352
f 166/492/1353 2183/493/1354 1051/488/1355 2182/491/1356
f 2183/493/1357 167/494/1358 2184/489/1359 1051/488/1360
f 167/494/1361 2183/493/1362 1052/495/1363 2187/496/1364
f 2183/493/1365 166/492/1366 2185/497/1367 1052/495/1368
f 168/498/1369 2186/499/1370 1052/495/1371 2185/497/1372
f 2186/499/1373 169/500/1374 2187/496/1375 1052/495/1376
f 166/492/1377 2188/501/1378 1053/502/1379 2185/497/1380
f 2188/501/1381 170/503/1382 2189/504/1383 1053/502/1384
f 171/505/1385 2190/506/1386 1053/502/1387 2189/504/1388
f 2190/506/1389 168/498/1390 2185/497/1391 1053/502/1392
f 165/490/1393 2191/507/1394 1054/508/1395 2182/491/1396
f 2191/507/1397 172/509/1398 2192/510/1399 1054/508/1400
f 170/503/1401 2188/501/1402 1054/508/1403 2192/510/1404
f 2188/501/1405 166/492/1406 2182/491/1407 1054/508/1408
f 174/511/1409 2195/512/1410 1055/513/1411 2194/514/1412
f 2195/512/1413 176/515/1414 2196/516/1415 1055/513/1416
f 177/517/1417 2197/518/1418 1055/513/1419 2196/516/1420
f 2197/518/1421 175/519/1422 2194/514/1423 1055/513/1424
f 895/520/1425 2198/521/1426 1056/522/1427 2193/523/1428
f 2198/521/1429 178/524/1430 2199/525/1431 1056/522/1432
f 176/515/1433 2195/512/1434 1056/522/1435 2199/525/1436
f 2195/512/1437 174/511/1438 2193/523/1439 1056/522/1440
f 180/526/1441 2202/527/1442 1057/528/1443 2201/529/1444
f 2202/527/1445 182/530/1446 2203/531/1447 1057/528/1448
f 183/532/1449 2204/533/1450 1057/528/1451 2203/531/1452
f 2204/533/1453 181/534/1454 2201/529/1455 1057/528/1456
f 898/535/1457 2205/536/1458 1058/537/1459 2200/538/1460
f 2205/536/1461 184/539/1462 2206/540/1463 1058/537/1464
f 182/530/1465 2202/527/1466 1058/537/1467 2206/540/1468
f 2202/527/1469 180/526/1470 2200/538/1471 1058/537/1472
f 186/541/1473 2209/542/1474 1059/543/1475 2208/544/1476
f 2209/542/1477 188/545/1478 2210/546/1479 1059/543/1480
f 189/547/1481 2211/548/1482 1059/543/1483 2210/546/1484
f 2211/548/1485 187/549/1486 2208/544/1487 1059/543/1488
f 901/550/1489 2212/551/1490 1060/552/1491 2207/553/1492
f 2212/551/1493 190/554/1494 2213/555/1495 1060/552/1496
f 188/545/1497 2209/542/1498 1060/552/1499 2213/555/1500
f 2209/542/1501 186/541/1502 2207/553/1503 1060/552/1504
f 192/556/1505 2216/557/1506 1061/558/1507 2215/559/1508
f 2216/557/1509 194/560/1510 2217/561/1511 1061/558/1512
f 195/562/1513 2218/563/1514 1061/558/1515 2217/561/1516
f 2218/563/1517 193/564/1518 2215/559/1519 1061/558/1520
f 904/565/1521 2219/566/1522 1062/567/1523 2214/568/1524
f 2219/566/1525 196/569/1526 2220/570/1527 1062/567/1528
f 194/560/1529 2216/557/1530 1062/567/1531 2220/570/1532
f 2216/557/1533 192/556/1534 2214/568/1535 1062/567/1536
f 198/571/1537 2223/572/1538 1063/573/1539 2222/574/1540
f 2223/572/1541 200/575/1542 2224/576/1543 1063/573/1544
f 201/577/1545 2225/578/1546 1063/573/1547 2224/576/1548
f 2225/578/1549 199/579/1550 2222/574/1551 1063/573/1552
f 907/580/1553 2226/581/1554 1064/582/1555 2221/583/1556
f 2226/581/1557 202/584/1558 2227/585/1559 1064/582/1560
f 200/575/1561 2223/572/1562 1064/582/1563 2227/585/1564
f 2223/572/1565 198/571/1566 2221/583/1567 1064/582/1568
f 204/586/1569 2230/587/1570 1065/588/1571 2229/589/1572
f 2230/587/1573 206/590/1574 2231/591/1575 1065/588/1576
f 207/592/1577 2232/593/1578 1065/588/1579 2231/591/1580
f 2232/593/1581 205/594/1582 2229/589/1583 1065/588/1584
f 910/595/1585 2233/596/1586 1066/597/1587 2228/598/1588
f 2233/596/1589 208/599/1590 2234/600/1591 1066/597/1592
f 206/590/1593 2230/587/1594 1066/597/1595 2234/600/1596
f 2230/587/1597 204/586/1598 2228/598/1599 1066/597/1600
f 178/524/1601 2235/601/1602 1067/602/1603 2199/525/1604
f 2235/601/1605 209/603/1606 2236/604/1607 1067/602/1608
f 210/605/1609 2237/606/1610 1067/602/1611 2236/604/1612
f 2237/606/1613 176/515/1614 2199/525/1615 1067/602/1616
f 176/515/1617 2237/606/1618 1068/607/1619 2196/516/1620
f 2237/606/1621 210/605/1622 2238/608/1623 1068/607/1624
f 211/609/1625 2239/610/1626 1068/607/1627 2238/608/1628
f 2239/610/1629 177/517/1630 2196/516/1631 1068/607/1632
f 210/605/1633 2240/611/1634 1069/612/1635 2238/608/1636
f 2240/611/1637 212/613/1638 2241/614/1639 1069/612/1640
f 213/615/1641 2242/616/1642 1069/612/1643 2241/614/1644
f 2242/616/1645 211/609/1646 2238/608/1647 1069/612/1648
f 209/603/1649 2243/617/1650 1070/618/1651 2236/604/1652
f 2243/617/1653 214/619/1654 2244/620/1655 1070/618/1656
f 212/613/1657 2240/611/1658 1070/618/1659 2244/620/1660
f 2240/611/1661 210/605/1662 2236/604/1663 1070/618/1664
f 184/539/1665 2245/621/1666 1071/622/1667 2206/540/1668
f 2245/621/1669 215/623/1670 2246/624/1671 1071/622/1672
f 216/625/1673 2247/626/1674 1071/622/1675 2246/624/1676
f 2247/626/1677 182/530/1678 2206/540/1679 1071/622/1680
f 182/530/1681 2247/626/1682 1072/627/1683 2203/531/1684
f 2247/626/1685 216/625/1686 2248/628/1687 1072/627/1688
f 217/629/1689 2249/630/1690 1072/627/1691 2248/628/1692
f 2249/630/1693 183/532/1694 2203/531/1695 1072/627/1696
f 216/625/1697 2250/631/1698 1073/632/1699 2248/628/1700
f 2250/631/1701 218/633/1702 2251/634/1703 1073/632/1704
f 219/635/1705 2252/636/1706 1073/632/1707 2251/634/1708
f 2252/636/1709 217/629/1710 2248/628/1711 1073/632/1712
f 215/623/1713 2253/637/1714 1074/638/1715 2246/624/1716
f 2253/637/1717 220/639/1718 2254/640/1719 1074/638/1720
f 218/633/1721 2250/631/1722 1074/638/1723 2254/640/1724
f 2250/631/1725 216/625/1726 2246/624/1727 1074/638/1728
f 190/554/1729 2255/641/1730 1075/642/1731 2213/555/1732
f 2255/641/1733 221/643/1734 2256/644/1735 1075/642/1736
f 222/645/1737 2257/646/1738 1075/642/1739 2256/644/1740
f 2257/646/1741 188/545/1742 2213/555/1743 1075/642/1744
f 188/545/1745 2257/646/1746 1076/647/1747 2210/546/1748
f 2257/646/1749 222/645/1750 2258/648/1751 1076/647/1752
f 223/649/1753 2259/650/1754 1076/647/1755 2258/648/1756
f 2259/650/1757 189/547/1758 2210/546/1759 1076/647/1760
f 222/645/1761 2260/651/1762 1077/652/1763 2258/648/1764
f 2260/651/1765 224/653/1766 2261/654/1767 1077/652/1768
f 225/655/1769 2262/656/1770 1077/652/1771 2261/654/1772
f 2262/656/1773 223/649/1774 2258/648/1775 1077/652/1776
f 221/643/1777 2263/657/1778 1078/658/1779 2256/644/1780
f 2263/657/1781 226/659/1782 2264/660/1783 1078/658/1784
f 224/653/1785 2260/651/1786 1078/658/1787 2264/660/1788
f 2260/651/1789 222/645/1790 2256/644/1791 1078/658/1792
f 196/569/1793 2265/661/1794 1079/662/1795 2220/570/1796
f 2265/661/1797 227/663/1798 2266/664/1799 1079/662/1800
f 228/665/1801 2267/666/1802 1079/662/1803 2266/664/1804
f 2267/666/1805 194/560/1806 2220/570/1807 1079/662/1808
f 194/560/1809 2267/666/1810 1080/667/1811 2217/561/1812
f 2267/666/1813 228/665/1814 2268/668/1815 1080/667/1816
f 229/669/1817 2269/670/1818 1080/667/1819 2268/668/1820
f 2269/670/1821 195/562/1822 2217/561/1823 1080/667/1824
f 228/665/1825 2270/671/1826 1081/672/1827 2268/668/1828
f 2270/671/1829 230/673/1830 2271/674/1831 1081/672/1832
f 231/675/1833 2272/676/1834 1081/672/1835 2271/674/1836
f 2272/676/1837 229/669/1838 2268/668/1839 1081/672/1840
f 227/663/1841 2273/677/1842 1082/678/1843 2266/664/1844
f 2273/677/1845 232/679/1846 2274/680/1847 1082/678/1848
f 230/673/1849 2270/671/1850 1082/678/1851 2274/680/1852
f 2270/671/1853 228/665/1854 2266/664/1855 1082/678/1856
f 202/584/1857 2275/681/1858 1083/682/1859 2227/585/1860
f 2275/681/1861 233/683/1862 2276/684/1863 1083/682/1864
f 234/685/1865 2277/686/1866 1083/682/1867 2276/684/1868
f 2277/686/1869 200/575/1870 2227/585/1871 1083/682/1872
f 200/575/1873 2277/686/1874 1084/687/1875 2224/576/1876
f 2277/686/1877 234/685/1878 2278/688/1879 1084/687/1880
f 235/689/1881 2279/690/1882 1084/687/1883 2278/688/1884
f 2279/690/1885 201/577/1886 2224/576/1887 1084/687/1888
f 234/685/1889 2280/691/1890 1085/692/1891 2278/688/1892
f 2280/691/1893 236/693/1894 2281/694/1895 1085/692/1896
f 237/695/1897 2282/696/1898 1085/692/1899 2281/694/1900
f 2282/696/1901 235/689/1902 2278/688/1903 1085/692/1904
f 233/683/1905 2283/697/1906 1086/698/1907 2276/684/1908
f 2283/697/1909 238/699/1910 2284/700/1911 1086/698/1912
f 236/693/1913 2280/691/1914 1086/698/1915 2284/700/1916
f 2280/691/1917 234/685/1918 2276/684/1919 1086/698/1920
f 208/599/1921 2285/701/1922 1087/702/1923 2234/600/1924
f 2285/701/1925 239/703/1926 2286/704/1927 1087/702/1928
f 240/705/1929 2287/706/1930 1087/702/1931 2286/704/1932
f 2287/706/1933 206/590/1934 2234/600/1935 1087/702/1936
f 206/590/1937 2287/706/1938 1088/707/1939 2231/591/1940
f 2287/706/1941 240/705/1942 2288/708/1943 1088/707/1944
f 241/709/1945 2289/710/1946 1088/707/1947 2288/708/1948
f 2289/710/1949 207/592/1950 2231/591/1951 1088/707/1952
f 240/705/1953 2290/711/1954 1089/712/1955 2288/708/1956
f 2290/711/1957 242/713/1958 2291/714/1959 1089/712/1960
f 243/715/1961 2292/716/1962 1089/712/1963 2291/714/1964
f 2292/716/1965 241/709/1966 2288/708/1967 1089/712/1968
f 239/703/1969 2293/717/1970 1090/718/1971 2286/704/1972
f 2293/717/1973 244/719/1974 2294/720/1975 1090/718/1976
f 242/713/1977 2290/711/1978 1090/718/1979 2294/720/1980
f 2290/711/1981 240/705/1982 2286/704/1983 1090/718/1984
f 245/721/1985 2295/722/1986 1091/723/1987 2298/724/1988
f 2295/722/1989 246/725/1990 2296/726/1991 1091/723/1992
f 247/727/1993 2297/728/1994 1091/723/1995 2296/726/1996
f 2297/728/1997 248/729/1998 2298/724/1999 1091/723/2000
f 248/729/2001 2297/728/2002 1092/730/2003 2301/731/2004
f 2297/728/2005 247/727/2006 2299/732/2007 1092/730/2008
f 249/733/2009 2300/734/2010 1092/730/2011 2299/732/2012
f 2300/734/2013 250/735/2014 2301/731/2015 1092/730/2016
f 247/727/2017 2302/736/2018 1093/737/2019 2299/732/2020
f 2302/736/2021 251/738/2022 2303/739/2023 1093/737/2024
f 213/615/2025 2304/740/2026 1093/737/2027 2303/739/2028
f 2304/740/2029 249/733/2030 2299/732/2031 1093/737/2032
f 246/725/2033 2305/741/2034 1094/742/2035 2296/726/2036
f 2305/741/2037 220/639/2038 2306/743/2039 1094/742/2040
f 251/738/2041 2302/736/2042 1094/742/2043 2306/743/2044
f 2302/736/2045 247/727/2046 2296/726/2047 1094/742/2048
f 252/744/2049 2307/745/2050 1095/746/2051 2310/747/2052
f 2307/745/2053 253/748/2054 2308/749/2055 1095/746/2056
f 254/750/2057 2309/751/2058 1095/746/2059 2308/749/2060
f 2309/751/2061 255/752/2062 2310/747/2063 1095/746/2064
f 255/752/2065 2309/751/2066 1096/753/2067 2313/754/2068
f 2309/751/2069 254/750/2070 2311/755/2071 1096/753/2072
f 256/756/2073 2312/757/2074 1096/753/2075 2311/755/2076
f 2312/757/2077 257/758/2078 2313/754/2079 1096/753/2080
f 254/750/2081 2314/759/2082 1097/760/2083 2311/755/2084
f 2314/759/2085 248/729/2086 2301/731/2087 1097/760/2088
f 250/735/2089 2315/761/2090 1097/760/2091 2301/731/2092
f 2315/761/2093 256/756/2094 2311/755/2095 1097/760/2096
f 253/748/2097 2316/762/2098 1098/763/2099 2308/749/2100
f 2316/762/2101 245/721/2102 2298/724/2103 1098/763/2104
f 248/729/2105 2314/759/2106 1098/763/2107 2298/724/2108
f 2314/759/2109 254/750/2110 2308/749/2111 1098/763/2112
f 258/764/2113 2317/765/2114 1099/766/2115 2320/767/2116
f 2317/765/2117 259/768/2118 2318/769/2119 1099/766/2120
f 260/770/2121 2319/771/2122 1099/766/2123 2318/769/2124
f 2319/771/2125 261/772/2126 2320/767/2127 1099/766/2128
f 261/772/2129 2319/771/2130 1100/773/2131 2323/774/2132
f 2319/771/2133 260/770/2134 2321/775/2135 1100/773/2136
f 262/776/2137 2322/777/2138 1100/773/2139 2321/775/2140
f 2322/777/2141 263/778/2142 2323/774/2143 1100/773/2144
f 260/770/2145 2324/779/2146 1101/780/2147 2321/775/2148
f 2324/779/2149 255/752/2150 2313/754/2151 1101/780/2152
f 257/758/2153 2325/781/2154 1101/780/2155 2313/754/2156
f 2325/781/2157 262/776/2158 2321/775/2159 1101/780/2160
f 259/768/2161 2326/782/2162 1102/783/2163 2318/769/2164
f 2326/782/2165 252/744/2166 2310/747/2167 1102/783/2168
f 255/752/2169 2324/779/2170 1102/783/2171 2310/747/2172
f 2324/779/2173 260/770/2174 2318/769/2175 1102/783/2176
f 264/784/2177 2327/785/2178 1103/786/2179 2330/787/2180
f 2327/785/2181 265/788/2182 2328/789/2183 1103/786/2184
f 266/790/2185 2329/791/2186 1103/786/2187 2328/789/2188
f 2329/791/2189 267/792/2190 2330/787/2191 1103/786/2192
f 267/792/2193 2329/791/2194 1104/793/2195 2333/794/2196
f 2329/791/2197 266/790/2198 2331/795/2199 1104/793/2200
f 268/796/2201 2332/797/2202 1104/793/2203 2331/795/2204
f 2332/797/2205 269/798/2206 2333/794/2207 1104/793/2208
f 266/790/2209 2334/799/2210 1105/800/2211 2331/795/2212
f 2334/799/2213 261/772/2214 2323/774/2215 1105/800/2216
f 263/778/2217 2335/801/2218 1105/800/2219 2323/774/2220
f 2335/801/2221 268/796/2222 2331/795/2223 1105/800/2224
f 265/788/2225 2336/802/2226 1106/803/2227 2328/789/2228
f 2336/802/2229 258/764/2230 2320/767/2231 1106/803/2232
f 261/772/2233 2334/799/2234 1106/803/2235 2320/767/2236
f 2334/799/2237 266/790/2238 2328/789/2239 1106/803/2240
f 270/804/2241 2337/805/2242 1107/806/2243 2340/807/2244
f 2337/805/2245 271/808/2246 2338/809/2247 1107/806/2248
f 272/810/2249 2339/811/2250 1107/806/2251 2338/809/2252
f 2339/811/2253 273/812/2254 2340/807/2255 1107/806/2256
f 273/812/2257 2339/811/2258 1108/813/2259 2343/814/2260
f 2339/811/2261 272/810/2262 2341/815/2263 1108/813/2264
f 274/816/2265 2342/817/2266 1108/813/2267 2341/815/2268
f 2342/817/2269 275/818/2270 2343/814/2271 1108/813/2272
f 272/810/2273 2344/819/2274 1109/820/2275 2341/815/2276
f 2344/819/2277 267/792/2278 2333/794/2279 1109/820/2280
f 269/798/2281 2345/821/2282 1109/820/2283 2333/794/2284
f 2345/821/2285 274/816/2286 2341/815/2287 1109/820/2288
f 271/808/2289 2346/822/2290 1110/823/2291 2338/809/2292
f 2346/822/2293 264/784/2294 2330/787/2295 1110/823/2296
f 267/792/2297 2344/819/2298 1110/823/2299 2330/787/2300
f 2344/819/2301 272/810/2302 2338/809/2303 1110/823/2304
f 276/824/2305 2347/825/2306 1111/826/2307 2350/827/2308
f 2347/825/2309 277/828/2310 2348/829/2311 1111/826/2312
f 278/830/2313 2349/831/2314 1111/826/2315 2348/829/2316
f 2349/831/2317 279/832/2318 2350/827/2319 1111/826/2320
f 279/832/2321 2349/831/2322 1112/833/2323 2353/834/2324
f 2349/831/2325 278/830/2326 2351/835/2327 1112/833/2328
f 280/836/2329 2352/837/2330 1112/833/2331 2351/835/2332
f 2352/837/2333 281/838/2334 2353/834/2335 1112/833/2336
f 278/830/2337 2354/839/2338 1113/840/2339 2351/835/2340
f 2354/839/2341 282/841/2342 2355/842/2343 1113/840/2344
f 219/635/2345 2356/843/2346 1113/840/2347 2355/842/2348
f 2356/843/2349 280/836/2350 2351/835/2351 1113/840/2352
f 277/828/2353 2357/844/2354 1114/845/2355 2348/829/2356
f 2357/844/2357 232/679/2358 2358/846/2359 1114/845/2360
f 282/841/2361 2354/839/2362 1114/845/2363 2358/846/2364
f 2354/839/2365 278/830/2366 2348/829/2367 1114/845/2368
f 283/847/2369 2359/848/2370 1115/849/2371 2362/850/2372
f 2359/848/2373 284/851/2374 2360/852/2375 1115/849/2376
f 285/853/2377 2361/854/2378 1115/849/2379 2360/852/2380
f 2361/854/2381 286/855/2382 2362/850/2383 1115/849/2384
f 286/855/2385 2361/854/2386 1116/856/2387 2365/857/2388
f 2361/854/2389 285/853/2390 2363/858/2391 1116/856/2392
f 287/859/2393 2364/860/2394 1116/856/2395 2363/858/2396
f 2364/860/2397 288/861/2398 2365/857/2399 1116/856/2400
f 285/853/2401 2366/862/2402 1117/863/2403 2363/858/2404
f 2366/862/2405 279/832/2406 2353/834/2407 1117/863/2408
f 281/838/2409 2367/864/2410 1117/863/2411 2353/834/2412
f 2367/864/2413 287/859/2414 2363/858/2415 1117/863/2416
f 284/851/2417 2368/865/2418 1118/866/2419 2360/852/2420
f 2368/865/2421 276/824/2422 2350/827/2423 1118/866/2424
f 279/832/2425 2366/862/2426 1118/866/2427 2350/827/2428
f 2366/862/2429 285/853/2430 2360/852/2431 1118/866/2432
f 289/867/2433 2369/868/2434 1119/869/2435 2372/870/2436
f 2369/868/2437 290/871/2438 2370/872/2439 1119/869/2440
f 291/873/2441 2371/874/2442 1119/869/2443 2370/872/2444
f 2371/874/2445 292/875/2446 2372/870/2447 1119/869/2448
f 292/875/2449 2371/874/2450 1120/876/2451 2375/877/2452
f 2371/874/2453 291/873/2454 2373/878/2455 1120/876/2456
f 293/879/2457 2374/880/2458 1120/876/2459 2373/878/2460
f 2374/880/2461 294/881/2462 2375/877/2463 1120/876/2464
f 291/873/2465 2376/882/2466 1121/883/2467 2373/878/2468
f 2376/882/2469 286/855/2470 2365/857/2471 1121/883/2472
f 288/861/2473 2377/884/2474 1121/883/2475 2365/857/2476
f 2377/884/2477 293/879/2478 2373/878/2479 1121/883/2480
f 290/871/2481 2378/885/2482 1122/886/2483 2370/872/2484
f 2378/885/2485 283/847/2486 2362/850/2487 1122/886/2488
f 286/855/2489 2376/882/2490 1122/886/2491 2362/850/2492
f 2376/882/2493 291/873/2494 2370/872/2495 1122/886/2496
f 295/887/2497 2379/888/2498 1123/889/2499 2382/890/2500
f 2379/888/2501 296/891/2502 2380/892/2503 1123/889/2504
f 297/893/2505 2381/894/2506 1123/889/2507 2380/892/2508
f 2381/894/2509 298/895/2510 2382/890/2511 1123/889/2512
f 298/895/2513 2381/894/2514 1124/896/2515 2385/897/2516
f 2381/894/2517 297/893/2518 2383/898/2519 1124/896/2520
f 299/899/2521 2384/900/2522 1124/896/2523 2383/898/2524
f 2384/900/2525 300/901/2526 2385/897/2527 1124/896/2528
f 297/893/2529 2386/902/2530 1125/903/2531 2383/898/2532
f 2386/902/2533 292/875/2534 2375/877/2535 1125/903/2536
f 294/881/2537 2387/904/2538 1125/903/2539 2375/877/2540
f 2387/904/2541 299/899/2542 2383/898/2543 1125/903/2544
f 296/891/2545 2388/905/2546 1126/906/2547 2380/892/2548
f 2388/905/2549 289/867/2550 2372/870/2551 1126/906/2552
f 292/875/2553 2386/902/2554 1126/906/2555 2372/870/2556
f 2386/902/2557 297/893/2558 2380/892/2559 1126/906/2560
f 301/907/2561 2389/908/2562 1127/909/2563 2392/910/2564
f 2389/908/2565 302/911/2566 2390/912/2567 1127/909/2568
f 303/913/2569 2391/914/2570 1127/909/2571 2390/912/2572
f 2391/914/2573 304/915/2574 2392/910/2575 1127/909/2576
f 304/915/2577 2391/914/2578 1128/916/2579 2395/917/2580
f 2391/914/2581 303/913/2582 2393/918/2583 1128/916/2584
f 305/919/2585 2394/920/2586 1128/916/2587 2393/918/2588
f 2394/920/2589 306/921/2590 2395/917/2591 1128/916/2592
f 303/913/2593 2396/922/2594 1129/923/2595 2393/918/2596
f 2396/922/2597 298/895/2598 2385/897/2599 1129/923/2600
f 300/901/2601 2397/924/2602 1129/923/2603 2385/897/2604
f 2397/924/2605 305/919/2606 2393/918/2607 1129/923/2608
f 302/911/2609 2398/925/2610 1130/926/2611 2390/912/2612
f 2398/925/2613 295/887/2614 2382/890/2615 1130/926/2616
f 298/895/2617 2396/922/2618 1130/926/2619 2382/890/2620
f 2396/922/2621 303/913/2622 2390/912/2623 1130/926/2624
f 307/927/2625 2399/928/2626 1131/929/2627 2402/930/2628
f 2399/928/2629 308/931/2630 2400/932/2631 1131/929/2632
f 309/933/2633 2401/934/2634 1131/929/2635 2400/932/2636
f 2401/934/2637 310/935/2638 2402/930/2639 1131/929/2640
f 310/935/2641 2401/934/2642 1132/936/2643 2405/937/2644
f 2401/934/2645 309/933/2646 2403/938/2647 1132/936/2648
f 311/939/2649 2404/940/2650 1132/936/2651 2403/938/2652
f 2404/940/2653 312/941/2654 2405/937/2655 1132/936/2656
f 309/933/2657 2406/942/2658 1133/943/2659 2403/938/2660
f 2406/942/2661 313/944/2662 2407/945/2663 1133/943/2664
f 314/946/2665 2408/947/2666 1133/943/2667 2407/945/2668
f 2408/947/2669 311/939/2670 2403/938/2671 1133/943/2672
f 308/931/2673 2409/948/2674 1134/949/2675 2400/932/2676
f 2409/948/2677 315/950/2678 2410/951/2679 1134/949/2680
f 313/944/2681 2406/942/2682 1134/949/2683 2410/951/2684
f 2406/942/2685 309/933/2686 2400/932/2687 1134/949/2688
f 315/950/2689 2411/952/2690 1135/953/2691 2410/951/2692
f 2411/952/2693 316/954/2694 2412/955/2695 1135/953/2696
f 317/956/2697 2413/957/2698 1135/953/2699 2412/955/2700
f 2413/957/2701 313/944/2702 2410/951/2703 1135/953/2704
f 313/944/2705 2413/957/2706 1136/958/2707 2407/945/2708
f 2413/957/2709 317/956/2710 2414/959/2711 1136/958/2712
f 318/960/2713 2415/961/2714 1136/958/2715 2414/959/2716
f 2415/961/2717 314/946/2718 2407/945/2719 1136/958/2720
f 317/956/2721 2416/962/2722 1137/963/2723 2414/959/2724
f 2416/962/2725 319/964/2726 2417/965/2727 1137/963/2728
f 320/966/2729 2418/967/2730 1137/963/2731 2417/965/2732
f 2418/967/2733 318/960/2734 2414/959/2735 1137/963/2736
f 316/954/2737 2419/968/2738 1138/969/2739 2412/955/2740
f 2419/968/2741 321/970/2742 2420/971/2743 1138/969/2744
f 319/964/2745 2416/962/2746 1138/969/2747 2420/971/2748
f 2416/962/2749 317/956/2750 2412/955/2751 1138/969/2752
f 321/970/2753 2421/972/2754 1139/973/2755 2420/971/2756
f 2421/972/2757 322/974/2758 2422/975/2759 1139/973/2760
f 323/976/2761 2423/977/2762 1139/973/2763 2422/975/2764
f 2423/977/2765 319/964/2766 2420/971/2767 1139/973/2768
f 319/964/2769 2423/977/2770 1140/978/2771 2417/965/2772
f 2423/977/2773 323/976/2774 2424/979/2775 1140/978/2776
f 324/980/2777 2425/981/2778 1140/978/2779 2424/979/2780
f 2425/981/2781 320/966/2782 2417/965/2783 1140/978/2784
f 323/976/2785 2426/982/2786 1141/983/2787 2424/979/2788
f 2426/982/2789 325/984/2790 2427/985/2791 1141/983/2792
f 326/986/2793 2428/987/2794 1141/983/2795 2427/985/2796
f 2428/987/2797 324/980/2798 2424/979/2799 1141/983/2800
f 322/974/2801 2429/988/2802 1142/989/2803 2422/975/2804
f 2429/988/2805 327/990/2806 2430/991/2807 1142/989/2808
f 325/984/2809 2426/982/2810 1142/989/2811 2430/991/2812
f 2426/982/2813 323/976/2814 2422/975/2815 1142/989/2816
f 327/990/2817 2431/992/2818 1143/993/2819 2430/991/2820
f 2431/992/2821 328/994/2822 2432/995/2823 1143/993/2824
f 329/996/2825 2433/997/2826 1143/993/2827 2432/995/2828
f 2433/997/2829 325/984/2830 2430/991/2831 1143/993/2832
f 325/984/2833 2433/997/2834 1144/998/2835 2427/985/2836
f 2433/997/2837 329/996/2838 2434/999/2839 1144/998/2840
f 330/1000/2841 2435/1001/2842 1144/998/2843 2434/999/2844
f 2435/1001/2845 326/986/2846 2427/985/2847 1144/998/2848
f 329/996/2849 2436/1002/2850 1145/1003/2851 2434/999/2852
f 2436/1002/2853 331/1004/2854 2437/1005/2855 1145/1003/2856
f 332/1006/2857 2438/1007/2858 1145/1003/2859 2437/1005/2860
f 2438/1007/2861 330/1000/2862 2434/999/2863 1145/1003/2864
f 328/994/2865 2439/1008/2866 1146/1009/2867 2432/995/2868
f 2439/1008/2869 333/1010/2870 2440/1011/2871 1146/1009/2872
f 331/1004/2873 2436/1002/2874 1146/1009/2875 2440/1011/2876
f 2436/1002/2877 329/996/2878 2432/995/2879 1146/1009/2880
f 333/1010/2881 2441/1012/2882 1147/1013/2883 2440/1011/2884
f 2441/1012/2885 334/1014/2886 2442/1015/2887 1147/1013/2888
f 335/1016/2889 2443/1017/2890 1147/1013/2891 2442/1015/2892
f 2443/1017/2893 331/1004/2894 2440/1011/2895 1147/1013/2896
f 331/1004/2897 2443/1017/2898 1148/1018/2899 2437/1005/2900
f 2443/1017/2901 335/1016/2902 2444/1019/2903 1148/1018/2904
f 336/1020/2905 2445/1021/2906 1148/1018/2907 2444/1019/2908
f 2445/1021/2909 332/1006/2910 2437/1005/2911 1148/1018/2912
f 335/1016/2913 2446/1022/2914 1149/1023/2915 2444/1019/2916
f 2446/1022/2917 337/1024/2918 2447/1025/2919 1149/1023/2920
f 225/655/2921 2448/1026/2922 1149/1023/2923 2447/1025/2924
f 2448/1026/2925 336/1020/2926 2444/1019/2927 1149/1023/2928
f 334/1014/2929 2449/1027/2930 1150/1028/2931 2442/1015/2932
f 2449/1027/2933 214/1029/2934 2450/1030/2935 1150/1028/2936
f 337/1024/2937 2446/1022/2938 1150/1028/2939 2450/1030/2940
f 2446/1022/2941 335/1016/2942 2442/1015/2943 1150/1028/2944
f 338/1031/2945 2451/1032/2946 1151/1033/2947 2454/1034/2948
f 2451/1032/2949 339/1035/2950 2452/1036/2951 1151/1033/2952
f 340/1037/2953 2453/1038/2954 1151/1033/2955 2452/1036/2956
f 2453/1038/2957 341/1039/2958 2454/1034/2959 1151/1033/2960
f 341/1039/2961 2453/1038/2962 1152/1040/2963 2457/1041/2964
f 2453/1038/2965 340/1037/2966 2455/1042/2967 1152/1040/2968
f 342/1043/2969 2456/1044/2970 1152/1040/2971 2455/1042/2972
f 2456/1044/2973 343/1045/2974 2457/1041/2975 1152/1040/2976
f 340/1037/2977 2458/1046/2978 1153/1047/2979 2455/1042/2980
f 2458/1046/2981 344/1048/2982 2459/1049/2983 1153/1047/2984
f 231/675/2985 2460/1050/2986 1153/1047/2987 2459/1049/2988
f 2460/1050/2989 342/1043/2990 2455/1042/2991 1153/1047/2992
f 339/1035/2993 2461/1051/2994 1154/1052/2995 2452/1036/2996
f 2461/1051/2997 244/719/2998 2462/1053/2999 1154/1052/3000
f 344/1048/3001 2458/1046/3002 1154/1052/3003 2462/1053/3004
f 2458/1046/3005 340/1037/3006 2452/1036/3007 1154/1052/3008
f 345/1054/3009 2463/1055/3010 1155/1056/3011 2466/1057/3012
f 2463/1055/3013 346/1058/3014 2464/1059/3015 1155/1056/3016
f 347/1060/3017 2465/1061/3018 1155/1056/3019 2464/1059/3020
f 2465/1061/3021 348/1062/3022 2466/1057/3023 1155/1056/3024
f 348/1062/3025 2465/1061/3026 1156/1063/3027 2469/1064/3028
f 2465/1061/3029 347/1060/3030 2467/1065/3031 1156/1063/3032
f 349/1066/3033 2468/1067/3034 1156/1063/3035 2467/1065/3036
f 2468/1067/3037 350/1068/3038 2469/1064/3039 1156/1063/3040
f 347/1060/3041 2470/1069/3042 1157/1070/3043 2467/1065/3044
f 2470/1069/3045 341/1039/3046 2457/1041/3047 1157/1070/3048
f 343/1045/3049 2471/1071/3050 1157/1070/3051 2457/1041/3052
f 2471/1071/3053 349/1066/3054 2467/1065/3055 1157/1070/3056
f 346/1058/3057 2472/1072/3058 1158/1073/3059 2464/1059/3060
f 2472/1072/3061 338/1031/3062 2454/1034/3063 1158/1073/3064
f 341/1039/3065 2470/1069/3066 1158/1073/3067 2454/1034/3068
f 2470/1069/3069 347/1060/3070 2464/1059/3071 1158/1073/3072
f 351/1074/3073 2473/1075/3074 1159/1076/3075 2476/1077/3076
f 2473/1075/3077 352/1078/3078 2474/1079/3079 1159/1076/3080
f 353/1080/3081 2475/1081/3082 1159/1076/3083 2474/1079/3084
f 2475/1081/3085 354/1082/3086 2476/1077/3087 1159/1076/3088
f 354/1082/3089 2475/1081/3090 1160/1083/3091 2479/1084/3092
f 2475/1081/3093 353/1080/3094 2477/1085/3095 1160/1083/3096
f 355/1086/3097 2478/1087/3098 1160/1083/3099 2477/1085/3100
f 2478/1087/3101 356/1088/3102 2479/1084/3103 1160/1083/3104
f 353/1080/3105 2480/1089/3106 1161/1090/3107 2477/1085/3108
f 2480/1089/3109 348/1062/3110 2469/1064/3111 1161/1090/3112
f 350/1068/3113 2481/1091/3114 1161/1090/3115 2469/1064/3116
f 2481/1091/3117 355/1086/3118 2477/1085/3119 1161/1090/3120
f 352/1078/3121 2482/1092/3122 1162/1093/3123 2474/1079/3124
f 2482/1092/3125 345/1054/3126 2466/1057/3127 1162/1093/3128
f 348/1062/3129 2480/1089/3130 1162/1093/3131 2466/1057/3132
f 2480/1089/3133 353/1080/3134 2474/1079/3135 1162/1093/3136
f 357/1094/3137 2483/1095/3138 1163/1096/3139 2486/1097/3140
f 2483/1095/3141 358/1098/3142 2484/1099/3143 1163/1096/3144
f 359/1100/3145 2485/1101/3146 1163/1096/3147 2484/1099/3148
f 2485/1101/3149 360/1102/3150 2486/1097/3151 1163/1096/3152
f 360/1102/3153 2485/1101/3154 1164/1103/3155 2489/1104/3156
f 2485/1101/3157 359/1100/3158 2487/1105/3159 1164/1103/3160
f 361/1106/3161 2488/1107/3162 1164/1103/3163 2487/1105/3164
f 2488/1107/3165 362/1108/3166 2489/1104/3167 1164/1103/3168
f 359/1100/3169 2490/1109/3170 1165/1110/3171 2487/1105/3172
f 2490/1109/3173 354/1082/3174 2479/1084/3175 1165/1110/3176
f 356/1088/3177 2491/1111/3178 1165/1110/3179 2479/1084/3180
f 2491/1111/3181 361/1106/3182 2487/1105/3183 1165/1110/3184
f 358/1098/3185 2492/1112/3186 1166/1113/3187 2484/1099/3188
f 2492/1112/3189 351/1074/3190 2476/1077/3191 1166/1113/3192
f 354/1082/3193 2490/1109/3194 1166/1113/3195 2476/1077/3196
f 2490/1109/3197 359/1100/3198 2484/1099/3199 1166/1113/3200
f 363/1114/3201 2493/1115/3202 1167/1116/3203 2496/1117/3204
f 2493/1115/3205 364/1118/3206 2494/1119/3207 1167/1116/3208
f 365/1120/3209 2495/1121/3210 1167/1116/3211 2494/1119/3212
f 2495/1121/3213 366/1122/3214 2496/1117/3215 1167/1116/3216
f 366/1122/3217 2495/1121/3218 1168/1123/3219 2499/1124/3220
f 2495/1121/3221 365/1120/3222 2497/1125/3223 1168/1123/3224
f 367/1126/3225 2498/1127/3226 1168/1123/3227 2497/1125/3228
f 2498/1127/3229 368/1128/3230 2499/1124/3231 1168/1123/3232
f 365/1120/3233 2500/1129/3234 1169/1130/3235 2497/1125/3236
f 2500/1129/3237 360/1102/3238 2489/1104/3239 1169/1130/3240
f 362/1108/3241 2501/1131/3242 1169/1130/3243 2489/1104/3244
f 2501/1131/3245 367/1126/3246 2497/1125/3247 1169/1130/3248
f 364/1118/3249 2502/1132/3250 1170/1133/3251 2494/1119/3252
f 2502/1132/3253 357/1094/3254 2486/1097/3255 1170/1133/3256
f 360/1102/3257 2500/1129/3258 1170/1133/3259 2486/1097/3260
f 2500/1129/3261 365/1120/3262 2494/1119/3263 1170/1133/3264
f 369/1134/3265 2503/1135/3266 1171/1136/3267 2506/1137/3268
f 2503/1135/3269 370/1138/3270 2504/1139/3271 1171/1136/3272
f 371/1140/3273 2505/1141/3274 1171/1136/3275 2504/1139/3276
f 2505/1141/3277 372/1142/3278 2506/1137/3279 1171/1136/3280
f 372/1142/3281 2505/1141/3282 1172/1143/3283 2509/1144/3284
f 2505/1141/3285 371/1140/3286 2507/1145/3287 1172/1143/3288
f 373/1146/3289 2508/1147/3290 1172/1143/3291 2507/1145/3292
f 2508/1147/3293 374/1148/3294 2509/1144/3295 1172/1143/3296
f 371/1140/3297 2510/1149/3298 1173/1150/3299 2507/1145/3300
f 2510/1149/3301 375/1151/3302 2511/1152/3303 1173/1150/3304
f 376/1153/3305 2512/1154/3306 1173/1150/3307 2511/1152/3308
f 2512/1154/3309 373/1146/3310 2507/1145/3311 1173/1150/3312
f 370/1138/3313 2513/1155/3314 1174/1156/3315 2504/1139/3316
f 2513/1155/3317 377/1157/3318 2514/1158/3319 1174/1156/3320
f 375/1151/3321 2510/1149/3322 1174/1156/3323 2514/1158/3324
f 2510/1149/3325 371/1140/3326 2504/1139/3327 1174/1156/3328
f 377/1157/3329 2515/1159/3330 1175/1160/3331 2514/1158/3332
f 2515/1159/3333 378/1161/3334 2516/1162/3335 1175/1160/3336
f 379/1163/3337 2517/1164/3338 1175/1160/3339 2516/1162/3340
f 2517/1164/3341 375/1151/3342 2514/1158/3343 1175/1160/3344
f 375/1151/3345 2517/1164/3346 1176/1165/3347 2511/1152/3348
f 2517/1164/3349 379/1163/3350 2518/1166/3351 1176/1165/3352
f 380/1167/3353 2519/1168/3354 1176/1165/3355 2518/1166/3356
f 2519/1168/3357 376/1153/3358 2511/1152/3359 1176/1165/3360
f 379/1163/3361 2520/1169/3362 1177/1170/3363 2518/1166/3364
f 2520/1169/3365 381/1171/3366 2521/1172/3367 1177/1170/3368
f 382/1173/3369 2522/1174/3370 1177/1170/3371 2521/1172/3372
f 2522/1174/3373 380/1167/3374 2518/1166/3375 1177/1170/3376
f 378/1161/3377 2523/1175/3378 1178/1176/3379 2516/1162/3380
f 2523/1175/3381 383/1177/3382 2524/1178/3383 1178/1176/3384
f 381/1171/3385 2520/1169/3386 1178/1176/3387 2524/1178/3388
f 2520/1169/3389 379/1163/3390 2516/1162/3391 1178/1176/3392
f 383/1177/3393 2525/1179/3394 1179/1180/3395 2524/1178/3396
f 2525/1179/3397 384/1181/3398 2526/1182/3399 1179/1180/3400
f 385/1183/3401 2527/1184/3402 1179/1180/3403 2526/1182/3404
f 2527/1184/3405 381/1171/3406 2524/1178/3407 1179/1180/3408
f 381/1171/3409 2527/1184/3410 1180/1185/3411 2521/1172/3412
f 2527/1184/3413 385/1183/3414 2528/1186/3415 1180/1185/3416
f 386/1187/3417 2529/1188/3418 1180/1185/3419 2528/1186/3420
f 2529/1188/3421 382/1173/3422 2521/1172/3423 1180/1185/3424
f 385/1183/3425 2530/1189/3426 1181/1190/3427 2528/1186/3428
f 2530/1189/3429 387/1191/3430 2531/1192/3431 1181/1190/3432
f 388/1193/3433 2532/1194/3434 1181/1190/3435 2531/1192/3436
f 2532/1194/3437 386/1187/3438 2528/1186/3439 1181/1190/3440
f 384/1181/3441 2533/1195/3442 1182/1196/3443 2526/1182/3444
f 2533/1195/3445 389/1197/3446 2534/1198/3447 1182/1196/3448
f 387/1191/3449 2530/1189/3450 1182/1196/3451 2534/1198/3452
f 2530/1189/3453 385/1183/3454 2526/1182/3455 1182/1196/3456
f 389/1197/3457 2535/1199/3458 1183/1200/3459 2534/1198/3460
f 2535/1199/3461 390/1201/3462 2536/1202/3463 1183/1200/3464
f 391/1203/3465 2537/1204/3466 1183/1200/3467 2536/1202/3468
f 2537/1204/3469 387/1191/3470 2534/1198/3471 1183/1200/3472
f 387/1191/3473 2537/1204/3474 1184/1205/3475 2531/1192/3476
f 2537/1204/3477 391/1203/3478 2538/1206/3479 1184/1205/3480
f 392/1207/3481 2539/1208/3482 1184/1205/3483 2538/1206/3484
f 2539/1208/3485 388/1193/3486 2531/1192/3487 1184/1205/3488
f 391/1203/3489 2540/1209/3490 1185/1210/3491 2538/1206/3492
f 2540/1209/3493 393/1211/3494 2541/1212/3495 1185/1210/3496
f 394/1213/3497 2542/1214/3498 1185/1210/3499 2541/1212/3500
f 2542/1214/3501 392/1207/3502 2538/1206/3503 1185/1210/3504
f 390/1201/3505 2543/1215/3506 1186/1216/3507 2536/1202/3508
f 2543/1215/3509 395/1217/3510 2544/1218/3511 1186/1216/3512
f 393/1211/3513 2540/1209/3514 1186/1216/3515 2544/1218/3516
f 2540/1209/3517 391/1203/3518 2536/1202/3519 1186/1216/3520
f 395/1217/3521 2545/1219/3522 1187/1220/3523 2544/1218/3524
f 2545/1219/3525 396/1221/3526 2546/1222/3527 1187/1220/3528
f 397/1223/3529 2547/1224/3530 1187/1220/3531 2546/1222/3532
f 2547/1224/3533 393/1211/3534 2544/1218/3535 1187/1220/3536
f 393/1211/3537 2547/1224/3538 1188/1225/3539 2541/1212/3540
f 2547/1224/3541 397/1223/3542 2548/1226/3543 1188/1225/3544
f 398/1227/3545 2549/1228/3546 1188/1225/3547 2548/1226/3548
f 2549/1228/3549 394/1213/3550 2541/1212/3551 1188/1225/3552
f 397/1223/3553 2550/1229/3554 1189/1230/3555 2548/1226/3556
f 2550/1229/3557 399/1231/3558 2551/1232/3559 1189/1230/3560
f 237/695/3561 2552/1233/3562 1189/1230/3563 2551/1232/3564
f 2552/1233/3565 398/1227/3566 2548/1226/3567 1189/1230/3568
f 396/1221/3569 2553/1234/3570 1190/1235/3571 2546/1222/3572
f 2553/1234/3573 226/659/3574 2554/1236/3575 1190/1235/3576
f 399/1231/3577 2550/1229/3578 1190/1235/3579 2554/1236/3580
f 2550/1229/3581 397/1223/3582 2546/1222/3583 1190/1235/3584
f 400/1237/3585 2555/1238/3586 1191/1239/3587 2558/1240/3588
f 2555/1238/3589 401/1241/3590 2556/1242/3591 1191/1239/3592
f 402/1243/3593 2557/1244/3594 1191/1239/3595 2556/1242/3596
f 2557/1244/3597 403/1245/3598 2558/1240/3599 1191/1239/3600
f 403/1245/3601 2557/1244/3602 1192/1246/3603 2561/1247/3604
f 2557/1244/3605 402/1243/3606 2559/1248/3607 1192/1246/3608
f 404/1249/3609 2560/1250/3610 1192/1246/3611 2559/1248/3612
f 2560/1250/3613 405/1251/3614 2561/1247/3615 1192/1246/3616
f 402/1243/3617 2562/1252/3618 1193/1253/3619 2559/1248/3620
f 2562/1252/3621 406/1254/3622 2563/1255/3623 1193/1253/3624
f 243/715/3625 2564/1256/3626 1193/1253/3627 2563/1255/3628
f 2564/1256/3629 404/1249/3630 2559/1248/3631 1193/1253/3632
f 401/1241/3633 2565/1257/3634 1194/1258/3635 2556/1242/3636
f 2565/1257/3637 238/699/3638 2566/1259/3639 1194/1258/3640
f 406/1254/3641 2562/1252/3642 1194/1258/3643 2566/1259/3644
f 2562/1252/3645 402/1243/3646 2556/1242/3647 1194/1258/3648
f 407/1260/3649 2567/1261/3650 1195/1262/3651 2570/1263/3652
f 2567/1261/3653 408/1264/3654 2568/1265/3655 1195/1262/3656
f 409/1266/3657 2569/1267/3658 1195/1262/3659 2568/1265/3660
f 2569/1267/3661 410/1268/3662 2570/1263/3663 1195/1262/3664
f 410/1268/3665 2569/1267/3666 1196/1269/3667 2573/1270/3668
f 2569/1267/3669 409/1266/3670 2571/1271/3671 1196/1269/3672
f 411/1272/3673 2572/1273/3674 1196/1269/3675 2571/1271/3676
f 2572/1273/3677 412/1274/3678 2573/1270/3679 1196/1269/3680
f 409/1266/3681 2574/1275/3682 1197/1276/3683 2571/1271/3684
f 2574/1275/3685 403/1245/3686 2561/1247/3687 1197/1276/3688
f 405/1251/3689 2575/1277/3690 1197/1276/3691 2561/1247/3692
f 2575/1277/3693 411/1272/3694 2571/1271/3695 1197/1276/3696
f 408/1264/3697 2576/1278/3698 1198/1279/3699 2568/1265/3700
f 2576/1278/3701 400/1237/3702 2558/1240/3703 1198/1279/3704
f 403/1245/3705 2574/1275/3706 1198/1279/3707 2558/1240/3708
f 2574/1275/3709 409/1266/3710 2568/1265/3711 1198/1279/3712
f 413/1280/3713 2577/1281/3714 1199/1282/3715 2580/1283/3716
f 2577/1281/3717 414/1284/3718 2578/1285/3719 1199/1282/3720
f 415/1286/3721 2579/1287/3722 1199/1282/3723 2578/1285/3724
f 2579/1287/3725 416/1288/3726 2580/1283/3727 1199/1282/3728
f 416/1288/3729 2579/1287/3730 1200/1289/3731 2583/1290/3732
f 2579/1287/3733 415/1286/3734 2581/1291/3735 1200/1289/3736
f 417/1292/3737 2582/1293/3738 1200/1289/3739 2581/1291/3740
f 2582/1293/3741 418/1294/3742 2583/1290/3743 1200/1289/3744
f 415/1286/3745 2584/1295/3746 1201/1296/3747 2581/1291/3748
f 2584/1295/3749 410/1268/3750 2573/1270/3751 1201/1296/3752
f 412/1274/3753 2585/1297/3754 1201/1296/3755 2573/1270/3756
f 2585/1297/3757 417/1292/3758 2581/1291/3759 1201/1296/3760
f 414/1284/3761 2586/1298/3762 1202/1299/3763 2578/1285/3764
f 2586/1298/3765 407/1260/3766 2570/1263/3767 1202/1299/3768
f 410/1268/3769 2584/1295/3770 1202/1299/3771 2570/1263/3772
f 2584/1295/3773 415/1286/3774 2578/1285/3775 1202/1299/3776
f 419/1300/3777 2587/1301/3778 1203/1302/3779 2590/1303/3780
f 2587/1301/3781 420/1304/3782 2588/1305/3783 1203/1302/3784
f 421/1306/3785 2589/1307/3786 1203/1302/3787 2588/1305/3788
f 2589/1307/3789 422/1308/3790 2590/1303/3791 1203/1302/3792
f 422/1308/3793 2589/1307/3794 1204/1309/3795 2593/1310/3796
f 2589/1307/3797 421/1306/3798 2591/1311/3799 1204/1309/3800
f 423/1312/3801 2592/1313/3802 1204/1309/3803 2591/1311/3804
f 2592/1313/3805 424/1314/3806 2593/1310/3807 1204/1309/3808
f 421/1306/3809 2594/1315/3810 1205/1316/3811 2591/1311/3812
f 2594/1315/3813 416/1288/3814 2583/1290/3815 1205/1316/3816
f 418/1294/3817 2595/1317/3818 1205/1316/3819 2583/1290/3820
f 2595/1317/3821 423/1312/3822 2591/1311/3823 1205/1316/3824
f 420/1304/3825 2596/1318/3826 1206/1319/3827 2588/1305/3828
f 2596/1318/3829 413/1280/3830 2580/1283/3831 1206/1319/3832
f 416/1288/3833 2594/1315/3834 1206/1319/3835 2580/1283/3836
f 2594/1315/3837 421/1306/3838 2588/1305/3839 1206/1319/3840
f 425/1320/3841 2597/1321/3842 1207/1322/3843 2600/1323/3844
f 2597/1321/3845 426/1324/3846 2598/1325/3847 1207/1322/3848
f 427/1326/3849 2599/1327/3850 1207/1322/3851 2598/1325/3852
f 2599/1327/3853 428/1328/3854 2600/1323/3855 1207/1322/3856
f 428/1328/3857 2599/1327/3858 1208/1329/3859 2603/1330/3860
f 2599/1327/3861 427/1326/3862 2601/1331/3863 1208/1329/3864
f 429/1332/3865 2602/1333/3866 1208/1329/3867 2601/1331/3868
f 2602/1333/3869 430/1334/3870 2603/1330/3871 1208/1329/3872
f 427/1326/3873 2604/1335/3874 1209/1336/3875 2601/1331/3876
f 2604/1335/3877 422/1308/3878 2593/1310/3879 1209/1336/3880
f 424/1314/3881 2605/1337/3882 1209/1336/3883 2593/1310/3884
f 2605/1337/3885 429/1332/3886 2601/1331/3887 1209/1336/3888
f 426/1324/3889 2606/1338/3890 1210/1339/3891 2598/1325/3892
f 2606/1338/3893 419/1300/3894 2590/1303/3895 1210/1339/3896
f 422/1308/3897 2604/1335/3898 1210/1339/3899 2590/1303/3900
f 2604/1335/3901 427/1326/3902 2598/1325/3903 1210/1339/3904
f 307/1340/3905 2607/1341/3906 1211/1342/3907 2610/1343/3908
f 2607/1341/3909 431/1344/3910 2608/1345/3911 1211/1342/3912
f 432/1346/3913 2609/1347/3914 1211/1342/3915 2608/1345/3916
f 2609/1347/3917 433/1348/3918 2610/1343/3919 1211/1342/3920
f 433/1348/3921 2609/1347/3922 1212/1349/3923 2613/1350/3924
f 2609/1347/3925 432/1346/3926 2611/1351/3927 1212/1349/3928
f 434/1352/3929 2612/1353/3930 1212/1349/3931 2611/1351/3932
f 2612/1353/3933 275/818/3934 2613/1350/3935 1212/1349/3936
f 432/1346/3937 2614/1354/3938 1213/1355/3939 2611/1351/3940
f 2614/1354/3941 435/1356/3942 2615/1357/3943 1213/1355/3944
f 97/279/3945 2616/1358/3946 1213/1355/3947 2615/1357/3948
f 2616/1358/3949 434/1352/3950 2611/1351/3951 1213/1355/3952
f 431/1344/3953 2617/1359/3954 1214/1360/3955 2608/1345/3956
f 2617/1359/3957 92/1361/3958 2618/1362/3959 1214/1360/3960
f 435/1356/3961 2614/1354/3962 1214/1360/3963 2618/1362/3964
f 2614/1354/3965 432/1346/3966 2608/1345/3967 1214/1360/3968
f 270/804/3969 2619/1363/3970 1215/1364/3971 2622/1365/3972
f 2619/1363/3973 436/1366/3974 2620/1367/3975 1215/1364/3976
f 437/1368/3977 2621/1369/3978 1215/1364/3979 2620/1367/3980
f 2621/1369/3981 438/1370/3982 2622/1365/3983 1215/1364/3984
f 438/1370/3985 2621/1369/3986 1216/1371/3987 2625/1372/3988
f 2621/1369/3989 437/1368/3990 2623/1373/3991 1216/1371/3992
f 439/1374/3993 2624/1375/3994 1216/1371/3995 2623/1373/3996
f 2624/1375/3997 306/921/3998 2625/1372/3999 1216/1371/4000
f 437/1368/4001 2626/1376/4002 1217/1377/4003 2623/1373/4004
f 2626/1376/4005 440/1378/4006 2627/1379/4007 1217/1377/4008
f 111/323/4009 2628/1380/4010 1217/1377/4011 2627/1379/4012
f 2628/1380/4013 439/1374/4014 2623/1373/4015 1217/1377/4016
f 436/1366/4017 2629/1381/4018 1218/1382/4019 2620/1367/4020
f 2629/1381/4021 98/283/4022 2630/1383/4023 1218/1382/4024
f 440/1378/4025 2626/1376/4026 1218/1382/4027 2630/1383/4028
f 2626/1376/4029 437/1368/4030 2620/1367/4031 1218/1382/4032
f 369/1134/4033 2631/1384/4034 1219/1385/4035 2634/1386/4036
f 2631/1384/4037 441/1387/4038 2632/1388/4039 1219/1385/4040
f 442/1389/4041 2633/1390/4042 1219/1385/4043 2632/1388/4044
f 2633/1390/4045 443/1391/4046 2634/1386/4047 1219/1385/4048
f 443/1391/4049 2633/1390/4050 1220/1392/4051 2637/1393/4052
f 2633/1390/4053 442/1389/4054 2635/1394/4055 1220/1392/4056
f 444/1395/4057 2636/1396/4058 1220/1392/4059 2635/1394/4060
f 2636/1396/4061 312/941/4062 2637/1393/4063 1220/1392/4064
f 442/1389/4065 2638/1397/4066 1221/1398/4067 2635/1394/4068
f 2638/1397/4069 445/1399/4070 2639/1400/4071 1221/1398/4072
f 91/259/4073 2640/1401/4074 1221/1398/4075 2639/1400/4076
f 2640/1401/4077 444/1395/4078 2635/1394/4079 1221/1398/4080
f 441/1387/4081 2641/1402/4082 1222/1403/4083 2632/1388/4084
f 2641/1402/4085 104/303/4086 2642/1404/4087 1222/1403/4088
f 445/1399/4089 2638/1397/4090 1222/1403/4091 2642/1404/4092
f 2638/1397/4093 442/1389/4094 2632/1388/4095 1222/1403/4096
f 425/1320/4097 2643/1405/4098 1223/1406/4099 2646/1407/4100
f 2643/1405/4101 446/1408/4102 2644/1409/4103 1223/1406/4104
f 447/1410/4105 2645/1411/4106 1223/1406/4107 2644/1409/4108
f 2645/1411/4109 448/1412/4110 2646/1407/4111 1223/1406/4112
f 448/1412/4113 2645/1411/4114 1224/1413/4115 2649/1414/4116
f 2645/1411/4117 447/1410/4118 2647/1415/4119 1224/1413/4120
f 449/1416/4121 2648/1417/4122 1224/1413/4123 2647/1415/4124
f 2648/1417/4125 374/1148/4126 2649/1414/4127 1224/1413/4128
f 447/1410/4129 2650/1418/4130 1225/1419/4131 2647/1415/4132
f 2650/1418/4133 450/1420/4134 2651/1421/4135 1225/1419/4136
f 103/299/4137 2652/1422/4138 1225/1419/4139 2651/1421/4140
f 2652/1422/4141 449/1416/4142 2647/1415/4143 1225/1419/4144
f 446/1408/4145 2653/1423/4146 1226/1424/4147 2644/1409/4148
f 2653/1423/4149 120/351/4150 2654/1425/4151 1226/1424/4152
f 450/1420/4153 2650/1418/4154 1226/1424/4155 2654/1425/4156
f 2650/1418/4157 447/1410/4158 2644/1409/4159 1226/1424/4160
f 144/430/4161 2655/1426/4162 1227/1427/4163 2658/1428/4164
f 2655/1426/4165 451/1429/4166 2656/1430/4167 1227/1427/4168
f 452/1431/4169 2657/1432/4170 1227/1427/4171 2656/1430/4172
f 2657/1432/4173 453/1433/4174 2658/1428/4175 1227/1427/4176
f 453/1433/4177 2657/1432/4178 1228/1434/4179 2660/1435/4180
f 2657/1432/4181 452/1431/4182 2659/1436/4183 1228/1434/4184
f 82/233/4185 2058/240/4186 1228/1434/4187 2659/1436/4188
f 2058/240/4189 84/239/4190 2660/1435/4191 1228/1434/4192
f 452/1431/4193 2661/1437/4194 1229/1438/4195 2659/1436/4196
f 2661/1437/4197 454/1439/4198 2662/1440/4199 1229/1438/4200
f 83/235/4201 2055/234/4202 1229/1438/4203 2662/1440/4204
f 2055/234/4205 82/233/4206 2659/1436/4207 1229/1438/4208
f 451/1429/4209 2663/1441/4210 1230/1442/4211 2656/1430/4212
f 2663/1441/4213 455/1443/4214 2664/1444/4215 1230/1442/4216
f 454/1439/4217 2661/1437/4218 1230/1442/4219 2664/1444/4220
f 2661/1437/4221 452/1431/4222 2656/1430/4223 1230/1442/4224
f 76/216/4225 2050/219/4226 1231/1445/4227 2667/1446/4228
f 2050/219/4229 79/224/4230 2665/1447/4231 1231/1445/4232
f 456/1448/4233 2666/1449/4234 1231/1445/4235 2665/1447/4236
f 2666/1449/4237 457/1450/4238 2667/1446/4239 1231/1445/4240
f 457/1450/4241 2666/1449/4242 1232/1451/4243 2669/1452/4244
f 2666/1449/4245 456/1448/4246 2668/1453/4247 1232/1451/4248
f 16/43/4249 1966/50/4250 1232/1451/4251 2668/1453/4252
f 1966/50/4253 18/49/4254 2669/1452/4255 1232/1451/4256
f 456/1448/4257 2670/1454/4258 1233/1455/4259 2668/1453/4260
f 2670/1454/4261 458/1456/4262 2671/1457/4263 1233/1455/4264
f 17/45/4265 1963/44/4266 1233/1455/4267 2671/1457/4268
f 1963/44/4269 16/43/4270 2668/1453/4271 1233/1455/4272
f 79/224/4273 2053/226/4274 1234/1458/4275 2665/1447/4276
f 2053/226/4277 81/230/4278 2672/1459/4279 1234/1458/4280
f 458/1456/4281 2670/1454/4282 1234/1458/4283 2672/1459/4284
f 2670/1454/4285 456/1448/4286 2665/1447/4287 1234/1458/4288
f 363/1114/4289 2673/1460/4290 1235/1461/4291 2676/1462/4292
f 2673/1460/4293 459/1463/4294 2674/1464/4295 1235/1461/4296
f 460/1465/4297 2675/1466/4298 1235/1461/4299 2674/1464/4300
f 2675/1466/4301 461/1467/4302 2676/1462/4303 1235/1461/4304
f 461/1467/4305 2675/1466/4306 1236/1468/4307 2679/1469/4308
f 2675/1466/4309 460/1465/4310 2677/1470/4311 1236/1468/4312
f 462/1471/4313 2678/1472/4314 1236/1468/4315 2677/1470/4316
f 2678/1472/4317 430/1334/4318 2679/1469/4319 1236/1468/4320
f 460/1465/4321 2680/1473/4322 1237/1474/4323 2677/1470/4324
f 2680/1473/4325 168/498/4326 2190/506/4327 1237/1474/4328
f 171/505/4329 2681/1475/4330 1237/1474/4331 2190/506/4332
f 2681/1475/4333 462/1471/4334 2677/1470/4335 1237/1474/4336
f 459/1463/4337 2682/1476/4338 1238/1477/4339 2674/1464/4340
f 2682/1476/4341 169/500/4342 2186/499/4343 1238/1477/4344
f 168/498/4345 2680/1473/4346 1238/1477/4347 2186/499/4348
f 2680/1473/4349 460/1465/4350 2674/1464/4351 1238/1477/4352
f 301/907/4353 2683/1478/4354 1239/1479/4355 2686/1480/4356
f 2683/1478/4357 463/1481/4358 2684/1482/4359 1239/1479/4360
f 464/1483/4361 2685/1484/4362 1239/1479/4363 2684/1482/4364
f 2685/1484/4365 465/1485/4366 2686/1480/4367 1239/1479/4368
f 465/1485/4369 2685/1484/4370 1240/1486/4371 2689/1487/4372
f 2685/1484/4373 464/1483/4374 2687/1488/4375 1240/1486/4376
f 466/1489/4377 2688/1490/4378 1240/1486/4379 2687/1488/4380
f 2688/1490/4381 368/1128/4382 2689/1487/4383 1240/1486/4384
f 464/1483/4385 2690/1491/4386 1241/1492/4387 2687/1488/4388
f 2690/1491/4389 159/473/4390 2178/481/4391 1241/1492/4392
f 162/480/4393 2691/1493/4394 1241/1492/4395 2178/481/4396
f 2691/1493/4397 466/1489/4398 2687/1488/4399 1241/1492/4400
f 463/1481/4401 2692/1494/4402 1242/1495/4403 2684/1482/4404
f 2692/1494/4405 160/475/4406 2174/474/4407 1242/1495/4408
f 159/473/4409 2690/1491/4410 1242/1495/4411 2174/474/4412
f 2690/1491/4413 464/1483/4414 2684/1482/4415 1242/1495/4416
f 155/461/4417 2172/464/4418 1243/1496/4419 2695/1497/4420
f 2172/464/4421 158/469/4422 2693/1498/4423 1243/1496/4424
f 467/1499/4425 2694/1500/4426 1243/1496/4427 2693/1498/4428
f 2694/1500/4429 468/1501/4430 2695/1497/4431 1243/1496/4432
f 468/1501/4433 2694/1500/4434 1244/1502/4435 2697/1503/4436
f 2694/1500/4437 467/1499/4438 2696/1504/4439 1244/1502/4440
f 124/365/4441 2124/372/4442 1244/1502/4443 2696/1504/4444
f 2124/372/4445 126/371/4446 2697/1503/4447 1244/1502/4448
f 467/1499/4449 2698/1505/4450 1245/1506/4451 2696/1504/4452
f 2698/1505/4453 469/1507/4454 2699/1508/4455 1245/1506/4456
f 125/367/4457 2121/366/4458 1245/1506/4459 2699/1508/4460
f 2121/366/4461 124/365/4462 2696/1504/4463 1245/1506/4464
f 158/469/4465 2175/471/4466 1246/1509/4467 2693/1498/4468
f 2175/471/4469 160/475/4470 2700/1510/4471 1246/1509/4472
f 469/1507/4473 2698/1505/4474 1246/1509/4475 2700/1510/4476
f 2698/1505/4477 467/1499/4478 2693/1498/4479 1246/1509/4480
f 10/26/4481 1958/29/4482 1247/1511/4483 2703/1512/4484
f 1958/29/4485 13/34/4486 2701/1513/4487 1247/1511/4488
f 470/1514/4489 2702/1515/4490 1247/1511/4491 2701/1513/4492
f 2702/1515/4493 471/1516/4494 2703/1512/4495 1247/1511/4496
f 471/1516/4497 2702/1515/4498 1248/1517/4499 2705/1518/4500
f 2702/1515/4501 470/1514/4502 2704/1519/4503 1248/1517/4504
f 137/408/4505 2146/415/4506 1248/1517/4507 2704/1519/4508
f 2146/415/4509 139/414/4510 2705/1518/4511 1248/1517/4512
f 470/1514/4513 2706/1520/4514 1249/1521/4515 2704/1519/4516
f 2706/1520/4517 472/1522/4518 2707/1523/4519 1249/1521/4520
f 138/410/4521 2143/409/4522 1249/1521/4523 2707/1523/4524
f 2143/409/4525 137/408/4526 2704/1519/4527 1249/1521/4528
f 13/34/4529 1961/36/4530 1250/1524/4531 2701/1513/4532
f 1961/36/4533 15/40/4534 2708/1525/4535 1250/1524/4536
f 472/1522/4537 2706/1520/4538 1250/1524/4539 2708/1525/4540
f 2706/1520/4541 470/1514/4542 2701/1513/4543 1250/1524/4544
f 425/1320/4545 2709/1526/4546 1251/1527/4547 2643/1405/4548
f 2709/1526/4549 473/1528/4550 2710/1529/4551 1251/1527/4552
f 474/1530/4553 2711/1531/4554 1251/1527/4555 2710/1529/4556
f 2711/1531/4557 446/1408/4558 2643/1405/4559 1251/1527/4560
f 446/1408/4561 2711/1531/4562 1252/1532/4563 2653/1423/4564
f 2711/1531/4565 474/1530/4566 2712/1533/4567 1252/1532/4568
f 118/345/4569 2114/352/4570 1252/1532/4571 2712/1533/4572
f 2114/352/4573 120/351/4574 2653/1423/4575 1252/1532/4576
f 474/1530/4577 2713/1534/4578 1253/1535/4579 2712/1533/4580
f 2713/1534/4581 475/1536/4582 2714/1537/4583 1253/1535/4584
f 119/347/4585 2111/346/4586 1253/1535/4587 2714/1537/4588
f 2111/346/4589 118/345/4590 2712/1533/4591 1253/1535/4592
f 473/1528/4593 2715/1538/4594 1254/1539/4595 2710/1529/4596
f 2715/1538/4597 476/1540/4598 2716/1541/4599 1254/1539/4600
f 475/1536/4601 2713/1534/4602 1254/1539/4603 2716/1541/4604
f 2713/1534/4605 474/1530/4606 2710/1529/4607 1254/1539/4608
f 133/394/4609 2717/1542/4610 1255/1543/4611 2136/395/4612
f 2717/1542/4613 477/1544/4614 2718/1545/4615 1255/1543/4616
f 478/1546/4617 2719/1547/4618 1255/1543/4619 2718/1545/4620
f 2719/1547/4621 131/388/4622 2136/395/4623 1255/1543/4624
f 131/388/4625 2719/1547/4626 1256/1548/4627 2133/389/4628
f 2719/1547/4629 478/1546/4630 2720/1549/4631 1256/1548/4632
f 479/1550/4633 2721/1551/4634 1256/1548/4635 2720/1549/4636
f 2721/1551/4637 132/390/4638 2133/389/4639 1256/1548/4640
f 478/1546/4641 2722/1552/4642 1257/1553/4643 2720/1549/4644
f 2722/1552/4645 480/1554/4646 2723/1555/4647 1257/1553/4648
f 455/1443/4649 2724/1556/4650 1257/1553/4651 2723/1555/4652
f 2724/1556/4653 479/1550/4654 2720/1549/4655 1257/1553/4656
f 477/1544/4657 2725/1557/4658 1258/1558/4659 2718/1545/4660
f 2725/1557/4661 481/1559/4662 2726/1560/4663 1258/1558/4664
f 480/1554/4665 2722/1552/4666 1258/1558/4667 2726/1560/4668
f 2722/1552/4669 478/1546/4670 2718/1545/4671 1258/1558/4672
f 482/1561/4673 2727/1562/4674 1259/1563/4675 2730/1564/4676
f 2727/1562/4677 483/1565/4678 2728/1566/4679 1259/1563/4680
f 484/1567/4681 2729/1568/4682 1259/1563/4683 2728/1566/4684
f 2729/1568/4685 485/1569/4686 2730/1564/4687 1259/1563/4688
f 485/1569/4689 2729/1568/4690 1260/1570/4691 2733/1571/4692
f 2729/1568/4693 484/1567/4694 2731/1572/4695 1260/1570/4696
f 486/1573/4697 2732/1574/4698 1260/1570/4699 2731/1572/4700
f 2732/1574/4701 487/1575/4702 2733/1571/4703 1260/1570/4704
f 484/1567/4705 2734/1576/4706 1261/1577/4707 2731/1572/4708
f 2734/1576/4709 488/1578/4710 2735/1579/4711 1261/1577/4712
f 41/115/4713 2736/1580/4714 1261/1577/4715 2735/1579/4716
f 2736/1580/4717 486/1573/4718 2731/1572/4719 1261/1577/4720
f 483/1565/4721 2737/1581/4722 1262/1582/4723 2728/1566/4724
f 2737/1581/4725 489/1583/4726 2738/1584/4727 1262/1582/4728
f 488/1578/4729 2734/1576/4730 1262/1582/4731 2738/1584/4732
f 2734/1576/4733 484/1567/4734 2728/1566/4735 1262/1582/4736
f 113/329/4737 2106/332/4738 1263/1585/4739 2741/1586/4740
f 2106/332/4741 116/337/4742 2739/1587/4743 1263/1585/4744
f 490/1588/4745 2740/1589/4746 1263/1585/4747 2739/1587/4748
f 2740/1589/4749 491/1590/4750 2741/1586/4751 1263/1585/4752
f 491/1590/4753 2740/1589/4754 1264/1591/4755 2744/1592/4756
f 2740/1589/4757 490/1588/4758 2742/1593/4759 1264/1591/4760
f 492/1594/4761 2743/1595/4762 1264/1591/4763 2742/1593/4764
f 2743/1595/4765 493/1596/4766 2744/1592/4767 1264/1591/4768
f 490/1588/4769 2745/1597/4770 1265/1598/4771 2742/1593/4772
f 2745/1597/4773 56/158/4774 2022/166/4775 1265/1598/4776
f 59/165/4777 2746/1599/4778 1265/1598/4779 2022/166/4780
f 2746/1599/4781 492/1594/4782 2742/1593/4783 1265/1598/4784
f 116/337/4785 2109/339/4786 1266/1600/4787 2739/1587/4788
f 2109/339/4789 57/160/4790 2018/159/4791 1266/1600/4792
f 56/158/4793 2745/1597/4794 1266/1600/4795 2018/159/4796
f 2745/1597/4797 490/1588/4798 2739/1587/4799 1266/1600/4800
f 52/146/4801 2016/149/4802 1267/1601/4803 2125/373/4804
f 2016/149/4805 55/154/4806 2747/1602/4807 1267/1601/4808
f 494/1603/4809 2748/1604/4810 1267/1601/4811 2747/1602/4812
f 2748/1604/4813 127/376/4814 2125/373/4815 1267/1601/4816
f 127/376/4817 2748/1604/4818 1268/1605/4819 2135/392/4820
f 2748/1604/4821 494/1603/4822 2749/1606/4823 1268/1605/4824
f 495/1607/4825 2750/1608/4826 1268/1605/4827 2749/1606/4828
f 2750/1608/4829 133/394/4830 2135/392/4831 1268/1605/4832
f 494/1603/4833 2751/1609/4834 1269/1610/4835 2749/1606/4836
f 2751/1609/4837 117/341/4838 2112/348/4839 1269/1610/4840
f 119/347/4841 2752/1611/4842 1269/1610/4843 2112/348/4844
f 2752/1611/4845 495/1607/4846 2749/1606/4847 1269/1610/4848
f 55/154/4849 2019/156/4850 1270/1612/4851 2747/1602/4852
f 2019/156/4853 57/160/4854 2108/342/4855 1270/1612/4856
f 117/341/4857 2751/1609/4858 1270/1612/4859 2108/342/4860
f 2751/1609/4861 494/1603/4862 2747/1602/4863 1270/1612/4864
f 105/305/4865 2753/1613/4866 1271/1614/4867 2091/306/4868
f 2753/1613/4869 496/1615/4870 2754/1616/4871 1271/1614/4872
f 497/1617/4873 2755/1618/4874 1271/1614/4875 2754/1616/4876
f 2755/1618/4877 106/309/4878 2091/306/4879 1271/1614/4880
f 106/309/4881 2755/1618/4882 1272/1619/4883 2101/325/4884
f 2755/1618/4885 497/1617/4886 2756/1620/4887 1272/1619/4888
f 498/1621/4889 2757/1622/4890 1272/1619/4891 2756/1620/4892
f 2757/1622/4893 112/327/4894 2101/325/4895 1272/1619/4896
f 497/1617/4897 2758/1623/4898 1273/1624/4899 2756/1620/4900
f 2758/1623/4901 123/361/4902 2122/368/4903 1273/1624/4904
f 125/367/4905 2759/1625/4906 1273/1624/4907 2122/368/4908
f 2759/1625/4909 498/1621/4910 2756/1620/4911 1273/1624/4912
f 496/1615/4913 2760/1626/4914 1274/1627/4915 2754/1616/4916
f 2760/1626/4917 42/119/4918 2119/362/4919 1274/1627/4920
f 123/361/4921 2758/1623/4922 1274/1627/4923 2119/362/4924
f 2758/1623/4925 497/1617/4926 2754/1616/4927 1274/1627/4928
f 481/1559/4929 2761/1628/4930 1275/1629/4931 2764/1630/4932
f 2761/1628/4933 499/1631/4934 2762/1632/4935 1275/1629/4936
f 500/1633/4937 2763/1634/4938 1275/1629/4939 2762/1632/4940
f 2763/1634/4941 501/1635/4942 2764/1630/4943 1275/1629/4944
f 501/1635/4945 2763/1634/4946 1276/1636/4947 2766/1637/4948
f 2763/1634/4949 500/1633/4950 2765/1638/4951 1276/1636/4952
f 170/503/4953 2192/510/4954 1276/1636/4955 2765/1638/4956
f 2192/510/4957 172/509/4958 2766/1637/4959 1276/1636/4960
f 500/1633/4961 2767/1639/4962 1277/1640/4963 2765/1638/4964
f 2767/1639/4965 502/1641/4966 2768/1642/4967 1277/1640/4968
f 171/505/4969 2189/504/4970 1277/1640/4971 2768/1642/4972
f 2189/504/4973 170/503/4974 2765/1638/4975 1277/1640/4976
f 499/1631/4977 2769/1643/4978 1278/1644/4979 2762/1632/4980
f 2769/1643/4981 476/1540/4982 2770/1645/4983 1278/1644/4984
f 502/1641/4985 2767/1639/4986 1278/1644/4987 2770/1645/4988
f 2767/1639/4989 500/1633/4990 2762/1632/4991 1278/1644/4992
f 164/486/4993 2184/489/4994 1279/1646/4995 2773/1647/4996
f 2184/489/4997 167/494/4998 2771/1648/4999 1279/1646/5000
f 503/1649/5001 2772/1650/5002 1279/1646/5003 2771/1648/5004
f 2772/1650/5005 504/1651/5006 2773/1647/5007 1279/1646/5008
f 504/1651/5009 2772/1650/5010 1280/1652/5011 2775/1653/5012
f 2772/1650/5013 503/1649/5014 2774/1654/5015 1280/1652/5016
f 161/478/5017 2180/485/5018 1280/1652/5019 2774/1654/5020
f 2180/485/5021 163/484/5022 2775/1653/5023 1280/1652/5024
f 503/1649/5025 2776/1655/5026 1281/1656/5027 2774/1654/5028
f 2776/1655/5029 505/1657/5030 2777/1658/5031 1281/1656/5032
f 162/480/5033 2177/479/5034 1281/1656/5035 2777/1658/5036
f 2177/479/5037 161/478/5038 2774/1654/5039 1281/1656/5040
f 167/494/5041 2187/496/5042 1282/1659/5043 2771/1648/5044
f 2187/496/5045 169/500/5046 2778/1660/5047 1282/1659/5048
f 505/1657/5049 2776/1655/5050 1282/1659/5051 2778/1660/5052
f 2776/1655/5053 503/1649/5054 2771/1648/5055 1282/1659/5056
f 112/327/5057 2757/1622/5058 1283/1661/5059 2781/1662/5060
f 2757/1622/5061 498/1621/5062 2779/1663/5063 1283/1661/5064
f 506/1664/5065 2780/1665/5066 1283/1661/5067 2779/1663/5068
f 2780/1665/5069 507/1666/5070 2781/1662/5071 1283/1661/5072
f 507/1666/5073 2780/1665/5074 1284/1667/5075 2783/1668/5076
f 2780/1665/5077 506/1664/5078 2782/1669/5079 1284/1667/5080
f 463/1481/5081 2683/1478/5082 1284/1667/5083 2782/1669/5084
f 2683/1478/5085 301/907/5086 2783/1668/5087 1284/1667/5088
f 506/1664/5089 2784/1670/5090 1285/1671/5091 2782/1669/5092
f 2784/1670/5093 469/1507/5094 2700/1510/5095 1285/1671/5096
f 160/475/5097 2692/1494/5098 1285/1671/5099 2700/1510/5100
f 2692/1494/5101 463/1481/5102 2782/1669/5103 1285/1671/5104
f 498/1621/5105 2759/1625/5106 1286/1672/5107 2779/1663/5108
f 2759/1625/5109 125/367/5110 2699/1508/5111 1286/1672/5112
f 469/1507/5113 2784/1670/5114 1286/1672/5115 2699/1508/5116
f 2784/1670/5117 506/1664/5118 2779/1663/5119 1286/1672/5120
f 133/394/5121 2750/1608/5122 1287/1673/5123 2717/1542/5124
f 2750/1608/5125 495/1607/5126 2785/1674/5127 1287/1673/5128
f 508/1675/5129 2786/1676/5130 1287/1673/5131 2785/1674/5132
f 2786/1676/5133 477/1544/5134 2717/1542/5135 1287/1673/5136
f 477/1544/5137 2786/1676/5138 1288/1677/5139 2725/1557/5140
f 2786/1676/5141 508/1675/5142 2787/1678/5143 1288/1677/5144
f 499/1631/5145 2761/1628/5146 1288/1677/5147 2787/1678/5148
f 2761/1628/5149 481/1559/5150 2725/1557/5151 1288/1677/5152
f 508/1675/5153 2788/1679/5154 1289/1680/5155 2787/1678/5156
f 2788/1679/5157 475/1536/5158 2716/1541/5159 1289/1680/5160
f 476/1540/5161 2769/1643/5162 1289/1680/5163 2716/1541/5164
f 2769/1643/5165 499/1631/5166 2787/1678/5167 1289/1680/5168
f 495/1607/5169 2752/1611/5170 1290/1681/5171 2785/1674/5172
f 2752/1611/5173 119/347/5174 2714/1537/5175 1290/1681/5176
f 475/1536/5177 2788/1679/5178 1290/1681/5179 2714/1537/5180
f 2788/1679/5181 508/1675/5182 2785/1674/5183 1290/1681/5184
f 113/329/5185 2741/1586/5186 1291/1682/5187 2791/1683/5188
f 2741/1586/5189 491/1590/5190 2789/1684/5191 1291/1682/5192
f 509/1685/5193 2790/1686/5194 1291/1682/5195 2789/1684/5196
f 2790/1686/5197 510/1687/5198 2791/1683/5199 1291/1682/5200
f 510/1687/5201 2790/1686/5202 1292/1688/5203 2793/1689/5204
f 2790/1686/5205 509/1685/5206 2792/1690/5207 1292/1688/5208
f 7/18/5209 1954/25/5210 1292/1688/5211 2792/1690/5212
f 1954/25/5213 9/24/5214 2793/1689/5215 1292/1688/5216
f 509/1685/5217 2794/1691/5218 1293/1692/5219 2792/1690/5220
f 2794/1691/5221 511/1693/5222 2795/1694/5223 1293/1692/5224
f 8/20/5225 1951/19/5226 1293/1692/5227 2795/1694/5228
f 1951/19/5229 7/18/5230 2792/1690/5231 1293/1692/5232
f 491/1590/5233 2744/1592/5234 1294/1695/5235 2789/1684/5236
f 2744/1592/5237 493/1596/5238 2796/1696/5239 1294/1695/5240
f 511/1693/5241 2794/1691/5242 1294/1695/5243 2796/1696/5244
f 2794/1691/5245 509/1685/5246 2789/1684/5247 1294/1695/5248
f 482/1697/5249 2797/1698/5250 1295/1699/5251 2727/1700/5252
f 2797/1698/5253 512/1701/5254 2798/1702/5255 1295/1699/5256
f 513/1703/5257 2799/1704/5258 1295/1699/5259 2798/1702/5260
f 2799/1704/5261 483/1705/5262 2727/1700/5263 1295/1699/5264
f 483/1705/5265 2799/1704/5266 1296/1706/5267 2737/1707/5268
f 2799/1704/5269 513/1703/5270 2800/1708/5271 1296/1706/5272
f 514/1709/5273 2801/1710/5274 1296/1706/5275 2800/1708/5276
f 2801/1710/5277 489/1711/5278 2737/1707/5279 1296/1706/5280
f 513/1703/5281 2802/1712/5282 1297/1713/5283 2800/1708/5284
f 2802/1712/5285 492/1594/5286 2746/1599/5287 1297/1713/5288
f 59/165/5289 2803/1714/5290 1297/1713/5291 2746/1599/5292
f 2803/1714/5293 514/1709/5294 2800/1708/5295 1297/1713/5296
f 512/1701/5297 2804/1715/5298 1298/1716/5299 2798/1702/5300
f 2804/1715/5301 493/1596/5302 2743/1595/5303 1298/1716/5304
f 492/1594/5305 2802/1712/5306 1298/1716/5307 2743/1595/5308
f 2802/1712/5309 513/1703/5310 2798/1702/5311 1298/1716/5312
f 307/927/5313 2402/930/5314 1299/1717/5315 2607/1718/5316
f 2402/930/5317 310/935/5318 2805/1719/5319 1299/1717/5320
f 515/1720/5321 2806/1721/5322 1299/1717/5323 2805/1719/5324
f 2806/1721/5325 431/1722/5326 2607/1718/5327 1299/1717/5328
f 431/1722/5329 2806/1721/5330 1300/1723/5331 2617/1724/5332
f 2806/1721/5333 515/1720/5334 2807/1725/5335 1300/1723/5336
f 90/257/5337 2070/264/5338 1300/1723/5339 2807/1725/5340
f 2070/264/5341 92/263/5342 2617/1724/5343 1300/1723/5344
f 515/1720/5345 2808/1726/5346 1301/1727/5347 2807/1725/5348
f 2808/1726/5349 444/1395/5350 2640/1401/5351 1301/1727/5352
f 91/259/5353 2067/258/5354 1301/1727/5355 2640/1401/5356
f 2067/258/5357 90/257/5358 2807/1725/5359 1301/1727/5360
f 310/935/5361 2405/937/5362 1302/1728/5363 2805/1719/5364
f 2405/937/5365 312/941/5366 2636/1396/5367 1302/1728/5368
f 444/1395/5369 2808/1726/5370 1302/1728/5371 2636/1396/5372
f 2808/1726/5373 515/1720/5374 2805/1719/5375 1302/1728/5376
f 395/1217/5377 2809/1729/5378 1303/1730/5379 2545/1219/5380
f 2809/1729/5381 516/1731/5382 2810/1732/5383 1303/1730/5384
f 517/1733/5385 2811/1734/5386 1303/1730/5387 2810/1732/5388
f 2811/1734/5389 396/1221/5390 2545/1219/5391 1303/1730/5392
f 396/1221/5393 2811/1734/5394 1304/1735/5395 2553/1234/5396
f 2811/1734/5397 517/1733/5398 2812/1736/5399 1304/1735/5400
f 224/653/5401 2264/660/5402 1304/1735/5403 2812/1736/5404
f 2264/660/5405 226/659/5406 2553/1234/5407 1304/1735/5408
f 517/1733/5409 2813/1737/5410 1305/1738/5411 2812/1736/5412
f 2813/1737/5413 336/1020/5414 2448/1026/5415 1305/1738/5416
f 225/655/5417 2261/654/5418 1305/1738/5419 2448/1026/5420
f 2261/654/5421 224/653/5422 2812/1736/5423 1305/1738/5424
f 516/1731/5425 2814/1739/5426 1306/1740/5427 2810/1732/5428
f 2814/1739/5429 332/1006/5430 2445/1021/5431 1306/1740/5432
f 336/1020/5433 2813/1737/5434 1306/1740/5435 2445/1021/5436
f 2813/1737/5437 517/1733/5438 2810/1732/5439 1306/1740/5440
f 389/1197/5441 2815/1741/5442 1307/1742/5443 2535/1199/5444
f 2815/1741/5445 518/1743/5446 2816/1744/5447 1307/1742/5448
f 519/1745/5449 2817/1746/5450 1307/1742/5451 2816/1744/5452
f 2817/1746/5453 390/1201/5454 2535/1199/5455 1307/1742/5456
f 390/1201/5457 2817/1746/5458 1308/1747/5459 2543/1215/5460
f 2817/1746/5461 519/1745/5462 2818/1748/5463 1308/1747/5464
f 516/1731/5465 2809/1729/5466 1308/1747/5467 2818/1748/5468
f 2809/1729/5469 395/1217/5470 2543/1215/5471 1308/1747/5472
f 519/1745/5473 2819/1749/5474 1309/1750/5475 2818/1748/5476
f 2819/1749/5477 330/1000/5478 2438/1007/5479 1309/1750/5480
f 332/1006/5481 2814/1739/5482 1309/1750/5483 2438/1007/5484
f 2814/1739/5485 516/1731/5486 2818/1748/5487 1309/1750/5488
f 518/1743/5489 2820/1751/5490 1310/1752/5491 2816/1744/5492
f 2820/1751/5493 326/986/5494 2435/1001/5495 1310/1752/5496
f 330/1000/5497 2819/1749/5498 1310/1752/5499 2435/1001/5500
f 2819/1749/5501 519/1745/5502 2816/1744/5503 1310/1752/5504
f 383/1177/5505 2821/1753/5506 1311/1754/5507 2525/1179/5508
f 2821/1753/5509 520/1755/5510 2822/1756/5511 1311/1754/5512
f 521/1757/5513 2823/1758/5514 1311/1754/5515 2822/1756/5516
f 2823/1758/5517 384/1181/5518 2525/1179/5519 1311/1754/5520
f 384/1181/5521 2823/1758/5522 1312/1759/5523 2533/1195/5524
f 2823/1758/5525 521/1757/5526 2824/1760/5527 1312/1759/5528
f 518/1743/5529 2815/1741/5530 1312/1759/5531 2824/1760/5532
f 2815/1741/5533 389/1197/5534 2533/1195/5535 1312/1759/5536
f 521/1757/5537 2825/1761/5538 1313/1762/5539 2824/1760/5540
f 2825/1761/5541 324/980/5542 2428/987/5543 1313/1762/5544
f 326/986/5545 2820/1751/5546 1313/1762/5547 2428/987/5548
f 2820/1751/5549 518/1743/5550 2824/1760/5551 1313/1762/5552
f 520/1755/5553 2826/1763/5554 1314/1764/5555 2822/1756/5556
f 2826/1763/5557 320/966/5558 2425/981/5559 1314/1764/5560
f 324/980/5561 2825/1761/5562 1314/1764/5563 2425/981/5564
f 2825/1761/5565 521/1757/5566 2822/1756/5567 1314/1764/5568
f 377/1157/5569 2827/1765/5570 1315/1766/5571 2515/1159/5572
f 2827/1765/5573 522/1767/5574 2828/1768/5575 1315/1766/5576
f 523/1769/5577 2829/1770/5578 1315/1766/5579 2828/1768/5580
f 2829/1770/5581 378/1161/5582 2515/1159/5583 1315/1766/5584
f 378/1161/5585 2829/1770/5586 1316/1771/5587 2523/1175/5588
f 2829/1770/5589 523/1769/5590 2830/1772/5591 1316/1771/5592
f 520/1755/5593 2821/1753/5594 1316/1771/5595 2830/1772/5596
f 2821/1753/5597 383/1177/5598 2523/1175/5599 1316/1771/5600
f 523/1769/5601 2831/1773/5602 1317/1774/5603 2830/1772/5604
f 2831/1773/5605 318/960/5606 2418/967/5607 1317/1774/5608
f 320/966/5609 2826/1763/5610 1317/1774/5611 2418/967/5612
f 2826/1763/5613 520/1755/5614 2830/1772/5615 1317/1774/5616
f 522/1767/5617 2832/1775/5618 1318/1776/5619 2828/1768/5620
f 2832/1775/5621 314/946/5622 2415/961/5623 1318/1776/5624
f 318/960/5625 2831/1773/5626 1318/1776/5627 2415/961/5628
f 2831/1773/5629 523/1769/5630 2828/1768/5631 1318/1776/5632
f 369/1134/5633 2634/1386/5634 1319/1777/5635 2503/1135/5636
f 2634/1386/5637 443/1391/5638 2833/1778/5639 1319/1777/5640
f 524/1779/5641 2834/1780/5642 1319/1777/5643 2833/1778/5644
f 2834/1780/5645 370/1138/5646 2503/1135/5647 1319/1777/5648
f 370/1138/5649 2834/1780/5650 1320/1781/5651 2513/1155/5652
f 2834/1780/5653 524/1779/5654 2835/1782/5655 1320/1781/5656
f 522/1767/5657 2827/1765/5658 1320/1781/5659 2835/1782/5660
f 2827/1765/5661 377/1157/5662 2513/1155/5663 1320/1781/5664
f 524/1779/5665 2836/1783/5666 1321/1784/5667 2835/1782/5668
f 2836/1783/5669 311/939/5670 2408/947/5671 1321/1784/5672
f 314/946/5673 2832/1775/5674 1321/1784/5675 2408/947/5676
f 2832/1775/5677 522/1767/5678 2835/1782/5679 1321/1784/5680
f 443/1391/5681 2637/1393/5682 1322/1785/5683 2833/1778/5684
f 2637/1393/5685 312/941/5686 2404/940/5687 1322/1785/5688
f 311/939/5689 2836/1783/5690 1322/1785/5691 2404/940/5692
f 2836/1783/5693 524/1779/5694 2833/1778/5695 1322/1785/5696
f 178/1786/5697 2837/1787/5698 1323/1788/5699 2235/1789/5700
f 2837/1787/5701 525/1790/5702 2838/1791/5703 1323/1788/5704
f 526/1792/5705 2839/1793/5706 1323/1788/5707 2838/1791/5708
f 2839/1793/5709 209/1794/5710 2235/1789/5711 1323/1788/5712
f 209/1794/5713 2839/1793/5714 1324/1795/5715 2243/1796/5716
f 2839/1793/5717 526/1792/5718 2840/1797/5719 1324/1795/5720
f 337/1024/5721 2450/1030/5722 1324/1795/5723 2840/1797/5724
f 2450/1030/5725 214/1029/5726 2243/1796/5727 1324/1795/5728
f 526/1792/5729 2841/1798/5730 1325/1799/5731 2840/1797/5732
f 2841/1798/5733 223/649/5734 2262/656/5735 1325/1799/5736
f 225/655/5737 2447/1025/5738 1325/1799/5739 2262/656/5740
f 2447/1025/5741 337/1024/5742 2840/1797/5743 1325/1799/5744
f 525/1790/5745 2842/1800/5746 1326/1801/5747 2838/1791/5748
f 2842/1800/5749 189/547/5750 2259/650/5751 1326/1801/5752
f 223/649/5753 2841/1798/5754 1326/1801/5755 2259/650/5756
f 2841/1798/5757 526/1792/5758 2838/1791/5759 1326/1801/5760
f 895/1802/5761 2843/1803/5762 1327/1804/5763 2198/1805/5764
f 2843/1803/5765 913/1806/5766 2844/1807/5767 1327/1804/5768
f 525/1790/5769 2837/1787/5770 1327/1804/5771 2844/1807/5772
f 2837/1787/5773 178/1786/5774 2198/1805/5775 1327/1804/5776
f 913/1806/5777 2845/1808/5778 1328/1809/5779 2844/1807/5780
f 2845/1808/5781 187/549/5782 2211/548/5783 1328/1809/5784
f 189/547/5785 2842/1800/5786 1328/1809/5787 2211/548/5788
f 2842/1800/5789 525/1790/5790 2844/1807/5791 1328/1809/5792
f 1/1/5793 1946/4/5794 1329/1810/5795 2081/285/5796
f 1946/4/5797 4/9/5798 2846/1811/5799 1329/1810/5800
f 528/1812/5801 2847/1813/5802 1329/1810/5803 2846/1811/5804
f 2847/1813/5805 99/287/5806 2081/285/5807 1329/1810/5808
f 99/287/5809 2847/1813/5810 1330/1814/5811 2089/301/5812
f 2847/1813/5813 528/1812/5814 2848/1815/5815 1330/1814/5816
f 445/1399/5817 2642/1404/5818 1330/1814/5819 2848/1815/5820
f 2642/1404/5821 104/303/5822 2089/301/5823 1330/1814/5824
f 528/1812/5825 2849/1816/5826 1331/1817/5827 2848/1815/5828
f 2849/1816/5829 89/253/5830 2068/260/5831 1331/1817/5832
f 91/259/5833 2639/1400/5834 1331/1817/5835 2068/260/5836
f 2639/1400/5837 445/1399/5838 2848/1815/5839 1331/1817/5840
f 4/9/5841 1949/11/5842 1332/1818/5843 2846/1811/5844
f 1949/11/5845 6/15/5846 2064/254/5847 1332/1818/5848
f 89/253/5849 2849/1816/5850 1332/1818/5851 2064/254/5852
f 2849/1816/5853 528/1812/5854 2846/1811/5855 1332/1818/5856
f 529/1819/5857 2850/1820/5858 1333/1821/5859 2853/1822/5860
f 2850/1820/5861 530/1823/5862 2851/1824/5863 1333/1821/5864
f 531/1825/5865 2852/1826/5866 1333/1821/5867 2851/1824/5868
f 2852/1826/5869 532/1827/5870 2853/1822/5871 1333/1821/5872
f 532/1827/5873 2852/1826/5874 1334/1828/5875 2856/1829/5876
f 2852/1826/5877 531/1825/5878 2854/1830/5879 1334/1828/5880
f 533/1831/5881 2855/1832/5882 1334/1828/5883 2854/1830/5884
f 2855/1832/5885 534/1833/5886 2856/1829/5887 1334/1828/5888
f 531/1825/5889 2857/1834/5890 1335/1835/5891 2854/1830/5892
f 2857/1834/5893 74/210/5894 2046/215/5895 1335/1835/5896
f 75/214/5897 2858/1836/5898 1335/1835/5899 2046/215/5900
f 2858/1836/5901 533/1831/5902 2854/1830/5903 1335/1835/5904
f 530/1823/5905 2859/1837/5906 1336/1838/5907 2851/1824/5908
f 2859/1837/5909 69/194/5910 2044/211/5911 1336/1838/5912
f 74/210/5913 2857/1834/5914 1336/1838/5915 2044/211/5916
f 2857/1834/5917 531/1825/5918 2851/1824/5919 1336/1838/5920
f 535/1839/5921 2860/1840/5922 1337/1841/5923 2863/1842/5924
f 2860/1840/5925 536/1843/5926 2861/1844/5927 1337/1841/5928
f 537/1845/5929 2862/1846/5930 1337/1841/5931 2861/1844/5932
f 2862/1846/5933 538/1847/5934 2863/1842/5935 1337/1841/5936
f 538/1847/5937 2862/1846/5938 1338/1848/5939 2866/1849/5940
f 2862/1846/5941 537/1845/5942 2864/1850/5943 1338/1848/5944
f 539/1851/5945 2865/1852/5946 1338/1848/5947 2864/1850/5948
f 2865/1852/5949 540/1853/5950 2866/1849/5951 1338/1848/5952
f 537/1845/5953 2867/1854/5954 1339/1855/5955 2864/1850/5956
f 2867/1854/5957 541/1856/5958 2868/1857/5959 1339/1855/5960
f 68/190/5961 2869/1858/5962 1339/1855/5963 2868/1857/5964
f 2869/1858/5965 539/1851/5966 2864/1850/5967 1339/1855/5968
f 536/1843/5969 2870/1859/5970 1340/1860/5971 2861/1844/5972
f 2870/1859/5973 60/169/5974 2871/1861/5975 1340/1860/5976
f 541/1856/5977 2867/1854/5978 1340/1860/5979 2871/1861/5980
f 2867/1854/5981 537/1845/5982 2861/1844/5983 1340/1860/5984
f 489/1711/5985 2801/1710/5986 1341/1862/5987 2874/1863/5988
f 2801/1710/5989 514/1709/5990 2872/1864/5991 1341/1862/5992
f 542/1865/5993 2873/1866/5994 1341/1862/5995 2872/1864/5996
f 2873/1866/5997 543/1867/5998 2874/1863/5999 1341/1862/6000
f 543/1867/6001 2873/1866/6002 1342/1868/6003 2876/1869/6004
f 2873/1866/6005 542/1865/6006 2875/1870/6007 1342/1868/6008
f 536/1843/6009 2860/1840/6010 1342/1868/6011 2875/1870/6012
f 2860/1840/6013 535/1839/6014 2876/1869/6015 1342/1868/6016
f 542/1865/6017 2877/1871/6018 1343/1872/6019 2875/1870/6020
f 2877/1871/6021 58/163/6022 2024/170/6023 1343/1872/6024
f 60/169/6025 2870/1859/6026 1343/1872/6027 2024/170/6028
f 2870/1859/6029 536/1843/6030 2875/1870/6031 1343/1872/6032
f 514/1709/6033 2803/1714/6034 1344/1873/6035 2872/1864/6036
f 2803/1714/6037 59/165/6038 2021/164/6039 1344/1873/6040
f 58/163/6041 2877/1871/6042 1344/1873/6043 2021/164/6044
f 2877/1871/6045 542/1865/6046 2872/1864/6047 1344/1873/6048
f 85/241/6049 2062/244/6050 1345/1874/6051 2880/1875/6052
f 2062/244/6053 88/249/6054 2878/1876/6055 1345/1874/6056
f 544/1877/6057 2879/1878/6058 1345/1874/6059 2878/1876/6060
f 2879/1878/6061 545/1879/6062 2880/1875/6063 1345/1874/6064
f 545/1879/6065 2879/1878/6066 1346/1880/6067 2883/1881/6068
f 2879/1878/6069 544/1877/6070 2881/1882/6071 1346/1880/6072
f 546/1883/6073 2882/1884/6074 1346/1880/6075 2881/1882/6076
f 2882/1884/6077 547/1885/6078 2883/1881/6079 1346/1880/6080
f 544/1877/6081 2884/1886/6082 1347/1887/6083 2881/1882/6084
f 2884/1886/6085 5/13/6086 1952/21/6087 1347/1887/6088
f 8/20/6089 2885/1888/6090 1347/1887/6091 1952/21/6092
f 2885/1888/6093 546/1883/6094 2881/1882/6095 1347/1887/6096
f 88/249/6097 2065/251/6098 1348/1889/6099 2878/1876/6100
f 2065/251/6101 6/15/6102 1948/14/6103 1348/1889/6104
f 5/13/6105 2884/1886/6106 1348/1889/6107 1948/14/6108
f 2884/1886/6109 544/1877/6110 2878/1876/6111 1348/1889/6112
f 482/1561/6113 2730/1564/6114 1349/1890/6115 2888/1891/6116
f 2730/1564/6117 485/1569/6118 2886/1892/6119 1349/1890/6120
f 548/1893/6121 2887/1894/6122 1349/1890/6123 2886/1892/6124
f 2887/1894/6125 549/1895/6126 2888/1891/6127 1349/1890/6128
f 549/1895/6129 2887/1894/6130 1350/1896/6131 2891/1897/6132
f 2887/1894/6133 548/1893/6134 2889/1898/6135 1350/1896/6136
f 550/1899/6137 2890/1900/6138 1350/1896/6139 2889/1898/6140
f 2890/1900/6141 547/1901/6142 2891/1897/6143 1350/1896/6144
f 548/1893/6145 2892/1902/6146 1351/1903/6147 2889/1898/6148
f 2892/1902/6149 551/1904/6150 2893/1905/6151 1351/1903/6152
f 50/140/6153 2894/1906/6154 1351/1903/6155 2893/1905/6156
f 2894/1906/6157 550/1899/6158 2889/1898/6159 1351/1903/6160
f 485/1569/6161 2733/1571/6162 1352/1907/6163 2886/1892/6164
f 2733/1571/6165 487/1575/6166 2895/1908/6167 1352/1907/6168
f 551/1904/6169 2892/1902/6170 1352/1907/6171 2895/1908/6172
f 2892/1902/6173 548/1893/6174 2886/1892/6175 1352/1907/6176
f 105/305/6177 2896/1909/6178 1353/1910/6179 2753/1613/6180
f 2896/1909/6181 552/1911/6182 2897/1912/6183 1353/1910/6184
f 553/1913/6185 2898/1914/6186 1353/1910/6187 2897/1912/6188
f 2898/1914/6189 496/1615/6190 2753/1613/6191 1353/1910/6192
f 496/1615/6193 2898/1914/6194 1354/1915/6195 2760/1626/6196
f 2898/1914/6197 553/1913/6198 2899/1916/6199 1354/1915/6200
f 40/113/6201 2000/120/6202 1354/1915/6203 2899/1916/6204
f 2000/120/6205 42/119/6206 2760/1626/6207 1354/1915/6208
f 553/1913/6209 2900/1917/6210 1355/1918/6211 2899/1916/6212
f 2900/1917/6213 486/1573/6214 2736/1580/6215 1355/1918/6216
f 41/115/6217 1997/114/6218 1355/1918/6219 2736/1580/6220
f 1997/114/6221 40/113/6222 2899/1916/6223 1355/1918/6224
f 552/1911/6225 2901/1919/6226 1356/1920/6227 2897/1912/6228
f 2901/1919/6229 487/1575/6230 2732/1574/6231 1356/1920/6232
f 486/1573/6233 2900/1917/6234 1356/1920/6235 2732/1574/6236
f 2900/1917/6237 553/1913/6238 2897/1912/6239 1356/1920/6240
f 270/804/6241 2340/807/6242 1357/1921/6243 2619/1363/6244
f 2340/807/6245 273/812/6246 2902/1922/6247 1357/1921/6248
f 554/1923/6249 2903/1924/6250 1357/1921/6251 2902/1922/6252
f 2903/1924/6253 436/1366/6254 2619/1363/6255 1357/1921/6256
f 436/1366/6257 2903/1924/6258 1358/1925/6259 2629/1381/6260
f 2903/1924/6261 554/1923/6262 2904/1926/6263 1358/1925/6264
f 96/277/6265 2080/284/6266 1358/1925/6267 2904/1926/6268
f 2080/284/6269 98/283/6270 2629/1381/6271 1358/1925/6272
f 554/1923/6273 2905/1927/6274 1359/1928/6275 2904/1926/6276
f 2905/1927/6277 434/1352/6278 2616/1358/6279 1359/1928/6280
f 97/279/6281 2077/278/6282 1359/1928/6283 2616/1358/6284
f 2077/278/6285 96/277/6286 2904/1926/6287 1359/1928/6288
f 273/812/6289 2343/814/6290 1360/1929/6291 2902/1922/6292
f 2343/814/6293 275/818/6294 2612/1353/6295 1360/1929/6296
f 434/1352/6297 2905/1927/6298 1360/1929/6299 2612/1353/6300
f 2905/1927/6301 554/1923/6302 2902/1922/6303 1360/1929/6304
f 307/1340/6305 2610/1343/6306 1361/1930/6307 2399/1931/6308
f 2610/1343/6309 433/1348/6310 2906/1932/6311 1361/1930/6312
f 555/1933/6313 2907/1934/6314 1361/1930/6315 2906/1932/6316
f 2907/1934/6317 308/1935/6318 2399/1931/6319 1361/1930/6320
f 308/1935/6321 2907/1934/6322 1362/1936/6323 2409/1937/6324
f 2907/1934/6325 555/1933/6326 2908/1938/6327 1362/1936/6328
f 556/1939/6329 2909/1940/6330 1362/1936/6331 2908/1938/6332
f 2909/1940/6333 315/1941/6334 2409/1937/6335 1362/1936/6336
f 555/1933/6337 2910/1942/6338 1363/1943/6339 2908/1938/6340
f 2910/1942/6341 274/816/6342 2345/821/6343 1363/1943/6344
f 269/798/6345 2911/1944/6346 1363/1943/6347 2345/821/6348
f 2911/1944/6349 556/1939/6350 2908/1938/6351 1363/1943/6352
f 433/1348/6353 2613/1350/6354 1364/1945/6355 2906/1932/6356
f 2613/1350/6357 275/818/6358 2342/817/6359 1364/1945/6360
f 274/816/6361 2910/1942/6362 1364/1945/6363 2342/817/6364
f 2910/1942/6365 555/1933/6366 2906/1932/6367 1364/1945/6368
f 315/1941/6369 2909/1940/6370 1365/1946/6371 2411/1947/6372
f 2909/1940/6373 556/1939/6374 2912/1948/6375 1365/1946/6376
f 557/1949/6377 2913/1950/6378 1365/1946/6379 2912/1948/6380
f 2913/1950/6381 316/1951/6382 2411/1947/6383 1365/1946/6384
f 316/1951/6385 2913/1950/6386 1366/1952/6387 2419/1953/6388
f 2913/1950/6389 557/1949/6390 2914/1954/6391 1366/1952/6392
f 558/1955/6393 2915/1956/6394 1366/1952/6395 2914/1954/6396
f 2915/1956/6397 321/1957/6398 2419/1953/6399 1366/1952/6400
f 557/1949/6401 2916/1958/6402 1367/1959/6403 2914/1954/6404
f 2916/1958/6405 268/796/6406 2335/801/6407 1367/1959/6408
f 263/778/6409 2917/1960/6410 1367/1959/6411 2335/801/6412
f 2917/1960/6413 558/1955/6414 2914/1954/6415 1367/1959/6416
f 556/1939/6417 2911/1944/6418 1368/1961/6419 2912/1948/6420
f 2911/1944/6421 269/798/6422 2332/797/6423 1368/1961/6424
f 268/796/6425 2916/1958/6426 1368/1961/6427 2332/797/6428
f 2916/1958/6429 557/1949/6430 2912/1948/6431 1368/1961/6432
f 321/1957/6433 2915/1956/6434 1369/1962/6435 2421/1963/6436
f 2915/1956/6437 558/1955/6438 2918/1964/6439 1369/1962/6440
f 559/1965/6441 2919/1966/6442 1369/1962/6443 2918/1964/6444
f 2919/1966/6445 322/1967/6446 2421/1963/6447 1369/1962/6448
f 322/1967/6449 2919/1966/6450 1370/1968/6451 2429/1969/6452
f 2919/1966/6453 559/1965/6454 2920/1970/6455 1370/1968/6456
f 560/1971/6457 2921/1972/6458 1370/1968/6459 2920/1970/6460
f 2921/1972/6461 327/1973/6462 2429/1969/6463 1370/1968/6464
f 559/1965/6465 2922/1974/6466 1371/1975/6467 2920/1970/6468
f 2922/1974/6469 262/776/6470 2325/781/6471 1371/1975/6472
f 257/758/6473 2923/1976/6474 1371/1975/6475 2325/781/6476
f 2923/1976/6477 560/1971/6478 2920/1970/6479 1371/1975/6480
f 558/1955/6481 2917/1960/6482 1372/1977/6483 2918/1964/6484
f 2917/1960/6485 263/778/6486 2322/777/6487 1372/1977/6488
f 262/776/6489 2922/1974/6490 1372/1977/6491 2322/777/6492
f 2922/1974/6493 559/1965/6494 2918/1964/6495 1372/1977/6496
f 327/1973/6497 2921/1972/6498 1373/1978/6499 2431/1979/6500
f 2921/1972/6501 560/1971/6502 2924/1980/6503 1373/1978/6504
f 561/1981/6505 2925/1982/6506 1373/1978/6507 2924/1980/6508
f 2925/1982/6509 328/1983/6510 2431/1979/6511 1373/1978/6512
f 328/1983/6513 2925/1982/6514 1374/1984/6515 2439/1985/6516
f 2925/1982/6517 561/1981/6518 2926/1986/6519 1374/1984/6520
f 562/1987/6521 2927/1988/6522 1374/1984/6523 2926/1986/6524
f 2927/1988/6525 333/1989/6526 2439/1985/6527 1374/1984/6528
f 561/1981/6529 2928/1990/6530 1375/1991/6531 2926/1986/6532
f 2928/1990/6533 256/756/6534 2315/761/6535 1375/1991/6536
f 250/735/6537 2929/1992/6538 1375/1991/6539 2315/761/6540
f 2929/1992/6541 562/1987/6542 2926/1986/6543 1375/1991/6544
f 560/1971/6545 2923/1976/6546 1376/1993/6547 2924/1980/6548
f 2923/1976/6549 257/758/6550 2312/757/6551 1376/1993/6552
f 256/756/6553 2928/1990/6554 1376/1993/6555 2312/757/6556
f 2928/1990/6557 561/1981/6558 2924/1980/6559 1376/1993/6560
f 333/1989/6561 2927/1988/6562 1377/1994/6563 2441/1995/6564
f 2927/1988/6565 562/1987/6566 2930/1996/6567 1377/1994/6568
f 563/1997/6569 2931/1998/6570 1377/1994/6571 2930/1996/6572
f 2931/1998/6573 334/1999/6574 2441/1995/6575 1377/1994/6576
f 334/1999/6577 2931/1998/6578 1378/2000/6579 2449/2001/6580
f 2931/1998/6581 563/1997/6582 2932/2002/6583 1378/2000/6584
f 212/613/6585 2244/620/6586 1378/2000/6587 2932/2002/6588
f 2244/620/6589 214/619/6590 2449/2001/6591 1378/2000/6592
f 563/1997/6593 2933/2003/6594 1379/2004/6595 2932/2002/6596
f 2933/2003/6597 249/733/6598 2304/740/6599 1379/2004/6600
f 213/615/6601 2241/614/6602 1379/2004/6603 2304/740/6604
f 2241/614/6605 212/613/6606 2932/2002/6607 1379/2004/6608
f 562/1987/6609 2929/1992/6610 1380/2005/6611 2930/1996/6612
f 2929/1992/6613 250/735/6614 2300/734/6615 1380/2005/6616
f 249/733/6617 2933/2003/6618 1380/2005/6619 2300/734/6620
f 2933/2003/6621 563/1997/6622 2930/1996/6623 1380/2005/6624
f 184/539/6625 2934/2006/6626 1381/2007/6627 2245/621/6628
f 2934/2006/6629 564/2008/6630 2935/2009/6631 1381/2007/6632
f 565/2010/6633 2936/2011/6634 1381/2007/6635 2935/2009/6636
f 2936/2011/6637 215/623/6638 2245/621/6639 1381/2007/6640
f 215/623/6641 2936/2011/6642 1382/2012/6643 2253/637/6644
f 2936/2011/6645 565/2010/6646 2937/2013/6647 1382/2012/6648
f 251/738/6649 2306/743/6650 1382/2012/6651 2937/2013/6652
f 2306/743/6653 220/639/6654 2253/637/6655 1382/2012/6656
f 565/2010/6657 2938/2014/6658 1383/2015/6659 2937/2013/6660
f 2938/2014/6661 211/609/6662 2242/616/6663 1383/2015/6664
f 213/615/6665 2303/739/6666 1383/2015/6667 2242/616/6668
f 2303/739/6669 251/738/6670 2937/2013/6671 1383/2015/6672
f 564/2008/6673 2939/2016/6674 1384/2017/6675 2935/2009/6676
f 2939/2016/6677 177/517/6678 2239/610/6679 1384/2017/6680
f 211/609/6681 2938/2014/6682 1384/2017/6683 2239/610/6684
f 2938/2014/6685 565/2010/6686 2935/2009/6687 1384/2017/6688
f 898/535/6689 2940/2018/6690 1385/2019/6691 2205/536/6692
f 2940/2018/6693 566/2020/6694 2941/2021/6695 1385/2019/6696
f 564/2008/6697 2934/2006/6698 1385/2019/6699 2941/2021/6700
f 2934/2006/6701 184/539/6702 2205/536/6703 1385/2019/6704
f 566/2020/6705 2942/2022/6706 1386/2023/6707 2941/2021/6708
f 2942/2022/6709 175/519/6710 2197/518/6711 1386/2023/6712
f 177/517/6713 2939/2016/6714 1386/2023/6715 2197/518/6716
f 2939/2016/6717 564/2008/6718 2941/2021/6719 1386/2023/6720
f 85/2024/6721 2943/2025/6722 1387/2026/6723 2059/2027/6724
f 2943/2025/6725 567/2028/6726 2944/2029/6727 1387/2026/6728
f 568/2030/6729 2945/2031/6730 1387/2026/6731 2944/2029/6732
f 2945/2031/6733 86/2032/6734 2059/2027/6735 1387/2026/6736
f 86/2032/6737 2945/2031/6738 1388/2033/6739 2069/2034/6740
f 2945/2031/6741 568/2030/6742 2946/2035/6743 1388/2033/6744
f 435/1356/6745 2618/1362/6746 1388/2033/6747 2946/2035/6748
f 2618/1362/6749 92/1361/6750 2069/2034/6751 1388/2033/6752
f 568/2030/6753 2947/2036/6754 1389/2037/6755 2946/2035/6756
f 2947/2036/6757 95/273/6758 2078/280/6759 1389/2037/6760
f 97/279/6761 2615/1357/6762 1389/2037/6763 2078/280/6764
f 2615/1357/6765 435/1356/6766 2946/2035/6767 1389/2037/6768
f 567/2028/6769 2948/2038/6770 1390/2039/6771 2944/2029/6772
f 2948/2038/6773 51/144/6774 2075/274/6775 1390/2039/6776
f 95/273/6777 2947/2036/6778 1390/2039/6779 2075/274/6780
f 2947/2036/6781 568/2030/6782 2944/2029/6783 1390/2039/6784
f 547/1901/6785 2890/1900/6786 1391/2040/6787 2883/2041/6788
f 2890/1900/6789 550/1899/6790 2949/2042/6791 1391/2040/6792
f 569/2043/6793 2950/2044/6794 1391/2040/6795 2949/2042/6796
f 2950/2044/6797 545/2045/6798 2883/2041/6799 1391/2040/6800
f 545/2045/6801 2950/2044/6802 1392/2046/6803 2880/2047/6804
f 2950/2044/6805 569/2043/6806 2951/2048/6807 1392/2046/6808
f 567/2028/6809 2943/2025/6810 1392/2046/6811 2951/2048/6812
f 2943/2025/6813 85/2024/6814 2880/2047/6815 1392/2046/6816
f 569/2043/6817 2952/2049/6818 1393/2050/6819 2951/2048/6820
f 2952/2049/6821 49/138/6822 2012/145/6823 1393/2050/6824
f 51/144/6825 2948/2038/6826 1393/2050/6827 2012/145/6828
f 2948/2038/6829 567/2028/6830 2951/2048/6831 1393/2050/6832
f 550/1899/6833 2894/1906/6834 1394/2051/6835 2949/2042/6836
f 2894/1906/6837 50/140/6838 2009/139/6839 1394/2051/6840
f 49/138/6841 2952/2049/6842 1394/2051/6843 2009/139/6844
f 2952/2049/6845 569/2043/6846 2949/2042/6847 1394/2051/6848
f 535/2052/6849 2953/2053/6850 1395/2054/6851 2876/2055/6852
f 2953/2053/6853 570/2056/6854 2954/2057/6855 1395/2054/6856
f 571/2058/6857 2955/2059/6858 1395/2054/6859 2954/2057/6860
f 2955/2059/6861 543/2060/6862 2876/2055/6863 1395/2054/6864
f 543/2060/6865 2955/2059/6866 1396/2061/6867 2874/2062/6868
f 2955/2059/6869 571/2058/6870 2956/2063/6871 1396/2061/6872
f 488/1578/6873 2738/1584/6874 1396/2061/6875 2956/2063/6876
f 2738/1584/6877 489/1583/6878 2874/2062/6879 1396/2061/6880
f 571/2058/6881 2957/2064/6882 1397/2065/6883 2956/2063/6884
f 2957/2064/6885 38/108/6886 1998/116/6887 1397/2065/6888
f 41/115/6889 2735/1579/6890 1397/2065/6891 1998/116/6892
f 2735/1579/6893 488/1578/6894 2956/2063/6895 1397/2065/6896
f 570/2056/6897 2958/2066/6898 1398/2067/6899 2954/2057/6900
f 2958/2066/6901 39/110/6902 1994/109/6903 1398/2067/6904
f 38/108/6905 2957/2064/6906 1398/2067/6907 1994/109/6908
f 2957/2064/6909 571/2058/6910 2954/2057/6911 1398/2067/6912
f 529/2068/6913 2959/2069/6914 1399/2070/6915 2962/2071/6916
f 2959/2069/6917 572/2072/6918 2960/2073/6919 1399/2070/6920
f 573/2074/6921 2961/2075/6922 1399/2070/6923 2960/2073/6924
f 2961/2075/6925 574/2076/6926 2962/2071/6927 1399/2070/6928
f 574/2076/6929 2961/2075/6930 1400/2077/6931 2965/2078/6932
f 2961/2075/6933 573/2074/6934 2963/2079/6935 1400/2077/6936
f 575/2080/6937 2964/2081/6938 1400/2077/6939 2963/2079/6940
f 2964/2081/6941 540/2082/6942 2965/2078/6943 1400/2077/6944
f 573/2074/6945 2966/2083/6946 1401/2084/6947 2963/2079/6948
f 2966/2083/6949 30/84/6950 1986/91/6951 1401/2084/6952
f 32/90/6953 2967/2085/6954 1401/2084/6955 1986/91/6956
f 2967/2085/6957 575/2080/6958 2963/2079/6959 1401/2084/6960
f 572/2072/6961 2968/2086/6962 1402/2087/6963 2960/2073/6964
f 2968/2086/6965 26/70/6966 1983/85/6967 1402/2087/6968
f 30/84/6969 2966/2083/6970 1402/2087/6971 1983/85/6972
f 2966/2083/6973 573/2074/6974 2960/2073/6975 1402/2087/6976
f 534/2088/6977 2969/2089/6978 1403/2090/6979 2856/2091/6980
f 2969/2089/6981 576/2092/6982 2970/2093/6983 1403/2090/6984
f 577/2094/6985 2971/2095/6986 1403/2090/6987 2970/2093/6988
f 2971/2095/6989 532/2096/6990 2856/2091/6991 1403/2090/6992
f 532/2096/6993 2971/2095/6994 1404/2097/6995 2853/2098/6996
f 2971/2095/6997 577/2094/6998 2972/2099/6999 1404/2097/7000
f 572/2072/7001 2959/2069/7002 1404/2097/7003 2972/2099/7004
f 2959/2069/7005 529/2068/7006 2853/2098/7007 1404/2097/7008
f 577/2094/7009 2973/2100/7010 1405/2101/7011 2972/2099/7012
f 2973/2100/7013 23/63/7014 1976/71/7015 1405/2101/7016
f 26/70/7017 2968/2086/7018 1405/2101/7019 1976/71/7020
f 2968/2086/7021 572/2072/7022 2972/2099/7023 1405/2101/7024
f 576/2092/7025 2974/2102/7026 1406/2103/7027 2970/2093/7028
f 2974/2102/7029 24/65/7030 1972/64/7031 1406/2103/7032
f 23/63/7033 2973/2100/7034 1406/2103/7035 1972/64/7036
f 2973/2100/7037 577/2094/7038 2970/2093/7039 1406/2103/7040
f 369/1134/7041 2506/1137/7042 1407/2104/7043 2631/1384/7044
f 2506/1137/7045 372/1142/7046 2975/2105/7047 1407/2104/7048
f 578/2106/7049 2976/2107/7050 1407/2104/7051 2975/2105/7052
f 2976/2107/7053 441/1387/7054 2631/1384/7055 1407/2104/7056
f 441/1387/7057 2976/2107/7058 1408/2108/7059 2641/1402/7060
f 2976/2107/7061 578/2106/7062 2977/2109/7063 1408/2108/7064
f 102/297/7065 2090/304/7066 1408/2108/7067 2977/2109/7068
f 2090/304/7069 104/303/7070 2641/1402/7071 1408/2108/7072
f 578/2106/7073 2978/2110/7074 1409/2111/7075 2977/2109/7076
f 2978/2110/7077 449/1416/7078 2652/1422/7079 1409/2111/7080
f 103/299/7081 2087/298/7082 1409/2111/7083 2652/1422/7084
f 2087/298/7085 102/297/7086 2977/2109/7087 1409/2111/7088
f 372/1142/7089 2509/1144/7090 1410/2112/7091 2975/2105/7092
f 2509/1144/7093 374/1148/7094 2648/1417/7095 1410/2112/7096
f 449/1416/7097 2978/2110/7098 1410/2112/7099 2648/1417/7100
f 2978/2110/7101 578/2106/7102 2975/2105/7103 1410/2112/7104
f 301/907/7105 2392/910/7106 1411/2113/7107 2783/1668/7108
f 2392/910/7109 304/915/7110 2979/2114/7111 1411/2113/7112
f 579/2115/7113 2980/2116/7114 1411/2113/7115 2979/2114/7116
f 2980/2116/7117 507/1666/7118 2783/1668/7119 1411/2113/7120
f 507/1666/7121 2980/2116/7122 1412/2117/7123 2781/1662/7124
f 2980/2116/7125 579/2115/7126 2981/2118/7127 1412/2117/7128
f 110/321/7129 2102/328/7130 1412/2117/7131 2981/2118/7132
f 2102/328/7133 112/327/7134 2781/1662/7135 1412/2117/7136
f 579/2115/7137 2982/2119/7138 1413/2120/7139 2981/2118/7140
f 2982/2119/7141 439/1374/7142 2628/1380/7143 1413/2120/7144
f 111/323/7145 2099/322/7146 1413/2120/7147 2628/1380/7148
f 2099/322/7149 110/321/7150 2981/2118/7151 1413/2120/7152
f 304/915/7153 2395/917/7154 1414/2121/7155 2979/2114/7156
f 2395/917/7157 306/921/7158 2624/1375/7159 1414/2121/7160
f 439/1374/7161 2982/2119/7162 1414/2121/7163 2624/1375/7164
f 2982/2119/7165 579/2115/7166 2979/2114/7167 1414/2121/7168
f 400/1237/7169 2983/2122/7170 1415/2123/7171 2555/1238/7172
f 2983/2122/7173 580/2124/7174 2984/2125/7175 1415/2123/7176
f 581/2126/7177 2985/2127/7178 1415/2123/7179 2984/2125/7180
f 2985/2127/7181 401/1241/7182 2555/1238/7183 1415/2123/7184
f 401/1241/7185 2985/2127/7186 1416/2128/7187 2565/1257/7188
f 2985/2127/7189 581/2126/7190 2986/2129/7191 1416/2128/7192
f 236/693/7193 2284/700/7194 1416/2128/7195 2986/2129/7196
f 2284/700/7197 238/699/7198 2565/1257/7199 1416/2128/7200
f 581/2126/7201 2987/2130/7202 1417/2131/7203 2986/2129/7204
f 2987/2130/7205 398/1227/7206 2552/1233/7207 1417/2131/7208
f 237/695/7209 2281/694/7210 1417/2131/7211 2552/1233/7212
f 2281/694/7213 236/693/7214 2986/2129/7215 1417/2131/7216
f 580/2124/7217 2988/2132/7218 1418/2133/7219 2984/2125/7220
f 2988/2132/7221 394/1213/7222 2549/1228/7223 1418/2133/7224
f 398/1227/7225 2987/2130/7226 1418/2133/7227 2549/1228/7228
f 2987/2130/7229 581/2126/7230 2984/2125/7231 1418/2133/7232
f 407/1260/7233 2989/2134/7234 1419/2135/7235 2567/1261/7236
f 2989/2134/7237 582/2136/7238 2990/2137/7239 1419/2135/7240
f 583/2138/7241 2991/2139/7242 1419/2135/7243 2990/2137/7244
f 2991/2139/7245 408/1264/7246 2567/1261/7247 1419/2135/7248
f 408/1264/7249 2991/2139/7250 1420/2140/7251 2576/1278/7252
f 2991/2139/7253 583/2138/7254 2992/2141/7255 1420/2140/7256
f 580/2124/7257 2983/2122/7258 1420/2140/7259 2992/2141/7260
f 2983/2122/7261 400/1237/7262 2576/1278/7263 1420/2140/7264
f 583/2138/7265 2993/2142/7266 1421/2143/7267 2992/2141/7268
f 2993/2142/7269 392/1207/7270 2542/1214/7271 1421/2143/7272
f 394/1213/7273 2988/2132/7274 1421/2143/7275 2542/1214/7276
f 2988/2132/7277 580/2124/7278 2992/2141/7279 1421/2143/7280
f 582/2136/7281 2994/2144/7282 1422/2145/7283 2990/2137/7284
f 2994/2144/7285 388/1193/7286 2539/1208/7287 1422/2145/7288
f 392/1207/7289 2993/2142/7290 1422/2145/7291 2539/1208/7292
f 2993/2142/7293 583/2138/7294 2990/2137/7295 1422/2145/7296
f 413/1280/7297 2995/2146/7298 1423/2147/7299 2577/1281/7300
f 2995/2146/7301 584/2148/7302 2996/2149/7303 1423/2147/7304
f 585/2150/7305 2997/2151/7306 1423/2147/7307 2996/2149/7308
f 2997/2151/7309 414/1284/7310 2577/1281/7311 1423/2147/7312
f 414/1284/7313 2997/2151/7314 1424/2152/7315 2586/1298/7316
f 2997/2151/7317 585/2150/7318 2998/2153/7319 1424/2152/7320
f 582/2136/7321 2989/2134/7322 1424/2152/7323 2998/2153/7324
f 2989/2134/7325 407/1260/7326 2586/1298/7327 1424/2152/7328
f 585/2150/7329 2999/2154/7330 1425/2155/7331 2998/2153/7332
f 2999/2154/7333 386/1187/7334 2532/1194/7335 1425/2155/7336
f 388/1193/7337 2994/2144/7338 1425/2155/7339 2532/1194/7340
f 2994/2144/7341 582/2136/7342 2998/2153/7343 1425/2155/7344
f 584/2148/7345 3000/2156/7346 1426/2157/7347 2996/2149/7348
f 3000/2156/7349 382/1173/7350 2529/1188/7351 1426/2157/7352
f 386/1187/7353 2999/2154/7354 1426/2157/7355 2529/1188/7356
f 2999/2154/7357 585/2150/7358 2996/2149/7359 1426/2157/7360
f 419/1300/7361 3001/2158/7362 1427/2159/7363 2587/1301/7364
f 3001/2158/7365 586/2160/7366 3002/2161/7367 1427/2159/7368
f 587/2162/7369 3003/2163/7370 1427/2159/7371 3002/2161/7372
f 3003/2163/7373 420/1304/7374 2587/1301/7375 1427/2159/7376
f 420/1304/7377 3003/2163/7378 1428/2164/7379 2596/1318/7380
f 3003/2163/7381 587/2162/7382 3004/2165/7383 1428/2164/7384
f 584/2148/7385 2995/2146/7386 1428/2164/7387 3004/2165/7388
f 2995/2146/7389 413/1280/7390 2596/1318/7391 1428/2164/7392
f 587/2162/7393 3005/2166/7394 1429/2167/7395 3004/2165/7396
f 3005/2166/7397 380/1167/7398 2522/1174/7399 1429/2167/7400
f 382/1173/7401 3000/2156/7402 1429/2167/7403 2522/1174/7404
f 3000/2156/7405 584/2148/7406 3004/2165/7407 1429/2167/7408
f 586/2160/7409 3006/2168/7410 1430/2169/7411 3002/2161/7412
f 3006/2168/7413 376/1153/7414 2519/1168/7415 1430/2169/7416
f 380/1167/7417 3005/2166/7418 1430/2169/7419 2519/1168/7420
f 3005/2166/7421 587/2162/7422 3002/2161/7423 1430/2169/7424
f 425/1320/7425 2646/1407/7426 1431/2170/7427 2597/1321/7428
f 2646/1407/7429 448/1412/7430 3007/2171/7431 1431/2170/7432
f 588/2172/7433 3008/2173/7434 1431/2170/7435 3007/2171/7436
f 3008/2173/7437 426/1324/7438 2597/1321/7439 1431/2170/7440
f 426/1324/7441 3008/2173/7442 1432/2174/7443 2606/1338/7444
f 3008/2173/7445 588/2172/7446 3009/2175/7447 1432/2174/7448
f 586/2160/7449 3001/2158/7450 1432/2174/7451 3009/2175/7452
f 3001/2158/7453 419/1300/7454 2606/1338/7455 1432/2174/7456
f 588/2172/7457 3010/2176/7458 1433/2177/7459 3009/2175/7460
f 3010/2176/7461 373/1146/7462 2512/1154/7463 1433/2177/7464
f 376/1153/7465 3006/2168/7466 1433/2177/7467 2512/1154/7468
f 3006/2168/7469 586/2160/7470 3009/2175/7471 1433/2177/7472
f 448/1412/7473 2649/1414/7474 1434/2178/7475 3007/2171/7476
f 2649/1414/7477 374/1148/7478 2508/1147/7479 1434/2178/7480
f 373/1146/7481 3010/2176/7482 1434/2178/7483 2508/1147/7484
f 3010/2176/7485 588/2172/7486 3007/2171/7487 1434/2178/7488
f 270/804/7489 2622/1365/7490 1435/2179/7491 2337/805/7492
f 2622/1365/7493 438/1370/7494 3011/2180/7495 1435/2179/7496
f 589/2181/7497 3012/2182/7498 1435/2179/7499 3011/2180/7500
f 3012/2182/7501 271/808/7502 2337/805/7503 1435/2179/7504
f 271/808/7505 3012/2182/7506 1436/2183/7507 2346/822/7508
f 3012/2182/7509 589/2181/7510 3013/2184/7511 1436/2183/7512
f 590/2185/7513 3014/2186/7514 1436/2183/7515 3013/2184/7516
f 3014/2186/7517 264/784/7518 2346/822/7519 1436/2183/7520
f 589/2181/7521 3015/2187/7522 1437/2188/7523 3013/2184/7524
f 3015/2187/7525 305/919/7526 2397/924/7527 1437/2188/7528
f 300/901/7529 3016/2189/7530 1437/2188/7531 2397/924/7532
f 3016/2189/7533 590/2185/7534 3013/2184/7535 1437/2188/7536
f 438/1370/7537 2625/1372/7538 1438/2190/7539 3011/2180/7540
f 2625/1372/7541 306/921/7542 2394/920/7543 1438/2190/7544
f 305/919/7545 3015/2187/7546 1438/2190/7547 2394/920/7548
f 3015/2187/7549 589/2181/7550 3011/2180/7551 1438/2190/7552
f 264/784/7553 3014/2186/7554 1439/2191/7555 2327/785/7556
f 3014/2186/7557 590/2185/7558 3017/2192/7559 1439/2191/7560
f 591/2193/7561 3018/2194/7562 1439/2191/7563 3017/2192/7564
f 3018/2194/7565 265/788/7566 2327/785/7567 1439/2191/7568
f 265/788/7569 3018/2194/7570 1440/2195/7571 2336/802/7572
f 3018/2194/7573 591/2193/7574 3019/2196/7575 1440/2195/7576
f 592/2197/7577 3020/2198/7578 1440/2195/7579 3019/2196/7580
f 3020/2198/7581 258/764/7582 2336/802/7583 1440/2195/7584
f 591/2193/7585 3021/2199/7586 1441/2200/7587 3019/2196/7588
f 3021/2199/7589 299/899/7590 2387/904/7591 1441/2200/7592
f 294/881/7593 3022/2201/7594 1441/2200/7595 2387/904/7596
f 3022/2201/7597 592/2197/7598 3019/2196/7599 1441/2200/7600
f 590/2185/7601 3016/2189/7602 1442/2202/7603 3017/2192/7604
f 3016/2189/7605 300/901/7606 2384/900/7607 1442/2202/7608
f 299/899/7609 3021/2199/7610 1442/2202/7611 2384/900/7612
f 3021/2199/7613 591/2193/7614 3017/2192/7615 1442/2202/7616
f 258/764/7617 3020/2198/7618 1443/2203/7619 2317/765/7620
f 3020/2198/7621 592/2197/7622 3023/2204/7623 1443/2203/7624
f 593/2205/7625 3024/2206/7626 1443/2203/7627 3023/2204/7628
f 3024/2206/7629 259/768/7630 2317/765/7631 1443/2203/7632
f 259/768/7633 3024/2206/7634 1444/2207/7635 2326/782/7636
f 3024/2206/7637 593/2205/7638 3025/2208/7639 1444/2207/7640
f 594/2209/7641 3026/2210/7642 1444/2207/7643 3025/2208/7644
f 3026/2210/7645 252/744/7646 2326/782/7647 1444/2207/7648
f 593/2205/7649 3027/2211/7650 1445/2212/7651 3025/2208/7652
f 3027/2211/7653 293/879/7654 2377/884/7655 1445/2212/7656
f 288/861/7657 3028/2213/7658 1445/2212/7659 2377/884/7660
f 3028/2213/7661 594/2209/7662 3025/2208/7663 1445/2212/7664
f 592/2197/7665 3022/2201/7666 1446/2214/7667 3023/2204/7668
f 3022/2201/7669 294/881/7670 2374/880/7671 1446/2214/7672
f 293/879/7673 3027/2211/7674 1446/2214/7675 2374/880/7676
f 3027/2211/7677 593/2205/7678 3023/2204/7679 1446/2214/7680
f 252/744/7681 3026/2210/7682 1447/2215/7683 2307/745/7684
f 3026/2210/7685 594/2209/7686 3029/2216/7687 1447/2215/7688
f 595/2217/7689 3030/2218/7690 1447/2215/7691 3029/2216/7692
f 3030/2218/7693 253/748/7694 2307/745/7695 1447/2215/7696
f 253/748/7697 3030/2218/7698 1448/2219/7699 2316/762/7700
f 3030/2218/7701 595/2217/7702 3031/2220/7703 1448/2219/7704
f 596/2221/7705 3032/2222/7706 1448/2219/7707 3031/2220/7708
f 3032/2222/7709 245/721/7710 2316/762/7711 1448/2219/7712
f 595/2217/7713 3033/2223/7714 1449/2224/7715 3031/2220/7716
f 3033/2223/7717 287/859/7718 2367/864/7719 1449/2224/7720
f 281/838/7721 3034/2225/7722 1449/2224/7723 2367/864/7724
f 3034/2225/7725 596/2221/7726 3031/2220/7727 1449/2224/7728
f 594/2209/7729 3028/2213/7730 1450/2226/7731 3029/2216/7732
f 3028/2213/7733 288/861/7734 2364/860/7735 1450/2226/7736
f 287/859/7737 3033/2223/7738 1450/2226/7739 2364/860/7740
f 3033/2223/7741 595/2217/7742 3029/2216/7743 1450/2226/7744
f 245/721/7745 3032/2222/7746 1451/2227/7747 2295/722/7748
f 3032/2222/7749 596/2221/7750 3035/2228/7751 1451/2227/7752
f 597/2229/7753 3036/2230/7754 1451/2227/7755 3035/2228/7756
f 3036/2230/7757 246/725/7758 2295/722/7759 1451/2227/7760
f 246/725/7761 3036/2230/7762 1452/2231/7763 2305/741/7764
f 3036/2230/7765 597/2229/7766 3037/2232/7767 1452/2231/7768
f 218/633/7769 2254/640/7770 1452/2231/7771 3037/2232/7772
f 2254/640/7773 220/639/7774 2305/741/7775 1452/2231/7776
f 597/2229/7777 3038/2233/7778 1453/2234/7779 3037/2232/7780
f 3038/2233/7781 280/836/7782 2356/843/7783 1453/2234/7784
f 219/635/7785 2251/634/7786 1453/2234/7787 2356/843/7788
f 2251/634/7789 218/633/7790 3037/2232/7791 1453/2234/7792
f 596/2221/7793 3034/2225/7794 1454/2235/7795 3035/2228/7796
f 3034/2225/7797 281/838/7798 2352/837/7799 1454/2235/7800
f 280/836/7801 3038/2233/7802 1454/2235/7803 2352/837/7804
f 3038/2233/7805 597/2229/7806 3035/2228/7807 1454/2235/7808
f 190/554/7809 3039/2236/7810 1455/2237/7811 2255/641/7812
f 3039/2236/7813 598/2238/7814 3040/2239/7815 1455/2237/7816
f 599/2240/7817 3041/2241/7818 1455/2237/7819 3040/2239/7820
f 3041/2241/7821 221/643/7822 2255/641/7823 1455/2237/7824
f 221/643/7825 3041/2241/7826 1456/2242/7827 2263/657/7828
f 3041/2241/7829 599/2240/7830 3042/2243/7831 1456/2242/7832
f 399/1231/7833 2554/1236/7834 1456/2242/7835 3042/2243/7836
f 2554/1236/7837 226/659/7838 2263/657/7839 1456/2242/7840
f 599/2240/7841 3043/2244/7842 1457/2245/7843 3042/2243/7844
f 3043/2244/7845 235/689/7846 2282/696/7847 1457/2245/7848
f 237/695/7849 2551/1232/7850 1457/2245/7851 2282/696/7852
f 2551/1232/7853 399/1231/7854 3042/2243/7855 1457/2245/7856
f 598/2238/7857 3044/2246/7858 1458/2247/7859 3040/2239/7860
f 3044/2246/7861 201/577/7862 2279/690/7863 1458/2247/7864
f 235/689/7865 3043/2244/7866 1458/2247/7867 2279/690/7868
f 3043/2244/7869 599/2240/7870 3040/2239/7871 1458/2247/7872
f 196/569/7873 3045/2248/7874 1459/2249/7875 2265/661/7876
f 3045/2248/7877 600/2250/7878 3046/2251/7879 1459/2249/7880
f 601/2252/7881 3047/2253/7882 1459/2249/7883 3046/2251/7884
f 3047/2253/7885 227/663/7886 2265/661/7887 1459/2249/7888
f 227/663/7889 3047/2253/7890 1460/2254/7891 2273/677/7892
f 3047/2253/7893 601/2252/7894 3048/2255/7895 1460/2254/7896
f 282/841/7897 2358/846/7898 1460/2254/7899 3048/2255/7900
f 2358/846/7901 232/679/7902 2273/677/7903 1460/2254/7904
f 601/2252/7905 3049/2256/7906 1461/2257/7907 3048/2255/7908
f 3049/2256/7909 217/629/7910 2252/636/7911 1461/2257/7912
f 219/635/7913 2355/842/7914 1461/2257/7915 2252/636/7916
f 2355/842/7917 282/841/7918 3048/2255/7919 1461/2257/7920
f 600/2250/7921 3050/2258/7922 1462/2259/7923 3046/2251/7924
f 3050/2258/7925 183/532/7926 2249/630/7927 1462/2259/7928
f 217/629/7929 3049/2256/7930 1462/2259/7931 2249/630/7932
f 3049/2256/7933 601/2252/7934 3046/2251/7935 1462/2259/7936
f 901/550/7937 3051/2260/7938 1463/2261/7939 2212/551/7940
f 3051/2260/7941 915/2262/7942 3052/2263/7943 1463/2261/7944
f 598/2238/7945 3039/2236/7946 1463/2261/7947 3052/2263/7948
f 3039/2236/7949 190/554/7950 2212/551/7951 1463/2261/7952
f 915/2262/7953 3053/2264/7954 1464/2265/7955 3052/2263/7956
f 3053/2264/7957 199/579/7958 2225/578/7959 1464/2265/7960
f 201/577/7961 3044/2246/7962 1464/2265/7963 2225/578/7964
f 3044/2246/7965 598/2238/7966 3052/2263/7967 1464/2265/7968
f 904/565/7969 3054/2266/7970 1465/2267/7971 2219/566/7972
f 3054/2266/7973 603/2268/7974 3055/2269/7975 1465/2267/7976
f 600/2250/7977 3045/2248/7978 1465/2267/7979 3055/2269/7980
f 3045/2248/7981 196/569/7982 2219/566/7983 1465/2267/7984
f 603/2268/7985 3056/2270/7986 1466/2271/7987 3055/2269/7988
f 3056/2270/7989 181/534/7990 2204/533/7991 1466/2271/7992
f 183/532/7993 3050/2258/7994 1466/2271/7995 2204/533/7996
f 3050/2258/7997 600/2250/7998 3055/2269/7999 1466/2271/8000
f 43/121/8001 2004/124/8002 1467/2272/8003 2071/265/8004
f 2004/124/8005 46/129/8006 3057/2273/8007 1467/2272/8008
f 604/2274/8009 3058/2275/8010 1467/2272/8011 3057/2273/8012
f 3058/2275/8013 93/267/8014 2071/265/8015 1467/2272/8016
f 93/267/8017 3058/2275/8018 1468/2276/8019 2079/281/8020
f 3058/2275/8021 604/2274/8022 3059/2277/8023 1468/2276/8024
f 440/1378/8025 2630/1383/8026 1468/2276/8027 3059/2277/8028
f 2630/1383/8029 98/283/8030 2079/281/8031 1468/2276/8032
f 604/2274/8033 3060/2278/8034 1469/2279/8035 3059/2277/8036
f 3060/2278/8037 109/317/8038 2100/324/8039 1469/2279/8040
f 111/323/8041 2627/1379/8042 1469/2279/8043 2100/324/8044
f 2627/1379/8045 440/1378/8046 3059/2277/8047 1469/2279/8048
f 46/129/8049 2007/131/8050 1470/2280/8051 3057/2273/8052
f 2007/131/8053 48/135/8054 2096/318/8055 1470/2280/8056
f 109/317/8057 3060/2278/8058 1470/2280/8059 2096/318/8060
f 3060/2278/8061 604/2274/8062 3057/2273/8063 1470/2280/8064
f 113/329/8065 2791/1683/8066 1471/2281/8067 2103/330/8068
f 2791/1683/8069 510/1687/8070 3061/2282/8071 1471/2281/8072
f 605/2283/8073 3062/2284/8074 1471/2281/8075 3061/2282/8076
f 3062/2284/8077 114/333/8078 2103/330/8079 1471/2281/8080
f 114/333/8081 3062/2284/8082 1472/2285/8083 2113/349/8084
f 3062/2284/8085 605/2283/8086 3063/2286/8087 1472/2285/8088
f 450/1420/8089 2654/1425/8090 1472/2285/8091 3063/2286/8092
f 2654/1425/8093 120/351/8094 2113/349/8095 1472/2285/8096
f 605/2283/8097 3064/2287/8098 1473/2288/8099 3063/2286/8100
f 3064/2287/8101 101/293/8102 2088/300/8103 1473/2288/8104
f 103/299/8105 2651/1421/8106 1473/2288/8107 2088/300/8108
f 2651/1421/8109 450/1420/8110 3063/2286/8111 1473/2288/8112
f 510/1687/8113 2793/1689/8114 1474/2289/8115 3061/2282/8116
f 2793/1689/8117 9/24/8118 2085/294/8119 1474/2289/8120
f 101/293/8121 3064/2287/8122 1474/2289/8123 2085/294/8124
f 3064/2287/8125 605/2283/8126 3061/2282/8127 1474/2289/8128
f 105/305/8129 2094/308/8130 1475/2290/8131 2896/1909/8132
f 2094/308/8133 108/313/8134 3065/2291/8135 1475/2290/8136
f 606/2292/8137 3066/2293/8138 1475/2290/8139 3065/2291/8140
f 3066/2293/8141 552/1911/8142 2896/1909/8143 1475/2290/8144
f 552/1911/8145 3066/2293/8146 1476/2294/8147 2901/1919/8148
f 3066/2293/8149 606/2292/8150 3067/2295/8151 1476/2294/8152
f 551/1904/8153 2895/1908/8154 1476/2294/8155 3067/2295/8156
f 2895/1908/8157 487/1575/8158 2901/1919/8159 1476/2294/8160
f 606/2292/8161 3068/2296/8162 1477/2297/8163 3067/2295/8164
f 3068/2296/8165 47/133/8166 2010/141/8167 1477/2297/8168
f 50/140/8169 2893/1905/8170 1477/2297/8171 2010/141/8172
f 2893/1905/8173 551/1904/8174 3067/2295/8175 1477/2297/8176
f 108/313/8177 2097/315/8178 1478/2298/8179 3065/2291/8180
f 2097/315/8181 48/135/8182 2006/134/8183 1478/2298/8184
f 47/133/8185 3068/2296/8186 1478/2298/8187 2006/134/8188
f 3068/2296/8189 606/2292/8190 3065/2291/8191 1478/2298/8192
f 482/1697/8193 2888/2299/8194 1479/2300/8195 2797/1698/8196
f 2888/2299/8197 549/2301/8198 3069/2302/8199 1479/2300/8200
f 607/2303/8201 3070/2304/8202 1479/2300/8203 3069/2302/8204
f 3070/2304/8205 512/1701/8206 2797/1698/8207 1479/2300/8208
f 512/1701/8209 3070/2304/8210 1480/2305/8211 2804/1715/8212
f 3070/2304/8213 607/2303/8214 3071/2306/8215 1480/2305/8216
f 511/1693/8217 2796/1696/8218 1480/2305/8219 3071/2306/8220
f 2796/1696/8221 493/1596/8222 2804/1715/8223 1480/2305/8224
f 607/2303/8225 3072/2307/8226 1481/2308/8227 3071/2306/8228
f 3072/2307/8229 546/1883/8230 2885/1888/8231 1481/2308/8232
f 8/20/8233 2795/1694/8234 1481/2308/8235 2885/1888/8236
f 2795/1694/8237 511/1693/8238 3071/2306/8239 1481/2308/8240
f 549/2301/8241 2891/2309/8242 1482/2310/8243 3069/2302/8244
f 2891/2309/8245 547/1885/8246 2882/1884/8247 1482/2310/8248
f 546/1883/8249 3072/2307/8250 1482/2310/8251 2882/1884/8252
f 3072/2307/8253 607/2303/8254 3069/2302/8255 1482/2310/8256
f 363/1114/8257 2496/1117/8258 1483/2311/8259 2673/1460/8260
f 2496/1117/8261 366/1122/8262 3073/2312/8263 1483/2311/8264
f 608/2313/8265 3074/2314/8266 1483/2311/8267 3073/2312/8268
f 3074/2314/8269 459/1463/8270 2673/1460/8271 1483/2311/8272
f 459/1463/8273 3074/2314/8274 1484/2315/8275 2682/1476/8276
f 3074/2314/8277 608/2313/8278 3075/2316/8279 1484/2315/8280
f 505/1657/8281 2778/1660/8282 1484/2315/8283 3075/2316/8284
f 2778/1660/8285 169/500/8286 2682/1476/8287 1484/2315/8288
f 608/2313/8289 3076/2317/8290 1485/2318/8291 3075/2316/8292
f 3076/2317/8293 466/1489/8294 2691/1493/8295 1485/2318/8296
f 162/480/8297 2777/1658/8298 1485/2318/8299 2691/1493/8300
f 2777/1658/8301 505/1657/8302 3075/2316/8303 1485/2318/8304
f 366/1122/8305 2499/1124/8306 1486/2319/8307 3073/2312/8308
f 2499/1124/8309 368/1128/8310 2688/1490/8311 1486/2319/8312
f 466/1489/8313 3076/2317/8314 1486/2319/8315 2688/1490/8316
f 3076/2317/8317 608/2313/8318 3073/2312/8319 1486/2319/8320
f 425/1320/8321 2600/1323/8322 1487/2320/8323 2709/1526/8324
f 2600/1323/8325 428/1328/8326 3077/2321/8327 1487/2320/8328
f 609/2322/8329 3078/2323/8330 1487/2320/8331 3077/2321/8332
f 3078/2323/8333 473/1528/8334 2709/1526/8335 1487/2320/8336
f 473/1528/8337 3078/2323/8338 1488/2324/8339 2715/1538/8340
f 3078/2323/8341 609/2322/8342 3079/2325/8343 1488/2324/8344
f 502/1641/8345 2770/1645/8346 1488/2324/8347 3079/2325/8348
f 2770/1645/8349 476/1540/8350 2715/1538/8351 1488/2324/8352
f 609/2322/8353 3080/2326/8354 1489/2327/8355 3079/2325/8356
f 3080/2326/8357 462/1471/8358 2681/1475/8359 1489/2327/8360
f 171/505/8361 2768/1642/8362 1489/2327/8363 2681/1475/8364
f 2768/1642/8365 502/1641/8366 3079/2325/8367 1489/2327/8368
f 428/1328/8369 2603/1330/8370 1490/2328/8371 3077/2321/8372
f 2603/1330/8373 430/1334/8374 2678/1472/8375 1490/2328/8376
f 462/1471/8377 3080/2326/8378 1490/2328/8379 2678/1472/8380
f 3080/2326/8381 609/2322/8382 3077/2321/8383 1490/2328/8384
f 910/595/8385 3081/2329/8386 1491/2330/8387 2233/596/8388
f 3081/2329/8389 610/2331/8390 3082/2332/8391 1491/2330/8392
f 611/2333/8393 3083/2334/8394 1491/2330/8395 3082/2332/8396
f 3083/2334/8397 208/599/8398 2233/596/8399 1491/2330/8400
f 610/2331/8401 3084/2335/8402 1492/2336/8403 3082/2332/8404
f 3084/2335/8405 193/564/8406 2218/563/8407 1492/2336/8408
f 195/562/8409 3085/2337/8410 1492/2336/8411 2218/563/8412
f 3085/2337/8413 611/2333/8414 3082/2332/8415 1492/2336/8416
f 907/580/8417 3086/2338/8418 1493/2339/8419 2226/581/8420
f 3086/2338/8421 918/2340/8422 3087/2341/8423 1493/2339/8424
f 613/2342/8425 3088/2343/8426 1493/2339/8427 3087/2341/8428
f 3088/2343/8429 202/584/8430 2226/581/8431 1493/2339/8432
f 918/2340/8433 3089/2344/8434 1494/2345/8435 3087/2341/8436
f 3089/2344/8437 205/594/8438 2232/593/8439 1494/2345/8440
f 207/592/8441 3090/2346/8442 1494/2345/8443 2232/593/8444
f 3090/2346/8445 613/2342/8446 3087/2341/8447 1494/2345/8448
f 208/599/8449 3083/2334/8450 1495/2347/8451 2285/701/8452
f 3083/2334/8453 611/2333/8454 3091/2348/8455 1495/2347/8456
f 614/2349/8457 3092/2350/8458 1495/2347/8459 3091/2348/8460
f 3092/2350/8461 239/703/8462 2285/701/8463 1495/2347/8464
f 239/703/8465 3092/2350/8466 1496/2351/8467 2293/717/8468
f 3092/2350/8469 614/2349/8470 3093/2352/8471 1496/2351/8472
f 344/1048/8473 2462/1053/8474 1496/2351/8475 3093/2352/8476
f 2462/1053/8477 244/719/8478 2293/717/8479 1496/2351/8480
f 614/2349/8481 3094/2353/8482 1497/2354/8483 3093/2352/8484
f 3094/2353/8485 229/669/8486 2272/676/8487 1497/2354/8488
f 231/675/8489 2459/1049/8490 1497/2354/8491 2272/676/8492
f 2459/1049/8493 344/1048/8494 3093/2352/8495 1497/2354/8496
f 611/2333/8497 3085/2337/8498 1498/2355/8499 3091/2348/8500
f 3085/2337/8501 195/562/8502 2269/670/8503 1498/2355/8504
f 229/669/8505 3094/2353/8506 1498/2355/8507 2269/670/8508
f 3094/2353/8509 614/2349/8510 3091/2348/8511 1498/2355/8512
f 202/584/8513 3088/2343/8514 1499/2356/8515 2275/681/8516
f 3088/2343/8517 613/2342/8518 3095/2357/8519 1499/2356/8520
f 615/2358/8521 3096/2359/8522 1499/2356/8523 3095/2357/8524
f 3096/2359/8525 233/683/8526 2275/681/8527 1499/2356/8528
f 233/683/8529 3096/2359/8530 1500/2360/8531 2283/697/8532
f 3096/2359/8533 615/2358/8534 3097/2361/8535 1500/2360/8536
f 406/1254/8537 2566/1259/8538 1500/2360/8539 3097/2361/8540
f 2566/1259/8541 238/699/8542 2283/697/8543 1500/2360/8544
f 615/2358/8545 3098/2362/8546 1501/2363/8547 3097/2361/8548
f 3098/2362/8549 241/709/8550 2292/716/8551 1501/2363/8552
f 243/715/8553 2563/1255/8554 1501/2363/8555 2292/716/8556
f 2563/1255/8557 406/1254/8558 3097/2361/8559 1501/2363/8560
f 613/2342/8561 3090/2346/8562 1502/2364/8563 3095/2357/8564
f 3090/2346/8565 207/592/8566 2289/710/8567 1502/2364/8568
f 241/709/8569 3098/2362/8570 1502/2364/8571 2289/710/8572
f 3098/2362/8573 615/2358/8574 3095/2357/8575 1502/2364/8576
f 276/824/8577 3099/2365/8578 1503/2366/8579 2347/825/8580
f 3099/2365/8581 616/2367/8582 3100/2368/8583 1503/2366/8584
f 617/2369/8585 3101/2370/8586 1503/2366/8587 3100/2368/8588
f 3101/2370/8589 277/828/8590 2347/825/8591 1503/2366/8592
f 277/828/8593 3101/2370/8594 1504/2371/8595 2357/844/8596
f 3101/2370/8597 617/2369/8598 3102/2372/8599 1504/2371/8600
f 230/673/8601 2274/680/8602 1504/2371/8603 3102/2372/8604
f 2274/680/8605 232/679/8606 2357/844/8607 1504/2371/8608
f 617/2369/8609 3103/2373/8610 1505/2374/8611 3102/2372/8612
f 3103/2373/8613 342/1043/8614 2460/1050/8615 1505/2374/8616
f 231/675/8617 2271/674/8618 1505/2374/8619 2460/1050/8620
f 2271/674/8621 230/673/8622 3102/2372/8623 1505/2374/8624
f 616/2367/8625 3104/2375/8626 1506/2376/8627 3100/2368/8628
f 3104/2375/8629 343/1045/8630 2456/1044/8631 1506/2376/8632
f 342/1043/8633 3103/2373/8634 1506/2376/8635 2456/1044/8636
f 3103/2373/8637 617/2369/8638 3100/2368/8639 1506/2376/8640
f 283/847/8641 3105/2377/8642 1507/2378/8643 2359/848/8644
f 3105/2377/8645 618/2379/8646 3106/2380/8647 1507/2378/8648
f 619/2381/8649 3107/2382/8650 1507/2378/8651 3106/2380/8652
f 3107/2382/8653 284/851/8654 2359/848/8655 1507/2378/8656
f 284/851/8657 3107/2382/8658 1508/2383/8659 2368/865/8660
f 3107/2382/8661 619/2381/8662 3108/2384/8663 1508/2383/8664
f 616/2367/8665 3099/2365/8666 1508/2383/8667 3108/2384/8668
f 3099/2365/8669 276/824/8670 2368/865/8671 1508/2383/8672
f 619/2381/8673 3109/2385/8674 1509/2386/8675 3108/2384/8676
f 3109/2385/8677 349/1066/8678 2471/1071/8679 1509/2386/8680
f 343/1045/8681 3104/2375/8682 1509/2386/8683 2471/1071/8684
f 3104/2375/8685 616/2367/8686 3108/2384/8687 1509/2386/8688
f 618/2379/8689 3110/2387/8690 1510/2388/8691 3106/2380/8692
f 3110/2387/8693 350/1068/8694 2468/1067/8695 1510/2388/8696
f 349/1066/8697 3109/2385/8698 1510/2388/8699 2468/1067/8700
f 3109/2385/8701 619/2381/8702 3106/2380/8703 1510/2388/8704
f 289/867/8705 3111/2389/8706 1511/2390/8707 2369/868/8708
f 3111/2389/8709 620/2391/8710 3112/2392/8711 1511/2390/8712
f 621/2393/8713 3113/2394/8714 1511/2390/8715 3112/2392/8716
f 3113/2394/8717 290/871/8718 2369/868/8719 1511/2390/8720
f 290/871/8721 3113/2394/8722 1512/2395/8723 2378/885/8724
f 3113/2394/8725 621/2393/8726 3114/2396/8727 1512/2395/8728
f 618/2379/8729 3105/2377/8730 1512/2395/8731 3114/2396/8732
f 3105/2377/8733 283/847/8734 2378/885/8735 1512/2395/8736
f 621/2393/8737 3115/2397/8738 1513/2398/8739 3114/2396/8740
f 3115/2397/8741 355/1086/8742 2481/1091/8743 1513/2398/8744
f 350/1068/8745 3110/2387/8746 1513/2398/8747 2481/1091/8748
f 3110/2387/8749 618/2379/8750 3114/2396/8751 1513/2398/8752
f 620/2391/8753 3116/2399/8754 1514/2400/8755 3112/2392/8756
f 3116/2399/8757 356/1088/8758 2478/1087/8759 1514/2400/8760
f 355/1086/8761 3115/2397/8762 1514/2400/8763 2478/1087/8764
f 3115/2397/8765 621/2393/8766 3112/2392/8767 1514/2400/8768
f 295/887/8769 3117/2401/8770 1515/2402/8771 2379/888/8772
f 3117/2401/8773 622/2403/8774 3118/2404/8775 1515/2402/8776
f 623/2405/8777 3119/2406/8778 1515/2402/8779 3118/2404/8780
f 3119/2406/8781 296/891/8782 2379/888/8783 1515/2402/8784
f 296/891/8785 3119/2406/8786 1516/2407/8787 2388/905/8788
f 3119/2406/8789 623/2405/8790 3120/2408/8791 1516/2407/8792
f 620/2391/8793 3111/2389/8794 1516/2407/8795 3120/2408/8796
f 3111/2389/8797 289/867/8798 2388/905/8799 1516/2407/8800
f 623/2405/8801 3121/2409/8802 1517/2410/8803 3120/2408/8804
f 3121/2409/8805 361/1106/8806 2491/1111/8807 1517/2410/8808
f 356/1088/8809 3116/2399/8810 1517/2410/8811 2491/1111/8812
f 3116/2399/8813 620/2391/8814 3120/2408/8815 1517/2410/8816
f 622/2403/8817 3122/2411/8818 1518/2412/8819 3118/2404/8820
f 3122/2411/8821 362/1108/8822 2488/1107/8823 1518/2412/8824
f 361/1106/8825 3121/2409/8826 1518/2412/8827 2488/1107/8828
f 3121/2409/8829 623/2405/8830 3118/2404/8831 1518/2412/8832
f 301/907/8833 2686/1480/8834 1519/2413/8835 2389/908/8836
f 2686/1480/8837 465/1485/8838 3123/2414/8839 1519/2413/8840
f 624/2415/8841 3124/2416/8842 1519/2413/8843 3123/2414/8844
f 3124/2416/8845 302/911/8846 2389/908/8847 1519/2413/8848
f 302/911/8849 3124/2416/8850 1520/2417/8851 2398/925/8852
f 3124/2416/8853 624/2415/8854 3125/2418/8855 1520/2417/8856
f 622/2403/8857 3117/2401/8858 1520/2417/8859 3125/2418/8860
f 3117/2401/8861 295/887/8862 2398/925/8863 1520/2417/8864
f 624/2415/8865 3126/2419/8866 1521/2420/8867 3125/2418/8868
f 3126/2419/8869 367/1126/8870 2501/1131/8871 1521/2420/8872
f 362/1108/8873 3122/2411/8874 1521/2420/8875 2501/1131/8876
f 3122/2411/8877 622/2403/8878 3125/2418/8879 1521/2420/8880
f 465/1485/8881 2689/1487/8882 1522/2421/8883 3123/2414/8884
f 2689/1487/8885 368/1128/8886 2498/1127/8887 1522/2421/8888
f 367/1126/8889 3126/2419/8890 1522/2421/8891 2498/1127/8892
f 3126/2419/8893 624/2415/8894 3123/2414/8895 1522/2421/8896
f 338/1031/8897 3127/2422/8898 1523/2423/8899 2451/1032/8900
f 3127/2422/8901 625/2424/8902 3128/2425/8903 1523/2423/8904
f 626/2426/8905 3129/2427/8906 1523/2423/8907 3128/2425/8908
f 3129/2427/8909 339/1035/8910 2451/1032/8911 1523/2423/8912
f 339/1035/8913 3129/2427/8914 1524/2428/8915 2461/1051/8916
f 3129/2427/8917 626/2426/8918 3130/2429/8919 1524/2428/8920
f 242/713/8921 2294/720/8922 1524/2428/8923 3130/2429/8924
f 2294/720/8925 244/719/8926 2461/1051/8927 1524/2428/8928
f 626/2426/8929 3131/2430/8930 1525/2431/8931 3130/2429/8932
f 3131/2430/8933 404/1249/8934 2564/1256/8935 1525/2431/8936
f 243/715/8937 2291/714/8938 1525/2431/8939 2564/1256/8940
f 2291/714/8941 242/713/8942 3130/2429/8943 1525/2431/8944
f 625/2424/8945 3132/2432/8946 1526/2433/8947 3128/2425/8948
f 3132/2432/8949 405/1251/8950 2560/1250/8951 1526/2433/8952
f 404/1249/8953 3131/2430/8954 1526/2433/8955 2560/1250/8956
f 3131/2430/8957 626/2426/8958 3128/2425/8959 1526/2433/8960
f 345/1054/8961 3133/2434/8962 1527/2435/8963 2463/1055/8964
f 3133/2434/8965 627/2436/8966 3134/2437/8967 1527/2435/8968
f 628/2438/8969 3135/2439/8970 1527/2435/8971 3134/2437/8972
f 3135/2439/8973 346/1058/8974 2463/1055/8975 1527/2435/8976
f 346/1058/8977 3135/2439/8978 1528/2440/8979 2472/1072/8980
f 3135/2439/8981 628/2438/8982 3136/2441/8983 1528/2440/8984
f 625/2424/8985 3127/2422/8986 1528/2440/8987 3136/2441/8988
f 3127/2422/8989 338/1031/8990 2472/1072/8991 1528/2440/8992
f 628/2438/8993 3137/2442/8994 1529/2443/8995 3136/2441/8996
f 3137/2442/8997 411/1272/8998 2575/1277/8999 1529/2443/9000
f 405/1251/9001 3132/2432/9002 1529/2443/9003 2575/1277/9004
f 3132/2432/9005 625/2424/9006 3136/2441/9007 1529/2443/9008
f 627/2436/9009 3138/2444/9010 1530/2445/9011 3134/2437/9012
f 3138/2444/9013 412/1274/9014 2572/1273/9015 1530/2445/9016
f 411/1272/9017 3137/2442/9018 1530/2445/9019 2572/1273/9020
f 3137/2442/9021 628/2438/9022 3134/2437/9023 1530/2445/9024
f 351/1074/9025 3139/2446/9026 1531/2447/9027 2473/1075/9028
f 3139/2446/9029 629/2448/9030 3140/2449/9031 1531/2447/9032
f 630/2450/9033 3141/2451/9034 1531/2447/9035 3140/2449/9036
f 3141/2451/9037 352/1078/9038 2473/1075/9039 1531/2447/9040
f 352/1078/9041 3141/2451/9042 1532/2452/9043 2482/1092/9044
f 3141/2451/9045 630/2450/9046 3142/2453/9047 1532/2452/9048
f 627/2436/9049 3133/2434/9050 1532/2452/9051 3142/2453/9052
f 3133/2434/9053 345/1054/9054 2482/1092/9055 1532/2452/9056
f 630/2450/9057 3143/2454/9058 1533/2455/9059 3142/2453/9060
f 3143/2454/9061 417/1292/9062 2585/1297/9063 1533/2455/9064
f 412/1274/9065 3138/2444/9066 1533/2455/9067 2585/1297/9068
f 3138/2444/9069 627/2436/9070 3142/2453/9071 1533/2455/9072
f 629/2448/9073 3144/2456/9074 1534/2457/9075 3140/2449/9076
f 3144/2456/9077 418/1294/9078 2582/1293/9079 1534/2457/9080
f 417/1292/9081 3143/2454/9082 1534/2457/9083 2582/1293/9084
f 3143/2454/9085 630/2450/9086 3140/2449/9087 1534/2457/9088
f 357/1094/9089 3145/2458/9090 1535/2459/9091 2483/1095/9092
f 3145/2458/9093 631/2460/9094 3146/2461/9095 1535/2459/9096
f 632/2462/9097 3147/2463/9098 1535/2459/9099 3146/2461/9100
f 3147/2463/9101 358/1098/9102 2483/1095/9103 1535/2459/9104
f 358/1098/9105 3147/2463/9106 1536/2464/9107 2492/1112/9108
f 3147/2463/9109 632/2462/9110 3148/2465/9111 1536/2464/9112
f 629/2448/9113 3139/2446/9114 1536/2464/9115 3148/2465/9116
f 3139/2446/9117 351/1074/9118 2492/1112/9119 1536/2464/9120
f 632/2462/9121 3149/2466/9122 1537/2467/9123 3148/2465/9124
f 3149/2466/9125 423/1312/9126 2595/1317/9127 1537/2467/9128
f 418/1294/9129 3144/2456/9130 1537/2467/9131 2595/1317/9132
f 3144/2456/9133 629/2448/9134 3148/2465/9135 1537/2467/9136
f 631/2460/9137 3150/2468/9138 1538/2469/9139 3146/2461/9140
f 3150/2468/9141 424/1314/9142 2592/1313/9143 1538/2469/9144
f 423/1312/9145 3149/2466/9146 1538/2469/9147 2592/1313/9148
f 3149/2466/9149 632/2462/9150 3146/2461/9151 1538/2469/9152
f 363/1114/9153 2676/1462/9154 1539/2470/9155 2493/1115/9156
f 2676/1462/9157 461/1467/9158 3151/2471/9159 1539/2470/9160
f 633/2472/9161 3152/2473/9162 1539/2470/9163 3151/2471/9164
f 3152/2473/9165 364/1118/9166 2493/1115/9167 1539/2470/9168
f 364/1118/9169 3152/2473/9170 1540/2474/9171 2502/1132/9172
f 3152/2473/9173 633/2472/9174 3153/2475/9175 1540/2474/9176
f 631/2460/9177 3145/2458/9178 1540/2474/9179 3153/2475/9180
f 3145/2458/9181 357/1094/9182 2502/1132/9183 1540/2474/9184
f 633/2472/9185 3154/2476/9186 1541/2477/9187 3153/2475/9188
f 3154/2476/9189 429/1332/9190 2605/1337/9191 1541/2477/9192
f 424/1314/9193 3150/2468/9194 1541/2477/9195 2605/1337/9196
f 3150/2468/9197 631/2460/9198 3153/2475/9199 1541/2477/9200
f 461/1467/9201 2679/1469/9202 1542/2478/9203 3151/2471/9204
f 2679/1469/9205 430/1334/9206 2602/1333/9207 1542/2478/9208
f 429/1332/9209 3154/2476/9210 1542/2478/9211 2602/1333/9212
f 3154/2476/9213 633/2472/9214 3151/2471/9215 1542/2478/9216
f 634/2479/9217 3155/2480/9218 1543/2481/9219 3158/2482/9220
f 3155/2480/9221 635/2483/9222 3156/2484/9223 1543/2481/9224
f 636/2485/9225 3157/2486/9226 1543/2481/9227 3156/2484/9228
f 3157/2486/9229 637/2487/9230 3158/2482/9231 1543/2481/9232
f 637/2487/9233 3157/2486/9234 1544/2488/9235 3161/2489/9236
f 3157/2486/9237 636/2485/9238 3159/2490/9239 1544/2488/9240
f 638/2491/9241 3160/2492/9242 1544/2488/9243 3159/2490/9244
f 3160/2492/9245 639/2493/9246 3161/2489/9247 1544/2488/9248
f 636/2485/9249 3162/2494/9250 1545/2495/9251 3159/2490/9252
f 3162/2494/9253 640/2496/9254 3163/2497/9255 1545/2495/9256
f 641/2498/9257 3164/2499/9258 1545/2495/9259 3163/2497/9260
f 3164/2499/9261 638/2491/9262 3159/2490/9263 1545/2495/9264
f 635/2483/9265 3165/2500/9266 1546/2501/9267 3156/2484/9268
f 3165/2500/9269 642/2502/9270 3166/2503/9271 1546/2501/9272
f 640/2496/9273 3162/2494/9274 1546/2501/9275 3166/2503/9276
f 3162/2494/9277 636/2485/9278 3156/2484/9279 1546/2501/9280
f 643/2504/9281 3167/2505/9282 1547/2506/9283 3170/2507/9284
f 3167/2505/9285 644/2508/9286 3168/2509/9287 1547/2506/9288
f 645/2510/9289 3169/2511/9290 1547/2506/9291 3168/2509/9292
f 3169/2511/9293 646/2512/9294 3170/2507/9295 1547/2506/9296
f 646/2512/9297 3169/2511/9298 1548/2513/9299 3173/2514/9300
f 3169/2511/9301 645/2510/9302 3171/2515/9303 1548/2513/9304
f 647/2516/9305 3172/2517/9306 1548/2513/9307 3171/2515/9308
f 3172/2517/9309 648/2518/9310 3173/2514/9311 1548/2513/9312
f 645/2510/9313 3174/2519/9314 1549/2520/9315 3171/2515/9316
f 3174/2519/9317 649/2521/9318 3175/2522/9319 1549/2520/9320
f 650/2523/9321 3176/2524/9322 1549/2520/9323 3175/2522/9324
f 3176/2524/9325 647/2516/9326 3171/2515/9327 1549/2520/9328
f 644/2508/9329 3177/2525/9330 1550/2526/9331 3168/2509/9332
f 3177/2525/9333 651/2527/9334 3178/2528/9335 1550/2526/9336
f 649/2521/9337 3174/2519/9338 1550/2526/9339 3178/2528/9340
f 3174/2519/9341 645/2510/9342 3168/2509/9343 1550/2526/9344
f 652/2529/9345 3179/2530/9346 1551/2531/9347 3182/2532/9348
f 3179/2530/9349 653/2533/9350 3180/2534/9351 1551/2531/9352
f 654/2535/9353 3181/2536/9354 1551/2531/9355 3180/2534/9356
f 3181/2536/9357 655/2537/9358 3182/2532/9359 1551/2531/9360
f 655/2537/9361 3181/2536/9362 1552/2538/9363 3185/2539/9364
f 3181/2536/9365 654/2535/9366 3183/2540/9367 1552/2538/9368
f 656/2541/9369 3184/2542/9370 1552/2538/9371 3183/2540/9372
f 3184/2542/9373 657/2543/9374 3185/2539/9375 1552/2538/9376
f 654/2535/9377 3186/2544/9378 1553/2545/9379 3183/2540/9380
f 3186/2544/9381 658/2546/9382 3187/2547/9383 1553/2545/9384
f 659/2548/9385 3188/2549/9386 1553/2545/9387 3187/2547/9388
f 3188/2549/9389 656/2541/9390 3183/2540/9391 1553/2545/9392
f 653/2533/9393 3189/2550/9394 1554/2551/9395 3180/2534/9396
f 3189/2550/9397 660/2552/9398 3190/2553/9399 1554/2551/9400
f 658/2546/9401 3186/2544/9402 1554/2551/9403 3190/2553/9404
f 3186/2544/9405 654/2535/9406 3180/2534/9407 1554/2551/9408
f 661/2554/9409 3191/2555/9410 1555/2556/9411 3194/2557/9412
f 3191/2555/9413 662/2558/9414 3192/2559/9415 1555/2556/9416
f 663/2560/9417 3193/2561/9418 1555/2556/9419 3192/2559/9420
f 3193/2561/9421 664/2562/9422 3194/2557/9423 1555/2556/9424
f 664/2562/9425 3193/2561/9426 1556/2563/9427 3197/2564/9428
f 3193/2561/9429 663/2560/9430 3195/2565/9431 1556/2563/9432
f 665/2566/9433 3196/2567/9434 1556/2563/9435 3195/2565/9436
f 3196/2567/9437 666/2568/9438 3197/2564/9439 1556/2563/9440
f 663/2560/9441 3198/2569/9442 1557/2570/9443 3195/2565/9444
f 3198/2569/9445 667/2571/9446 3199/2572/9447 1557/2570/9448
f 668/2573/9449 3200/2574/9450 1557/2570/9451 3199/2572/9452
f 3200/2574/9453 665/2566/9454 3195/2565/9455 1557/2570/9456
f 662/2558/9457 3201/2575/9458 1558/2576/9459 3192/2559/9460
f 3201/2575/9461 669/2577/9462 3202/2578/9463 1558/2576/9464
f 667/2571/9465 3198/2569/9466 1558/2576/9467 3202/2578/9468
f 3198/2569/9469 663/2560/9470 3192/2559/9471 1558/2576/9472
f 19/51/9473 3203/2579/9474 1559/2580/9475 1967/52/9476
f 3203/2579/9477 670/2581/9478 3204/2582/9479 1559/2580/9480
f 671/2583/9481 3205/2584/9482 1559/2580/9483 3204/2582/9484
f 3205/2584/9485 20/55/9486 1967/52/9487 1559/2580/9488
f 20/55/9489 3205/2584/9490 1560/2585/9491 1977/72/9492
f 3205/2584/9493 671/2583/9494 3206/2586/9495 1560/2585/9496
f 672/2587/9497 3207/2588/9498 1560/2585/9499 3206/2586/9500
f 3207/2588/9501 27/74/9502 1977/72/9503 1560/2585/9504
f 671/2583/9505 3208/2589/9506 1561/2590/9507 3206/2586/9508
f 3208/2589/9509 673/2591/9510 3209/2592/9511 1561/2590/9512
f 674/2593/9513 3210/2594/9514 1561/2590/9515 3209/2592/9516
f 3210/2594/9517 672/2587/9518 3206/2586/9519 1561/2590/9520
f 670/2581/9521 3211/2595/9522 1562/2596/9523 3204/2582/9524
f 3211/2595/9525 675/2597/9526 3212/2598/9527 1562/2596/9528
f 673/2591/9529 3208/2589/9530 1562/2596/9531 3212/2598/9532
f 3208/2589/9533 671/2583/9534 3204/2582/9535 1562/2596/9536
f 27/74/9537 3207/2588/9538 1563/2599/9539 2137/396/9540
f 3207/2588/9541 672/2587/9542 3213/2600/9543 1563/2599/9544
f 676/2601/9545 3214/2602/9546 1563/2599/9547 3213/2600/9548
f 3214/2602/9549 134/398/9550 2137/396/9551 1563/2599/9552
f 134/398/9553 3214/2602/9554 1564/2603/9555 2145/412/9556
f 3214/2602/9557 676/2601/9558 3215/2604/9559 1564/2603/9560
f 677/2605/9561 3216/2606/9562 1564/2603/9563 3215/2604/9564
f 3216/2606/9565 139/414/9566 2145/412/9567 1564/2603/9568
f 676/2601/9569 3217/2607/9570 1565/2608/9571 3215/2604/9572
f 3217/2607/9573 678/2609/9574 3218/2610/9575 1565/2608/9576
f 679/2611/9577 3219/2612/9578 1565/2608/9579 3218/2610/9580
f 3219/2612/9581 677/2605/9582 3215/2604/9583 1565/2608/9584
f 672/2587/9585 3210/2594/9586 1566/2613/9587 3213/2600/9588
f 3210/2594/9589 674/2593/9590 3220/2614/9591 1566/2613/9592
f 678/2609/9593 3217/2607/9594 1566/2613/9595 3220/2614/9596
f 3217/2607/9597 676/2601/9598 3213/2600/9599 1566/2613/9600
f 139/414/9601 3216/2606/9602 1567/2615/9603 2705/1518/9604
f 3216/2606/9605 677/2605/9606 3221/2616/9607 1567/2615/9608
f 680/2617/9609 3222/2618/9610 1567/2615/9611 3221/2616/9612
f 3222/2618/9613 471/1516/9614 2705/1518/9615 1567/2615/9616
f 471/1516/9617 3222/2618/9618 1568/2619/9619 2703/1512/9620
f 3222/2618/9621 680/2617/9622 3223/2620/9623 1568/2619/9624
f 681/2621/9625 3224/2622/9626 1568/2619/9627 3223/2620/9628
f 3224/2622/9629 10/26/9630 2703/1512/9631 1568/2619/9632
f 680/2617/9633 3225/2623/9634 1569/2624/9635 3223/2620/9636
f 3225/2623/9637 682/2625/9638 3226/2626/9639 1569/2624/9640
f 683/2627/9641 3227/2628/9642 1569/2624/9643 3226/2626/9644
f 3227/2628/9645 681/2621/9646 3223/2620/9647 1569/2624/9648
f 677/2605/9649 3219/2612/9650 1570/2629/9651 3221/2616/9652
f 3219/2612/9653 679/2611/9654 3228/2630/9655 1570/2629/9656
f 682/2625/9657 3225/2623/9658 1570/2629/9659 3228/2630/9660
f 3225/2623/9661 680/2617/9662 3221/2616/9663 1570/2629/9664
f 10/26/9665 3224/2622/9666 1571/2631/9667 3231/2632/9668
f 3224/2622/9669 681/2621/9670 3229/2633/9671 1571/2631/9672
f 684/2634/9673 3230/2635/9674 1571/2631/9675 3229/2633/9676
f 3230/2635/9677 685/2636/9678 3231/2632/9679 1571/2631/9680
f 685/2636/9681 3230/2635/9682 1572/2637/9683 3233/2638/9684
f 3230/2635/9685 684/2634/9686 3232/2639/9687 1572/2637/9688
f 670/2640/9689 3203/2641/9690 1572/2637/9691 3232/2639/9692
f 3203/2641/9693 19/2642/9694 3233/2638/9695 1572/2637/9696
f 684/2634/9697 3234/2643/9698 1573/2644/9699 3232/2639/9700
f 3234/2643/9701 686/2645/9702 3235/2646/9703 1573/2644/9704
f 675/2647/9705 3211/2648/9706 1573/2644/9707 3235/2646/9708
f 3211/2648/9709 670/2640/9710 3232/2639/9711 1573/2644/9712
f 681/2621/9713 3227/2628/9714 1574/2649/9715 3229/2633/9716
f 3227/2628/9717 683/2627/9718 3236/2650/9719 1574/2649/9720
f 686/2645/9721 3234/2643/9722 1574/2649/9723 3236/2650/9724
f 3234/2643/9725 684/2634/9726 3229/2633/9727 1574/2649/9728
f 70/196/9729 3237/2651/9730 1575/2652/9731 2037/197/9732
f 3237/2651/9733 687/2653/9734 3238/2654/9735 1575/2652/9736
f 688/2655/9737 3239/2656/9738 1575/2652/9739 3238/2654/9740
f 3239/2656/9741 71/200/9742 2037/197/9743 1575/2652/9744
f 71/200/9745 3239/2656/9746 1576/2657/9747 2045/212/9748
f 3239/2656/9749 688/2655/9750 3240/2658/9751 1576/2657/9752
f 689/2659/9753 3241/2660/9754 1576/2657/9755 3240/2658/9756
f 3241/2660/9757 75/214/9758 2045/212/9759 1576/2657/9760
f 688/2655/9761 3242/2661/9762 1577/2662/9763 3240/2658/9764
f 3242/2661/9765 690/2663/9766 3243/2664/9767 1577/2662/9768
f 691/2665/9769 3244/2666/9770 1577/2662/9771 3243/2664/9772
f 3244/2666/9773 689/2659/9774 3240/2658/9775 1577/2662/9776
f 687/2653/9777 3245/2667/9778 1578/2668/9779 3238/2654/9780
f 3245/2667/9781 692/2669/9782 3246/2670/9783 1578/2668/9784
f 690/2663/9785 3242/2661/9786 1578/2668/9787 3246/2670/9788
f 3242/2661/9789 688/2655/9790 3238/2654/9791 1578/2668/9792
f 75/2671/9793 3241/2672/9794 1579/2673/9795 3249/2674/9796
f 3241/2672/9797 689/2675/9798 3247/2676/9799 1579/2673/9800
f 693/2677/9801 3248/2678/9802 1579/2673/9803 3247/2676/9804
f 3248/2678/9805 694/2679/9806 3249/2674/9807 1579/2673/9808
f 694/2679/9809 3248/2678/9810 1580/2680/9811 3252/2681/9812
f 3248/2678/9813 693/2677/9814 3250/2682/9815 1580/2680/9816
f 695/2683/9817 3251/2684/9818 1580/2680/9819 3250/2682/9820
f 3251/2684/9821 84/239/9822 3252/2681/9823 1580/2680/9824
f 693/2677/9825 3253/2685/9826 1581/2686/9827 3250/2682/9828
f 3253/2685/9829 696/2687/9830 3254/2688/9831 1581/2686/9832
f 697/2689/9833 3255/2690/9834 1581/2686/9835 3254/2688/9836
f 3255/2690/9837 695/2683/9838 3250/2682/9839 1581/2686/9840
f 689/2675/9841 3244/2691/9842 1582/2692/9843 3247/2676/9844
f 3244/2691/9845 691/2693/9846 3256/2694/9847 1582/2692/9848
f 696/2687/9849 3253/2685/9850 1582/2692/9851 3256/2694/9852
f 3253/2685/9853 693/2677/9854 3247/2676/9855 1582/2692/9856
f 84/239/9857 3251/2684/9858 1583/2695/9859 2660/1435/9860
f 3251/2684/9861 695/2683/9862 3257/2696/9863 1583/2695/9864
f 698/2697/9865 3258/2698/9866 1583/2695/9867 3257/2696/9868
f 3258/2698/9869 453/1433/9870 2660/1435/9871 1583/2695/9872
f 453/1433/9873 3258/2698/9874 1584/2699/9875 2658/1428/9876
f 3258/2698/9877 698/2697/9878 3259/2700/9879 1584/2699/9880
f 699/2701/9881 3260/2702/9882 1584/2699/9883 3259/2700/9884
f 3260/2702/9885 144/430/9886 2658/1428/9887 1584/2699/9888
f 698/2697/9889 3261/2703/9890 1585/2704/9891 3259/2700/9892
f 3261/2703/9893 700/2705/9894 3262/2706/9895 1585/2704/9896
f 701/2707/9897 3263/2708/9898 1585/2704/9899 3262/2706/9900
f 3263/2708/9901 699/2701/9902 3259/2700/9903 1585/2704/9904
f 695/2683/9905 3255/2690/9906 1586/2709/9907 3257/2696/9908
f 3255/2690/9909 697/2689/9910 3264/2710/9911 1586/2709/9912
f 700/2705/9913 3261/2703/9914 1586/2709/9915 3264/2710/9916
f 3261/2703/9917 698/2697/9918 3257/2696/9919 1586/2709/9920
f 144/430/9921 3260/2702/9922 1587/2711/9923 2154/431/9924
f 3260/2702/9925 699/2701/9926 3265/2712/9927 1587/2711/9928
f 702/2713/9929 3266/2714/9930 1587/2711/9931 3265/2712/9932
f 3266/2714/9933 142/424/9934 2154/431/9935 1587/2711/9936
f 142/424/9937 3266/2714/9938 1588/2715/9939 2151/425/9940
f 3266/2714/9941 702/2713/9942 3267/2716/9943 1588/2715/9944
f 687/2653/9945 3237/2651/9946 1588/2715/9947 3267/2716/9948
f 3237/2651/9949 70/196/9950 2151/425/9951 1588/2715/9952
f 702/2713/9953 3268/2717/9954 1589/2718/9955 3267/2716/9956
f 3268/2717/9957 703/2719/9958 3269/2720/9959 1589/2718/9960
f 692/2669/9961 3245/2667/9962 1589/2718/9963 3269/2720/9964
f 3245/2667/9965 687/2653/9966 3267/2716/9967 1589/2718/9968
f 699/2701/9969 3263/2708/9970 1590/2721/9971 3265/2712/9972
f 3263/2708/9973 701/2707/9974 3270/2722/9975 1590/2721/9976
f 703/2719/9977 3268/2717/9978 1590/2721/9979 3270/2722/9980
f 3268/2717/9981 702/2713/9982 3265/2712/9983 1590/2721/9984
f 24/2723/9985 3271/2724/9986 1591/2725/9987 3274/2726/9988
f 3271/2724/9989 704/2727/9990 3272/2728/9991 1591/2725/9992
f 705/2729/9993 3273/2730/9994 1591/2725/9995 3272/2728/9996
f 3273/2730/9997 706/2731/9998 3274/2726/9999 1591/2725/10000
f 706/2731/10001 3273/2730/10002 1592/2732/10003 3277/2733/10004
f 3273/2730/10005 705/2729/10006 3275/2734/10007 1592/2732/10008
f 707/2735/10009 3276/2736/10010 1592/2732/10011 3275/2734/10012
f 3276/2736/10013 18/2737/10014 3277/2733/10015 1592/2732/10016
f 705/2729/10017 3278/2738/10018 1593/2739/10019 3275/2734/10020
f 3278/2738/10021 708/2740/10022 3279/2741/10023 1593/2739/10024
f 709/2742/10025 3280/2743/10026 1593/2739/10027 3279/2741/10028
f 3280/2743/10029 707/2735/10030 3275/2734/10031 1593/2739/10032
f 704/2727/10033 3281/2744/10034 1594/2745/10035 3272/2728/10036
f 3281/2744/10037 710/2746/10038 3282/2747/10039 1594/2745/10040
f 708/2740/10041 3278/2738/10042 1594/2745/10043 3282/2747/10044
f 3278/2738/10045 705/2729/10046 3272/2728/10047 1594/2745/10048
f 18/2737/10049 3276/2736/10050 1595/2748/10051 2669/2749/10052
f 3276/2736/10053 707/2735/10054 3283/2750/10055 1595/2748/10056
f 711/2751/10057 3284/2752/10058 1595/2748/10059 3283/2750/10060
f 3284/2752/10061 457/2753/10062 2669/2749/10063 1595/2748/10064
f 457/2753/10065 3284/2752/10066 1596/2754/10067 2667/2755/10068
f 3284/2752/10069 711/2751/10070 3285/2756/10071 1596/2754/10072
f 712/2757/10073 3286/2758/10074 1596/2754/10075 3285/2756/10076
f 3286/2758/10077 76/2759/10078 2667/2755/10079 1596/2754/10080
f 711/2751/10081 3287/2760/10082 1597/2761/10083 3285/2756/10084
f 3287/2760/10085 713/2762/10086 3288/2763/10087 1597/2761/10088
f 714/2764/10089 3289/2765/10090 1597/2761/10091 3288/2763/10092
f 3289/2765/10093 712/2757/10094 3285/2756/10095 1597/2761/10096
f 707/2735/10097 3280/2743/10098 1598/2766/10099 3283/2750/10100
f 3280/2743/10101 709/2742/10102 3290/2767/10103 1598/2766/10104
f 713/2762/10105 3287/2760/10106 1598/2766/10107 3290/2767/10108
f 3287/2760/10109 711/2751/10110 3283/2750/10111 1598/2766/10112
f 76/2759/10113 3286/2758/10114 1599/2768/10115 3293/2769/10116
f 3286/2758/10117 712/2757/10118 3291/2770/10119 1599/2768/10120
f 715/2771/10121 3292/2772/10122 1599/2768/10123 3291/2770/10124
f 3292/2772/10125 716/2773/10126 3293/2769/10127 1599/2768/10128
f 716/2773/10129 3292/2772/10130 1600/2774/10131 3296/2775/10132
f 3292/2772/10133 715/2771/10134 3294/2776/10135 1600/2774/10136
f 717/2777/10137 3295/2778/10138 1600/2774/10139 3294/2776/10140
f 3295/2778/10141 534/2779/10142 3296/2775/10143 1600/2774/10144
f 715/2771/10145 3297/2780/10146 1601/2781/10147 3294/2776/10148
f 3297/2780/10149 718/2782/10150 3298/2783/10151 1601/2781/10152
f 719/2784/10153 3299/2785/10154 1601/2781/10155 3298/2783/10156
f 3299/2785/10157 717/2777/10158 3294/2776/10159 1601/2781/10160
f 712/2757/10161 3289/2765/10162 1602/2786/10163 3291/2770/10164
f 3289/2765/10165 714/2764/10166 3300/2787/10167 1602/2786/10168
f 718/2782/10169 3297/2780/10170 1602/2786/10171 3300/2787/10172
f 3297/2780/10173 715/2771/10174 3291/2770/10175 1602/2786/10176
f 534/2779/10177 3295/2778/10178 1603/2788/10179 2969/2789/10180
f 3295/2778/10181 717/2777/10182 3301/2790/10183 1603/2788/10184
f 720/2791/10185 3302/2792/10186 1603/2788/10187 3301/2790/10188
f 3302/2792/10189 576/2793/10190 2969/2789/10191 1603/2788/10192
f 576/2793/10193 3302/2792/10194 1604/2794/10195 2974/2795/10196
f 3302/2792/10197 720/2791/10198 3303/2796/10199 1604/2794/10200
f 704/2797/10201 3271/2798/10202 1604/2794/10203 3303/2796/10204
f 3271/2798/10205 24/2799/10206 2974/2795/10207 1604/2794/10208
f 720/2791/10209 3304/2800/10210 1605/2801/10211 3303/2796/10212
f 3304/2800/10213 721/2802/10214 3305/2803/10215 1605/2801/10216
f 710/2804/10217 3281/2805/10218 1605/2801/10219 3305/2803/10220
f 3281/2805/10221 704/2797/10222 3303/2796/10223 1605/2801/10224
f 717/2777/10225 3299/2785/10226 1606/2806/10227 3301/2790/10228
f 3299/2785/10229 719/2784/10230 3306/2807/10231 1606/2806/10232
f 721/2802/10233 3304/2800/10234 1606/2806/10235 3306/2807/10236
f 3304/2800/10237 720/2791/10238 3301/2790/10239 1606/2806/10240
f 675/2597/10241 3307/2808/10242 1607/2809/10243 3212/2598/10244
f 3307/2808/10245 722/2810/10246 3308/2811/10247 1607/2809/10248
f 723/2812/10249 3309/2813/10250 1607/2809/10251 3308/2811/10252
f 3309/2813/10253 673/2591/10254 3212/2598/10255 1607/2809/10256
f 673/2591/10257 3309/2813/10258 1608/2814/10259 3209/2592/10260
f 3309/2813/10261 723/2812/10262 3310/2815/10263 1608/2814/10264
f 724/2816/10265 3311/2817/10266 1608/2814/10267 3310/2815/10268
f 3311/2817/10269 674/2593/10270 3209/2592/10271 1608/2814/10272
f 723/2812/10273 3312/2818/10274 1609/2819/10275 3310/2815/10276
f 3312/2818/10277 725/2820/10278 3313/2821/10279 1609/2819/10280
f 726/2822/10281 3314/2823/10282 1609/2819/10283 3313/2821/10284
f 3314/2823/10285 724/2816/10286 3310/2815/10287 1609/2819/10288
f 722/2810/10289 3315/2824/10290 1610/2825/10291 3308/2811/10292
f 3315/2824/10293 727/2826/10294 3316/2827/10295 1610/2825/10296
f 725/2820/10297 3312/2818/10298 1610/2825/10299 3316/2827/10300
f 3312/2818/10301 723/2812/10302 3308/2811/10303 1610/2825/10304
f 674/2593/10305 3311/2817/10306 1611/2828/10307 3220/2614/10308
f 3311/2817/10309 724/2816/10310 3317/2829/10311 1611/2828/10312
f 728/2830/10313 3318/2831/10314 1611/2828/10315 3317/2829/10316
f 3318/2831/10317 678/2609/10318 3220/2614/10319 1611/2828/10320
f 678/2609/10321 3318/2831/10322 1612/2832/10323 3218/2610/10324
f 3318/2831/10325 728/2830/10326 3319/2833/10327 1612/2832/10328
f 729/2834/10329 3320/2835/10330 1612/2832/10331 3319/2833/10332
f 3320/2835/10333 679/2611/10334 3218/2610/10335 1612/2832/10336
f 728/2830/10337 3321/2836/10338 1613/2837/10339 3319/2833/10340
f 3321/2836/10341 730/2838/10342 3322/2839/10343 1613/2837/10344
f 731/2840/10345 3323/2841/10346 1613/2837/10347 3322/2839/10348
f 3323/2841/10349 729/2834/10350 3319/2833/10351 1613/2837/10352
f 724/2816/10353 3314/2823/10354 1614/2842/10355 3317/2829/10356
f 3314/2823/10357 726/2822/10358 3324/2843/10359 1614/2842/10360
f 730/2838/10361 3321/2836/10362 1614/2842/10363 3324/2843/10364
f 3321/2836/10365 728/2830/10366 3317/2829/10367 1614/2842/10368
f 679/2611/10369 3320/2835/10370 1615/2844/10371 3228/2630/10372
f 3320/2835/10373 729/2834/10374 3325/2845/10375 1615/2844/10376
f 732/2846/10377 3326/2847/10378 1615/2844/10379 3325/2845/10380
f 3326/2847/10381 682/2625/10382 3228/2630/10383 1615/2844/10384
f 682/2625/10385 3326/2847/10386 1616/2848/10387 3226/2626/10388
f 3326/2847/10389 732/2846/10390 3327/2849/10391 1616/2848/10392
f 733/2850/10393 3328/2851/10394 1616/2848/10395 3327/2849/10396
f 3328/2851/10397 683/2627/10398 3226/2626/10399 1616/2848/10400
f 732/2846/10401 3329/2852/10402 1617/2853/10403 3327/2849/10404
f 3329/2852/10405 734/2854/10406 3330/2855/10407 1617/2853/10408
f 735/2856/10409 3331/2857/10410 1617/2853/10411 3330/2855/10412
f 3331/2857/10413 733/2850/10414 3327/2849/10415 1617/2853/10416
f 729/2834/10417 3323/2841/10418 1618/2858/10419 3325/2845/10420
f 3323/2841/10421 731/2840/10422 3332/2859/10423 1618/2858/10424
f 734/2854/10425 3329/2852/10426 1618/2858/10427 3332/2859/10428
f 3329/2852/10429 732/2846/10430 3325/2845/10431 1618/2858/10432
f 683/2627/10433 3328/2851/10434 1619/2860/10435 3236/2650/10436
f 3328/2851/10437 733/2850/10438 3333/2861/10439 1619/2860/10440
f 736/2862/10441 3334/2863/10442 1619/2860/10443 3333/2861/10444
f 3334/2863/10445 686/2645/10446 3236/2650/10447 1619/2860/10448
f 686/2645/10449 3334/2863/10450 1620/2864/10451 3235/2646/10452
f 3334/2863/10453 736/2862/10454 3335/2865/10455 1620/2864/10456
f 722/2866/10457 3307/2867/10458 1620/2864/10459 3335/2865/10460
f 3307/2867/10461 675/2647/10462 3235/2646/10463 1620/2864/10464
f 736/2862/10465 3336/2868/10466 1621/2869/10467 3335/2865/10468
f 3336/2868/10469 737/2870/10470 3337/2871/10471 1621/2869/10472
f 727/2872/10473 3315/2873/10474 1621/2869/10475 3337/2871/10476
f 3315/2873/10477 722/2866/10478 3335/2865/10479 1621/2869/10480
f 733/2850/10481 3331/2857/10482 1622/2874/10483 3333/2861/10484
f 3331/2857/10485 735/2856/10486 3338/2875/10487 1622/2874/10488
f 737/2870/10489 3336/2868/10490 1622/2874/10491 3338/2875/10492
f 3336/2868/10493 736/2862/10494 3333/2861/10495 1622/2874/10496
f 692/2669/10497 3339/2876/10498 1623/2877/10499 3246/2670/10500
f 3339/2876/10501 738/2878/10502 3340/2879/10503 1623/2877/10504
f 739/2880/10505 3341/2881/10506 1623/2877/10507 3340/2879/10508
f 3341/2881/10509 690/2663/10510 3246/2670/10511 1623/2877/10512
f 690/2663/10513 3341/2881/10514 1624/2882/10515 3243/2664/10516
f 3341/2881/10517 739/2880/10518 3342/2883/10519 1624/2882/10520
f 740/2884/10521 3343/2885/10522 1624/2882/10523 3342/2883/10524
f 3343/2885/10525 691/2665/10526 3243/2664/10527 1624/2882/10528
f 739/2880/10529 3344/2886/10530 1625/2887/10531 3342/2883/10532
f 3344/2886/10533 741/2888/10534 3345/2889/10535 1625/2887/10536
f 742/2890/10537 3346/2891/10538 1625/2887/10539 3345/2889/10540
f 3346/2891/10541 740/2884/10542 3342/2883/10543 1625/2887/10544
f 738/2878/10545 3347/2892/10546 1626/2893/10547 3340/2879/10548
f 3347/2892/10549 743/2894/10550 3348/2895/10551 1626/2893/10552
f 741/2888/10553 3344/2886/10554 1626/2893/10555 3348/2895/10556
f 3344/2886/10557 739/2880/10558 3340/2879/10559 1626/2893/10560
f 691/2693/10561 3343/2896/10562 1627/2897/10563 3256/2694/10564
f 3343/2896/10565 740/2898/10566 3349/2899/10567 1627/2897/10568
f 744/2900/10569 3350/2901/10570 1627/2897/10571 3349/2899/10572
f 3350/2901/10573 696/2687/10574 3256/2694/10575 1627/2897/10576
f 696/2687/10577 3350/2901/10578 1628/2902/10579 3254/2688/10580
f 3350/2901/10581 744/2900/10582 3351/2903/10583 1628/2902/10584
f 745/2904/10585 3352/2905/10586 1628/2902/10587 3351/2903/10588
f 3352/2905/10589 697/2689/10590 3254/2688/10591 1628/2902/10592
f 744/2900/10593 3353/2906/10594 1629/2907/10595 3351/2903/10596
f 3353/2906/10597 746/2908/10598 3354/2909/10599 1629/2907/10600
f 747/2910/10601 3355/2911/10602 1629/2907/10603 3354/2909/10604
f 3355/2911/10605 745/2904/10606 3351/2903/10607 1629/2907/10608
f 740/2898/10609 3346/2912/10610 1630/2913/10611 3349/2899/10612
f 3346/2912/10613 742/2914/10614 3356/2915/10615 1630/2913/10616
f 746/2908/10617 3353/2906/10618 1630/2913/10619 3356/2915/10620
f 3353/2906/10621 744/2900/10622 3349/2899/10623 1630/2913/10624
f 697/2689/10625 3352/2905/10626 1631/2916/10627 3264/2710/10628
f 3352/2905/10629 745/2904/10630 3357/2917/10631 1631/2916/10632
f 748/2918/10633 3358/2919/10634 1631/2916/10635 3357/2917/10636
f 3358/2919/10637 700/2705/10638 3264/2710/10639 1631/2916/10640
f 700/2705/10641 3358/2919/10642 1632/2920/10643 3262/2706/10644
f 3358/2919/10645 748/2918/10646 3359/2921/10647 1632/2920/10648
f 749/2922/10649 3360/2923/10650 1632/2920/10651 3359/2921/10652
f 3360/2923/10653 701/2707/10654 3262/2706/10655 1632/2920/10656
f 748/2918/10657 3361/2924/10658 1633/2925/10659 3359/2921/10660
f 3361/2924/10661 750/2926/10662 3362/2927/10663 1633/2925/10664
f 751/2928/10665 3363/2929/10666 1633/2925/10667 3362/2927/10668
f 3363/2929/10669 749/2922/10670 3359/2921/10671 1633/2925/10672
f 745/2904/10673 3355/2911/10674 1634/2930/10675 3357/2917/10676
f 3355/2911/10677 747/2910/10678 3364/2931/10679 1634/2930/10680
f 750/2926/10681 3361/2924/10682 1634/2930/10683 3364/2931/10684
f 3361/2924/10685 748/2918/10686 3357/2917/10687 1634/2930/10688
f 701/2707/10689 3360/2923/10690 1635/2932/10691 3270/2722/10692
f 3360/2923/10693 749/2922/10694 3365/2933/10695 1635/2932/10696
f 752/2934/10697 3366/2935/10698 1635/2932/10699 3365/2933/10700
f 3366/2935/10701 703/2719/10702 3270/2722/10703 1635/2932/10704
f 703/2719/10705 3366/2935/10706 1636/2936/10707 3269/2720/10708
f 3366/2935/10709 752/2934/10710 3367/2937/10711 1636/2936/10712
f 738/2878/10713 3339/2876/10714 1636/2936/10715 3367/2937/10716
f 3339/2876/10717 692/2669/10718 3269/2720/10719 1636/2936/10720
f 752/2934/10721 3368/2938/10722 1637/2939/10723 3367/2937/10724
f 3368/2938/10725 753/2940/10726 3369/2941/10727 1637/2939/10728
f 743/2894/10729 3347/2892/10730 1637/2939/10731 3369/2941/10732
f 3347/2892/10733 738/2878/10734 3367/2937/10735 1637/2939/10736
f 749/2922/10737 3363/2929/10738 1638/2942/10739 3365/2933/10740
f 3363/2929/10741 751/2928/10742 3370/2943/10743 1638/2942/10744
f 753/2940/10745 3368/2938/10746 1638/2942/10747 3370/2943/10748
f 3368/2938/10749 752/2934/10750 3365/2933/10751 1638/2942/10752
f 710/2746/10753 3371/2944/10754 1639/2945/10755 3282/2747/10756
f 3371/2944/10757 754/2946/10758 3372/2947/10759 1639/2945/10760
f 755/2948/10761 3373/2949/10762 1639/2945/10763 3372/2947/10764
f 3373/2949/10765 708/2740/10766 3282/2747/10767 1639/2945/10768
f 708/2740/10769 3373/2949/10770 1640/2950/10771 3279/2741/10772
f 3373/2949/10773 755/2948/10774 3374/2951/10775 1640/2950/10776
f 756/2952/10777 3375/2953/10778 1640/2950/10779 3374/2951/10780
f 3375/2953/10781 709/2742/10782 3279/2741/10783 1640/2950/10784
f 755/2948/10785 3376/2954/10786 1641/2955/10787 3374/2951/10788
f 3376/2954/10789 757/2956/10790 3377/2957/10791 1641/2955/10792
f 758/2958/10793 3378/2959/10794 1641/2955/10795 3377/2957/10796
f 3378/2959/10797 756/2952/10798 3374/2951/10799 1641/2955/10800
f 754/2946/10801 3379/2960/10802 1642/2961/10803 3372/2947/10804
f 3379/2960/10805 759/2962/10806 3380/2963/10807 1642/2961/10808
f 757/2956/10809 3376/2954/10810 1642/2961/10811 3380/2963/10812
f 3376/2954/10813 755/2948/10814 3372/2947/10815 1642/2961/10816
f 709/2742/10817 3375/2953/10818 1643/2964/10819 3290/2767/10820
f 3375/2953/10821 756/2952/10822 3381/2965/10823 1643/2964/10824
f 760/2966/10825 3382/2967/10826 1643/2964/10827 3381/2965/10828
f 3382/2967/10829 713/2762/10830 3290/2767/10831 1643/2964/10832
f 713/2762/10833 3382/2967/10834 1644/2968/10835 3288/2763/10836
f 3382/2967/10837 760/2966/10838 3383/2969/10839 1644/2968/10840
f 761/2970/10841 3384/2971/10842 1644/2968/10843 3383/2969/10844
f 3384/2971/10845 714/2764/10846 3288/2763/10847 1644/2968/10848
f 760/2966/10849 3385/2972/10850 1645/2973/10851 3383/2969/10852
f 3385/2972/10853 762/2974/10854 3386/2975/10855 1645/2973/10856
f 763/2976/10857 3387/2977/10858 1645/2973/10859 3386/2975/10860
f 3387/2977/10861 761/2970/10862 3383/2969/10863 1645/2973/10864
f 756/2952/10865 3378/2959/10866 1646/2978/10867 3381/2965/10868
f 3378/2959/10869 758/2958/10870 3388/2979/10871 1646/2978/10872
f 762/2974/10873 3385/2972/10874 1646/2978/10875 3388/2979/10876
f 3385/2972/10877 760/2966/10878 3381/2965/10879 1646/2978/10880
f 714/2764/10881 3384/2971/10882 1647/2980/10883 3300/2787/10884
f 3384/2971/10885 761/2970/10886 3389/2981/10887 1647/2980/10888
f 764/2982/10889 3390/2983/10890 1647/2980/10891 3389/2981/10892
f 3390/2983/10893 718/2782/10894 3300/2787/10895 1647/2980/10896
f 718/2782/10897 3390/2983/10898 1648/2984/10899 3298/2783/10900
f 3390/2983/10901 764/2982/10902 3391/2985/10903 1648/2984/10904
f 765/2986/10905 3392/2987/10906 1648/2984/10907 3391/2985/10908
f 3392/2987/10909 719/2784/10910 3298/2783/10911 1648/2984/10912
f 764/2982/10913 3393/2988/10914 1649/2989/10915 3391/2985/10916
f 3393/2988/10917 766/2990/10918 3394/2991/10919 1649/2989/10920
f 767/2992/10921 3395/2993/10922 1649/2989/10923 3394/2991/10924
f 3395/2993/10925 765/2986/10926 3391/2985/10927 1649/2989/10928
f 761/2970/10929 3387/2977/10930 1650/2994/10931 3389/2981/10932
f 3387/2977/10933 763/2976/10934 3396/2995/10935 1650/2994/10936
f 766/2990/10937 3393/2988/10938 1650/2994/10939 3396/2995/10940
f 3393/2988/10941 764/2982/10942 3389/2981/10943 1650/2994/10944
f 719/2784/10945 3392/2987/10946 1651/2996/10947 3306/2807/10948
f 3392/2987/10949 765/2986/10950 3397/2997/10951 1651/2996/10952
f 768/2998/10953 3398/2999/10954 1651/2996/10955 3397/2997/10956
f 3398/2999/10957 721/2802/10958 3306/2807/10959 1651/2996/10960
f 721/2802/10961 3398/2999/10962 1652/3000/10963 3305/2803/10964
f 3398/2999/10965 768/2998/10966 3399/3001/10967 1652/3000/10968
f 754/3002/10969 3371/3003/10970 1652/3000/10971 3399/3001/10972
f 3371/3003/10973 710/2804/10974 3305/2803/10975 1652/3000/10976
f 768/2998/10977 3400/3004/10978 1653/3005/10979 3399/3001/10980
f 3400/3004/10981 769/3006/10982 3401/3007/10983 1653/3005/10984
f 759/3008/10985 3379/3009/10986 1653/3005/10987 3401/3007/10988
f 3379/3009/10989 754/3002/10990 3399/3001/10991 1653/3005/10992
f 765/2986/10993 3395/2993/10994 1654/3010/10995 3397/2997/10996
f 3395/2993/10997 767/2992/10998 3402/3011/10999 1654/3010/11000
f 769/3006/11001 3400/3004/11002 1654/3010/11003 3402/3011/11004
f 3400/3004/11005 768/2998/11006 3397/2997/11007 1654/3010/11008
f 727/2826/11009 3403/3012/11010 1655/3013/11011 3316/2827/11012
f 3403/3012/11013 770/3014/11014 3404/3015/11015 1655/3013/11016
f 771/3016/11017 3405/3017/11018 1655/3013/11019 3404/3015/11020
f 3405/3017/11021 725/2820/11022 3316/2827/11023 1655/3013/11024
f 725/2820/11025 3405/3017/11026 1656/3018/11027 3313/2821/11028
f 3405/3017/11029 771/3016/11030 3406/3019/11031 1656/3018/11032
f 772/3020/11033 3407/3021/11034 1656/3018/11035 3406/3019/11036
f 3407/3021/11037 726/2822/11038 3313/2821/11039 1656/3018/11040
f 771/3016/11041 3408/3022/11042 1657/3023/11043 3406/3019/11044
f 3408/3022/11045 149/3024/11046 2163/3025/11047 1657/3023/11048
f 151/450/11049 3409/3026/11050 1657/3023/11051 2163/3025/11052
f 3409/3026/11053 772/3020/11054 3406/3019/11055 1657/3023/11056
f 770/3014/11057 3410/3027/11058 1658/3028/11059 3404/3015/11060
f 3410/3027/11061 146/3029/11062 2160/3030/11063 1658/3028/11064
f 149/3024/11065 3408/3022/11066 1658/3028/11067 2160/3030/11068
f 3408/3022/11069 771/3016/11070 3404/3015/11071 1658/3028/11072
f 726/2822/11073 3407/3021/11074 1659/3031/11075 3324/2843/11076
f 3407/3021/11077 772/3020/11078 3411/3032/11079 1659/3031/11080
f 773/3033/11081 3412/3034/11082 1659/3031/11083 3411/3032/11084
f 3412/3034/11085 730/2838/11086 3324/2843/11087 1659/3031/11088
f 730/2838/11089 3412/3034/11090 1660/3035/11091 3322/2839/11092
f 3412/3034/11093 773/3033/11094 3413/3036/11095 1660/3035/11096
f 774/3037/11097 3414/3038/11098 1660/3035/11099 3413/3036/11100
f 3414/3038/11101 731/2840/11102 3322/2839/11103 1660/3035/11104
f 773/3033/11105 3415/3039/11106 1661/3040/11107 3413/3036/11108
f 3415/3039/11109 150/448/11110 2166/456/11111 1661/3040/11112
f 153/455/11113 3416/3041/11114 1661/3040/11115 2166/456/11116
f 3416/3041/11117 774/3037/11118 3413/3036/11119 1661/3040/11120
f 772/3020/11121 3409/3026/11122 1662/3042/11123 3411/3032/11124
f 3409/3026/11125 151/450/11126 2162/449/11127 1662/3042/11128
f 150/448/11129 3415/3039/11130 1662/3042/11131 2162/449/11132
f 3415/3039/11133 773/3033/11134 3411/3032/11135 1662/3042/11136
f 731/2840/11137 3414/3038/11138 1663/3043/11139 3332/2859/11140
f 3414/3038/11141 774/3037/11142 3417/3044/11143 1663/3043/11144
f 775/3045/11145 3418/3046/11146 1663/3043/11147 3417/3044/11148
f 3418/3046/11149 734/2854/11150 3332/2859/11151 1663/3043/11152
f 734/2854/11153 3418/3046/11154 1664/3047/11155 3330/2855/11156
f 3418/3046/11157 775/3045/11158 3419/3048/11159 1664/3047/11160
f 776/3049/11161 3420/3050/11162 1664/3047/11163 3419/3048/11164
f 3420/3050/11165 735/2856/11166 3330/2855/11167 1664/3047/11168
f 775/3045/11169 3421/3051/11170 1665/3052/11171 3419/3048/11172
f 3421/3051/11173 152/453/11174 2168/460/11175 1665/3052/11176
f 154/459/11177 3422/3053/11178 1665/3052/11179 2168/460/11180
f 3422/3053/11181 776/3049/11182 3419/3048/11183 1665/3052/11184
f 774/3037/11185 3416/3041/11186 1666/3054/11187 3417/3044/11188
f 3416/3041/11189 153/455/11190 2165/454/11191 1666/3054/11192
f 152/453/11193 3421/3051/11194 1666/3054/11195 2165/454/11196
f 3421/3051/11197 775/3045/11198 3417/3044/11199 1666/3054/11200
f 735/2856/11201 3420/3050/11202 1667/3055/11203 3338/2875/11204
f 3420/3050/11205 776/3049/11206 3423/3056/11207 1667/3055/11208
f 777/3057/11209 3424/3058/11210 1667/3055/11211 3423/3056/11212
f 3424/3058/11213 737/2870/11214 3338/2875/11215 1667/3055/11216
f 737/2870/11217 3424/3058/11218 1668/3059/11219 3337/2871/11220
f 3424/3058/11221 777/3057/11222 3425/3060/11223 1668/3059/11224
f 770/3061/11225 3403/3062/11226 1668/3059/11227 3425/3060/11228
f 3403/3062/11229 727/2872/11230 3337/2871/11231 1668/3059/11232
f 777/3057/11233 3426/3063/11234 1669/3064/11235 3425/3060/11236
f 3426/3063/11237 147/440/11238 2157/437/11239 1669/3064/11240
f 146/436/11241 3410/3065/11242 1669/3064/11243 2157/437/11244
f 3410/3065/11245 770/3061/11246 3425/3060/11247 1669/3064/11248
f 776/3049/11249 3422/3053/11250 1670/3066/11251 3423/3056/11252
f 3422/3053/11253 154/459/11254 2167/457/11255 1670/3066/11256
f 147/440/11257 3426/3063/11258 1670/3066/11259 2167/457/11260
f 3426/3063/11261 777/3057/11262 3423/3056/11263 1670/3066/11264
f 743/2894/11265 3427/3067/11266 1671/3068/11267 3348/2895/11268
f 3427/3067/11269 778/3069/11270 3428/3070/11271 1671/3068/11272
f 779/3071/11273 3429/3072/11274 1671/3068/11275 3428/3070/11276
f 3429/3072/11277 741/2888/11278 3348/2895/11279 1671/3068/11280
f 741/2888/11281 3429/3072/11282 1672/3073/11283 3345/2889/11284
f 3429/3072/11285 779/3071/11286 3430/3074/11287 1672/3073/11288
f 780/3075/11289 3431/3076/11290 1672/3073/11291 3430/3074/11292
f 3431/3076/11293 742/2890/11294 3345/2889/11295 1672/3073/11296
f 779/3071/11297 3432/3077/11298 1673/3078/11299 3430/3074/11300
f 3432/3077/11301 637/3079/11302 3161/3080/11303 1673/3078/11304
f 639/3081/11305 3433/3082/11306 1673/3078/11307 3161/3080/11308
f 3433/3082/11309 780/3075/11310 3430/3074/11311 1673/3078/11312
f 778/3069/11313 3434/3083/11314 1674/3084/11315 3428/3070/11316
f 3434/3083/11317 634/2479/11318 3158/3085/11319 1674/3084/11320
f 637/3079/11321 3432/3077/11322 1674/3084/11323 3158/3085/11324
f 3432/3077/11325 779/3071/11326 3428/3070/11327 1674/3084/11328
f 742/2914/11329 3431/3086/11330 1675/3087/11331 3356/2915/11332
f 3431/3086/11333 780/3088/11334 3435/3089/11335 1675/3087/11336
f 781/3090/11337 3436/3091/11338 1675/3087/11339 3435/3089/11340
f 3436/3091/11341 746/2908/11342 3356/2915/11343 1675/3087/11344
f 746/2908/11345 3436/3091/11346 1676/3092/11347 3354/2909/11348
f 3436/3091/11349 781/3090/11350 3437/3093/11351 1676/3092/11352
f 782/3094/11353 3438/3095/11354 1676/3092/11355 3437/3093/11356
f 3438/3095/11357 747/2910/11358 3354/2909/11359 1676/3092/11360
f 781/3090/11361 3439/3096/11362 1677/3097/11363 3437/3093/11364
f 3439/3096/11365 638/2491/11366 3164/2499/11367 1677/3097/11368
f 641/2498/11369 3440/3098/11370 1677/3097/11371 3164/2499/11372
f 3440/3098/11373 782/3094/11374 3437/3093/11375 1677/3097/11376
f 780/3088/11377 3433/3099/11378 1678/3100/11379 3435/3089/11380
f 3433/3099/11381 639/2493/11382 3160/2492/11383 1678/3100/11384
f 638/2491/11385 3439/3096/11386 1678/3100/11387 3160/2492/11388
f 3439/3096/11389 781/3090/11390 3435/3089/11391 1678/3100/11392
f 747/2910/11393 3438/3095/11394 1679/3101/11395 3364/2931/11396
f 3438/3095/11397 782/3094/11398 3441/3102/11399 1679/3101/11400
f 783/3103/11401 3442/3104/11402 1679/3101/11403 3441/3102/11404
f 3442/3104/11405 750/2926/11406 3364/2931/11407 1679/3101/11408
f 750/2926/11409 3442/3104/11410 1680/3105/11411 3362/2927/11412
f 3442/3104/11413 783/3103/11414 3443/3106/11415 1680/3105/11416
f 784/3107/11417 3444/3108/11418 1680/3105/11419 3443/3106/11420
f 3444/3108/11421 751/2928/11422 3362/2927/11423 1680/3105/11424
f 783/3103/11425 3445/3109/11426 1681/3110/11427 3443/3106/11428
f 3445/3109/11429 640/2496/11430 3166/2503/11431 1681/3110/11432
f 642/2502/11433 3446/3111/11434 1681/3110/11435 3166/2503/11436
f 3446/3111/11437 784/3107/11438 3443/3106/11439 1681/3110/11440
f 782/3094/11441 3440/3098/11442 1682/3112/11443 3441/3102/11444
f 3440/3098/11445 641/2498/11446 3163/2497/11447 1682/3112/11448
f 640/2496/11449 3445/3109/11450 1682/3112/11451 3163/2497/11452
f 3445/3109/11453 783/3103/11454 3441/3102/11455 1682/3112/11456
f 751/2928/11457 3444/3108/11458 1683/3113/11459 3370/2943/11460
f 3444/3108/11461 784/3107/11462 3447/3114/11463 1683/3113/11464
f 785/3115/11465 3448/3116/11466 1683/3113/11467 3447/3114/11468
f 3448/3116/11469 753/2940/11470 3370/2943/11471 1683/3113/11472
f 753/2940/11473 3448/3116/11474 1684/3117/11475 3369/2941/11476
f 3448/3116/11477 785/3115/11478 3449/3118/11479 1684/3117/11480
f 778/3069/11481 3427/3067/11482 1684/3117/11483 3449/3118/11484
f 3427/3067/11485 743/2894/11486 3369/2941/11487 1684/3117/11488
f 785/3115/11489 3450/3119/11490 1685/3120/11491 3449/3118/11492
f 3450/3119/11493 635/2483/11494 3155/2480/11495 1685/3120/11496
f 634/2479/11497 3434/3083/11498 1685/3120/11499 3155/2480/11500
f 3434/3083/11501 778/3069/11502 3449/3118/11503 1685/3120/11504
f 784/3107/11505 3446/3111/11506 1686/3121/11507 3447/3114/11508
f 3446/3111/11509 642/2502/11510 3165/2500/11511 1686/3121/11512
f 635/2483/11513 3450/3119/11514 1686/3121/11515 3165/2500/11516
f 3450/3119/11517 785/3115/11518 3447/3114/11519 1686/3121/11520
f 759/2962/11521 3451/3122/11522 1687/3123/11523 3380/2963/11524
f 3451/3122/11525 786/3124/11526 3452/3125/11527 1687/3123/11528
f 787/3126/11529 3453/3127/11530 1687/3123/11531 3452/3125/11532
f 3453/3127/11533 757/2956/11534 3380/2963/11535 1687/3123/11536
f 757/2956/11537 3453/3127/11538 1688/3128/11539 3377/2957/11540
f 3453/3127/11541 787/3126/11542 3454/3129/11543 1688/3128/11544
f 788/3130/11545 3455/3131/11546 1688/3128/11547 3454/3129/11548
f 3455/3131/11549 758/2958/11550 3377/2957/11551 1688/3128/11552
f 787/3126/11553 3456/3132/11554 1689/3133/11555 3454/3129/11556
f 3456/3132/11557 655/2537/11558 3185/2539/11559 1689/3133/11560
f 657/2543/11561 3457/3134/11562 1689/3133/11563 3185/2539/11564
f 3457/3134/11565 788/3130/11566 3454/3129/11567 1689/3133/11568
f 786/3124/11569 3458/3135/11570 1690/3136/11571 3452/3125/11572
f 3458/3135/11573 652/2529/11574 3182/2532/11575 1690/3136/11576
f 655/2537/11577 3456/3132/11578 1690/3136/11579 3182/2532/11580
f 3456/3132/11581 787/3126/11582 3452/3125/11583 1690/3136/11584
f 758/2958/11585 3455/3131/11586 1691/3137/11587 3388/2979/11588
f 3455/3131/11589 788/3130/11590 3459/3138/11591 1691/3137/11592
f 789/3139/11593 3460/3140/11594 1691/3137/11595 3459/3138/11596
f 3460/3140/11597 762/2974/11598 3388/2979/11599 1691/3137/11600
f 762/2974/11601 3460/3140/11602 1692/3141/11603 3386/2975/11604
f 3460/3140/11605 789/3139/11606 3461/3142/11607 1692/3141/11608
f 790/3143/11609 3462/3144/11610 1692/3141/11611 3461/3142/11612
f 3462/3144/11613 763/2976/11614 3386/2975/11615 1692/3141/11616
f 789/3139/11617 3463/3145/11618 1693/3146/11619 3461/3142/11620
f 3463/3145/11621 656/2541/11622 3188/2549/11623 1693/3146/11624
f 659/2548/11625 3464/3147/11626 1693/3146/11627 3188/2549/11628
f 3464/3147/11629 790/3143/11630 3461/3142/11631 1693/3146/11632
f 788/3130/11633 3457/3134/11634 1694/3148/11635 3459/3138/11636
f 3457/3134/11637 657/2543/11638 3184/2542/11639 1694/3148/11640
f 656/2541/11641 3463/3145/11642 1694/3148/11643 3184/2542/11644
f 3463/3145/11645 789/3139/11646 3459/3138/11647 1694/3148/11648
f 763/2976/11649 3462/3144/11650 1695/3149/11651 3396/2995/11652
f 3462/3144/11653 790/3143/11654 3465/3150/11655 1695/3149/11656
f 791/3151/11657 3466/3152/11658 1695/3149/11659 3465/3150/11660
f 3466/3152/11661 766/2990/11662 3396/2995/11663 1695/3149/11664
f 766/2990/11665 3466/3152/11666 1696/3153/11667 3394/2991/11668
f 3466/3152/11669 791/3151/11670 3467/3154/11671 1696/3153/11672
f 792/3155/11673 3468/3156/11674 1696/3153/11675 3467/3154/11676
f 3468/3156/11677 767/2992/11678 3394/2991/11679 1696/3153/11680
f 791/3151/11681 3469/3157/11682 1697/3158/11683 3467/3154/11684
f 3469/3157/11685 658/2546/11686 3190/2553/11687 1697/3158/11688
f 660/2552/11689 3470/3159/11690 1697/3158/11691 3190/2553/11692
f 3470/3159/11693 792/3155/11694 3467/3154/11695 1697/3158/11696
f 790/3143/11697 3464/3147/11698 1698/3160/11699 3465/3150/11700
f 3464/3147/11701 659/2548/11702 3187/2547/11703 1698/3160/11704
f 658/2546/11705 3469/3157/11706 1698/3160/11707 3187/2547/11708
f 3469/3157/11709 791/3151/11710 3465/3150/11711 1698/3160/11712
f 767/2992/11713 3468/3156/11714 1699/3161/11715 3402/3011/11716
f 3468/3156/11717 792/3155/11718 3471/3162/11719 1699/3161/11720
f 793/3163/11721 3472/3164/11722 1699/3161/11723 3471/3162/11724
f 3472/3164/11725 769/3006/11726 3402/3011/11727 1699/3161/11728
f 769/3006/11729 3472/3164/11730 1700/3165/11731 3401/3007/11732
f 3472/3164/11733 793/3163/11734 3473/3166/11735 1700/3165/11736
f 786/3167/11737 3451/3168/11738 1700/3165/11739 3473/3166/11740
f 3451/3168/11741 759/3008/11742 3401/3007/11743 1700/3165/11744
f 793/3163/11745 3474/3169/11746 1701/3170/11747 3473/3166/11748
f 3474/3169/11749 653/3171/11750 3179/3172/11751 1701/3170/11752
f 652/3173/11753 3458/3174/11754 1701/3170/11755 3179/3172/11756
f 3458/3174/11757 786/3167/11758 3473/3166/11759 1701/3170/11760
f 792/3155/11761 3470/3159/11762 1702/3175/11763 3471/3162/11764
f 3470/3159/11765 660/2552/11766 3189/3176/11767 1702/3175/11768
f 653/3171/11769 3474/3169/11770 1702/3175/11771 3189/3176/11772
f 3474/3169/11773 793/3163/11774 3471/3162/11775 1702/3175/11776
f 534/3177/11777 3475/3178/11778 1703/3179/11779 3296/3180/11780
f 3475/3178/11781 794/3181/11782 3476/3182/11783 1703/3179/11784
f 795/3183/11785 3477/3184/11786 1703/3179/11787 3476/3182/11788
f 3477/3184/11789 716/3185/11790 3296/3180/11791 1703/3179/11792
f 716/3185/11793 3477/3184/11794 1704/3186/11795 3293/3187/11796
f 3477/3184/11797 795/3183/11798 3478/3188/11799 1704/3186/11800
f 796/3189/11801 3479/3190/11802 1704/3186/11803 3478/3188/11804
f 3479/3190/11805 76/3191/11806 3293/3187/11807 1704/3186/11808
f 795/3183/11809 3480/3192/11810 1705/3193/11811 3478/3188/11812
f 3480/3192/11813 797/3194/11814 3481/3195/11815 1705/3193/11816
f 798/3196/11817 3482/3197/11818 1705/3193/11819 3481/3195/11820
f 3482/3197/11821 796/3189/11822 3478/3188/11823 1705/3193/11824
f 794/3181/11825 3483/3198/11826 1706/3199/11827 3476/3182/11828
f 3483/3198/11829 799/3200/11830 3484/3201/11831 1706/3199/11832
f 797/3194/11833 3480/3192/11834 1706/3199/11835 3484/3201/11836
f 3480/3192/11837 795/3183/11838 3476/3182/11839 1706/3199/11840
f 76/3191/11841 3479/3190/11842 1707/3202/11843 2047/3203/11844
f 3479/3190/11845 796/3189/11846 3485/3204/11847 1707/3202/11848
f 800/3205/11849 3486/3206/11850 1707/3202/11851 3485/3204/11852
f 3486/3206/11853 77/3207/11854 2047/3203/11855 1707/3202/11856
f 77/3207/11857 3486/3206/11858 1708/3208/11859 2057/3209/11860
f 3486/3206/11861 800/3205/11862 3487/3210/11863 1708/3208/11864
f 801/3211/11865 3488/3212/11866 1708/3208/11867 3487/3210/11868
f 3488/3212/11869 84/3213/11870 2057/3209/11871 1708/3208/11872
f 800/3205/11873 3489/3214/11874 1709/3215/11875 3487/3210/11876
f 3489/3214/11877 802/3216/11878 3490/3217/11879 1709/3215/11880
f 803/3218/11881 3491/3219/11882 1709/3215/11883 3490/3217/11884
f 3491/3219/11885 801/3211/11886 3487/3210/11887 1709/3215/11888
f 796/3189/11889 3482/3197/11890 1710/3220/11891 3485/3204/11892
f 3482/3197/11893 798/3196/11894 3492/3221/11895 1710/3220/11896
f 802/3216/11897 3489/3214/11898 1710/3220/11899 3492/3221/11900
f 3489/3214/11901 800/3205/11902 3485/3204/11903 1710/3220/11904
f 84/3213/11905 3488/3212/11906 1711/3222/11907 3252/3223/11908
f 3488/3212/11909 801/3211/11910 3493/3224/11911 1711/3222/11912
f 804/3225/11913 3494/3226/11914 1711/3222/11915 3493/3224/11916
f 3494/3226/11917 694/3227/11918 3252/3223/11919 1711/3222/11920
f 694/3227/11921 3494/3226/11922 1712/3228/11923 3249/3229/11924
f 3494/3226/11925 804/3225/11926 3495/3230/11927 1712/3228/11928
f 805/3231/11929 3496/3232/11930 1712/3228/11931 3495/3230/11932
f 3496/3232/11933 75/3233/11934 3249/3229/11935 1712/3228/11936
f 804/3225/11937 3497/3234/11938 1713/3235/11939 3495/3230/11940
f 3497/3234/11941 806/3236/11942 3498/3237/11943 1713/3235/11944
f 807/3238/11945 3499/3239/11946 1713/3235/11947 3498/3237/11948
f 3499/3239/11949 805/3231/11950 3495/3230/11951 1713/3235/11952
f 801/3211/11953 3491/3219/11954 1714/3240/11955 3493/3224/11956
f 3491/3219/11957 803/3218/11958 3500/3241/11959 1714/3240/11960
f 806/3236/11961 3497/3234/11962 1714/3240/11963 3500/3241/11964
f 3497/3234/11965 804/3225/11966 3493/3224/11967 1714/3240/11968
f 75/3233/11969 3496/3232/11970 1715/3242/11971 2858/3243/11972
f 3496/3232/11973 805/3231/11974 3501/3244/11975 1715/3242/11976
f 808/3245/11977 3502/3246/11978 1715/3242/11979 3501/3244/11980
f 3502/3246/11981 533/3247/11982 2858/3243/11983 1715/3242/11984
f 533/3247/11985 3502/3246/11986 1716/3248/11987 2855/3249/11988
f 3502/3246/11989 808/3245/11990 3503/3250/11991 1716/3248/11992
f 794/3251/11993 3475/3252/11994 1716/3248/11995 3503/3250/11996
f 3475/3252/11997 534/3253/11998 2855/3249/11999 1716/3248/12000
f 808/3245/12001 3504/3254/12002 1717/3255/12003 3503/3250/12004
f 3504/3254/12005 809/3256/12006 3505/3257/12007 1717/3255/12008
f 799/3258/12009 3483/3259/12010 1717/3255/12011 3505/3257/12012
f 3483/3259/12013 794/3251/12014 3503/3250/12015 1717/3255/12016
f 805/3231/12017 3499/3239/12018 1718/3260/12019 3501/3244/12020
f 3499/3239/12021 807/3238/12022 3506/3261/12023 1718/3260/12024
f 809/3256/12025 3504/3254/12026 1718/3260/12027 3506/3261/12028
f 3504/3254/12029 808/3245/12030 3501/3244/12031 1718/3260/12032
f 19/3262/12033 3507/3263/12034 1719/3264/12035 3233/3265/12036
f 3507/3263/12037 810/3266/12038 3508/3267/12039 1719/3264/12040
f 811/3268/12041 3509/3269/12042 1719/3264/12043 3508/3267/12044
f 3509/3269/12045 685/3270/12046 3233/3265/12047 1719/3264/12048
f 685/3270/12049 3509/3269/12050 1720/3271/12051 3231/3272/12052
f 3509/3269/12053 811/3268/12054 3510/3273/12055 1720/3271/12056
f 812/3274/12057 3511/3275/12058 1720/3271/12059 3510/3273/12060
f 3511/3275/12061 10/3276/12062 3231/3272/12063 1720/3271/12064
f 811/3268/12065 3512/3277/12066 1721/3278/12067 3510/3273/12068
f 3512/3277/12069 813/3279/12070 3513/3280/12071 1721/3278/12072
f 814/3281/12073 3514/3282/12074 1721/3278/12075 3513/3280/12076
f 3514/3282/12077 812/3274/12078 3510/3273/12079 1721/3278/12080
f 810/3266/12081 3515/3283/12082 1722/3284/12083 3508/3267/12084
f 3515/3283/12085 815/3285/12086 3516/3286/12087 1722/3284/12088
f 813/3279/12089 3512/3277/12090 1722/3284/12091 3516/3286/12092
f 3512/3277/12093 811/3268/12094 3508/3267/12095 1722/3284/12096
f 10/3276/12097 3511/3275/12098 1723/3287/12099 1955/3288/12100
f 3511/3275/12101 812/3274/12102 3517/3289/12103 1723/3287/12104
f 816/3290/12105 3518/3291/12106 1723/3287/12107 3517/3289/12108
f 3518/3291/12109 11/3292/12110 1955/3288/12111 1723/3287/12112
f 11/3292/12113 3518/3291/12114 1724/3293/12115 1965/3294/12116
f 3518/3291/12117 816/3290/12118 3519/3295/12119 1724/3293/12120
f 817/3296/12121 3520/3297/12122 1724/3293/12123 3519/3295/12124
f 3520/3297/12125 18/3298/12126 1965/3294/12127 1724/3293/12128
f 816/3290/12129 3521/3299/12130 1725/3300/12131 3519/3295/12132
f 3521/3299/12133 818/3301/12134 3522/3302/12135 1725/3300/12136
f 819/3303/12137 3523/3304/12138 1725/3300/12139 3522/3302/12140
f 3523/3304/12141 817/3296/12142 3519/3295/12143 1725/3300/12144
f 812/3274/12145 3514/3282/12146 1726/3305/12147 3517/3289/12148
f 3514/3282/12149 814/3281/12150 3524/3306/12151 1726/3305/12152
f 818/3301/12153 3521/3299/12154 1726/3305/12155 3524/3306/12156
f 3521/3299/12157 816/3290/12158 3517/3289/12159 1726/3305/12160
f 18/3298/12161 3520/3297/12162 1727/3307/12163 3277/3308/12164
f 3520/3297/12165 817/3296/12166 3525/3309/12167 1727/3307/12168
f 820/3310/12169 3526/3311/12170 1727/3307/12171 3525/3309/12172
f 3526/3311/12173 706/3312/12174 3277/3308/12175 1727/3307/12176
f 706/3312/12177 3526/3311/12178 1728/3313/12179 3274/3314/12180
f 3526/3311/12181 820/3310/12182 3527/3315/12183 1728/3313/12184
f 821/3316/12185 3528/3317/12186 1728/3313/12187 3527/3315/12188
f 3528/3317/12189 24/3318/12190 3274/3314/12191 1728/3313/12192
f 820/3310/12193 3529/3319/12194 1729/3320/12195 3527/3315/12196
f 3529/3319/12197 822/3321/12198 3530/3322/12199 1729/3320/12200
f 823/3323/12201 3531/3324/12202 1729/3320/12203 3530/3322/12204
f 3531/3324/12205 821/3316/12206 3527/3315/12207 1729/3320/12208
f 817/3296/12209 3523/3304/12210 1730/3325/12211 3525/3309/12212
f 3523/3304/12213 819/3303/12214 3532/3326/12215 1730/3325/12216
f 822/3321/12217 3529/3319/12218 1730/3325/12219 3532/3326/12220
f 3529/3319/12221 820/3310/12222 3525/3309/12223 1730/3325/12224
f 24/3318/12225 3528/3317/12226 1731/3327/12227 1973/3328/12228
f 3528/3317/12229 821/3316/12230 3533/3329/12231 1731/3327/12232
f 824/3330/12233 3534/3331/12234 1731/3327/12235 3533/3329/12236
f 3534/3331/12237 22/3332/12238 1973/3328/12239 1731/3327/12240
f 22/3332/12241 3534/3331/12242 1732/3333/12243 1970/3334/12244
f 3534/3331/12245 824/3330/12246 3535/3335/12247 1732/3333/12248
f 810/3336/12249 3507/3337/12250 1732/3333/12251 3535/3335/12252
f 3507/3337/12253 19/3338/12254 1970/3334/12255 1732/3333/12256
f 824/3330/12257 3536/3339/12258 1733/3340/12259 3535/3335/12260
f 3536/3339/12261 825/3341/12262 3537/3342/12263 1733/3340/12264
f 815/3343/12265 3515/3344/12266 1733/3340/12267 3537/3342/12268
f 3515/3344/12269 810/3336/12270 3535/3335/12271 1733/3340/12272
f 821/3316/12273 3531/3324/12274 1734/3345/12275 3533/3329/12276
f 3531/3324/12277 823/3323/12278 3538/3346/12279 1734/3345/12280
f 825/3341/12281 3536/3339/12282 1734/3345/12283 3538/3346/12284
f 3536/3339/12285 824/3330/12286 3533/3329/12287 1734/3345/12288
f 799/3200/12289 3539/3347/12290 1735/3348/12291 3484/3201/12292
f 3539/3347/12293 826/3349/12294 3540/3350/12295 1735/3348/12296
f 827/3351/12297 3541/3352/12298 1735/3348/12299 3540/3350/12300
f 3541/3352/12301 797/3194/12302 3484/3201/12303 1735/3348/12304
f 797/3194/12305 3541/3352/12306 1736/3353/12307 3481/3195/12308
f 3541/3352/12309 827/3351/12310 3542/3354/12311 1736/3353/12312
f 828/3355/12313 3543/3356/12314 1736/3353/12315 3542/3354/12316
f 3543/3356/12317 798/3196/12318 3481/3195/12319 1736/3353/12320
f 827/3351/12321 3544/3357/12322 1737/3358/12323 3542/3354/12324
f 3544/3357/12325 829/3359/12326 3545/3360/12327 1737/3358/12328
f 830/3361/12329 3546/3362/12330 1737/3358/12331 3545/3360/12332
f 3546/3362/12333 828/3355/12334 3542/3354/12335 1737/3358/12336
f 826/3349/12337 3547/3363/12338 1738/3364/12339 3540/3350/12340
f 3547/3363/12341 831/3365/12342 3548/3366/12343 1738/3364/12344
f 829/3359/12345 3544/3357/12346 1738/3364/12347 3548/3366/12348
f 3544/3357/12349 827/3351/12350 3540/3350/12351 1738/3364/12352
f 798/3196/12353 3543/3356/12354 1739/3367/12355 3492/3221/12356
f 3543/3356/12357 828/3355/12358 3549/3368/12359 1739/3367/12360
f 832/3369/12361 3550/3370/12362 1739/3367/12363 3549/3368/12364
f 3550/3370/12365 802/3216/12366 3492/3221/12367 1739/3367/12368
f 802/3216/12369 3550/3370/12370 1740/3371/12371 3490/3217/12372
f 3550/3370/12373 832/3369/12374 3551/3372/12375 1740/3371/12376
f 833/3373/12377 3552/3374/12378 1740/3371/12379 3551/3372/12380
f 3552/3374/12381 803/3218/12382 3490/3217/12383 1740/3371/12384
f 832/3369/12385 3553/3375/12386 1741/3376/12387 3551/3372/12388
f 3553/3375/12389 834/3377/12390 3554/3378/12391 1741/3376/12392
f 835/3379/12393 3555/3380/12394 1741/3376/12395 3554/3378/12396
f 3555/3380/12397 833/3373/12398 3551/3372/12399 1741/3376/12400
f 828/3355/12401 3546/3362/12402 1742/3381/12403 3549/3368/12404
f 3546/3362/12405 830/3361/12406 3556/3382/12407 1742/3381/12408
f 834/3377/12409 3553/3375/12410 1742/3381/12411 3556/3382/12412
f 3553/3375/12413 832/3369/12414 3549/3368/12415 1742/3381/12416
f 803/3218/12417 3552/3374/12418 1743/3383/12419 3500/3241/12420
f 3552/3374/12421 833/3373/12422 3557/3384/12423 1743/3383/12424
f 836/3385/12425 3558/3386/12426 1743/3383/12427 3557/3384/12428
f 3558/3386/12429 806/3236/12430 3500/3241/12431 1743/3383/12432
f 806/3236/12433 3558/3386/12434 1744/3387/12435 3498/3237/12436
f 3558/3386/12437 836/3385/12438 3559/3388/12439 1744/3387/12440
f 837/3389/12441 3560/3390/12442 1744/3387/12443 3559/3388/12444
f 3560/3390/12445 807/3238/12446 3498/3237/12447 1744/3387/12448
f 836/3385/12449 3561/3391/12450 1745/3392/12451 3559/3388/12452
f 3561/3391/12453 838/3393/12454 3562/3394/12455 1745/3392/12456
f 839/3395/12457 3563/3396/12458 1745/3392/12459 3562/3394/12460
f 3563/3396/12461 837/3389/12462 3559/3388/12463 1745/3392/12464
f 833/3373/12465 3555/3380/12466 1746/3397/12467 3557/3384/12468
f 3555/3380/12469 835/3379/12470 3564/3398/12471 1746/3397/12472
f 838/3393/12473 3561/3391/12474 1746/3397/12475 3564/3398/12476
f 3561/3391/12477 836/3385/12478 3557/3384/12479 1746/3397/12480
f 807/3238/12481 3560/3390/12482 1747/3399/12483 3506/3261/12484
f 3560/3390/12485 837/3389/12486 3565/3400/12487 1747/3399/12488
f 840/3401/12489 3566/3402/12490 1747/3399/12491 3565/3400/12492
f 3566/3402/12493 809/3256/12494 3506/3261/12495 1747/3399/12496
f 809/3256/12497 3566/3402/12498 1748/3403/12499 3505/3257/12500
f 3566/3402/12501 840/3401/12502 3567/3404/12503 1748/3403/12504
f 826/3405/12505 3539/3406/12506 1748/3403/12507 3567/3404/12508
f 3539/3406/12509 799/3258/12510 3505/3257/12511 1748/3403/12512
f 840/3401/12513 3568/3407/12514 1749/3408/12515 3567/3404/12516
f 3568/3407/12517 841/3409/12518 3569/3410/12519 1749/3408/12520
f 831/3411/12521 3547/3412/12522 1749/3408/12523 3569/3410/12524
f 3547/3412/12525 826/3405/12526 3567/3404/12527 1749/3408/12528
f 837/3389/12529 3563/3396/12530 1750/3413/12531 3565/3400/12532
f 3563/3396/12533 839/3395/12534 3570/3414/12535 1750/3413/12536
f 841/3409/12537 3568/3407/12538 1750/3413/12539 3570/3414/12540
f 3568/3407/12541 840/3401/12542 3565/3400/12543 1750/3413/12544
f 815/3285/12545 3571/3415/12546 1751/3416/12547 3516/3286/12548
f 3571/3415/12549 842/3417/12550 3572/3418/12551 1751/3416/12552
f 843/3419/12553 3573/3420/12554 1751/3416/12555 3572/3418/12556
f 3573/3420/12557 813/3279/12558 3516/3286/12559 1751/3416/12560
f 813/3279/12561 3573/3420/12562 1752/3421/12563 3513/3280/12564
f 3573/3420/12565 843/3419/12566 3574/3422/12567 1752/3421/12568
f 844/3423/12569 3575/3424/12570 1752/3421/12571 3574/3422/12572
f 3575/3424/12573 814/3281/12574 3513/3280/12575 1752/3421/12576
f 843/3419/12577 3576/3425/12578 1753/3426/12579 3574/3422/12580
f 3576/3425/12581 845/3427/12582 3577/3428/12583 1753/3426/12584
f 846/3429/12585 3578/3430/12586 1753/3426/12587 3577/3428/12588
f 3578/3430/12589 844/3423/12590 3574/3422/12591 1753/3426/12592
f 842/3417/12593 3579/3431/12594 1754/3432/12595 3572/3418/12596
f 3579/3431/12597 847/3433/12598 3580/3434/12599 1754/3432/12600
f 845/3427/12601 3576/3425/12602 1754/3432/12603 3580/3434/12604
f 3576/3425/12605 843/3419/12606 3572/3418/12607 1754/3432/12608
f 814/3281/12609 3575/3424/12610 1755/3435/12611 3524/3306/12612
f 3575/3424/12613 844/3423/12614 3581/3436/12615 1755/3435/12616
f 848/3437/12617 3582/3438/12618 1755/3435/12619 3581/3436/12620
f 3582/3438/12621 818/3301/12622 3524/3306/12623 1755/3435/12624
f 818/3301/12625 3582/3438/12626 1756/3439/12627 3522/3302/12628
f 3582/3438/12629 848/3437/12630 3583/3440/12631 1756/3439/12632
f 849/3441/12633 3584/3442/12634 1756/3439/12635 3583/3440/12636
f 3584/3442/12637 819/3303/12638 3522/3302/12639 1756/3439/12640
f 848/3437/12641 3585/3443/12642 1757/3444/12643 3583/3440/12644
f 3585/3443/12645 850/3445/12646 3586/3446/12647 1757/3444/12648
f 851/3447/12649 3587/3448/12650 1757/3444/12651 3586/3446/12652
f 3587/3448/12653 849/3441/12654 3583/3440/12655 1757/3444/12656
f 844/3423/12657 3578/3430/12658 1758/3449/12659 3581/3436/12660
f 3578/3430/12661 846/3429/12662 3588/3450/12663 1758/3449/12664
f 850/3445/12665 3585/3443/12666 1758/3449/12667 3588/3450/12668
f 3585/3443/12669 848/3437/12670 3581/3436/12671 1758/3449/12672
f 819/3303/12673 3584/3442/12674 1759/3451/12675 3532/3326/12676
f 3584/3442/12677 849/3441/12678 3589/3452/12679 1759/3451/12680
f 852/3453/12681 3590/3454/12682 1759/3451/12683 3589/3452/12684
f 3590/3454/12685 822/3321/12686 3532/3326/12687 1759/3451/12688
f 822/3321/12689 3590/3454/12690 1760/3455/12691 3530/3322/12692
f 3590/3454/12693 852/3453/12694 3591/3456/12695 1760/3455/12696
f 853/3457/12697 3592/3458/12698 1760/3455/12699 3591/3456/12700
f 3592/3458/12701 823/3323/12702 3530/3322/12703 1760/3455/12704
f 852/3453/12705 3593/3459/12706 1761/3460/12707 3591/3456/12708
f 3593/3459/12709 854/3461/12710 3594/3462/12711 1761/3460/12712
f 855/3463/12713 3595/3464/12714 1761/3460/12715 3594/3462/12716
f 3595/3464/12717 853/3457/12718 3591/3456/12719 1761/3460/12720
f 849/3441/12721 3587/3448/12722 1762/3465/12723 3589/3452/12724
f 3587/3448/12725 851/3447/12726 3596/3466/12727 1762/3465/12728
f 854/3461/12729 3593/3459/12730 1762/3465/12731 3596/3466/12732
f 3593/3459/12733 852/3453/12734 3589/3452/12735 1762/3465/12736
f 823/3323/12737 3592/3458/12738 1763/3467/12739 3538/3346/12740
f 3592/3458/12741 853/3457/12742 3597/3468/12743 1763/3467/12744
f 856/3469/12745 3598/3470/12746 1763/3467/12747 3597/3468/12748
f 3598/3470/12749 825/3341/12750 3538/3346/12751 1763/3467/12752
f 825/3341/12753 3598/3470/12754 1764/3471/12755 3537/3342/12756
f 3598/3470/12757 856/3469/12758 3599/3472/12759 1764/3471/12760
f 842/3473/12761 3571/3474/12762 1764/3471/12763 3599/3472/12764
f 3571/3474/12765 815/3343/12766 3537/3342/12767 1764/3471/12768
f 856/3469/12769 3600/3475/12770 1765/3476/12771 3599/3472/12772
f 3600/3475/12773 857/3477/12774 3601/3478/12775 1765/3476/12776
f 847/3479/12777 3579/3480/12778 1765/3476/12779 3601/3478/12780
f 3579/3480/12781 842/3473/12782 3599/3472/12783 1765/3476/12784
f 853/3457/12785 3595/3464/12786 1766/3481/12787 3597/3468/12788
f 3595/3464/12789 855/3463/12790 3602/3482/12791 1766/3481/12792
f 857/3477/12793 3600/3475/12794 1766/3481/12795 3602/3482/12796
f 3600/3475/12797 856/3469/12798 3597/3468/12799 1766/3481/12800
f 831/3365/12801 3603/3483/12802 1767/3484/12803 3548/3366/12804
f 3603/3483/12805 858/3485/12806 3604/3486/12807 1767/3484/12808
f 859/3487/12809 3605/3488/12810 1767/3484/12811 3604/3486/12812
f 3605/3488/12813 829/3359/12814 3548/3366/12815 1767/3484/12816
f 829/3359/12817 3605/3488/12818 1768/3489/12819 3545/3360/12820
f 3605/3488/12821 859/3487/12822 3606/3490/12823 1768/3489/12824
f 860/3491/12825 3607/3492/12826 1768/3489/12827 3606/3490/12828
f 3607/3492/12829 830/3361/12830 3545/3360/12831 1768/3489/12832
f 859/3487/12833 3608/3493/12834 1769/3494/12835 3606/3490/12836
f 3608/3493/12837 646/2512/12838 3173/2514/12839 1769/3494/12840
f 648/2518/12841 3609/3495/12842 1769/3494/12843 3173/2514/12844
f 3609/3495/12845 860/3491/12846 3606/3490/12847 1769/3494/12848
f 858/3485/12849 3610/3496/12850 1770/3497/12851 3604/3486/12852
f 3610/3496/12853 643/2504/12854 3170/2507/12855 1770/3497/12856
f 646/2512/12857 3608/3493/12858 1770/3497/12859 3170/2507/12860
f 3608/3493/12861 859/3487/12862 3604/3486/12863 1770/3497/12864
f 830/3361/12865 3607/3492/12866 1771/3498/12867 3556/3382/12868
f 3607/3492/12869 860/3491/12870 3611/3499/12871 1771/3498/12872
f 861/3500/12873 3612/3501/12874 1771/3498/12875 3611/3499/12876
f 3612/3501/12877 834/3377/12878 3556/3382/12879 1771/3498/12880
f 834/3377/12881 3612/3501/12882 1772/3502/12883 3554/3378/12884
f 3612/3501/12885 861/3500/12886 3613/3503/12887 1772/3502/12888
f 862/3504/12889 3614/3505/12890 1772/3502/12891 3613/3503/12892
f 3614/3505/12893 835/3379/12894 3554/3378/12895 1772/3502/12896
f 861/3500/12897 3615/3506/12898 1773/3507/12899 3613/3503/12900
f 3615/3506/12901 647/2516/12902 3176/2524/12903 1773/3507/12904
f 650/2523/12905 3616/3508/12906 1773/3507/12907 3176/2524/12908
f 3616/3508/12909 862/3504/12910 3613/3503/12911 1773/3507/12912
f 860/3491/12913 3609/3495/12914 1774/3509/12915 3611/3499/12916
f 3609/3495/12917 648/2518/12918 3172/2517/12919 1774/3509/12920
f 647/2516/12921 3615/3506/12922 1774/3509/12923 3172/2517/12924
f 3615/3506/12925 861/3500/12926 3611/3499/12927 1774/3509/12928
f 835/3379/12929 3614/3505/12930 1775/3510/12931 3564/3398/12932
f 3614/3505/12933 862/3504/12934 3617/3511/12935 1775/3510/12936
f 863/3512/12937 3618/3513/12938 1775/3510/12939 3617/3511/12940
f 3618/3513/12941 838/3393/12942 3564/3398/12943 1775/3510/12944
f 838/3393/12945 3618/3513/12946 1776/3514/12947 3562/3394/12948
f 3618/3513/12949 863/3512/12950 3619/3515/12951 1776/3514/12952
f 864/3516/12953 3620/3517/12954 1776/3514/12955 3619/3515/12956
f 3620/3517/12957 839/3395/12958 3562/3394/12959 1776/3514/12960
f 863/3512/12961 3621/3518/12962 1777/3519/12963 3619/3515/12964
f 3621/3518/12965 649/2521/12966 3178/2528/12967 1777/3519/12968
f 651/2527/12969 3622/3520/12970 1777/3519/12971 3178/2528/12972
f 3622/3520/12973 864/3516/12974 3619/3515/12975 1777/3519/12976
f 862/3504/12977 3616/3508/12978 1778/3521/12979 3617/3511/12980
f 3616/3508/12981 650/2523/12982 3175/2522/12983 1778/3521/12984
f 649/2521/12985 3621/3518/12986 1778/3521/12987 3175/2522/12988
f 3621/3518/12989 863/3512/12990 3617/3511/12991 1778/3521/12992
f 839/3395/12993 3620/3517/12994 1779/3522/12995 3570/3414/12996
f 3620/3517/12997 864/3516/12998 3623/3523/12999 1779/3522/13000
f 865/3524/13001 3624/3525/13002 1779/3522/13003 3623/3523/13004
f 3624/3525/13005 841/3409/13006 3570/3414/13007 1779/3522/13008
f 841/3409/13009 3624/3525/13010 1780/3526/13011 3569/3410/13012
f 3624/3525/13013 865/3524/13014 3625/3527/13015 1780/3526/13016
f 858/3528/13017 3603/3529/13018 1780/3526/13019 3625/3527/13020
f 3603/3529/13021 831/3411/13022 3569/3410/13023 1780/3526/13024
f 865/3524/13025 3626/3530/13026 1781/3531/13027 3625/3527/13028
f 3626/3530/13029 644/3532/13030 3167/3533/13031 1781/3531/13032
f 643/3534/13033 3610/3535/13034 1781/3531/13035 3167/3533/13036
f 3610/3535/13037 858/3528/13038 3625/3527/13039 1781/3531/13040
f 864/3516/13041 3622/3520/13042 1782/3536/13043 3623/3523/13044
f 3622/3520/13045 651/2527/13046 3177/3537/13047 1782/3536/13048
f 644/3532/13049 3626/3530/13050 1782/3536/13051 3177/3537/13052
f 3626/3530/13053 865/3524/13054 3623/3523/13055 1782/3536/13056
f 847/3433/13057 3627/3538/13058 1783/3539/13059 3580/3434/13060
f 3627/3538/13061 866/3540/13062 3628/3541/13063 1783/3539/13064
f 867/3542/13065 3629/3543/13066 1783/3539/13067 3628/3541/13068
f 3629/3543/13069 845/3427/13070 3580/3434/13071 1783/3539/13072
f 845/3427/13073 3629/3543/13074 1784/3544/13075 3577/3428/13076
f 3629/3543/13077 867/3542/13078 3630/3545/13079 1784/3544/13080
f 868/3546/13081 3631/3547/13082 1784/3544/13083 3630/3545/13084
f 3631/3547/13085 846/3429/13086 3577/3428/13087 1784/3544/13088
f 867/3542/13089 3632/3548/13090 1785/3549/13091 3630/3545/13092
f 3632/3548/13093 664/2562/13094 3197/2564/13095 1785/3549/13096
f 666/2568/13097 3633/3550/13098 1785/3549/13099 3197/2564/13100
f 3633/3550/13101 868/3546/13102 3630/3545/13103 1785/3549/13104
f 866/3540/13105 3634/3551/13106 1786/3552/13107 3628/3541/13108
f 3634/3551/13109 661/2554/13110 3194/2557/13111 1786/3552/13112
f 664/2562/13113 3632/3548/13114 1786/3552/13115 3194/2557/13116
f 3632/3548/13117 867/3542/13118 3628/3541/13119 1786/3552/13120
f 846/3429/13121 3631/3547/13122 1787/3553/13123 3588/3450/13124
f 3631/3547/13125 868/3546/13126 3635/3554/13127 1787/3553/13128
f 869/3555/13129 3636/3556/13130 1787/3553/13131 3635/3554/13132
f 3636/3556/13133 850/3445/13134 3588/3450/13135 1787/3553/13136
f 850/3445/13137 3636/3556/13138 1788/3557/13139 3586/3446/13140
f 3636/3556/13141 869/3555/13142 3637/3558/13143 1788/3557/13144
f 870/3559/13145 3638/3560/13146 1788/3557/13147 3637/3558/13148
f 3638/3560/13149 851/3447/13150 3586/3446/13151 1788/3557/13152
f 869/3555/13153 3639/3561/13154 1789/3562/13155 3637/3558/13156
f 3639/3561/13157 665/2566/13158 3200/2574/13159 1789/3562/13160
f 668/2573/13161 3640/3563/13162 1789/3562/13163 3200/2574/13164
f 3640/3563/13165 870/3559/13166 3637/3558/13167 1789/3562/13168
f 868/3546/13169 3633/3550/13170 1790/3564/13171 3635/3554/13172
f 3633/3550/13173 666/2568/13174 3196/2567/13175 1790/3564/13176
f 665/2566/13177 3639/3561/13178 1790/3564/13179 3196/2567/13180
f 3639/3561/13181 869/3555/13182 3635/3554/13183 1790/3564/13184
f 851/3447/13185 3638/3560/13186 1791/3565/13187 3596/3466/13188
f 3638/3560/13189 870/3559/13190 3641/3566/13191 1791/3565/13192
f 871/3567/13193 3642/3568/13194 1791/3565/13195 3641/3566/13196
f 3642/3568/13197 854/3461/13198 3596/3466/13199 1791/3565/13200
f 854/3461/13201 3642/3568/13202 1792/3569/13203 3594/3462/13204
f 3642/3568/13205 871/3567/13206 3643/3570/13207 1792/3569/13208
f 872/3571/13209 3644/3572/13210 1792/3569/13211 3643/3570/13212
f 3644/3572/13213 855/3463/13214 3594/3462/13215 1792/3569/13216
f 871/3567/13217 3645/3573/13218 1793/3574/13219 3643/3570/13220
f 3645/3573/13221 667/2571/13222 3202/2578/13223 1793/3574/13224
f 669/2577/13225 3646/3575/13226 1793/3574/13227 3202/2578/13228
f 3646/3575/13229 872/3571/13230 3643/3570/13231 1793/3574/13232
f 870/3559/13233 3640/3563/13234 1794/3576/13235 3641/3566/13236
f 3640/3563/13237 668/2573/13238 3199/2572/13239 1794/3576/13240
f 667/2571/13241 3645/3573/13242 1794/3576/13243 3199/2572/13244
f 3645/3573/13245 871/3567/13246 3641/3566/13247 1794/3576/13248
f 855/3463/13249 3644/3572/13250 1795/3577/13251 3602/3482/13252
f 3644/3572/13253 872/3571/13254 3647/3578/13255 1795/3577/13256
f 873/3579/13257 3648/3580/13258 1795/3577/13259 3647/3578/13260
f 3648/3580/13261 857/3477/13262 3602/3482/13263 1795/3577/13264
f 857/3477/13265 3648/3580/13266 1796/3581/13267 3601/3478/13268
f 3648/3580/13269 873/3579/13270 3649/3582/13271 1796/3581/13272
f 866/3583/13273 3627/3584/13274 1796/3581/13275 3649/3582/13276
f 3627/3584/13277 847/3479/13278 3601/3478/13279 1796/3581/13280
f 873/3579/13281 3650/3585/13282 1797/3586/13283 3649/3582/13284
f 3650/3585/13285 662/3587/13286 3191/3588/13287 1797/3586/13288
f 661/3589/13289 3634/3590/13290 1797/3586/13291 3191/3588/13292
f 3634/3590/13293 866/3583/13294 3649/3582/13295 1797/3586/13296
f 872/3571/13297 3646/3575/13298 1798/3591/13299 3647/3578/13300
f 3646/3575/13301 669/2577/13302 3201/3592/13303 1798/3591/13304
f 662/3587/13305 3650/3585/13306 1798/3591/13307 3201/3592/13308
f 3650/3585/13309 873/3579/13310 3647/3578/13311 1798/3591/13312
f 155/461/13313 3651/3593/13314 1799/3594/13315 2169/462/13316
f 3651/3593/13317 874/3595/13318 3652/3596/13319 1799/3594/13320
f 875/3597/13321 3653/3598/13322 1799/3594/13323 3652/3596/13324
f 3653/3598/13325 156/465/13326 2169/462/13327 1799/3594/13328
f 156/465/13329 3653/3598/13330 1800/3599/13331 2179/482/13332
f 3653/3598/13333 875/3597/13334 3654/3600/13335 1800/3599/13336
f 876/3601/13337 3655/3602/13338 1800/3599/13339 3654/3600/13340
f 3655/3602/13341 163/484/13342 2179/482/13343 1800/3599/13344
f 875/3597/13345 3656/3603/13346 1801/3604/13347 3654/3600/13348
f 3656/3603/13349 14/38/13350 1964/46/13351 1801/3604/13352
f 17/45/13353 3657/3605/13354 1801/3604/13355 1964/46/13356
f 3657/3605/13357 876/3601/13358 3654/3600/13359 1801/3604/13360
f 874/3595/13361 3658/3606/13362 1802/3607/13363 3652/3596/13364
f 3658/3606/13365 15/40/13366 1960/39/13367 1802/3607/13368
f 14/38/13369 3656/3603/13370 1802/3607/13371 1960/39/13372
f 3656/3603/13373 875/3597/13374 3652/3596/13375 1802/3607/13376
f 39/110/13377 3659/3608/13378 1803/3609/13379 1995/106/13380
f 3659/3608/13381 877/3610/13382 3660/3611/13383 1803/3609/13384
f 878/3612/13385 3661/3613/13386 1803/3609/13387 3660/3611/13388
f 3661/3613/13389 37/104/13390 1995/106/13391 1803/3609/13392
f 37/104/13393 3661/3613/13394 1804/3614/13395 1992/99/13396
f 3661/3613/13397 878/3612/13398 3662/3615/13399 1804/3614/13400
f 879/3616/13401 3663/3617/13402 1804/3614/13403 3662/3615/13404
f 3663/3617/13405 34/96/13406 1992/99/13407 1804/3614/13408
f 878/3612/13409 3664/3618/13410 1805/3619/13411 3662/3615/13412
f 3664/3618/13413 31/88/13414 1988/95/13415 1805/3619/13416
f 33/94/13417 3665/3620/13418 1805/3619/13419 1988/95/13420
f 3665/3620/13421 879/3616/13422 3662/3615/13423 1805/3619/13424
f 877/3610/13425 3666/3621/13426 1806/3622/13427 3660/3611/13428
f 3666/3621/13429 32/90/13430 1985/89/13431 1806/3622/13432
f 31/88/13433 3664/3618/13434 1806/3622/13435 1985/89/13436
f 3664/3618/13437 878/3612/13438 3660/3611/13439 1806/3622/13440
f 52/146/13441 2128/375/13442 1807/3623/13443 2013/147/13444
f 2128/375/13445 129/380/13446 3667/3624/13447 1807/3623/13448
f 880/3625/13449 3668/3626/13450 1807/3623/13451 3667/3624/13452
f 3668/3626/13453 53/150/13454 2013/147/13455 1807/3623/13456
f 53/150/13457 3668/3626/13458 1808/3627/13459 2023/167/13460
f 3668/3626/13461 880/3625/13462 3669/3628/13463 1808/3627/13464
f 541/1856/13465 2871/1861/13466 1808/3627/13467 3669/3628/13468
f 2871/1861/13469 60/169/13470 2023/167/13471 1808/3627/13472
f 880/3625/13473 3670/3629/13474 1809/3630/13475 3669/3628/13476
f 3670/3629/13477 65/183/13478 2034/191/13479 1809/3630/13480
f 68/190/13481 2868/1857/13482 1809/3630/13483 2034/191/13484
f 2868/1857/13485 541/1856/13486 3669/3628/13487 1809/3630/13488
f 129/380/13489 2131/382/13490 1810/3631/13491 3667/3624/13492
f 2131/382/13493 66/185/13494 2030/184/13495 1810/3631/13496
f 65/183/13497 3670/3629/13498 1810/3631/13499 2030/184/13500
f 3670/3629/13501 880/3625/13502 3667/3624/13503 1810/3631/13504
f 164/486/13505 3671/3632/13506 1811/3633/13507 2181/487/13508
f 3671/3632/13509 881/3634/13510 3672/3635/13511 1811/3633/13512
f 882/3636/13513 3673/3637/13514 1811/3633/13515 3672/3635/13516
f 3673/3637/13517 165/490/13518 2181/487/13519 1811/3633/13520
f 165/490/13521 3673/3637/13522 1812/3638/13523 2191/507/13524
f 3673/3637/13525 882/3636/13526 3674/3639/13527 1812/3638/13528
f 883/3640/13529 3675/3641/13530 1812/3638/13531 3674/3639/13532
f 3675/3641/13533 172/509/13534 2191/507/13535 1812/3638/13536
f 882/3636/13537 3676/3642/13538 1813/3643/13539 3674/3639/13540
f 3676/3642/13541 80/228/13542 2056/236/13543 1813/3643/13544
f 83/235/13545 3677/3644/13546 1813/3643/13547 2056/236/13548
f 3677/3644/13549 883/3640/13550 3674/3639/13551 1813/3643/13552
f 881/3634/13553 3678/3645/13554 1814/3646/13555 3672/3635/13556
f 3678/3645/13557 81/230/13558 2052/229/13559 1814/3646/13560
f 80/228/13561 3676/3642/13562 1814/3646/13563 2052/229/13564
f 3676/3642/13565 882/3636/13566 3672/3635/13567 1814/3646/13568
f 61/171/13569 2028/174/13570 1815/3647/13571 2147/416/13572
f 2028/174/13573 64/179/13574 3679/3648/13575 1815/3647/13576
f 884/3649/13577 3680/3650/13578 1815/3647/13579 3679/3648/13580
f 3680/3650/13581 140/418/13582 2147/416/13583 1815/3647/13584
f 140/418/13585 3680/3650/13586 1816/3651/13587 2155/432/13588
f 3680/3650/13589 884/3649/13590 3681/3652/13591 1816/3651/13592
f 885/3653/13593 3682/3654/13594 1816/3651/13595 3681/3652/13596
f 3682/3654/13597 145/434/13598 2155/432/13599 1816/3651/13600
f 884/3649/13601 3683/3655/13602 1817/3656/13603 3681/3652/13604
f 3683/3655/13605 130/384/13606 2134/391/13607 1817/3656/13608
f 132/390/13609 3684/3657/13610 1817/3656/13611 2134/391/13612
f 3684/3657/13613 885/3653/13614 3681/3652/13615 1817/3656/13616
f 64/179/13617 2031/181/13618 1818/3658/13619 3679/3648/13620
f 2031/181/13621 66/185/13622 2130/385/13623 1818/3658/13624
f 130/384/13625 3683/3655/13626 1818/3658/13627 2130/385/13628
f 3683/3655/13629 884/3649/13630 3679/3648/13631 1818/3658/13632
f 34/96/13633 3663/3617/13634 1819/3659/13635 2115/353/13636
f 3663/3617/13637 879/3616/13638 3685/3660/13639 1819/3659/13640
f 886/3661/13641 3686/3662/13642 1819/3659/13643 3685/3660/13644
f 3686/3662/13645 121/355/13646 2115/353/13647 1819/3659/13648
f 121/355/13649 3686/3662/13650 1820/3663/13651 2123/369/13652
f 3686/3662/13653 886/3661/13654 3687/3664/13655 1820/3663/13656
f 887/3665/13657 3688/3666/13658 1820/3663/13659 3687/3664/13660
f 3688/3666/13661 126/371/13662 2123/369/13663 1820/3663/13664
f 886/3661/13665 3689/3667/13666 1821/3668/13667 3687/3664/13668
f 3689/3667/13669 136/404/13670 2144/411/13671 1821/3668/13672
f 138/410/13673 3690/3669/13674 1821/3668/13675 2144/411/13676
f 3690/3669/13677 887/3665/13678 3687/3664/13679 1821/3668/13680
f 879/3616/13681 3665/3620/13682 1822/3670/13683 3685/3660/13684
f 3665/3620/13685 33/94/13686 2141/405/13687 1822/3670/13688
f 136/404/13689 3689/3667/13690 1822/3670/13691 2141/405/13692
f 3689/3667/13693 886/3661/13694 3685/3660/13695 1822/3670/13696
f 172/509/13697 3675/3641/13698 1823/3671/13699 2766/1637/13700
f 3675/3641/13701 883/3640/13702 3691/3672/13703 1823/3671/13704
f 888/3673/13705 3692/3674/13706 1823/3671/13707 3691/3672/13708
f 3692/3674/13709 501/1635/13710 2766/1637/13711 1823/3671/13712
f 501/1635/13713 3692/3674/13714 1824/3675/13715 2764/1630/13716
f 3692/3674/13717 888/3673/13718 3693/3676/13719 1824/3675/13720
f 480/1554/13721 2726/1560/13722 1824/3675/13723 3693/3676/13724
f 2726/1560/13725 481/1559/13726 2764/1630/13727 1824/3675/13728
f 888/3673/13729 3694/3677/13730 1825/3678/13731 3693/3676/13732
f 3694/3677/13733 454/1439/13734 2664/1444/13735 1825/3678/13736
f 455/1443/13737 2723/1555/13738 1825/3678/13739 2664/1444/13740
f 2723/1555/13741 480/1554/13742 3693/3676/13743 1825/3678/13744
f 883/3640/13745 3677/3644/13746 1826/3679/13747 3691/3672/13748
f 3677/3644/13749 83/235/13750 2662/1440/13751 1826/3679/13752
f 454/1439/13753 3694/3677/13754 1826/3679/13755 2662/1440/13756
f 3694/3677/13757 888/3673/13758 3691/3672/13759 1826/3679/13760
f 163/484/13761 3655/3602/13762 1827/3680/13763 2775/1653/13764
f 3655/3602/13765 876/3601/13766 3695/3681/13767 1827/3680/13768
f 889/3682/13769 3696/3683/13770 1827/3680/13771 3695/3681/13772
f 3696/3683/13773 504/1651/13774 2775/1653/13775 1827/3680/13776
f 504/1651/13777 3696/3683/13778 1828/3684/13779 2773/1647/13780
f 3696/3683/13781 889/3682/13782 3697/3685/13783 1828/3684/13784
f 881/3634/13785 3671/3632/13786 1828/3684/13787 3697/3685/13788
f 3671/3632/13789 164/486/13790 2773/1647/13791 1828/3684/13792
f 889/3682/13793 3698/3686/13794 1829/3687/13795 3697/3685/13796
f 3698/3686/13797 458/1456/13798 2672/1459/13799 1829/3687/13800
f 81/230/13801 3678/3645/13802 1829/3687/13803 2672/1459/13804
f 3678/3645/13805 881/3634/13806 3697/3685/13807 1829/3687/13808
f 876/3601/13809 3657/3605/13810 1830/3688/13811 3695/3681/13812
f 3657/3605/13813 17/45/13814 2671/1457/13815 1830/3688/13816
f 458/1456/13817 3698/3686/13818 1830/3688/13819 2671/1457/13820
f 3698/3686/13821 889/3682/13822 3695/3681/13823 1830/3688/13824
f 126/371/13825 3688/3666/13826 1831/3689/13827 2697/1503/13828
f 3688/3666/13829 887/3665/13830 3699/3690/13831 1831/3689/13832
f 890/3691/13833 3700/3692/13834 1831/3689/13835 3699/3690/13836
f 3700/3692/13837 468/1501/13838 2697/1503/13839 1831/3689/13840
f 468/1501/13841 3700/3692/13842 1832/3693/13843 2695/1497/13844
f 3700/3692/13845 890/3691/13846 3701/3694/13847 1832/3693/13848
f 874/3595/13849 3651/3593/13850 1832/3693/13851 3701/3694/13852
f 3651/3593/13853 155/461/13854 2695/1497/13855 1832/3693/13856
f 890/3691/13857 3702/3695/13858 1833/3696/13859 3701/3694/13860
f 3702/3695/13861 472/1522/13862 2708/1525/13863 1833/3696/13864
f 15/40/13865 3658/3606/13866 1833/3696/13867 2708/1525/13868
f 3658/3606/13869 874/3595/13870 3701/3694/13871 1833/3696/13872
f 887/3665/13873 3690/3669/13874 1834/3697/13875 3699/3690/13876
f 3690/3669/13877 138/410/13878 2707/1523/13879 1834/3697/13880
f 472/1522/13881 3702/3695/13882 1834/3697/13883 2707/1523/13884
f 3702/3695/13885 890/3691/13886 3699/3690/13887 1834/3697/13888
f 145/434/13889 3682/3654/13890 1835/3698/13891 2156/435/13892
f 3682/3654/13893 885/3653/13894 3703/3699/13895 1835/3698/13896
f 891/3700/13897 3704/3701/13898 1835/3698/13899 3703/3699/13900
f 3704/3701/13901 143/428/13902 2156/435/13903 1835/3698/13904
f 143/428/13905 3704/3701/13906 1836/3702/13907 2153/429/13908
f 3704/3701/13909 891/3700/13910 3705/3703/13911 1836/3702/13912
f 451/1429/13913 2655/1426/13914 1836/3702/13915 3705/3703/13916
f 2655/1426/13917 144/430/13918 2153/429/13919 1836/3702/13920
f 891/3700/13921 3706/3704/13922 1837/3705/13923 3705/3703/13924
f 3706/3704/13925 479/1550/13926 2724/1556/13927 1837/3705/13928
f 455/1443/13929 2663/1441/13930 1837/3705/13931 2724/1556/13932
f 2663/1441/13933 451/1429/13934 3705/3703/13935 1837/3705/13936
f 885/3653/13937 3684/3657/13938 1838/3706/13939 3703/3699/13940
f 3684/3657/13941 132/390/13942 2721/1551/13943 1838/3706/13944
f 479/1550/13945 3706/3704/13946 1838/3706/13947 2721/1551/13948
f 3706/3704/13949 891/3700/13950 3703/3699/13951 1838/3706/13952
f 529/1819/13953 2962/3707/13954 1839/3708/13955 2850/1820/13956
f 2962/3707/13957 574/3709/13958 3707/3710/13959 1839/3708/13960
f 892/3711/13961 3708/3712/13962 1839/3708/13963 3707/3710/13964
f 3708/3712/13965 530/1823/13966 2850/1820/13967 1839/3708/13968
f 530/1823/13969 3708/3712/13970 1840/3713/13971 2859/1837/13972
f 3708/3712/13973 892/3711/13974 3709/3714/13975 1840/3713/13976
f 67/188/13977 2036/195/13978 1840/3713/13979 3709/3714/13980
f 2036/195/13981 69/194/13982 2859/1837/13983 1840/3713/13984
f 892/3711/13985 3710/3715/13986 1841/3716/13987 3709/3714/13988
f 3710/3715/13989 539/1851/13990 2869/1858/13991 1841/3716/13992
f 68/190/13993 2033/189/13994 1841/3716/13995 2869/1858/13996
f 2033/189/13997 67/188/13998 3709/3714/13999 1841/3716/14000
f 574/3709/14001 2965/3717/14002 1842/3718/14003 3707/3710/14004
f 2965/3717/14005 540/1853/14006 2865/1852/14007 1842/3718/14008
f 539/1851/14009 3710/3715/14010 1842/3718/14011 2865/1852/14012
f 3710/3715/14013 892/3711/14014 3707/3710/14015 1842/3718/14016
f 535/2052/14017 2863/3719/14018 1843/3720/14019 2953/2053/14020
f 2863/3719/14021 538/3721/14022 3711/3722/14023 1843/3720/14024
f 893/3723/14025 3712/3724/14026 1843/3720/14027 3711/3722/14028
f 3712/3724/14029 570/2056/14030 2953/2053/14031 1843/3720/14032
f 570/2056/14033 3712/3724/14034 1844/3725/14035 2958/2066/14036
f 3712/3724/14037 893/3723/14038 3713/3726/14039 1844/3725/14040
f 877/3610/14041 3659/3608/14042 1844/3725/14043 3713/3726/14044
f 3659/3608/14045 39/110/14046 2958/2066/14047 1844/3725/14048
f 893/3723/14049 3714/3727/14050 1845/3728/14051 3713/3726/14052
f 3714/3727/14053 575/2080/14054 2967/2085/14055 1845/3728/14056
f 32/90/14057 3666/3621/14058 1845/3728/14059 2967/2085/14060
f 3666/3621/14061 877/3610/14062 3713/3726/14063 1845/3728/14064
f 538/3721/14065 2866/3729/14066 1846/3730/14067 3711/3722/14068
f 2866/3729/14069 540/2082/14070 2964/2081/14071 1846/3730/14072
f 575/2080/14073 3714/3727/14074 1846/3730/14075 2964/2081/14076
f 3714/3727/14077 893/3723/14078 3711/3722/14079 1846/3730/14080
f 173/3731/14081 3763/3732/14082 1847/3733/14083 3715/3734/14084
f 3763/3732/14085 896/3735/14086 3716/3736/14087 1847/3733/14088
f 894/3737/14089 3715/3734/14090 1847/3733/14091 3716/3736/14092
f 896/3735/14093 3764/3738/14094 1848/3739/14095 3716/3736/14096
f 3764/3738/14097 897/3740/14098 3717/3741/14099 1848/3739/14100
f 894/3737/14101 3716/3736/14102 1848/3739/14103 3717/3741/14104
f 179/3742/14105 3765/3743/14106 1849/3744/14107 3718/3745/14108
f 3765/3743/14109 899/3746/14110 3719/3747/14111 1849/3744/14112
f 894/3737/14113 3718/3745/14114 1849/3744/14115 3719/3747/14116
f 899/3746/14117 3766/3748/14118 1850/3749/14119 3719/3747/14120
f 3766/3748/14121 900/3750/14122 3720/3751/14123 1850/3749/14124
f 894/3737/14125 3719/3747/14126 1850/3749/14127 3720/3751/14128
f 185/3752/14129 3767/3753/14130 1851/3754/14131 3721/3755/14132
f 3767/3753/14133 902/3756/14134 3722/3757/14135 1851/3754/14136
f 894/3737/14137 3721/3755/14138 1851/3754/14139 3722/3757/14140
f 902/3756/14141 3768/3758/14142 1852/3759/14143 3722/3757/14144
f 3768/3758/14145 903/3760/14146 3723/3761/14147 1852/3759/14148
f 894/3737/14149 3722/3757/14150 1852/3759/14151 3723/3761/14152
f 191/3762/14153 3769/3763/14154 1853/3764/14155 3724/3765/14156
f 3769/3763/14157 905/3766/14158 3725/3767/14159 1853/3764/14160
f 894/3737/14161 3724/3765/14162 1853/3764/14163 3725/3767/14164
f 905/3766/14165 3770/3768/14166 1854/3769/14167 3725/3767/14168
f 3770/3768/14169 906/3770/14170 3726/3771/14171 1854/3769/14172
f 894/3737/14173 3725/3767/14174 1854/3769/14175 3726/3771/14176
f 197/3772/14177 3771/3773/14178 1855/3774/14179 3727/3775/14180
f 3771/3773/14181 908/3776/14182 3728/3777/14183 1855/3774/14184
f 894/3737/14185 3727/3775/14186 1855/3774/14187 3728/3777/14188
f 908/3776/14189 3772/3778/14190 1856/3779/14191 3728/3777/14192
f 3772/3778/14193 909/3780/14194 3729/3781/14195 1856/3779/14196
f 894/3737/14197 3728/3777/14198 1856/3779/14199 3729/3781/14200
f 203/3782/14201 3773/3783/14202 1857/3784/14203 3730/3785/14204
f 3773/3783/14205 911/3786/14206 3731/3787/14207 1857/3784/14208
f 894/3737/14209 3730/3785/14210 1857/3784/14211 3731/3787/14212
f 911/3786/14213 3774/3788/14214 1858/3789/14215 3731/3787/14216
f 3774/3788/14217 912/3790/14218 3732/3791/14219 1858/3789/14220
f 894/3737/14221 3731/3787/14222 1858/3789/14223 3732/3791/14224
f 527/3792/14225 3775/3793/14226 1859/3794/14227 3733/3795/14228
f 3775/3793/14229 173/3731/14230 3715/3734/14231 1859/3794/14232
f 894/3737/14233 3733/3795/14234 1859/3794/14235 3715/3734/14236
f 903/3760/14237 3776/3796/14238 1860/3797/14239 3723/3761/14240
f 3776/3796/14241 527/3792/14242 3733/3795/14243 1860/3797/14244
f 894/3737/14245 3723/3761/14246 1860/3797/14247 3733/3795/14248
f 914/3798/14249 3777/3799/14250 1861/3800/14251 3734/3801/14252
f 3777/3799/14253 179/3742/14254 3718/3745/14255 1861/3800/14256
f 894/3737/14257 3734/3801/14258 1861/3800/14259 3718/3745/14260
f 897/3740/14261 3778/3802/14262 1862/3803/14263 3717/3741/14264
f 3778/3802/14265 914/3798/14266 3734/3801/14267 1862/3803/14268
f 894/3737/14269 3717/3741/14270 1862/3803/14271 3734/3801/14272
f 602/3804/14273 3779/3805/14274 1863/3806/14275 3735/3807/14276
f 3779/3805/14277 185/3752/14278 3721/3755/14279 1863/3806/14280
f 894/3737/14281 3735/3807/14282 1863/3806/14283 3721/3755/14284
f 909/3780/14285 3780/3808/14286 1864/3809/14287 3729/3781/14288
f 3780/3808/14289 602/3804/14290 3735/3807/14291 1864/3809/14292
f 894/3737/14293 3729/3781/14294 1864/3809/14295 3735/3807/14296
f 916/3810/14297 3781/3811/14298 1865/3812/14299 3736/3813/14300
f 3781/3811/14301 191/3762/14302 3724/3765/14303 1865/3812/14304
f 894/3737/14305 3736/3813/14306 1865/3812/14307 3724/3765/14308
f 900/3750/14309 3782/3814/14310 1866/3815/14311 3720/3751/14312
f 3782/3814/14313 916/3810/14314 3736/3813/14315 1866/3815/14316
f 894/3737/14317 3720/3751/14318 1866/3815/14319 3736/3813/14320
f 917/3816/14321 3783/3817/14322 1867/3818/14323 3737/3819/14324
f 3783/3817/14325 203/3782/14326 3730/3785/14327 1867/3818/14328
f 894/3737/14329 3737/3819/14330 1867/3818/14331 3730/3785/14332
f 906/3770/14333 3784/3820/14334 1868/3821/14335 3726/3771/14336
f 3784/3820/14337 917/3816/14338 3737/3819/14339 1868/3821/14340
f 894/3737/14341 3726/3771/14342 1868/3821/14343 3737/3819/14344
f 612/3822/14345 3785/3823/14346 1869/3824/14347 3738/3825/14348
f 3785/3823/14349 197/3772/14350 3727/3775/14351 1869/3824/14352
f 894/3737/14353 3738/3825/14354 1869/3824/14355 3727/3775/14356
f 912/3790/14357 3786/3826/14358 1870/3827/14359 3732/3791/14360
f 3786/3826/14361 612/3822/14362 3738/3825/14363 1870/3827/14364
f 894/3737/14365 3732/3791/14366 1870/3827/14367 3738/3825/14368
f 174/511/14369 3789/3828/14370 1871/3829/14371 2193/523/14372
f 3789/3828/14373 921/3830/14374 3835/3831/14375 1871/3829/14376
f 920/3832/14377 3739/3833/14378 1871/3829/14379 3835/3831/14380
f 3739/3833/14381 895/520/14382 2193/523/14383 1871/3829/14384
f 175/519/14385 3791/3834/14386 1872/3835/14387 2194/514/14388
f 3791/3834/14389 923/3836/14390 3837/3837/14391 1872/3835/14392
f 921/3830/14393 3789/3828/14394 1872/3835/14395 3837/3837/14396
f 3789/3828/14397 174/511/14398 2194/514/14399 1872/3835/14400
f 180/526/14401 3795/3838/14402 1873/3839/14403 2200/538/14404
f 3795/3838/14405 927/3840/14406 3839/3841/14407 1873/3839/14408
f 926/3842/14409 3742/3843/14410 1873/3839/14411 3839/3841/14412
f 3742/3843/14413 898/535/14414 2200/538/14415 1873/3839/14416
f 181/534/14417 3797/3844/14418 1874/3845/14419 2201/529/14420
f 3797/3844/14421 929/3846/14422 3841/3847/14423 1874/3845/14424
f 927/3840/14425 3795/3838/14426 1874/3845/14427 3841/3847/14428
f 3795/3838/14429 180/526/14430 2201/529/14431 1874/3845/14432
f 186/541/14433 3801/3848/14434 1875/3849/14435 2207/553/14436
f 3801/3848/14437 933/3850/14438 3843/3851/14439 1875/3849/14440
f 932/3852/14441 3745/3853/14442 1875/3849/14443 3843/3851/14444
f 3745/3853/14445 901/550/14446 2207/553/14447 1875/3849/14448
f 187/549/14449 3803/3854/14450 1876/3855/14451 2208/544/14452
f 3803/3854/14453 935/3856/14454 3845/3857/14455 1876/3855/14456
f 933/3850/14457 3801/3848/14458 1876/3855/14459 3845/3857/14460
f 3801/3848/14461 186/541/14462 2208/544/14463 1876/3855/14464
f 192/556/14465 3807/3858/14466 1877/3859/14467 2214/568/14468
f 3807/3858/14469 939/3860/14470 3847/3861/14471 1877/3859/14472
f 938/3862/14473 3748/3863/14474 1877/3859/14475 3847/3861/14476
f 3748/3863/14477 904/565/14478 2214/568/14479 1877/3859/14480
f 193/564/14481 3809/3864/14482 1878/3865/14483 2215/559/14484
f 3809/3864/14485 941/3866/14486 3849/3867/14487 1878/3865/14488
f 939/3860/14489 3807/3858/14490 1878/3865/14491 3849/3867/14492
f 3807/3858/14493 192/556/14494 2215/559/14495 1878/3865/14496
f 198/571/14497 3813/3868/14498 1879/3869/14499 2221/583/14500
f 3813/3868/14501 945/3870/14502 3851/3871/14503 1879/3869/14504
f 944/3872/14505 3751/3873/14506 1879/3869/14507 3851/3871/14508
f 3751/3873/14509 907/580/14510 2221/583/14511 1879/3869/14512
f 199/579/14513 3815/3874/14514 1880/3875/14515 2222/574/14516
f 3815/3874/14517 947/3876/14518 3853/3877/14519 1880/3875/14520
f 945/3870/14521 3813/3868/14522 1880/3875/14523 3853/3877/14524
f 3813/3868/14525 198/571/14526 2222/574/14527 1880/3875/14528
f 204/586/14529 3819/3878/14530 1881/3879/14531 2228/598/14532
f 3819/3878/14533 951/3880/14534 3855/3881/14535 1881/3879/14536
f 950/3882/14537 3754/3883/14538 1881/3879/14539 3855/3881/14540
f 3754/3883/14541 910/595/14542 2228/598/14543 1881/3879/14544
f 205/594/14545 3821/3884/14546 1882/3885/14547 2229/589/14548
f 3821/3884/14549 953/3886/14550 3857/3887/14551 1882/3885/14552
f 951/3880/14553 3819/3878/14554 1882/3885/14555 3857/3887/14556
f 3819/3878/14557 204/586/14558 2229/589/14559 1882/3885/14560
f 895/1802/14561 3739/3888/14562 1883/3889/14563 2843/1803/14564
f 3739/3888/14565 920/3890/14566 3859/3891/14567 1883/3889/14568
f 956/3892/14569 3757/3893/14570 1883/3889/14571 3859/3891/14572
f 3757/3893/14573 913/1806/14574 2843/1803/14575 1883/3889/14576
f 913/1806/14577 3757/3893/14578 1884/3894/14579 2845/1808/14580
f 3757/3893/14581 956/3892/14582 3861/3895/14583 1884/3894/14584
f 935/3856/14585 3803/3854/14586 1884/3894/14587 3861/3895/14588
f 3803/3854/14589 187/549/14590 2845/1808/14591 1884/3894/14592
f 898/535/14593 3742/3843/14594 1885/3896/14595 2940/2018/14596
f 3742/3843/14597 926/3842/14598 3863/3897/14599 1885/3896/14600
f 957/3898/14601 3825/3899/14602 1885/3896/14603 3863/3897/14604
f 3825/3899/14605 566/2020/14606 2940/2018/14607 1885/3896/14608
f 566/2020/14609 3825/3899/14610 1886/3900/14611 2942/2022/14612
f 3825/3899/14613 957/3898/14614 3865/3901/14615 1886/3900/14616
f 923/3836/14617 3791/3834/14618 1886/3900/14619 3865/3901/14620
f 3791/3834/14621 175/519/14622 2942/2022/14623 1886/3900/14624
f 901/550/14625 3745/3853/14626 1887/3902/14627 3051/2260/14628
f 3745/3853/14629 932/3852/14630 3867/3903/14631 1887/3902/14632
f 960/3904/14633 3759/3905/14634 1887/3902/14635 3867/3903/14636
f 3759/3905/14637 915/2262/14638 3051/2260/14639 1887/3902/14640
f 915/2262/14641 3759/3905/14642 1888/3906/14643 3053/2264/14644
f 3759/3905/14645 960/3904/14646 3869/3907/14647 1888/3906/14648
f 947/3876/14649 3815/3874/14650 1888/3906/14651 3869/3907/14652
f 3815/3874/14653 199/579/14654 3053/2264/14655 1888/3906/14656
f 904/565/14657 3748/3863/14658 1889/3908/14659 3054/2266/14660
f 3748/3863/14661 938/3862/14662 3871/3909/14663 1889/3908/14664
f 961/3910/14665 3829/3911/14666 1889/3908/14667 3871/3909/14668
f 3829/3911/14669 603/2268/14670 3054/2266/14671 1889/3908/14672
f 603/2268/14673 3829/3911/14674 1890/3912/14675 3056/2270/14676
f 3829/3911/14677 961/3910/14678 3873/3913/14679 1890/3912/14680
f 929/3846/14681 3797/3844/14682 1890/3912/14683 3873/3913/14684
f 3797/3844/14685 181/534/14686 3056/2270/14687 1890/3912/14688
f 910/595/14689 3754/3883/14690 1891/3914/14691 3081/2329/14692
f 3754/3883/14693 950/3882/14694 3875/3915/14695 1891/3914/14696
f 963/3916/14697 3831/3917/14698 1891/3914/14699 3875/3915/14700
f 3831/3917/14701 610/2331/14702 3081/2329/14703 1891/3914/14704
f 610/2331/14705 3831/3917/14706 1892/3918/14707 3084/2335/14708
f 3831/3917/14709 963/3916/14710 3877/3919/14711 1892/3918/14712
f 941/3866/14713 3809/3864/14714 1892/3918/14715 3877/3919/14716
f 3809/3864/14717 193/564/14718 3084/2335/14719 1892/3918/14720
f 907/580/14721 3751/3873/14722 1893/3920/14723 3086/2338/14724
f 3751/3873/14725 944/3872/14726 3879/3921/14727 1893/3920/14728
f 966/3922/14729 3762/3923/14730 1893/3920/14731 3879/3921/14732
f 3762/3923/14733 918/2340/14734 3086/2338/14735 1893/3920/14736
f 918/2340/14737 3762/3923/14738 1894/3924/14739 3089/2344/14740
f 3762/3923/14741 966/3922/14742 3881/3925/14743 1894/3924/14744
f 953/3886/14745 3821/3884/14746 1894/3924/14747 3881/3925/14748
f 3821/3884/14749 205/594/14750 3089/2344/14751 1894/3924/14752
f 921/3926/14753 3790/3927/14754 1895/3928/14755 3835/3929/14756
f 3790/3927/14757 922/3930/14758 3836/3931/14759 1895/3928/14760
f 919/3932/14761 3788/3933/14762 1895/3928/14763 3836/3931/14764
f 3788/3933/14765 920/3934/14766 3835/3929/14767 1895/3928/14768
f 922/3930/14769 3740/3935/14770 1896/3936/14771 3836/3931/14772
f 3740/3935/14773 896/3735/14774 3763/3732/14775 1896/3936/14776
f 173/3731/14777 3787/3937/14778 1896/3936/14779 3763/3732/14780
f 3787/3937/14781 919/3932/14782 3836/3931/14783 1896/3936/14784
f 923/3938/14785 3792/3939/14786 1897/3940/14787 3837/3941/14788
f 3792/3939/14789 924/3942/14790 3838/3943/14791 1897/3940/14792
f 922/3930/14793 3790/3927/14794 1897/3940/14795 3838/3943/14796
f 3790/3927/14797 921/3926/14798 3837/3941/14799 1897/3940/14800
f 924/3942/14801 3741/3944/14802 1898/3945/14803 3838/3943/14804
f 3741/3944/14805 897/3740/14806 3764/3738/14807 1898/3945/14808
f 896/3735/14809 3740/3935/14810 1898/3945/14811 3764/3738/14812
f 3740/3935/14813 922/3930/14814 3838/3943/14815 1898/3945/14816
f 927/3946/14817 3796/3947/14818 1899/3948/14819 3839/3949/14820
f 3796/3947/14821 928/3950/14822 3840/3951/14823 1899/3948/14824
f 925/3952/14825 3794/3953/14826 1899/3948/14827 3840/3951/14828
f 3794/3953/14829 926/3954/14830 3839/3949/14831 1899/3948/14832
f 928/3950/14833 3743/3955/14834 1900/3956/14835 3840/3951/14836
f 3743/3955/14837 899/3746/14838 3765/3743/14839 1900/3956/14840
f 179/3742/14841 3793/3957/14842 1900/3956/14843 3765/3743/14844
f 3793/3957/14845 925/3952/14846 3840/3951/14847 1900/3956/14848
f 929/3958/14849 3798/3959/14850 1901/3960/14851 3841/3961/14852
f 3798/3959/14853 930/3962/14854 3842/3963/14855 1901/3960/14856
f 928/3950/14857 3796/3947/14858 1901/3960/14859 3842/3963/14860
f 3796/3947/14861 927/3946/14862 3841/3961/14863 1901/3960/14864
f 930/3962/14865 3744/3964/14866 1902/3965/14867 3842/3963/14868
f 3744/3964/14869 900/3750/14870 3766/3748/14871 1902/3965/14872
f 899/3746/14873 3743/3955/14874 1902/3965/14875 3766/3748/14876
f 3743/3955/14877 928/3950/14878 3842/3963/14879 1902/3965/14880
f 933/3966/14881 3802/3967/14882 1903/3968/14883 3843/3969/14884
f 3802/3967/14885 934/3970/14886 3844/3971/14887 1903/3968/14888
f 931/3972/14889 3800/3973/14890 1903/3968/14891 3844/3971/14892
f 3800/3973/14893 932/3974/14894 3843/3969/14895 1903/3968/14896
f 934/3970/14897 3746/3975/14898 1904/3976/14899 3844/3971/14900
f 3746/3975/14901 902/3756/14902 3767/3753/14903 1904/3976/14904
f 185/3752/14905 3799/3977/14906 1904/3976/14907 3767/3753/14908
f 3799/3977/14909 931/3972/14910 3844/3971/14911 1904/3976/14912
f 935/3978/14913 3804/3979/14914 1905/3980/14915 3845/3981/14916
f 3804/3979/14917 936/3982/14918 3846/3983/14919 1905/3980/14920
f 934/3970/14921 3802/3967/14922 1905/3980/14923 3846/3983/14924
f 3802/3967/14925 933/3966/14926 3845/3981/14927 1905/3980/14928
f 936/3982/14929 3747/3984/14930 1906/3985/14931 3846/3983/14932
f 3747/3984/14933 903/3760/14934 3768/3758/14935 1906/3985/14936
f 902/3756/14937 3746/3975/14938 1906/3985/14939 3768/3758/14940
f 3746/3975/14941 934/3970/14942 3846/3983/14943 1906/3985/14944
f 939/3986/14945 3808/3987/14946 1907/3988/14947 3847/3989/14948
f 3808/3987/14949 940/3990/14950 3848/3991/14951 1907/3988/14952
f 937/3992/14953 3806/3993/14954 1907/3988/14955 3848/3991/14956
f 3806/3993/14957 938/3994/14958 3847/3989/14959 1907/3988/14960
f 940/3990/14961 3749/3995/14962 1908/3996/14963 3848/3991/14964
f 3749/3995/14965 905/3766/14966 3769/3763/14967 1908/3996/14968
f 191/3762/14969 3805/3997/14970 1908/3996/14971 3769/3763/14972
f 3805/3997/14973 937/3992/14974 3848/3991/14975 1908/3996/14976
f 941/3998/14977 3810/3999/14978 1909/4000/14979 3849/4001/14980
f 3810/3999/14981 942/4002/14982 3850/4003/14983 1909/4000/14984
f 940/3990/14985 3808/3987/14986 1909/4000/14987 3850/4003/14988
f 3808/3987/14989 939/3986/14990 3849/4001/14991 1909/4000/14992
f 942/4002/14993 3750/4004/14994 1910/4005/14995 3850/4003/14996
f 3750/4004/14997 906/3770/14998 3770/3768/14999 1910/4005/15000
f 905/3766/15001 3749/3995/15002 1910/4005/15003 3770/3768/15004
f 3749/3995/15005 940/3990/15006 3850/4003/15007 1910/4005/15008
f 945/4006/15009 3814/4007/15010 1911/4008/15011 3851/4009/15012
f 3814/4007/15013 946/4010/15014 3852/4011/15015 1911/4008/15016
f 943/4012/15017 3812/4013/15018 1911/4008/15019 3852/4011/15020
f 3812/4013/15021 944/4014/15022 3851/4009/15023 1911/4008/15024
f 946/4010/15025 3752/4015/15026 1912/4016/15027 3852/4011/15028
f 3752/4015/15029 908/3776/15030 3771/3773/15031 1912/4016/15032
f 197/3772/15033 3811/4017/15034 1912/4016/15035 3771/3773/15036
f 3811/4017/15037 943/4012/15038 3852/4011/15039 1912/4016/15040
f 947/4018/15041 3816/4019/15042 1913/4020/15043 3853/4021/15044
f 3816/4019/15045 948/4022/15046 3854/4023/15047 1913/4020/15048
f 946/4010/15049 3814/4007/15050 1913/4020/15051 3854/4023/15052
f 3814/4007/15053 945/4006/15054 3853/4021/15055 1913/4020/15056
f 948/4022/15057 3753/4024/15058 1914/4025/15059 3854/4023/15060
f 3753/4024/15061 909/3780/15062 3772/3778/15063 1914/4025/15064
f 908/3776/15065 3752/4015/15066 1914/4025/15067 3772/3778/15068
f 3752/4015/15069 946/4010/15070 3854/4023/15071 1914/4025/15072
f 951/4026/15073 3820/4027/15074 1915/4028/15075 3855/4029/15076
f 3820/4027/15077 952/4030/15078 3856/4031/15079 1915/4028/15080
f 949/4032/15081 3818/4033/15082 1915/4028/15083 3856/4031/15084
f 3818/4033/15085 950/4034/15086 3855/4029/15087 1915/4028/15088
f 952/4030/15089 3755/4035/15090 1916/4036/15091 3856/4031/15092
f 3755/4035/15093 911/3786/15094 3773/3783/15095 1916/4036/15096
f 203/3782/15097 3817/4037/15098 1916/4036/15099 3773/3783/15100
f 3817/4037/15101 949/4032/15102 3856/4031/15103 1916/4036/15104
f 953/4038/15105 3822/4039/15106 1917/4040/15107 3857/4041/15108
f 3822/4039/15109 954/4042/15110 3858/4043/15111 1917/4040/15112
f 952/4030/15113 3820/4027/15114 1917/4040/15115 3858/4043/15116
f 3820/4027/15117 951/4026/15118 3857/4041/15119 1917/4040/15120
f 954/4042/15121 3756/4044/15122 1918/4045/15123 3858/4043/15124
f 3756/4044/15125 912/3790/15126 3774/3788/15127 1918/4045/15128
f 911/3786/15129 3755/4035/15130 1918/4045/15131 3774/3788/15132
f 3755/4035/15133 952/4030/15134 3858/4043/15135 1918/4045/15136
f 920/4046/15137 3788/4047/15138 1919/4048/15139 3859/4049/15140
f 3788/4047/15141 919/4050/15142 3860/4051/15143 1919/4048/15144
f 955/4052/15145 3824/4053/15146 1919/4048/15147 3860/4051/15148
f 3824/4053/15149 956/4054/15150 3859/4049/15151 1919/4048/15152
f 919/4050/15153 3787/4055/15154 1920/4056/15155 3860/4051/15156
f 3787/4055/15157 173/3731/15158 3775/3793/15159 1920/4056/15160
f 527/3792/15161 3823/4057/15162 1920/4056/15163 3775/3793/15164
f 3823/4057/15165 955/4052/15166 3860/4051/15167 1920/4056/15168
f 956/4054/15169 3824/4053/15170 1921/4058/15171 3861/4059/15172
f 3824/4053/15173 955/4052/15174 3862/4060/15175 1921/4058/15176
f 936/3982/15177 3804/3979/15178 1921/4058/15179 3862/4060/15180
f 3804/3979/15181 935/3978/15182 3861/4059/15183 1921/4058/15184
f 955/4052/15185 3823/4057/15186 1922/4061/15187 3862/4060/15188
f 3823/4057/15189 527/3792/15190 3776/3796/15191 1922/4061/15192
f 903/3760/15193 3747/3984/15194 1922/4061/15195 3776/3796/15196
f 3747/3984/15197 936/3982/15198 3862/4060/15199 1922/4061/15200
f 926/3954/15201 3794/3953/15202 1923/4062/15203 3863/4063/15204
f 3794/3953/15205 925/3952/15206 3864/4064/15207 1923/4062/15208
f 958/4065/15209 3826/4066/15210 1923/4062/15211 3864/4064/15212
f 3826/4066/15213 957/4067/15214 3863/4063/15215 1923/4062/15216
f 925/3952/15217 3793/3957/15218 1924/4068/15219 3864/4064/15220
f 3793/3957/15221 179/3742/15222 3777/3799/15223 1924/4068/15224
f 914/3798/15225 3758/4069/15226 1924/4068/15227 3777/3799/15228
f 3758/4069/15229 958/4065/15230 3864/4064/15231 1924/4068/15232
f 957/4067/15233 3826/4066/15234 1925/4070/15235 3865/4071/15236
f 3826/4066/15237 958/4065/15238 3866/4072/15239 1925/4070/15240
f 924/3942/15241 3792/3939/15242 1925/4070/15243 3866/4072/15244
f 3792/3939/15245 923/3938/15246 3865/4071/15247 1925/4070/15248
f 958/4065/15249 3758/4069/15250 1926/4073/15251 3866/4072/15252
f 3758/4069/15253 914/3798/15254 3778/3802/15255 1926/4073/15256
f 897/3740/15257 3741/3944/15258 1926/4073/15259 3778/3802/15260
f 3741/3944/15261 924/3942/15262 3866/4072/15263 1926/4073/15264
f 932/3974/15265 3800/3973/15266 1927/4074/15267 3867/4075/15268
f 3800/3973/15269 931/3972/15270 3868/4076/15271 1927/4074/15272
f 959/4077/15273 3828/4078/15274 1927/4074/15275 3868/4076/15276
f 3828/4078/15277 960/4079/15278 3867/4075/15279 1927/4074/15280
f 931/3972/15281 3799/3977/15282 1928/4080/15283 3868/4076/15284
f 3799/3977/15285 185/3752/15286 3779/3805/15287 1928/4080/15288
f 602/3804/15289 3827/4081/15290 1928/4080/15291 3779/3805/15292
f 3827/4081/15293 959/4077/15294 3868/4076/15295 1928/4080/15296
f 960/4079/15297 3828/4078/15298 1929/4082/15299 3869/4083/15300
f 3828/4078/15301 959/4077/15302 3870/4084/15303 1929/4082/15304
f 948/4022/15305 3816/4019/15306 1929/4082/15307 3870/4084/15308
f 3816/4019/15309 947/4018/15310 3869/4083/15311 1929/4082/15312
f 959/4077/15313 3827/4081/15314 1930/4085/15315 3870/4084/15316
f 3827/4081/15317 602/3804/15318 3780/3808/15319 1930/4085/15320
f 909/3780/15321 3753/4024/15322 1930/4085/15323 3780/3808/15324
f 3753/4024/15325 948/4022/15326 3870/4084/15327 1930/4085/15328
f 938/3994/15329 3806/3993/15330 1931/4086/15331 3871/4087/15332
f 3806/3993/15333 937/3992/15334 3872/4088/15335 1931/4086/15336
f 962/4089/15337 3830/4090/15338 1931/4086/15339 3872/4088/15340
f 3830/4090/15341 961/4091/15342 3871/4087/15343 1931/4086/15344
f 937/3992/15345 3805/3997/15346 1932/4092/15347 3872/4088/15348
f 3805/3997/15349 191/3762/15350 3781/3811/15351 1932/4092/15352
f 916/3810/15353 3760/4093/15354 1932/4092/15355 3781/3811/15356
f 3760/4093/15357 962/4089/15358 3872/4088/15359 1932/4092/15360
f 961/4091/15361 3830/4090/15362 1933/4094/15363 3873/4095/15364
f 3830/4090/15365 962/4089/15366 3874/4096/15367 1933/4094/15368
f 930/3962/15369 3798/3959/15370 1933/4094/15371 3874/4096/15372
f 3798/3959/15373 929/3958/15374 3873/4095/15375 1933/4094/15376
f 962/4089/15377 3760/4093/15378 1934/4097/15379 3874/4096/15380
f 3760/4093/15381 916/3810/15382 3782/3814/15383 1934/4097/15384
f 900/3750/15385 3744/3964/15386 1934/4097/15387 3782/3814/15388
f 3744/3964/15389 930/3962/15390 3874/4096/15391 1934/4097/15392
f 950/4034/15393 3818/4033/15394 1935/4098/15395 3875/4099/15396
f 3818/4033/15397 949/4032/15398 3876/4100/15399 1935/4098/15400
f 964/4101/15401 3832/4102/15402 1935/4098/15403 3876/4100/15404
f 3832/4102/15405 963/4103/15406 3875/4099/15407 1935/4098/15408
f 949/4032/15409 3817/4037/15410 1936/4104/15411 3876/4100/15412
f 3817/4037/15413 203/3782/15414 3783/3817/15415 1936/4104/15416
f 917/3816/15417 3761/4105/15418 1936/4104/15419 3783/3817/15420
f 3761/4105/15421 964/4101/15422 3876/4100/15423 1936/4104/15424
f 963/4103/15425 3832/4102/15426 1937/4106/15427 3877/4107/15428
f 3832/4102/15429 964/4101/15430 3878/4108/15431 1937/4106/15432
f 942/4002/15433 3810/3999/15434 1937/4106/15435 3878/4108/15436
f 3810/3999/15437 941/3998/15438 3877/4107/15439 1937/4106/15440
f 964/4101/15441 3761/4105/15442 1938/4109/15443 3878/4108/15444
f 3761/4105/15445 917/3816/15446 3784/3820/15447 1938/4109/15448
f 906/3770/15449 3750/4004/15450 1938/4109/15451 3784/3820/15452
f 3750/4004/15453 942/4002/15454 3878/4108/15455 1938/4109/15456
f 944/4014/15457 3812/4013/15458 1939/4110/15459 3879/4111/15460
f 3812/4013/15461 943/4012/15462 3880/4112/15463 1939/4110/15464
f 965/4113/15465 3834/4114/15466 1939/4110/15467 3880/4112/15468
f 3834/4114/15469 966/4115/15470 3879/4111/15471 1939/4110/15472
f 943/4012/15473 3811/4017/15474 1940/4116/15475 3880/4112/15476
f 3811/4017/15477 197/3772/15478 3785/3823/15479 1940/4116/15480
f 612/3822/15481 3833/4117/15482 1940/4116/15483 3785/3823/15484
f 3833/4117/15485 965/4113/15486 3880/4112/15487 1940/4116/15488
f 966/4115/15489 3834/4114/15490 1941/4118/15491 3881/4119/15492
f 3834/4114/15493 965/4113/15494 3882/4120/15495 1941/4118/15496
f 954/4042/15497 3822/4039/15498 1941/4118/15499 3882/4120/15500
f 3822/4039/15501 953/4038/15502 3881/4119/15503 1941/4118/15504
f 965/4113/15505 3833/4117/15506 1942/4121/15507 3882/4120/15508
f 3833/4117/15509 612/3822/15510 3786/3826/15511 1942/4121/15512
f 912/3790/15513 3756/4044/15514 1942/4121/15515 3786/3826/15516
f 3756/4044/15517 954/4042/15518 3882/4120/15519 1942/4121/15520
