# This file uses centimeters as units for non-parametric coordinates.

mtllib shelf_1.mtl
adobe_mdllib shelf_1.mdl
g default
v -37.509834 40.669960 -14.201219
v 23.418362 40.669960 -14.399399
v 23.519964 40.669960 14.217430
v -37.408340 40.669960 14.399391
v 23.418362 38.737701 14.217430
v -37.408348 40.711071 14.217430
v -75.021324 23.869024 -14.268420
v -14.040476 23.869024 -14.399399
v -13.991522 23.869024 14.254302
v -74.988686 23.869024 14.399391
v -14.040476 21.974588 14.254302
v -74.988686 23.947960 14.254302
v 13.945635 38.737720 -14.317391
v 13.945632 0.081488 -14.399399
v 13.945677 0.000000 14.276985
v 13.945679 38.692394 14.399391
v 12.018200 0.081465 14.276985
v 13.991570 38.692394 14.276985
v 13.991524 18.028957 -14.219346
v 74.916855 18.028957 -14.399399
v 75.021324 18.028957 14.228526
v 14.032319 18.028957 14.399391
v 74.916855 16.137810 14.228526
v 14.032319 18.111181 14.228526
v -14.788584 62.880932 -14.163178
v 46.159683 62.880932 -14.399399
v 46.241219 62.880932 14.217652
v -14.671038 62.880932 14.399399
v 46.159683 60.979919 14.217652
v -14.671040 62.953289 14.217652
v 48.135612 93.487328 -14.242058
v 48.135605 18.209021 -14.399394
v 48.135651 18.111124 14.312454
v 48.135651 93.422020 14.399396
v 46.241219 18.208961 14.312454
v 48.214584 93.422020 14.312454
v -14.764204 23.947960 14.254302
v -74.988686 21.974588 14.254302
v -44.562721 23.947960 14.254303
v -74.988686 23.869024 -14.399399
v -14.040476 23.869024 14.399391
v -14.040476 23.947960 14.254302
v -74.321251 21.974588 14.254302
v -74.321251 23.869024 -14.399399
v -44.562714 21.974588 14.254302
v -14.764202 23.869024 -14.399399
v -44.562721 23.869024 14.399391
v -14.764200 21.974588 14.254302
v -14.764204 23.869024 14.399391
v -74.321251 23.869024 14.399391
v -74.321251 23.947960 14.254302
v -36.817581 40.711071 14.217430
v -37.408340 38.737701 14.217430
v -36.817589 40.669960 14.399391
v -37.408348 40.669960 -14.399399
v 23.418362 40.669960 14.399391
v 23.418362 40.711071 14.217430
v 22.712343 38.737701 14.217430
v 22.712343 40.669960 -14.399399
v -36.817581 40.669960 -14.399399
v -7.110193 40.669960 -14.399399
v 12.574644 0.081465 14.399391
v 12.574599 19.371616 -14.399399
v -36.817589 38.737701 14.217430
v -7.110193 38.737701 14.217430
v 12.574645 38.369442 14.399391
v 12.574596 0.081488 -14.399399
v 22.712341 40.669960 14.399391
v -7.110195 40.669960 14.399391
v -7.110193 39.335636 14.399391
v 22.712343 40.711071 14.217430
v -7.110195 40.711071 14.217430
v 12.574601 38.737720 -14.317391
v 12.574601 38.369461 -14.399399
v -44.562714 23.869024 -14.399399
v -44.562714 23.385550 -14.399399
v -74.321251 23.385550 14.399391
v -14.764204 23.385550 14.399391
v -44.562714 22.576468 14.399391
v -14.764202 23.385550 -14.399399
v -74.321251 23.385550 -14.399399
v -14.040476 23.385550 14.399391
v -74.988686 23.385550 -14.399399
v -74.988686 23.385550 14.399391
v -13.991522 23.385550 14.254302
v -14.040476 23.385550 -14.399399
v -75.021324 23.385550 -14.268420
v -75.021324 22.073257 -14.268420
v -14.040476 22.073257 -14.399399
v -13.991522 22.073257 14.254302
v -74.988686 22.073257 14.399391
v -74.988686 22.073257 -14.399399
v -14.040476 22.073257 14.399391
v -74.321251 22.073257 -14.399399
v -14.764204 22.073257 -14.399399
v -44.562714 22.073257 14.399391
v -14.764200 22.073257 14.399391
v -74.321251 22.073257 14.399391
v -44.562714 22.073257 -14.399399
v 22.712343 39.335636 -14.399399
v -7.110193 40.197781 14.399391
v 22.712343 39.335636 14.399391
v 22.712343 40.197781 14.399391
v -7.110195 39.335636 -14.399399
v -7.110195 40.197781 -14.399399
v 12.574644 0.407161 14.399391
v -36.817581 40.197781 -14.399399
v 22.712343 40.197781 -14.399399
v 23.418362 40.197781 14.399391
v -37.408348 40.197781 -14.399399
v -36.817589 40.197781 14.399391
v -37.408340 40.197781 14.399391
v 23.519964 40.197781 14.217430
v 23.418362 40.197781 -14.399399
v -37.509834 40.197781 -14.201219
v -37.509834 38.821133 -14.201219
v 23.418362 38.821133 -14.399399
v 23.519964 38.821133 14.217430
v -37.408340 38.821133 14.399391
v -36.817589 38.821133 14.399391
v -37.408348 38.821133 -14.399399
v 23.418362 38.821133 14.399391
v 22.712343 38.821133 -14.399399
v -36.817581 38.821133 -14.399399
v -7.110195 38.821133 -14.399399
v 12.574645 38.692394 14.399391
v 22.712343 38.821133 14.399391
v -7.110195 38.821133 14.399391
v 12.574644 0.000000 14.276985
v 12.574598 0.407184 -14.399399
v -14.111879 62.953289 14.217652
v -14.671038 60.979919 14.217652
v -14.111881 62.880932 14.399399
v -14.671040 62.880932 -14.399399
v -14.671040 62.377911 -14.399399
v -14.111881 62.377911 14.399399
v -14.671038 62.377911 14.399399
v 46.241219 62.377911 14.217652
v 46.159683 62.377911 -14.399399
v -14.788584 62.377911 -14.163178
v -14.788584 61.032925 -14.163178
v 46.159683 61.032925 -14.399399
v 46.241219 61.032925 14.217652
v -14.671038 61.032925 14.399399
v -14.111881 61.032925 14.399399
v -14.671040 61.032925 -14.399399
v 46.159683 61.032925 14.399399
v 45.606430 61.032925 -14.399399
v 45.606430 62.377911 -14.399399
v 46.159683 62.377911 14.399399
v 46.159683 62.880932 14.399399
v 46.159683 62.953289 14.217652
v 45.606430 60.979919 14.217652
v 45.606430 62.880932 -14.399399
v -14.111879 62.880932 -14.399399
v 15.732229 62.880932 -14.399399
v 12.574645 19.371593 14.399391
v -14.111879 60.979919 14.217652
v 15.732229 60.979919 14.217653
v 14.468759 16.692820 14.399391
v 12.574609 38.737717 -13.576459
v -14.111879 62.377911 -14.399399
v 15.732229 61.516594 -14.399399
v 74.916855 16.692820 -14.399399
v 12.574645 38.737701 14.276985
v -14.111879 61.032925 -14.399399
v 15.732227 61.032925 -14.399399
v 12.574596 0.000022 -14.317392
v 12.574605 0.000019 -13.576458
v 45.606430 61.032925 14.399399
v 15.732227 61.032925 14.399399
v 12.574636 0.000004 13.615034
v 12.574636 38.737705 13.615034
v 45.606430 62.377911 14.399399
v 15.732227 61.516594 14.399399
v 12.574621 0.000011 0.078978
v -14.671040 61.516594 -14.399399
v 45.606430 62.880932 14.399399
v 15.732227 62.880932 14.399399
v 12.574623 38.737713 0.078977
v -14.671038 61.516594 14.399399
v 45.606430 62.953289 14.217652
v 15.732227 62.953289 14.217653
v -14.111881 61.516594 14.399399
v 46.159683 61.516594 -14.399399
v 14.468759 18.111181 14.228526
v 14.032319 16.137810 14.228526
v 14.468759 18.028957 14.399391
v 14.032319 18.028957 -14.399399
v 14.032319 17.528763 -14.399399
v 14.468759 17.528763 14.399391
v 14.032319 17.528763 14.399391
v 75.021324 17.528763 14.228526
v 74.916855 17.528763 -14.399399
v 13.991524 17.528763 -14.219346
v 13.991524 16.206329 -14.219346
v 74.916855 16.206329 -14.399399
v 75.021324 16.206329 14.228526
v 14.032319 16.206329 14.399391
v 14.468759 16.206329 14.399391
v 14.032319 16.206329 -14.399399
v 74.916855 16.206329 14.399391
v 74.282402 16.206329 -14.399399
v 74.282402 17.528763 -14.399399
v 74.916855 17.528763 14.399391
v 74.916855 18.028957 14.399391
v 74.916855 18.111181 14.228526
v 74.282402 16.137810 14.228526
v 74.282402 18.028957 -14.399399
v 14.468759 18.028957 -14.399399
v 44.308411 18.028957 -14.399399
v 14.468759 16.137810 14.228526
v 44.308414 16.137810 14.228525
v 14.468759 17.528763 -14.399399
v 46.872650 93.422066 -14.399394
v 44.308411 17.528763 -14.399399
v 14.468759 16.206329 -14.399399
v 44.308411 16.206329 -14.399399
v 74.282402 16.206329 14.399391
v 44.308411 16.206329 14.399391
v 46.872650 18.610975 -14.399394
v 74.282402 17.528763 14.399391
v 46.872650 93.487328 -14.242058
v 44.308414 17.528763 14.399391
v 46.872696 18.610920 14.399396
v 74.282402 18.028957 14.399391
v 44.308411 18.028957 14.399391
v 46.872696 18.208961 14.399396
v 46.872650 18.209019 -14.399394
v 74.282402 18.111181 14.228526
v 44.308411 18.111181 14.228525
v 46.872696 18.111124 14.312454
v 46.872696 92.763016 14.399396
v 13.991570 38.369442 14.276985
v 12.018200 38.692394 14.276985
v 13.945679 38.369442 14.399391
v 13.945635 38.692413 -14.399399
v 13.458029 38.692413 -14.399399
v 13.458073 38.369442 14.399391
v 13.458073 38.692394 14.399391
v 13.458071 0.000000 14.276985
v 13.458025 0.081488 -14.399399
v 13.458029 38.737720 -14.317391
v 12.075521 38.737720 -14.317391
v 12.075518 0.081488 -14.399399
v 12.075565 0.000000 14.276985
v 12.075565 38.692394 14.399391
v 12.075565 38.369442 14.399391
v 12.075521 38.692413 -14.399399
v 12.075565 0.081465 14.399391
v 12.075518 0.407184 -14.399399
v 13.458026 0.407184 -14.399399
v 13.458072 0.081465 14.399391
v 13.945677 0.081465 14.399391
v 13.991569 0.081465 14.276985
v 12.018200 0.407162 14.276985
v 13.945632 0.407184 -14.399399
v 13.945635 38.369461 -14.399399
v 13.945633 19.371614 -14.399399
v 12.018200 38.369442 14.276985
v 12.018200 19.371593 14.276985
v 13.458029 38.369461 -14.399399
v 13.458027 19.371614 -14.399399
v 12.075521 38.369461 -14.399399
v 12.075520 19.371614 -14.399399
v 14.032319 16.692820 -14.399399
v 12.075565 0.407161 14.399391
v 12.075565 19.371593 14.399391
v 14.032319 16.692820 14.399391
v 13.458072 0.407161 14.399391
v 13.458072 19.371593 14.399391
v 13.945678 0.407161 14.399391
v 13.945678 19.371593 14.399391
v 75.021324 16.692820 14.228526
v 74.282402 16.692820 -14.399399
v 13.991570 0.407161 14.276985
v 13.991570 19.371593 14.276985
v 13.991524 16.692820 -14.219346
v 14.468759 16.692820 -14.399399
v 48.214584 18.208965 14.312454
v 46.241219 18.610920 14.312454
v 48.135651 18.208965 14.399396
v 48.135605 18.610979 -14.399394
v 47.661995 18.610979 -14.399394
v 47.662048 18.208963 14.399396
v 47.662048 93.422020 14.399396
v 47.662048 18.111124 14.312454
v 47.661995 18.209021 -14.399394
v 47.662003 93.487328 -14.242058
v 46.359573 93.487328 -14.242058
v 46.359573 18.209019 -14.399394
v 46.359619 18.111124 14.312454
v 46.359619 93.422020 14.399396
v 46.359619 18.208961 14.399396
v 46.359573 18.610975 -14.399394
v 46.359573 93.422066 -14.399394
v 46.359619 92.763016 14.399396
v 47.662048 92.763016 14.399396
v 47.662003 93.422066 -14.399394
v 48.135612 93.422066 -14.399394
v 46.241219 93.422020 14.312454
v 48.214584 92.763008 14.312454
v 48.135651 92.763016 14.399396
v 48.135651 18.610924 14.399396
v 48.135651 55.542160 14.399396
v 48.214584 18.610924 14.312454
v 48.214584 55.542156 14.312454
v 47.662048 18.610924 14.399396
v 47.662048 55.542160 14.399396
v 46.359619 18.610920 14.399396
v 46.359619 55.542160 14.399396
v 46.359573 92.763062 -14.399394
v 46.359573 55.542210 -14.399394
v 47.662003 92.763062 -14.399394
v 47.662003 55.542213 -14.399394
v 48.135612 92.763062 -14.399394
v 48.135612 55.542210 -14.399394
v 46.241219 92.763023 14.312454
v 46.241219 55.542164 14.312454
v 46.241173 55.542210 -14.242058
v 46.241173 92.763069 -14.242058
v 48.214546 55.542213 -14.242058
v 48.214546 18.610979 -14.242058
v 48.214546 92.763069 -14.242058
v 46.241173 93.422066 -14.242058
v 46.359573 18.111181 -14.242058
v 46.359581 93.487312 -12.953671
v 47.662010 93.487312 -12.953672
v 47.661995 18.111181 -14.242058
v 46.241173 18.610975 -14.242058
v 48.214546 18.209023 -14.242058
v 48.214546 93.422066 -14.242058
v 46.241173 18.209019 -14.242058
v 48.135605 18.111181 -14.242058
v 48.135620 93.487312 -12.953672
v 48.135651 93.487274 14.312454
v 47.662048 93.487274 14.312454
v 46.359619 93.487274 14.312454
v 46.241211 55.542171 13.317513
v 46.241211 92.763031 13.317513
v 48.214577 55.542168 13.317513
v 48.214577 18.610933 13.317513
v 48.214577 92.763023 13.317513
v 46.241211 93.422028 13.317513
v 46.359612 18.111134 13.317513
v 47.662033 18.111134 13.317513
v 46.241211 18.610929 13.317513
v 48.214577 18.208975 13.317513
v 48.214577 93.422028 13.317513
v 46.241211 18.208973 13.317513
v 48.135643 18.111134 13.317513
v 48.135612 18.111172 -12.953671
v 48.135628 18.111153 0.293444
v 46.241180 18.209011 -12.953672
v 46.241196 18.208990 0.293444
v 48.214554 93.422058 -12.953672
v 48.214561 93.422035 0.293444
v 48.214554 18.209013 -12.953671
v 48.214561 18.208994 0.293444
v 46.241180 18.610966 -12.953671
v 46.241196 18.610949 0.293444
v 47.662003 18.111172 -12.953671
v 47.662018 18.111153 0.293444
v 46.359581 18.111172 -12.953671
v 46.359596 18.111153 0.293444
v 46.241180 93.422058 -12.953671
v 46.241196 93.422050 0.293444
v 48.214554 92.763062 -12.953671
v 48.214561 92.763046 0.293444
v 48.214554 18.610970 -12.953671
v 48.214561 18.610950 0.293444
v 48.214554 55.542206 -12.953671
v 48.214561 55.542187 0.293444
v 46.241180 92.763062 -12.953671
v 46.241196 92.763039 0.293444
v 46.241180 55.542202 -12.953671
v 46.241196 55.542187 0.293444
v 48.135643 93.487282 13.317512
v 48.135628 93.487297 0.293443
v 47.662041 93.487282 13.317512
v 47.662025 93.487297 0.293443
v 46.359612 93.487282 13.317512
v 46.359596 93.487305 0.293444
v -14.111879 61.516594 -14.399399
v 15.732227 62.953289 -14.163179
v -14.788584 61.516594 -14.163178
v 45.606430 62.953289 -14.163179
v 45.606430 61.516594 -14.399399
v 15.732227 60.979919 -14.163179
v 46.241219 61.516594 14.217652
v -14.111881 60.979919 -14.163179
v 45.606430 60.979919 -14.163179
v 46.159683 62.953289 -14.163179
v 46.241219 61.032925 -14.163179
v -14.788584 61.032925 -13.168837
v -14.788584 62.377911 -13.168837
v 46.241219 62.377911 -14.163179
v -14.671038 60.979919 -14.163179
v -14.111879 62.953289 -14.163179
v -14.671040 62.953289 -14.163179
v 46.159683 60.979919 -14.163179
v 46.241219 62.880932 -14.163179
v -14.788584 62.880932 -13.168837
v -14.788584 62.880932 14.217653
v -14.788584 62.377911 14.217653
v -14.788584 61.032925 14.217653
v 46.241219 61.516594 -14.163179
v 15.732227 62.953289 12.880114
v 15.732229 62.377911 -14.399399
v 45.606430 62.953289 12.880114
v 45.606430 61.516594 14.399399
v 15.732229 60.979919 12.880114
v 46.159683 61.516594 14.399399
v -14.111879 60.979919 12.880114
v 45.606430 60.979919 12.880114
v 46.159683 62.953289 12.880114
v 46.241219 61.032925 12.880113
v 46.241219 62.377911 12.880114
v -14.671038 60.979919 12.880114
v -14.111879 62.953289 12.880114
v -14.671040 62.953289 12.880113
v 46.159683 60.979919 12.880113
v 46.241219 62.880932 12.880114
v 46.241219 62.880932 -13.168836
v 46.241219 62.880932 -0.343197
v 46.159683 60.979919 -13.168836
v 46.159683 60.979919 -0.343198
v -14.671040 62.953289 -13.168836
v -14.671040 62.953289 -0.343198
v -14.111879 62.953289 -13.168836
v -14.111879 62.953289 -0.343197
v -14.671038 60.979919 -13.168836
v -14.671038 60.979919 -0.343197
v 46.241219 62.377911 -13.168836
v 46.241219 62.377911 -0.343197
v 46.241219 61.032925 -13.168836
v 46.241219 61.032925 -0.343198
v 46.159683 62.953289 -13.168836
v 46.159683 62.953289 -0.343197
v 45.606430 60.979919 -13.168836
v 45.606430 60.979919 -0.343197
v -14.111881 60.979919 -13.168836
v -14.111879 60.979919 -0.343197
v -14.788584 61.516594 14.217653
v 15.732227 60.979919 -13.168837
v 15.732227 62.377911 14.399399
v -14.788584 61.516594 -13.168837
v 15.732227 60.979919 -0.343197
v 46.241219 61.516594 -0.343197
v 45.606430 62.953289 -13.168836
v 45.606430 62.953289 -0.343197
v -14.788584 61.516594 12.880113
v 15.732227 62.953289 -13.168837
v 46.241219 61.516594 12.880114
v 46.241219 61.516594 -13.168836
v 15.732227 62.953289 -0.343197
v -14.788584 61.516594 -0.343198
v -14.788584 62.880932 12.880113
v -14.788584 62.880932 -0.343198
v -14.788584 62.377911 12.880113
v -14.788584 62.377911 -0.343198
v -14.788584 61.032925 12.880113
v -14.788584 61.032925 -0.343198
v 23.519964 38.821133 -14.201218
v -37.509834 38.821133 -13.348984
v -37.509834 40.197781 -13.348984
v 23.519964 40.197781 -14.201218
v -37.408340 39.335636 14.399391
v -7.110195 40.711071 -14.201218
v 23.418362 39.335636 14.399391
v 22.712343 40.711071 -14.201218
v -37.408348 39.335636 -14.399399
v -7.110195 38.737701 -14.201218
v -36.817581 39.335636 -14.399399
v -36.817589 38.737701 -14.201218
v 22.712343 38.737701 -14.201218
v 23.418362 40.711071 -14.201218
v -37.408340 38.737701 -14.201218
v -36.817581 40.711071 -14.201218
v -37.408348 40.711071 -14.201218
v 23.418362 38.737701 -14.201218
v 23.519964 40.669960 -14.201218
v -37.509834 40.669960 -13.348984
v -37.509834 40.669960 14.217430
v -37.509834 40.197781 14.217430
v -37.509834 38.821133 14.217430
v 23.519964 38.821133 13.408207
v 23.519964 40.197781 13.408206
v 23.519964 39.335636 -14.201218
v -7.110195 40.711071 13.408206
v 23.519964 39.335636 14.217430
v 22.712343 40.711071 13.408206
v 23.418362 39.335636 -14.399399
v -7.110193 38.737701 13.408206
v -36.817589 39.335636 14.399391
v -36.817589 38.737701 13.408206
v 22.712343 38.737701 13.408206
v 23.418362 40.711071 13.408206
v -37.408340 38.737701 13.408206
v -36.817581 40.711071 13.408206
v -37.408348 40.711071 13.408207
v 23.418362 38.737701 13.408207
v 23.519964 40.669960 13.408206
v 23.519964 40.669960 -13.348985
v 23.519964 40.669960 0.043006
v 23.418362 38.737701 -13.348985
v 23.418362 38.737701 0.043006
v -37.408348 40.711071 -13.348985
v -37.408348 40.711071 0.043006
v -36.817581 40.711071 -13.348985
v -36.817581 40.711071 0.043006
v -37.408340 38.737701 -13.348985
v -37.408340 38.737701 0.043006
v 23.418362 40.711071 -13.348985
v 23.418362 40.711071 0.043006
v 22.712343 38.737701 -13.348985
v 22.712343 38.737701 0.043006
v -36.817589 38.737701 -13.348985
v -36.817589 38.737701 0.043006
v -37.509834 39.335636 14.217430
v -7.110195 38.737701 -13.348985
v -37.509834 39.335636 -14.201219
v -37.509834 39.335636 -13.348984
v -7.110195 38.737701 0.043006
v 23.519964 39.335636 0.043006
v 22.712343 40.711071 -13.348985
v 22.712343 40.711071 0.043006
v -37.509834 39.335636 13.408207
v -7.110195 40.711071 -13.348985
v 23.519964 39.335636 13.408206
v 23.519964 39.335636 -13.348985
v -7.110195 40.711071 0.043006
v -37.509834 39.335636 0.043007
v 23.519964 40.197781 -13.348985
v 23.519964 40.197781 0.043006
v 23.519964 38.821133 -13.348985
v 23.519964 38.821133 0.043006
v -37.509834 40.669960 13.408207
v -37.509834 40.669960 0.043007
v -37.509834 40.197781 13.408207
v -37.509834 40.197781 0.043007
v -37.509834 38.821133 13.408207
v -37.509834 38.821133 0.043006
v 74.282402 16.692820 14.399391
v 13.991526 19.371614 -14.317392
v 13.991524 0.407184 -14.317392
v 44.308411 16.692820 -14.399399
v 12.018154 19.371616 -14.317392
v 74.916855 16.692820 14.399391
v 12.018156 38.369461 -14.317392
v 12.018153 0.407184 -14.317392
v 13.991524 0.081488 -14.317392
v 12.075518 0.000022 -14.317392
v 12.075529 38.737717 -13.576459
v 13.458035 38.737717 -13.576459
v 13.458025 0.000022 -14.317392
v 12.018156 38.692413 -14.317392
v 13.991527 38.369461 -14.317392
v 13.991528 38.692413 -14.317392
v 12.018153 0.081488 -14.317392
v 13.945632 0.000022 -14.317392
v 13.945642 38.737717 -13.576459
v 13.945679 38.737701 14.276985
v 13.458073 38.737701 14.276985
v 12.075565 38.737701 14.276985
v 75.021324 16.692820 13.474991
v 13.991563 19.371597 13.615034
v 13.991562 0.407165 13.615034
v 44.308414 16.692820 14.399391
v 12.018192 19.371597 13.615034
v 12.018192 38.369442 13.615034
v 12.018192 0.407165 13.615034
v 13.991562 0.081469 13.615034
v 12.075557 0.000004 13.615034
v 13.458064 0.000004 13.615034
v 12.018192 38.692394 13.615034
v 13.991564 38.369442 13.615034
v 13.991564 38.692398 13.615034
v 12.018192 0.081469 13.615034
v 13.945669 0.000004 13.615034
v 13.945639 0.000019 -13.576458
v 13.945654 0.000011 0.078978
v 12.018161 0.081484 -13.576458
v 12.018176 0.081477 0.078978
v 13.991535 38.692410 -13.576458
v 13.991549 38.692402 0.078978
v 13.991535 38.369457 -13.576458
v 13.991549 38.369450 0.078978
v 12.018164 38.692410 -13.576458
v 12.018178 38.692402 0.078978
v 13.458033 0.000019 -13.576458
v 13.458048 0.000011 0.078978
v 12.075526 0.000019 -13.576459
v 12.075541 0.000011 0.078978
v 13.991531 0.081484 -13.576458
v 13.991547 0.081477 0.078978
v 12.018161 0.407180 -13.576458
v 12.018176 0.407173 0.078978
v 12.018163 38.369457 -13.576458
v 12.018178 38.369450 0.078978
v 75.021324 16.692820 -14.219345
v 12.018162 19.371613 -13.576458
v 46.872696 93.422020 14.399396
v 13.991524 16.692820 14.228525
v 12.018177 19.371605 0.078978
v 13.991524 16.692820 -0.043423
v 13.991531 0.407180 -13.576458
v 13.991547 0.407173 0.078978
v 75.021324 16.692820 -13.509228
v 13.991533 19.371613 -13.576458
v 13.991524 16.692820 -13.509228
v 13.991524 16.692820 13.474990
v 13.991548 19.371603 0.078978
v 75.021324 16.692820 -0.043422
v 13.945672 38.737705 13.615034
v 13.945657 38.737713 0.078977
v 13.458065 38.737705 13.615034
v 13.458051 38.737713 0.078977
v 12.075558 38.737705 13.615034
v 12.075543 38.737709 0.078978
v 44.308411 18.111181 13.474991
v 46.872696 55.542160 14.399396
v 74.282402 18.111181 13.474991
v 44.308411 16.137810 13.474991
v 14.468759 16.137810 13.474991
v 74.282402 16.137810 13.474991
v 74.916855 18.111181 13.474991
v 75.021324 16.206329 13.474989
v 13.991524 16.206329 14.228525
v 13.991524 17.528763 14.228525
v 75.021324 17.528763 13.474991
v 14.032319 16.137810 13.474991
v 14.468759 18.111181 13.474991
v 14.032319 18.111181 13.474989
v 74.916855 16.137810 13.474989
v 75.021324 18.028957 13.474991
v 13.991524 18.028957 14.228525
v 75.021324 18.028957 -14.219345
v 74.916855 16.137810 -14.219345
v 14.032319 18.111181 -14.219345
v 14.468759 18.111181 -14.219345
v 14.032319 16.137810 -14.219345
v 75.021324 17.528763 -14.219345
v 75.021324 16.206329 -14.219345
v 74.916855 18.111181 -14.219345
v 74.282402 16.137810 -14.219345
v 14.468759 16.137810 -14.219345
v 44.308414 16.137810 -14.219345
v 46.872650 92.763062 -14.399394
v 46.872650 55.542213 -14.399394
v 74.282402 18.111181 -14.219345
v 44.308411 18.111181 -14.219345
v 46.872650 18.111181 -14.242058
v 13.991524 16.206329 -13.509228
v 13.991524 17.528763 -13.509228
v 13.991524 18.028957 -13.509228
v 13.991524 18.028957 13.474990
v 13.991524 18.028957 -0.043423
v 13.991524 17.528763 13.474990
v 13.991524 17.528763 -0.043423
v 13.991524 16.206329 13.474990
v 13.991524 16.206329 -0.043423
v 75.021324 18.028957 -13.509228
v 75.021324 18.028957 -0.043422
v 74.916855 16.137810 -13.509229
v 74.916855 16.137810 -0.043423
v 14.032319 18.111181 -13.509229
v 14.032319 18.111181 -0.043423
v 14.468759 18.111181 -13.509228
v 14.468759 18.111181 -0.043422
v 14.032319 16.137810 -13.509228
v 14.032319 16.137810 -0.043422
v 75.021324 17.528763 -13.509228
v 75.021324 17.528763 -0.043422
v 75.021324 16.206329 -13.509228
v 75.021324 16.206329 -0.043423
v 74.916855 18.111181 -13.509228
v 74.916855 18.111181 -0.043422
v 74.282402 16.137810 -13.509228
v 74.282402 16.137810 -0.043422
v 14.468759 16.137810 -13.509228
v 14.468759 16.137810 -0.043422
v 46.872696 93.487274 14.312454
v 44.308411 16.137810 -13.509228
v 46.872658 93.487312 -12.953672
v 44.308411 16.137810 -0.043422
v 46.872673 18.111153 0.293444
v 74.282402 18.111181 -13.509228
v 74.282402 18.111181 -0.043422
v 46.872688 93.487282 13.317512
v 44.308411 18.111181 -13.509228
v 46.872688 18.111134 13.317513
v 46.872658 18.111172 -12.953671
v 44.308411 18.111181 -0.043422
v 46.872673 93.487297 0.293443
v -13.991522 22.073257 -14.268419
v -75.021324 22.073257 -13.309881
v -75.021324 23.385550 -13.309882
v -13.991522 23.385550 -14.268419
v -74.321251 23.947960 -14.268419
v -44.562714 23.947960 -14.268419
v -14.764204 21.974588 -14.268419
v -44.562714 21.974588 -14.268419
v -74.321251 21.974588 -14.268419
v -14.040476 23.947960 -14.268419
v -74.988686 21.974588 -14.268419
v -14.764202 23.947960 -14.268419
v -74.988686 23.947960 -14.268419
v -14.040476 21.974588 -14.268419
v -13.991522 23.869024 -14.268419
v -75.021324 23.869024 -13.309882
v -75.021324 23.869024 14.254303
v -75.021324 23.385550 14.254303
v -75.021324 22.073257 14.254303
v -13.991522 22.073257 13.087748
v -13.991522 23.385550 13.087749
v -74.321251 23.947960 13.087749
v -44.562721 23.947960 13.087749
v -14.764204 21.974588 13.087749
v -44.562714 21.974588 13.087748
v -74.321251 21.974588 13.087749
v -14.040476 23.947960 13.087749
v -74.988686 21.974588 13.087749
v -14.764204 23.947960 13.087749
v -74.988686 23.947960 13.087748
v -14.040476 21.974588 13.087748
v -13.991522 23.869024 13.087749
v -13.991522 23.869024 -13.309882
v -13.991522 23.869024 -0.208020
v -14.040476 21.974588 -13.309882
v -14.040476 21.974588 -0.208021
v -74.988686 23.947960 -13.309882
v -74.988686 23.947960 -0.208021
v -14.764202 23.947960 -13.309882
v -14.764202 23.947960 -0.208020
v -74.988686 21.974588 -13.309882
v -74.988686 21.974588 -0.208020
v -44.562714 23.947960 -13.309881
v -14.040476 23.947960 -13.309882
v -14.040476 23.947960 -0.208020
v -74.321251 21.974588 -13.309882
v -74.321251 21.974588 -0.208020
v -44.562714 21.974588 -13.309882
v -14.764204 21.974588 -13.309882
v -14.764204 21.974588 -0.208020
v -44.562714 23.947960 -0.208020
v -74.321251 23.947960 -13.309882
v -74.321251 23.947960 -0.208020
v -44.562714 21.974588 -0.208020
v -13.991522 23.385550 -13.309882
v -13.991522 23.385550 -0.208020
v -13.991522 22.073257 -13.309882
v -13.991522 22.073257 -0.208021
v -75.021324 23.869024 13.087748
v -75.021324 23.869024 -0.208022
v -75.021324 23.385550 13.087748
v -75.021324 23.385550 -0.208022
v -75.021324 22.073257 13.087748
v -75.021324 22.073257 -0.208021
v -75.021324 22.576468 -0.208022
v -75.021324 22.576468 13.087748
v -13.991522 22.576468 -0.208020
v -13.991522 22.576468 -13.309882
v -13.991522 22.576468 13.087749
v -75.021324 22.576468 14.254303
v -13.991522 22.576468 -14.268419
v -75.021324 22.576468 -13.309882
v -75.021324 22.576468 -14.268420
v -14.040476 22.576468 -14.399399
v -13.991522 22.576468 14.254302
v -74.988686 22.576468 14.399391
v -74.988686 22.576468 -14.399399
v -14.040476 22.576468 14.399391
v -74.321251 22.576468 -14.399399
v -14.764204 22.576468 -14.399399
v -44.562714 23.385550 14.399391
v -14.764204 22.576468 14.399391
v -74.321251 22.576468 14.399391
v -44.562714 22.576468 -14.399399
v 12.574601 38.692413 -14.399399
v -37.484459 38.758560 14.217430
v -37.484459 40.669960 14.353901
v -37.484467 40.700794 -14.201218
v -37.484467 38.821133 -14.349854
v -37.408348 38.758560 -14.349854
v 23.418362 40.700794 -14.349854
v 23.494564 38.821133 -14.349854
v 23.494564 38.758560 -14.201218
v 23.494564 40.700794 14.217430
v 23.494564 38.821133 14.353901
v 23.418362 38.758560 14.353901
v -37.408348 40.700794 14.353901
v -75.013161 21.999256 14.254303
v -75.013161 23.869024 14.363119
v -75.013161 23.928226 -14.268419
v -75.013161 22.073257 -14.366654
v -74.988686 21.999256 -14.366653
v -14.040476 23.928226 -14.366653
v -14.003759 22.073257 -14.366653
v -14.003759 21.999256 -14.268419
v -14.003759 23.928226 14.254303
v -14.003759 22.073257 14.363119
v -14.040476 21.999256 14.363119
v -74.988686 23.928226 14.363119
v 12.032541 38.726376 14.276985
v 13.945679 38.726376 14.368789
v 13.980055 38.726395 -14.317392
v 12.075521 38.726395 -14.378897
v 12.032497 38.692413 -14.378897
v 13.980051 0.081488 -14.378897
v 12.075518 0.020389 -14.378897
v 12.032494 0.020389 -14.317392
v 13.980096 0.020366 14.276985
v 12.075565 0.020366 14.368789
v 12.032541 0.081465 14.368789
v 13.980098 38.692394 14.368789
v 14.001722 16.154940 14.228525
v 14.001722 18.028957 14.356674
v 14.001722 18.090626 -14.219345
v 14.001722 16.206329 -14.354385
v 14.032319 16.154940 -14.354385
v 74.916855 18.090626 -14.354385
v 74.995209 16.206329 -14.354385
v 74.995209 16.154940 -14.219345
v 74.995201 18.090626 14.228526
v 74.995201 16.206329 14.356675
v 74.916855 16.154940 14.356675
v 14.032319 18.090626 14.356675
v -14.759195 60.993172 14.217653
v -14.759195 62.880932 14.353962
v -14.759199 62.935200 -14.163179
v -14.759199 61.032925 -14.340343
v -14.671038 60.993172 -14.340343
v 46.159683 62.935200 -14.340343
v 46.220833 61.032925 -14.340343
v 46.220833 60.993172 -14.163179
v 46.220833 62.935200 14.217652
v 46.220833 61.032925 14.353962
v 46.159683 60.993172 14.353962
v -14.671038 62.935200 14.353962
v 46.270821 93.470963 14.312454
v 48.135651 93.470963 14.377661
v 48.194809 93.471016 -14.242058
v 46.359573 93.471016 -14.360060
v 46.270775 93.422066 -14.360060
v 48.194809 18.209023 -14.360060
v 46.359573 18.135641 -14.360060
v 46.270775 18.135641 -14.242058
v 48.194855 18.135584 14.312454
v 46.359619 18.135582 14.377661
v 46.270821 18.208961 14.377661
v 48.194855 93.422020 14.377661
v -74.988686 23.928226 -14.366653
v -74.988686 21.999256 14.363119
v -74.805504 23.947960 14.254303
v -74.805504 21.974588 14.254303
v -74.805504 22.073257 14.399391
v -74.805504 22.073257 -14.399399
v -14.764204 21.999256 -14.366653
v -14.040476 21.999256 -14.366653
v -14.040476 23.928226 14.363119
v -14.245882 22.073257 14.399391
v -14.245886 23.947960 14.254303
v -14.245882 21.974588 14.254303
v -14.245884 22.073257 -14.399399
v -44.562714 23.928226 -14.366653
v -74.321251 21.999256 -14.366653
v -74.321251 23.928226 -14.366653
v -44.562714 23.928225 14.363119
v -74.321251 23.928226 14.363119
v -14.764204 23.928225 14.363119
v -14.764202 23.928226 -14.366653
v -44.562714 21.999256 -14.366653
v -14.764200 21.999256 14.363119
v -66.564217 22.073257 14.399391
v -22.551214 22.073257 14.399391
v -66.564217 23.947960 14.254303
v -22.551222 23.947960 14.254303
v -44.562714 21.999256 14.363119
v -74.321251 21.999256 14.363119
v -36.817589 38.758560 -14.349854
v -37.408348 40.700794 -14.349854
v -37.408348 38.758560 14.353901
v -36.817589 40.700794 14.353901
v -37.209908 40.711071 14.217430
v -37.209908 38.737701 14.217430
v -37.209908 38.821133 14.399391
v -37.209908 38.821133 -14.399399
v 22.712343 40.700794 -14.349854
v 22.712343 38.758560 14.353901
v 23.418362 38.758560 -14.349854
v 23.418362 40.700794 14.353901
v 23.191055 38.821133 14.399391
v 23.191055 40.711071 14.217430
v 23.191055 38.737701 14.217430
v 23.191055 38.821133 -14.399399
v 22.712343 38.758560 -14.349854
v -37.408348 39.766708 14.399391
v 23.519964 39.766708 14.217430
v -7.110195 38.758560 -14.349854
v 22.712343 40.700794 14.353901
v 23.418362 39.766708 -14.399399
v -37.509834 39.766708 -14.201218
v -7.110195 40.700794 14.353901
v -36.817589 40.700794 -14.349854
v -37.509834 39.766708 -13.348984
v 23.519964 39.766708 -14.201218
v -7.110193 40.700794 -14.349854
v -36.817589 38.758560 14.353901
v -37.509834 39.766708 14.217430
v 23.519964 39.766708 13.408207
v -7.110193 38.758560 14.353901
v -29.146101 38.821133 -14.399399
v 13.016315 38.692413 -14.399399
v 13.016358 38.369442 14.399391
v 14.954501 38.821133 -14.399399
v -29.146101 38.737701 14.217430
v 13.016358 38.692394 14.399391
v 13.016357 0.000000 14.276985
v 14.954502 38.737701 14.217430
v 14.954502 38.821133 14.399391
v 13.016311 0.081488 -14.399399
v 13.016315 38.737720 -14.317391
v -29.146101 38.821133 14.399391
v 14.954501 40.711071 14.217430
v 13.016312 0.407184 -14.399399
v 13.016357 0.081465 14.399391
v -29.146101 40.711071 14.217430
v -66.564217 21.974588 14.254303
v -22.551214 21.974588 14.254303
v -66.564217 22.073257 -14.399399
v -22.551218 22.073257 -14.399399
v -75.013161 23.385550 14.363119
v -75.013161 23.869024 -14.366654
v -14.003759 23.869024 -14.366653
v -14.003759 23.869024 14.363119
v -74.805504 23.869024 14.399391
v -74.805504 23.869024 -14.399399
v -14.245884 23.869024 14.399391
v -14.245884 23.869024 -14.399399
v -66.564217 23.869024 14.399391
v -22.551222 23.869024 14.399391
v -66.564217 23.869024 -14.399399
v -22.551214 23.869024 -14.399399
v -44.562714 23.708689 -14.399399
v -74.321251 23.708689 14.399391
v -14.764204 23.708689 14.399391
v -44.562714 23.708689 14.399391
v -14.764202 23.708689 -14.399399
v -74.321251 23.708689 -14.399399
v -14.040476 23.708689 14.399391
v -74.988686 23.708689 -14.399399
v -74.988686 23.708689 14.399391
v -13.991522 23.708689 14.254303
v -14.040476 23.708689 -14.399399
v -75.021324 23.708689 -14.268420
v -75.013161 22.576468 -14.366654
v -14.003759 22.576468 -14.366654
v -14.003759 22.576468 14.363119
v -74.805504 22.576468 14.399391
v -74.805504 22.576468 -14.399399
v -14.245884 22.576468 14.399391
v -14.245884 22.576468 -14.399399
v -66.564217 22.576468 14.399391
v -22.551214 22.576468 14.399391
v -66.564217 22.576468 -14.399399
v -22.551218 22.576468 -14.399399
v -75.013161 22.073257 14.363119
v -75.021324 22.248394 -14.268420
v -14.040476 22.248394 -14.399399
v -13.991522 22.248394 14.254303
v -74.988686 22.248394 14.399391
v -74.988686 22.248394 -14.399399
v -14.040476 22.248394 14.399391
v -74.321251 22.248394 -14.399399
v -14.764204 22.248394 -14.399399
v -44.562714 22.248394 14.399391
v -14.764202 22.248394 14.399391
v -74.321251 22.248394 14.399391
v -44.562714 22.248394 -14.399399
v -37.484459 40.197781 14.353901
v -37.484467 40.669960 -14.349854
v 23.494564 40.669960 -14.349854
v 23.494564 40.669960 14.353901
v -37.209908 40.669960 14.399391
v -37.209908 40.669960 -14.399399
v 23.191055 40.669960 14.399391
v 23.191055 40.669960 -14.399399
v -29.146101 40.669960 -14.399399
v 13.016315 38.369461 -14.399399
v 44.308411 17.110790 14.399391
v 14.954502 40.669960 -14.399399
v 14.954501 40.669960 14.399391
v 47.661995 18.111179 -13.841292
v 13.016313 19.371614 -14.399399
v -29.146101 40.669960 14.399391
v -37.509834 39.766708 0.043007
v -37.509834 39.766708 13.408207
v -7.110193 40.531361 14.399391
v 22.712343 40.531361 14.399391
v 23.519964 39.766708 0.043006
v 23.519964 39.766708 -13.348985
v -7.110193 40.531361 -14.399399
v -36.817589 40.531361 -14.399399
v 22.712343 40.531361 -14.399399
v 23.418362 40.531361 14.399391
v -37.408348 40.531361 -14.399399
v -36.817589 40.531361 14.399391
v -37.408348 40.531361 14.399391
v 23.519964 40.531361 14.217430
v 23.418362 40.531361 -14.399399
v -37.509834 40.531361 -14.201218
v -37.484459 39.335636 -14.349854
v 23.494564 39.335636 -14.349854
v 23.494564 39.335636 14.353901
v -37.209908 39.335636 14.399391
v -37.209908 39.335636 -14.399399
v 23.191055 39.335636 14.399391
v 23.191055 39.335636 -14.399399
v -29.146105 39.335636 -14.399399
v 13.016357 0.407161 14.399391
v 47.662003 93.487328 -13.841294
v 14.954502 39.335636 -14.399399
v 14.954502 39.335636 14.399391
v 74.282402 17.110790 14.399391
v 13.016357 19.371593 14.399391
v -29.146105 39.335636 14.399391
v -37.484459 38.821133 14.353901
v -37.509834 38.991474 -14.201218
v 23.418362 38.991474 -14.399399
v 23.519964 38.991474 14.217430
v -37.408348 38.991474 14.399391
v -36.817589 38.991474 14.399391
v -37.408348 38.991474 -14.399399
v 23.418362 38.991474 14.399391
v 22.712343 38.991474 -14.399399
v -36.817589 38.991474 -14.399399
v -37.509834 40.197781 -9.673960
v -37.509834 40.197781 9.753276
v -7.110195 38.991474 -14.399399
v 22.712343 38.991474 14.399391
v 23.519964 40.197781 9.753275
v 23.519964 40.197781 -9.673961
v -7.110193 38.991474 14.399391
v -14.111879 60.993172 -14.340343
v -14.671040 62.935200 -14.340343
v -14.671038 60.993172 14.353962
v -14.111879 62.935200 14.353962
v -14.472475 62.953289 14.217652
v -14.472475 60.979919 14.217652
v -14.472477 61.032925 14.399399
v -14.472475 61.032925 -14.399399
v -14.759195 62.377911 14.353962
v -14.759199 62.880932 -14.340343
v 46.220833 62.880932 -14.340343
v 46.220833 62.880932 14.353962
v -14.472477 62.880932 14.399399
v -14.472475 62.880932 -14.399399
v -14.671040 62.718998 -14.399399
v -14.111881 62.718998 14.399399
v -14.671038 62.718998 14.399399
v 46.241219 62.718998 14.217652
v 46.159683 62.718998 -14.399399
v -14.788584 62.718998 -14.163178
v -14.759199 61.516594 -14.340343
v 46.220833 61.516594 -14.340343
v 46.220833 61.516594 14.353962
v -14.472477 61.516594 14.399399
v -14.472475 61.516594 -14.399399
v -14.759195 61.032925 14.353962
v -14.788584 61.180344 -14.163178
v 46.159683 61.180344 -14.399399
v 46.241219 61.180344 14.217652
v -14.671038 61.180344 14.399399
v -14.111881 61.180344 14.399399
v -14.671040 61.180344 -14.399399
v 45.606430 62.935200 -14.340343
v 45.606430 60.993172 14.353962
v 46.159683 60.993172 -14.340343
v 46.159683 62.935200 14.353962
v 46.159683 62.718998 14.399399
v 45.606430 62.718998 -14.399399
v 45.606430 61.180344 -14.399399
v 46.159683 61.180344 14.399399
v 45.980598 61.032925 14.399399
v 45.980598 61.032925 -14.399399
v 45.980598 61.516594 -14.399399
v 45.980598 61.516594 14.399399
v 45.980598 62.880932 14.399399
v 45.980598 62.953289 14.217652
v 45.980598 60.979919 14.217652
v 45.980598 62.880932 -14.399399
v 45.606430 60.993172 -14.340343
v -14.111879 61.947254 -14.399399
v 15.732229 61.947254 -14.399399
v 15.732227 60.993172 -14.340343
v 45.606430 62.935200 14.353962
v 45.606430 61.947254 14.399399
v 15.732227 61.947254 14.399399
v 15.732227 62.935200 14.353962
v 45.606430 62.718998 14.399399
v -14.788584 61.947254 -13.168837
v 46.241219 61.947254 -14.163179
v 15.732227 62.718998 14.399399
v 45.606430 61.180344 14.399399
v -14.788584 61.947254 14.217653
v 46.241219 61.947254 12.880114
v 15.732227 61.180344 14.399399
v -14.111879 62.935200 -14.340343
v 46.241219 61.947254 -13.168836
v 46.241219 61.947254 -0.343197
v 15.732229 62.935200 -14.340343
v -14.111879 60.993172 14.353962
v -14.788584 61.947254 12.880113
v -14.788584 61.947254 -0.343198
v 15.732227 60.993172 14.353963
v -14.111879 62.718998 -14.399399
v -14.788584 62.377911 -9.583364
v -14.788584 62.377911 8.996387
v 15.732229 62.718998 -14.399399
v -14.111879 61.180344 -14.399399
v 46.241219 62.377911 8.996389
v 46.241219 62.377911 -9.583364
v 15.732229 61.180344 -14.399399
v -6.430046 62.880932 -14.399399
v 13.458044 38.737713 -9.833138
v 13.458057 38.737709 9.961246
v 37.902023 62.880932 -14.399399
v -6.430046 60.979919 14.217653
v 13.458055 0.000007 9.961247
v 13.458041 0.000015 -9.833136
v 37.902023 60.979919 14.217653
v -6.430044 61.516594 -14.399399
v 13.458069 0.000001 14.050295
v 13.458071 38.737705 14.050295
v 37.902023 61.516594 -14.399399
v -6.430046 61.032925 -14.399399
v 13.458027 0.000021 -14.091155
v 13.458031 38.737720 -14.091155
v 37.902023 61.032925 -14.399399
v 37.902023 61.032925 14.399399
v 13.458073 33.481155 14.399391
v -6.430048 61.032925 14.399399
v 37.902023 61.516594 14.399399
v 13.458072 5.270384 14.399391
v -6.430048 61.516594 14.399399
v 37.902023 62.880932 14.399399
v 13.458026 5.270406 -14.399399
v -6.430048 62.880932 14.399399
v 37.902023 62.953289 14.217653
v 13.458028 33.481174 -14.399399
v -6.430046 62.953289 14.217653
v 14.468759 16.154940 -14.354385
v 14.032319 18.090626 -14.354385
v 14.032319 16.154940 14.356675
v 14.468759 18.090626 14.356675
v 14.161827 18.111181 14.228526
v 14.161827 16.137810 14.228526
v 14.161827 16.206329 14.399391
v 14.161827 16.206329 -14.399399
v 14.001722 17.528763 14.356674
v 14.001722 18.028957 -14.354385
v 74.995209 18.028957 -14.354385
v 74.995201 18.028957 14.356675
v 14.161827 18.028957 14.399391
v 14.161827 18.028957 -14.399399
v 14.032319 17.862797 -14.399399
v 14.468759 17.862797 14.399391
v 14.032319 17.862797 14.399391
v 75.021324 17.862797 14.228526
v 74.916855 17.862797 -14.399399
v 13.991524 17.862797 -14.219345
v 14.001722 16.692820 -14.354385
v 74.995209 16.692820 -14.354385
v 74.995201 16.692820 14.356675
v 14.161827 16.692820 14.399391
v 14.161827 16.692820 -14.399399
v 14.001722 16.206329 14.356674
v 13.991524 16.362211 -14.219345
v 74.916855 16.362213 -14.399399
v 75.021324 16.362211 14.228526
v 14.032319 16.362211 14.399391
v 14.468759 16.362213 14.399391
v 14.032319 16.362211 -14.399399
v 74.282402 18.090626 -14.354385
v 74.282402 16.154940 14.356675
v 74.916855 16.154940 -14.354385
v 74.916855 18.090626 14.356675
v 74.916855 17.862797 14.399391
v 74.282402 17.862797 -14.399399
v 74.282402 16.362211 -14.399399
v 74.916855 16.362211 14.399391
v 74.706009 16.206329 14.399391
v 74.706009 16.206329 -14.399399
v 74.706009 16.692820 -14.399399
v 74.706009 16.692820 14.399391
v 74.706009 18.028957 14.399391
v 74.706009 18.111181 14.228526
v 74.706009 16.137810 14.228526
v 74.706009 18.028957 -14.399399
v 74.282402 16.154940 -14.354385
v 47.267326 55.542213 -14.399394
v 44.308411 16.154940 -14.354385
v 74.282402 18.090626 14.356675
v 47.267334 93.487312 -12.953672
v 47.267326 18.111181 -14.242058
v 44.308411 18.090626 14.356674
v 74.282402 17.862797 14.399391
v 47.267372 93.487274 14.312454
v 47.267365 18.111134 13.317513
v 44.308411 17.862797 14.399391
v 74.282402 16.362211 14.399391
v 47.267334 18.111172 -12.953671
v 47.267349 18.111153 0.293444
v 44.308411 16.362211 14.399391
v 14.468759 18.090626 -14.354385
v 47.267365 93.487282 13.317512
v 47.267349 93.487297 0.293443
v 44.308411 18.090626 -14.354385
v 14.468759 16.154940 14.356675
v 47.662018 93.487312 -9.076369
v 47.662033 93.487297 9.607494
v 44.308411 16.154940 14.356675
v 14.468759 17.862797 -14.399399
v 47.662025 18.111143 9.607495
v 47.662010 18.111162 -9.076367
v 44.308411 17.862797 -14.399399
v 14.468759 16.362211 -14.399399
v 47.662041 18.111126 14.020247
v 47.662048 93.487274 14.020247
v 44.308411 16.362211 -14.399399
v 22.126495 18.028957 -14.399399
v 66.523918 18.028957 -14.399399
v 22.126495 16.137810 14.228525
v 66.523918 16.137810 14.228525
v 22.126495 16.692820 -14.399399
v 66.523918 16.692820 -14.399399
v 22.126495 16.206329 -14.399399
v 66.523918 16.206329 -14.399399
v 66.523918 16.206329 14.399391
v 22.126495 16.206329 14.399391
v 66.523918 16.692820 14.399391
v 22.126495 16.692820 14.399391
v 66.523918 18.028957 14.399391
v 22.126495 18.028957 14.399391
v 66.523918 18.111181 14.228525
v 22.126495 18.111181 14.228525
v 12.032496 38.369461 -14.378897
v 13.980055 38.692413 -14.378897
v 12.032541 38.692394 14.368789
v 13.980098 38.369442 14.368789
v 13.991570 38.589001 14.276985
v 12.018200 38.589001 14.276985
v 12.075565 38.589001 14.399391
v 12.075521 38.589020 -14.399399
v 13.458073 38.726376 14.368789
v 13.945635 38.726395 -14.378897
v 13.945632 0.020389 -14.378897
v 13.945677 0.020366 14.368789
v 13.945679 38.589001 14.399391
v 13.945635 38.589020 -14.399399
v 13.800788 38.692413 -14.399399
v 13.800831 38.369442 14.399391
v 13.800831 38.692394 14.399391
v 13.800830 0.000000 14.276985
v 13.800784 0.081488 -14.399399
v 13.800788 38.737720 -14.317391
v 12.574601 38.726395 -14.378897
v 12.574596 0.020389 -14.378897
v 12.574644 0.020366 14.368789
v 12.574645 38.589001 14.399391
v 12.574601 38.589020 -14.399399
v 12.075565 38.726376 14.368789
v 12.228973 38.737720 -14.317391
v 12.228970 0.081488 -14.399399
v 12.229018 0.000000 14.276985
v 12.229018 38.692394 14.399391
v 12.229018 38.369442 14.399391
v 12.228973 38.692413 -14.399399
v 13.980051 0.407184 -14.378897
v 12.032541 0.407161 14.368789
v 12.032494 0.081488 -14.378897
v 13.980097 0.081465 14.368789
v 13.800830 0.081465 14.399391
v 13.800784 0.407184 -14.399399
v 12.228971 0.407184 -14.399399
v 12.229018 0.081465 14.399391
v 12.075565 0.203622 14.399391
v 12.075518 0.203645 -14.399399
v 12.574596 0.203645 -14.399399
v 12.574644 0.203622 14.399391
v 13.945677 0.203622 14.399391
v 13.991570 0.203622 14.276985
v 12.018200 0.203622 14.276985
v 13.945632 0.203645 -14.399399
v 12.032494 0.407184 -14.378897
v 13.991524 17.110790 14.228525
v 75.021324 17.110790 13.474991
v 12.032495 19.371616 -14.378897
v 13.980097 0.407161 14.368789
v 75.021324 17.110790 -14.219345
v 13.991524 17.110790 -13.509228
v 13.980098 19.371593 14.368789
v 13.800830 0.407161 14.399391
v 13.991524 17.110790 13.474990
v 13.991524 17.110790 -0.043423
v 13.800831 19.371593 14.399391
v 12.229018 0.407161 14.399391
v 75.021324 17.110790 -13.509228
v 75.021324 17.110790 -0.043422
v 12.229018 19.371593 14.399391
v 13.980054 38.369461 -14.378897
v 75.021324 17.528763 9.804052
v 75.021324 17.528763 -9.877745
v 13.980053 19.371614 -14.378897
v 12.032541 38.369442 14.368789
v 13.991524 17.528763 -9.877745
v 13.991524 17.528763 9.804051
v 12.032541 19.371593 14.368789
v 13.800787 38.369461 -14.399399
v 13.991524 17.528763 -13.951790
v 75.021324 17.528763 -13.951790
v 13.800786 19.371614 -14.399399
v 12.228973 38.369461 -14.399399
v 75.021324 17.528763 13.954710
v 13.991524 17.528763 13.954709
v 12.228971 19.371614 -14.399399
v 13.945634 33.481174 -14.399399
v 13.945633 5.270406 -14.399399
v 12.018200 33.481155 14.276985
v 12.018200 5.270385 14.276985
v 12.574600 33.481178 -14.399399
v 12.574598 5.270407 -14.399399
v 12.075521 33.481174 -14.399399
v 12.075519 5.270406 -14.399399
v 12.075565 5.270384 14.399391
v 12.075565 33.481155 14.399391
v 12.574645 5.270384 14.399391
v 12.574645 33.481155 14.399391
v 13.945678 5.270384 14.399391
v 13.945679 33.481155 14.399391
v 13.991570 5.270384 14.276985
v 13.991570 33.481155 14.276985
v 46.270775 18.209019 -14.360060
v 48.194809 18.610979 -14.360060
v 46.270821 18.610920 14.377661
v 48.194855 18.208965 14.377661
v 48.214584 18.358376 14.312454
v 46.241219 18.358372 14.312454
v 46.359619 18.358372 14.399396
v 46.359573 18.358427 -14.399394
v 47.662048 93.470963 14.377661
v 48.135612 93.471016 -14.360060
v 48.135605 18.135641 -14.360060
v 48.135651 18.135584 14.377661
v 48.135651 18.358376 14.399396
v 48.135605 18.358431 -14.399394
v 47.977737 18.610979 -14.399394
v 47.977783 18.208965 14.399396
v 47.977783 93.422020 14.399396
v 47.977783 18.111124 14.312454
v 47.977737 18.209021 -14.399394
v 47.977737 93.487328 -14.242058
v 46.872650 93.471016 -14.360060
v 46.872650 18.135641 -14.360060
v 46.872696 18.135584 14.377661
v 46.872696 18.358372 14.399396
v 46.872650 18.358427 -14.399394
v 46.359619 93.470963 14.377661
v 46.547043 93.487328 -14.242058
v 46.547043 18.209019 -14.399394
v 46.547089 18.111124 14.312454
v 46.547089 93.422020 14.399396
v 46.547089 18.208961 14.399396
v 46.547043 18.610975 -14.399394
v 46.270775 92.763069 -14.360060
v 48.194855 92.763008 14.377661
v 48.194809 93.422066 -14.360060
v 46.270821 93.422020 14.377661
v 47.977745 93.422066 -14.399394
v 47.977783 92.763016 14.399396
v 46.547089 92.763016 14.399396
v 46.547043 93.422066 -14.399394
v 46.359573 93.224686 -14.399394
v 46.359619 93.224632 14.399396
v 46.872696 93.224632 14.399396
v 46.872650 93.224686 -14.399394
v 48.135612 93.224686 -14.399394
v 46.241219 93.224632 14.312454
v 48.214584 93.224632 14.312454
v 48.135651 93.224632 14.399396
v 48.194809 92.763069 -14.360060
v 48.194809 55.542213 -14.360060
v 46.270821 92.763023 14.377661
v 46.270821 55.542164 14.377661
v 47.977745 92.763069 -14.399394
v 47.977737 55.542210 -14.399394
v 46.547043 92.763069 -14.399394
v 46.547043 55.542210 -14.399394
v 46.270775 18.610975 -14.360060
v 46.270775 55.542210 -14.360060
v 48.194855 18.610924 14.377661
v 48.194855 55.542160 14.377661
v 47.977783 18.610924 14.399396
v 47.977783 55.542160 14.399396
v 46.547089 18.610920 14.399396
v 46.547089 55.542156 14.399396
v 48.135651 27.995792 14.399396
v 48.135651 83.160927 14.399396
v 48.214584 27.995790 14.312454
v 48.214584 83.160927 14.312454
v 46.872696 27.995789 14.399396
v 46.872696 83.160927 14.399396
v 46.359619 27.995789 14.399396
v 46.359619 83.160927 14.399396
v 46.359573 83.160980 -14.399394
v 46.359573 27.995842 -14.399394
v 46.872650 83.160980 -14.399394
v 46.872650 27.995842 -14.399394
v 48.135612 83.160980 -14.399394
v 48.135605 27.995846 -14.399394
v 46.241219 83.160934 14.312454
v 46.241219 27.995790 14.312454
v 46.270775 93.471016 -14.242058
v 48.194817 93.471001 -12.953672
v 46.270782 18.135632 -12.953672
v 48.194809 18.135641 -14.242058
v 48.214546 18.358433 -14.242058
v 46.241173 18.358427 -14.242058
v 47.977737 18.111181 -14.242058
v 47.977745 93.487312 -12.953672
v 46.547050 93.487312 -12.953672
v 46.547043 18.111181 -14.242058
v 46.241173 93.224686 -14.242058
v 48.214546 93.224686 -14.242058
v 48.214546 27.995848 -14.242058
v 48.214546 83.160988 -14.242058
v 46.241173 83.160980 -14.242058
v 46.241173 27.995842 -14.242058
v 46.241173 55.542206 -13.841292
v 46.241173 92.763069 -13.841292
v 48.214546 55.542210 -13.841292
v 48.214546 18.610977 -13.841292
v 48.214546 92.763069 -13.841292
v 46.241173 93.422066 -13.841292
v 46.359573 18.111179 -13.841292
v 46.359573 93.487328 -13.841292
v 46.872650 93.487328 -13.841294
v 46.872650 18.111179 -13.841292
v 46.241173 18.610973 -13.841292
v 48.214546 18.209021 -13.841292
v 48.214546 93.422066 -13.841294
v 46.241173 18.209017 -13.841294
v 48.135605 18.111179 -13.841292
v 48.135612 93.487328 -13.841294
v 46.270813 93.470970 13.317513
v 48.194847 18.135593 13.317513
v 48.214577 18.358383 13.317513
v 46.241211 18.358381 13.317513
v 47.977776 18.111134 13.317513
v 46.547081 18.111134 13.317513
v 46.241211 93.224648 13.317513
v 48.214577 93.224648 13.317513
v 48.214577 27.995802 13.317513
v 48.214577 83.160942 13.317513
v 46.241211 83.160942 13.317513
v 46.241211 27.995798 13.317513
v 48.194855 93.470963 14.312454
v 46.270821 18.135584 14.312454
v 47.977783 93.487274 14.312454
v 46.547089 93.487274 14.312454
v 48.135651 93.487274 14.020247
v 46.872696 93.487274 14.020247
v 46.359619 93.487274 14.020247
v 46.241219 55.542168 14.020247
v 46.241219 92.763031 14.020247
v 48.214584 55.542160 14.020247
v 48.214584 18.610926 14.020247
v 48.214584 92.763008 14.020247
v 46.241219 93.422028 14.020247
v 46.359619 18.111126 14.020247
v 46.872696 18.111126 14.020247
v 46.241219 18.610922 14.020247
v 48.214584 18.208967 14.020247
v 48.214584 93.422028 14.020247
v 46.241219 18.208965 14.020247
v 48.135651 18.111126 14.020247
v 48.194847 93.470970 13.317512
v 48.194832 93.470985 0.293444
v 46.270813 18.135593 13.317512
v 46.270798 18.135612 0.293444
v 47.977776 93.487282 13.317512
v 47.977760 93.487297 0.293443
v 46.547081 93.487282 13.317512
v 46.547066 93.487297 0.293444
v 46.270782 93.471001 -12.953671
v 46.270798 93.470993 0.293444
v 48.194817 18.135632 -12.953671
v 48.194832 18.135612 0.293444
v 48.214554 18.358421 -12.953671
v 48.214561 18.358402 0.293444
v 46.241180 18.358418 -12.953671
v 46.241196 18.358400 0.293444
v 47.977745 18.111172 -12.953671
v 47.977760 18.111153 0.293444
v 46.547050 18.111172 -12.953671
v 46.547066 18.111153 0.293444
v 46.241180 93.224678 -12.953671
v 46.241196 93.224663 0.293444
v 48.214554 93.224678 -12.953671
v 48.214561 93.224655 0.293444
v 48.214554 27.995838 -12.953671
v 48.214561 27.995819 0.293444
v 48.214554 83.160980 -12.953671
v 48.214561 83.160957 0.293444
v 46.241180 83.160973 -12.953671
v 46.241196 83.160957 0.293444
v 46.241180 27.995834 -12.953671
v 46.241196 27.995817 0.293444
v 48.135620 18.111162 -9.076367
v 48.135635 18.111143 9.607495
v 46.241188 18.209000 -9.076369
v 46.241203 18.208981 9.607495
v 48.214554 93.422050 -9.076369
v 48.214569 93.422035 9.607495
v 48.214561 18.209003 -9.076367
v 48.214569 18.208984 9.607495
v 46.241188 18.610958 -9.076367
v 46.241203 18.610939 9.607495
v 46.872665 18.111162 -9.076367
v 46.872681 18.111143 9.607495
v 46.359589 18.111162 -9.076367
v 46.359604 18.111143 9.607495
v 46.241188 93.422050 -9.076367
v 46.241203 93.422035 9.607495
v 48.214561 92.763054 -9.076367
v 48.214569 92.763031 9.607495
v 48.214561 18.610960 -9.076367
v 48.214569 18.610943 9.607495
v 48.214561 55.542194 -9.076367
v 48.214569 55.542175 9.607495
v 46.241188 92.763054 -9.076367
v 46.241203 92.763039 9.607495
v 46.241188 55.542194 -9.076367
v 46.241203 55.542179 9.607495
v 48.135635 93.487297 9.607494
v 48.135620 93.487312 -9.076369
v 46.872681 93.487297 9.607494
v 46.872665 93.487312 -9.076369
v 46.359604 93.487297 9.607495
v 46.359589 93.487312 -9.076367
v -14.759199 60.993172 -14.163179
v -14.759199 62.935200 -13.168837
v 46.220833 60.993172 -13.168836
v 46.220833 62.935200 -14.163179
v -14.472477 62.953289 -14.163179
v -14.472475 60.979919 -14.163179
v 46.241219 62.718998 -14.163179
v -14.788584 62.718998 -13.168837
v -14.788584 61.180344 -13.168837
v 46.241219 61.180344 -14.163179
v 45.980598 62.953289 -14.163179
v 45.980598 60.979919 -14.163179
v -6.430048 60.979919 -14.163179
v 13.458072 0.203622 14.399391
v 13.458025 0.203645 -14.399399
v 37.902023 60.979919 -14.163179
v 37.902023 62.953289 -14.163179
v 13.458029 38.589020 -14.399399
v 13.458073 38.589001 14.399391
v -6.430044 62.953289 -14.163179
v -14.788584 62.377911 -13.796484
v 46.241219 62.377911 -13.796483
v 15.732227 62.953289 -13.796484
v 45.606430 62.953289 -13.796483
v -14.788584 62.377911 13.792393
v 46.241219 62.377911 13.792395
v 15.732227 60.979919 -13.796484
v -14.111881 60.979919 -13.796483
v 45.606430 60.979919 -13.796483
v 46.159683 62.953289 -13.796483
v 46.241219 61.032925 -13.796483
v -14.788584 61.032925 -13.796484
v -14.788584 61.516594 -13.796484
v 46.241219 61.516594 -13.796483
v -14.671038 60.979919 -13.796483
v -14.111879 62.953289 -13.796483
v -14.671040 62.953289 -13.796483
v 46.159683 60.979919 -13.796483
v 46.241219 62.880932 -13.796483
v -14.788584 62.880932 -13.796484
v -14.759195 60.993172 12.880113
v 46.220833 62.935200 12.880114
v -14.472477 62.953289 12.880113
v -14.472475 60.979919 12.880114
v 46.241219 62.718998 12.880114
v 46.241219 61.180344 12.880114
v 45.980598 62.953289 12.880114
v 45.980598 60.979919 12.880113
v -6.430044 60.979919 12.880114
v 13.458071 0.020366 14.368789
v 13.458025 0.020389 -14.378897
v 37.902023 60.979919 12.880114
v 37.902023 62.953289 12.880114
v 13.458029 38.726391 -14.378897
v 12.574645 38.726376 14.368789
v -6.430046 62.953289 12.880114
v -14.759199 62.935200 14.217653
v 46.220833 60.993172 14.217652
v -14.788584 62.718998 14.217653
v -14.788584 61.180344 14.217653
v -14.788584 62.880932 13.792393
v -14.788584 61.516594 13.792393
v -14.788584 61.032925 13.792393
v -6.430046 62.377911 -14.399399
v 37.902023 62.377911 -14.399399
v 15.732227 62.953289 13.792395
v 45.606430 62.953289 13.792395
v 37.902023 62.377911 14.399399
v -6.430048 62.377911 14.399399
v 15.732229 60.979919 13.792395
v -14.111879 60.979919 13.792395
v 45.606430 60.979919 13.792395
v 46.159683 62.953289 13.792395
v 46.241219 61.032925 13.792393
v 46.241219 61.516594 13.792395
v -14.671038 60.979919 13.792395
v -14.111879 62.953289 13.792395
v -14.671040 62.953289 13.792393
v 46.159683 60.979919 13.792393
v 46.241219 62.880932 13.792395
v -14.759199 62.935200 12.880113
v -14.759199 62.935200 -0.343198
v 46.220833 60.993172 12.880113
v 46.220833 60.993172 -0.343198
v -14.788584 62.718998 12.880113
v -14.788584 62.718998 -0.343198
v -14.788584 61.180344 12.880113
v -14.788584 61.180344 -0.343198
v -14.759199 60.993172 -13.168837
v -14.759195 60.993172 -0.343197
v 46.220833 62.935200 -13.168836
v 46.220833 62.935200 -0.343197
v -14.472475 62.953289 -13.168836
v -14.472475 62.953289 -0.343197
v -14.472477 60.979919 -13.168836
v -14.472475 60.979919 -0.343197
v 46.241219 62.718998 -13.168836
v 46.241219 62.718998 -0.343197
v 46.241219 61.180344 -13.168836
v 46.241219 61.180344 -0.343197
v 45.980598 62.953289 -13.168836
v 45.980598 62.953289 -0.343197
v 45.980598 60.979919 -13.168836
v 45.980598 60.979919 -0.343197
v -6.430048 60.979919 -13.168837
v -6.430046 60.979919 -0.343197
v -14.671040 61.947254 -14.399399
v -14.111881 61.947254 14.399399
v -14.671038 61.947254 14.399399
v 46.241219 61.947254 14.217652
v 37.902023 60.979919 -13.168837
v 37.902023 60.979919 -0.343197
v 37.902023 62.953289 -13.168837
v 37.902023 62.953289 -0.343197
v 46.159683 61.947254 -14.399399
v -14.788584 61.947254 -14.163178
v 45.606430 61.947254 -14.399399
v 46.159683 61.947254 14.399399
v -6.430046 62.953289 -13.168837
v -6.430046 62.953289 -0.343197
v 46.241219 62.880932 -9.583364
v 46.241219 62.880932 8.996389
v 46.159683 60.979919 -9.583364
v 46.159683 60.979919 8.996387
v -14.671040 62.953289 -9.583364
v -14.671040 62.953289 8.996387
v -14.111879 62.953289 -9.583364
v -14.111879 62.953289 8.996389
v -14.671038 60.979919 -9.583364
v -14.671038 60.979919 8.996389
v 46.241219 61.516594 -9.583364
v 46.241219 61.516594 8.996389
v 46.241219 61.032925 -9.583364
v 46.241219 61.032925 8.996387
v 46.159683 62.953289 -9.583364
v 46.159683 62.953289 8.996389
v 45.606430 60.979919 -9.583364
v 45.606430 60.979919 8.996389
v -14.111879 60.979919 -9.583364
v -14.111879 60.979919 8.996389
v 45.980598 62.377911 14.399399
v 45.980598 62.377911 -14.399399
v -14.472475 62.377911 -14.399399
v -14.472475 62.377911 14.399399
v 15.732227 60.979919 -9.583364
v 15.732227 60.979919 8.996389
v 45.606430 62.953289 -9.583364
v 45.606430 62.953289 8.996389
v 46.220833 62.377911 14.353962
v 46.220833 62.377911 -14.340343
v -14.759199 62.377911 -14.340343
v -14.759195 61.516594 14.353962
v 15.732227 62.953289 -9.583364
v 15.732227 62.953289 8.996389
v -14.788584 62.880932 8.996387
v -14.788584 62.880932 -9.583364
v -14.788584 61.516594 8.996387
v -14.788584 61.516594 -9.583364
v -14.788584 61.032925 8.996388
v -14.788584 61.032925 -9.583364
v -37.484467 38.758560 -14.201218
v -37.484467 40.700794 -13.348984
v 23.494564 38.758560 -13.348984
v 23.494564 40.700794 -14.201218
v -37.209908 40.711071 -14.201218
v -37.209908 38.737701 -14.201218
v 23.191055 40.711071 -14.201218
v 23.191055 38.737701 -14.201218
v -29.146105 38.737701 -14.201218
v 13.016322 38.737717 -13.576459
v 13.016311 0.000022 -14.317392
v 14.954501 38.737701 -14.201218
v 14.954502 40.711071 -14.201218
v 13.016358 38.737701 14.276985
v 13.016350 0.000004 13.615034
v -29.146105 40.711071 -14.201218
v 23.519964 40.531361 -14.201218
v -37.509834 40.531361 -13.348984
v -37.509834 38.991474 -13.348984
v 23.519964 38.991474 -14.201218
v 23.519964 38.821133 -13.889070
v -37.509834 38.821133 -13.889070
v -37.509834 39.335636 -13.889070
v 23.519964 39.335636 -13.889070
v -37.509834 40.197781 -13.889070
v 23.519964 40.197781 -13.889070
v -7.110195 40.711071 -13.889070
v 22.712343 40.711071 -13.889070
v -37.509834 40.197781 13.924144
v 23.519964 40.197781 13.924144
v -7.110195 38.737701 -13.889070
v -36.817589 38.737701 -13.889070
v 22.712343 38.737701 -13.889070
v 23.418362 40.711071 -13.889070
v -37.408348 38.737701 -13.889070
v -36.817589 40.711071 -13.889070
v -37.408348 40.711071 -13.889070
v 23.418362 38.737701 -13.889070
v 23.519964 40.669960 -13.889070
v -37.509834 40.669960 -13.889070
v -37.484459 38.758560 13.408207
v 23.494564 40.700794 13.408207
v -37.209908 40.711071 13.408207
v -37.209908 38.737701 13.408207
v 23.191055 40.711071 13.408207
v 23.191055 38.737701 13.408207
v -29.146105 38.737701 13.408207
v 13.016319 0.000019 -13.576458
v 13.016335 0.000011 0.078978
v 14.954502 38.737701 13.408207
v 14.954501 40.711071 13.408207
v 13.016351 38.737705 13.615034
v 13.016336 38.737713 0.078977
v -29.146105 40.711071 13.408207
v 23.519964 40.531361 13.408207
v 23.519964 38.991474 13.408207
v -37.484459 40.700794 14.217430
v 23.494564 38.758560 14.217430
v -37.509834 40.531361 14.217430
v -37.509834 38.991474 14.217430
v -37.509834 40.669960 13.924144
v -37.509834 39.335636 13.924144
v -37.509834 38.821133 13.924144
v 23.519964 38.821133 13.924144
v 23.519964 39.335636 13.924144
v -29.146105 40.197781 -14.399399
v 14.954502 40.197781 -14.399399
v -7.110195 40.711071 13.924144
v 22.712343 40.711071 13.924144
v 14.954502 40.197781 14.399391
v -29.146105 40.197781 14.399391
v -7.110193 38.737701 13.924144
v -36.817589 38.737701 13.924144
v 22.712343 38.737701 13.924144
v 23.418362 40.711071 13.924144
v -37.408348 38.737701 13.924144
v -36.817589 40.711071 13.924144
v -37.408348 40.711071 13.924144
v 23.418362 38.737701 13.924144
v 23.519964 40.669960 13.924144
v -37.484459 40.700794 13.408207
v -37.484459 40.700794 0.043007
v 23.494564 38.758560 13.408207
v 23.494564 38.758560 0.043007
v -37.509834 40.531361 13.408207
v -37.509834 40.531361 0.043007
v -37.509834 38.991474 13.408207
v -37.509834 38.991474 0.043007
v -37.484467 38.758560 -13.348985
v -37.484459 38.758560 0.043006
v 23.494564 40.700794 -13.348985
v 23.494564 40.700794 0.043006
v -37.209908 40.711071 -13.348985
v -37.209908 40.711071 0.043006
v -37.209908 38.737701 -13.348985
v -37.209908 38.737701 0.043006
v 23.191055 40.711071 -13.348985
v 23.191055 40.711071 0.043006
v 23.191055 38.737701 -13.348985
v 23.191055 38.737701 0.043006
v -29.146101 38.737701 -13.348985
v -29.146101 38.737701 0.043006
v -7.110193 39.766708 14.399391
v 22.712343 39.766708 14.399391
v -7.110195 39.766708 -14.399399
v -36.817589 39.766708 -14.399399
v 14.954501 38.737701 -13.348985
v 14.954502 38.737701 0.043006
v 14.954502 40.711071 -13.348985
v 14.954502 40.711071 0.043006
v 22.712343 39.766708 -14.399399
v 23.418362 39.766708 14.399391
v -37.408348 39.766708 -14.399399
v -36.817589 39.766708 14.399391
v -29.146101 40.711071 -13.348985
v -29.146101 40.711071 0.043006
v 23.519964 40.531361 -13.348985
v 23.519964 40.531361 0.043006
v 23.519964 38.991474 -13.348985
v 23.519964 38.991474 0.043006
v 23.519964 40.669960 -9.673961
v 23.519964 40.669960 9.753275
v 23.418362 38.737701 -9.673960
v 23.418362 38.737701 9.753276
v -37.408348 40.711071 -9.673960
v -37.408348 40.711071 9.753276
v -36.817589 40.711071 -9.673961
v -36.817589 40.711071 9.753275
v -37.408348 38.737701 -9.673961
v -37.408348 38.737701 9.753275
v 23.418362 40.711071 -9.673961
v 23.418362 40.711071 9.753275
v 22.712343 38.737701 -9.673961
v 22.712343 38.737701 9.753275
v -36.817589 38.737701 -9.673961
v -36.817589 38.737701 9.753275
v 23.191055 40.197781 -14.399399
v 23.191055 40.197781 14.399391
v -37.209908 40.197781 -14.399399
v -37.209908 40.197781 14.399391
v -7.110195 38.737701 -9.673961
v -7.110193 38.737701 9.753275
v 22.712343 40.711071 -9.673961
v 22.712343 40.711071 9.753275
v 23.494564 40.197781 14.353901
v 23.494564 40.197781 -14.349854
v -37.484459 40.197781 -14.349854
v -37.484459 39.335636 14.353901
v -7.110195 40.711071 -9.673961
v -7.110195 40.711071 9.753275
v 23.519964 39.335636 -9.673961
v 23.519964 39.335636 9.753275
v 23.519964 38.821133 -9.673960
v 23.519964 38.821133 9.753276
v -37.509834 40.669960 9.753276
v -37.509834 40.669960 -9.673960
v -37.509834 39.335636 9.753276
v -37.509834 39.335636 -9.673960
v -37.509834 38.821133 9.753276
v -37.509834 38.821133 -9.673960
v 12.032497 38.726395 -14.317392
v 13.980062 38.726391 -13.576459
v 12.032502 0.020385 -13.576458
v 13.980051 0.020389 -14.317392
v 13.991528 38.589020 -14.317392
v 12.018156 38.589020 -14.317392
v 13.800784 0.000022 -14.317392
v 13.800795 38.737717 -13.576459
v 12.228982 38.737717 -13.576459
v 12.228971 0.000022 -14.317392
v 13.991524 0.203645 -14.317392
v 12.018153 0.203645 -14.317392
v 12.018155 33.481178 -14.317392
v 12.018153 5.270407 -14.317392
v 13.991525 5.270406 -14.317392
v 13.991527 33.481178 -14.317392
v 66.523918 17.528763 14.399391
v 13.991528 19.371613 -14.091155
v 13.991526 0.407183 -14.091155
v 22.126495 17.528763 14.399391
v 12.018156 19.371616 -14.091155
v 12.018158 38.369461 -14.091155
v 12.018155 0.407183 -14.091155
v 13.991526 0.081487 -14.091155
v 12.075520 0.000021 -14.091155
v 12.075523 38.737720 -14.091155
v 12.574603 38.737720 -14.091155
v 12.574599 0.000021 -14.091155
v 12.018158 38.692413 -14.091155
v 13.991529 38.369461 -14.091155
v 13.991529 38.692413 -14.091155
v 12.018155 0.081487 -14.091155
v 13.945634 0.000021 -14.091155
v 13.945637 38.737720 -14.091155
v 12.032534 38.726376 13.615034
v 13.980089 0.020370 13.615034
v 13.991564 38.589005 13.615034
v 12.018192 38.589005 13.615034
v 13.800822 0.000004 13.615034
v 12.229010 0.000004 13.615034
v 13.991562 0.203626 13.615034
v 12.018192 0.203626 13.615034
v 12.018192 33.481159 13.615034
v 14.032319 17.110790 -14.399399
v 14.468759 17.110790 14.399391
v 12.018192 5.270388 13.615034
v 13.991562 5.270388 13.615034
v 14.032319 17.110790 14.399391
v 75.021324 17.110790 14.228526
v 13.991563 33.481159 13.615034
v 13.980098 38.726376 14.276985
v 12.032541 0.020366 14.276985
v 13.800831 38.737701 14.276985
v 12.229018 38.737701 14.276985
v 13.945677 38.737705 14.050295
v 12.574643 38.737705 14.050295
v 12.075562 38.737705 14.050295
v 22.126495 17.528763 -14.399399
v 13.991568 19.371593 14.050295
v 13.991568 0.407162 14.050295
v 66.523918 17.528763 -14.399399
v 12.018198 19.371593 14.050295
v 12.018198 38.369442 14.050295
v 12.018198 0.407163 14.050295
v 13.991567 0.081466 14.050295
v 12.075562 0.000001 14.050295
v 12.574642 0.000001 14.050295
v 12.018198 38.692394 14.050295
v 13.991569 38.369442 14.050295
v 13.991569 38.692394 14.050295
v 12.018198 0.081466 14.050295
v 13.945675 0.000001 14.050295
v 13.980091 38.726376 13.615034
v 13.980076 38.726383 0.078978
v 12.032533 0.020370 13.615034
v 12.032516 0.020377 0.078978
v 13.800824 38.737705 13.615034
v 13.800809 38.737713 0.078977
v 12.229011 38.737705 13.615034
v 12.228996 38.737713 0.078978
v 12.032505 38.726391 -13.576458
v 12.032518 38.726383 0.078978
v 13.980059 0.020385 -13.576458
v 13.980074 0.020377 0.078978
v 13.991535 38.589016 -13.576458
v 13.991549 38.589008 0.078978
v 12.018164 38.589016 -13.576458
v 12.018178 38.589008 0.078978
v 13.800792 0.000019 -13.576458
v 13.800807 0.000011 0.078978
v 12.228979 0.000019 -13.576458
v 12.228993 0.000011 0.078978
v 13.991531 0.203641 -13.576458
v 13.991547 0.203634 0.078978
v 12.018161 0.203641 -13.576458
v 12.018176 0.203634 0.078978
v 12.018163 33.481174 -13.576458
v 12.018178 33.481167 0.078978
v 74.916855 17.110790 -14.399399
v 13.991524 17.110790 -14.219345
v 74.282402 17.110790 -14.399399
v 74.916855 17.110790 14.399391
v 12.018161 5.270403 -13.576458
v 12.018177 5.270396 0.078978
v 13.991533 5.270403 -13.576458
v 13.991547 5.270395 0.078978
v 14.468759 17.110790 -14.399399
v 47.661995 27.995846 -14.399394
v 44.308411 17.110790 -14.399399
v 13.991534 33.481174 -13.576458
v 13.991549 33.481167 0.078978
v 13.945647 0.000015 -9.833136
v 13.945662 0.000007 9.961247
v 12.018167 0.081481 -9.833136
v 12.018184 0.081473 9.961247
v 13.991542 38.692406 -9.833136
v 13.991557 38.692402 9.961247
v 13.991542 38.369453 -9.833136
v 13.991557 38.369446 9.961247
v 12.018171 38.692406 -9.833136
v 12.018185 38.692398 9.961247
v 12.574613 0.000015 -9.833136
v 12.574629 0.000007 9.961247
v 12.075534 0.000015 -9.833136
v 12.075549 0.000007 9.961247
v 13.991539 0.081481 -9.833136
v 13.991554 0.081473 9.961247
v 12.018168 0.407177 -9.833136
v 12.018184 0.407169 9.961247
v 12.018171 38.369453 -9.833136
v 12.018185 38.369446 9.961247
v 74.706009 17.528763 14.399391
v 74.706009 17.528763 -14.399399
v 14.161827 17.528763 -14.399399
v 14.161827 17.528763 14.399391
v 12.018169 19.371609 -9.833136
v 12.018185 19.371601 9.961247
v 13.991540 0.407176 -9.833136
v 13.991554 0.407169 9.961247
v 74.995201 17.528763 14.356675
v 74.995209 17.528763 -14.354385
v 14.001722 17.528763 -14.354385
v 14.001722 16.692820 14.356674
v 13.991541 19.371607 -9.833136
v 13.991556 19.371601 9.961247
v 13.945663 38.737709 9.961246
v 13.945650 38.737713 -9.833138
v 12.574630 38.737709 9.961246
v 12.574615 38.737713 -9.833138
v 12.075551 38.737705 9.961247
v 12.075536 38.737713 -9.833136
v 14.001722 16.154940 13.474991
v 14.001722 18.090626 14.228525
v 74.995209 16.154940 14.228526
v 74.995209 18.090626 13.474991
v 14.161827 18.111181 13.474991
v 14.161827 16.137810 13.474991
v 75.021324 17.862797 13.474991
v 13.991524 17.862797 14.228525
v 13.991524 16.362213 14.228525
v 75.021324 16.362213 13.474991
v 74.706009 18.111181 13.474991
v 74.706009 16.137810 13.474991
v 22.126495 16.137810 13.474991
v 47.267326 18.610977 -14.399394
v 47.267372 18.208963 14.399396
v 66.523918 16.137810 13.474991
v 66.523918 18.111181 13.474991
v 47.267372 93.422020 14.399396
v 47.267372 18.111124 14.312454
v 22.126495 18.111181 13.474991
v 47.662048 83.160927 14.399396
v 47.662003 83.160980 -14.399394
v 44.308411 18.111181 13.954709
v 74.282402 18.111181 13.954710
v 44.308411 16.137810 13.954709
v 14.468759 16.137810 13.954710
v 74.282402 16.137810 13.954710
v 74.916855 18.111181 13.954710
v 75.021324 16.206329 13.954710
v 13.991524 16.206329 13.954709
v 13.991524 16.692820 13.954709
v 75.021324 16.692820 13.954710
v 14.032319 16.137810 13.954710
v 14.468759 18.111181 13.954710
v 14.032319 18.111181 13.954710
v 74.916855 16.137810 13.954710
v 75.021324 18.028957 13.954710
v 13.991524 18.028957 13.954709
v 14.001722 18.090626 -13.509228
v 74.995209 16.154940 -13.509228
v 13.991524 17.862797 -13.509228
v 13.991524 16.362213 -13.509228
v 14.001722 16.154940 -14.219345
v 74.995201 18.090626 -14.219345
v 14.161827 18.111181 -14.219345
v 14.161827 16.137810 -14.219345
v 75.021324 17.862797 -14.219345
v 75.021324 16.362213 -14.219345
v 74.706009 18.111181 -14.219345
v 74.706009 16.137810 -14.219345
v 22.126495 16.137810 -14.219345
v 47.267326 18.209021 -14.399394
v 47.267326 93.487328 -14.242058
v 66.523918 16.137810 -14.219345
v 66.523918 18.111181 -14.219345
v 47.267372 92.763016 14.399396
v 47.267326 93.422066 -14.399394
v 22.126495 18.111181 -14.219345
v 75.021324 18.028957 -13.951790
v 74.916855 16.137810 -13.951790
v 14.032319 18.111181 -13.951790
v 14.468759 18.111181 -13.951790
v 14.032319 16.137810 -13.951790
v 75.021324 16.692820 -13.951790
v 75.021324 16.206329 -13.951790
v 74.916855 18.111181 -13.951790
v 74.282402 16.137810 -13.951790
v 14.468759 16.137810 -13.951790
v 44.308411 16.137810 -13.951790
v 74.282402 18.111181 -13.951790
v 47.662048 27.995790 14.399396
v 44.308411 18.111181 -13.951790
v 13.991524 16.206329 -13.951790
v 13.991524 16.692820 -13.951790
v 13.991524 18.028957 -13.951790
v 14.001722 16.154940 -13.509228
v 14.001722 16.154940 -0.043422
v 74.995201 18.090626 -13.509228
v 74.995201 18.090626 -0.043422
v 14.161827 18.111181 -13.509228
v 14.161827 18.111181 -0.043422
v 14.161827 16.137810 -13.509228
v 14.161827 16.137810 -0.043422
v 75.021324 17.862797 -13.509228
v 75.021324 17.862797 -0.043422
v 75.021324 16.362213 -13.509228
v 75.021324 16.362213 -0.043422
v 74.706009 18.111181 -13.509228
v 74.706009 18.111181 -0.043422
v 74.706009 16.137810 -13.509228
v 74.706009 16.137810 -0.043422
v 22.126495 16.137810 -13.509228
v 22.126495 16.137810 -0.043422
v 47.267372 18.610920 14.399396
v 66.523918 16.137810 -13.509228
v 66.523918 16.137810 -0.043422
v 66.523918 18.111181 -13.509228
v 66.523918 18.111181 -0.043422
v 47.267372 55.542156 14.399396
v 47.267326 92.763069 -14.399394
v 22.126495 18.111181 -13.509228
v 22.126495 18.111181 -0.043422
v 14.001722 18.090626 13.474990
v 14.001722 18.090626 -0.043423
v 74.995201 16.154940 13.474989
v 74.995209 16.154940 -0.043423
v 13.991524 17.862797 13.474990
v 13.991524 17.862797 -0.043423
v 13.991524 16.362213 13.474990
v 13.991524 16.362213 -0.043423
v 13.991524 18.028957 9.804051
v 13.991524 18.028957 -9.877745
v 13.991524 16.692820 9.804051
v 13.991524 16.692820 -9.877745
v 13.991524 16.206329 9.804051
v 13.991524 16.206329 -9.877745
v 75.021324 18.028957 -9.877745
v 75.021324 18.028957 9.804052
v 74.916855 16.137810 -9.877745
v 74.916855 16.137810 9.804050
v 14.032319 18.111181 -9.877745
v 14.032319 18.111181 9.804050
v 14.468759 18.111181 -9.877745
v 14.468759 18.111181 9.804052
v 14.032319 16.137810 -9.877745
v 14.032319 16.137810 9.804052
v 75.021324 16.692820 -9.877745
v 75.021324 16.692820 9.804052
v 75.021324 16.206329 -9.877745
v 75.021324 16.206329 9.804050
v 74.916855 18.111181 -9.877745
v 74.916855 18.111181 9.804052
v 74.282402 16.137810 -9.877745
v 74.282402 16.137810 9.804052
v 14.468759 16.137810 -9.877745
v 14.468759 16.137810 9.804052
v 47.662003 93.224686 -14.399394
v 47.662048 93.224632 14.399396
v 47.661995 18.358431 -14.399394
v 47.662048 18.358376 14.399396
v 44.308411 16.137810 -9.877745
v 44.308411 16.137810 9.804052
v 74.282402 18.111181 -9.877745
v 74.282402 18.111181 9.804052
v 47.662048 18.135584 14.377661
v 47.661995 18.135641 -14.360060
v 47.662003 93.471016 -14.360060
v 46.872696 93.470963 14.377661
v 44.308411 18.111181 -9.877745
v 44.308411 18.111181 9.804052
v -75.013161 21.999256 -14.268419
v -75.013161 23.928226 -13.309882
v -14.003759 21.999256 -13.309882
v -14.003759 23.928225 -14.268419
v -74.805504 23.947960 -14.268419
v -74.805504 21.974588 -14.268419
v -14.245884 23.947960 -14.268419
v -14.245886 21.974588 -14.268419
v -66.564217 23.947960 -14.268419
v -22.551214 23.947960 -14.268419
v -66.564217 21.974588 -14.268419
v -22.551218 21.974588 -14.268419
v -13.991522 23.708689 -14.268419
v -75.021324 23.708689 -13.309882
v -75.021324 22.248394 -13.309882
v -13.991522 22.248394 -14.268419
v -13.991522 22.073257 -13.963296
v -75.021324 22.073257 -13.963295
v -75.021324 22.576468 -13.963296
v -13.991522 22.576468 -13.963295
v -74.321251 23.947960 -13.963296
v -14.764204 21.974588 -13.963296
v -44.562714 21.974588 -13.963296
v -74.321251 21.974588 -13.963296
v -14.040476 23.947960 -13.963296
v -44.562714 23.947960 -13.963295
v -74.988686 21.974588 -13.963296
v -14.764202 23.947960 -13.963296
v -74.988686 23.947960 -13.963296
v -14.040476 21.974588 -13.963296
v -13.991522 23.869024 -13.963296
v -75.021324 23.869024 -13.963296
v -75.013161 21.999256 13.087748
v -14.003759 23.928225 13.087749
v -74.805504 23.947960 13.087748
v -74.805504 21.974588 13.087749
v -14.245884 23.947960 13.087749
v -14.245886 21.974588 13.087748
v -66.564217 23.947960 13.087749
v -22.551222 23.947960 13.087749
v -66.564217 21.974588 13.087748
v -22.551218 21.974588 13.087748
v -13.991522 23.708689 13.087749
v -13.991522 22.248394 13.087748
v -75.013161 23.928225 14.254303
v -14.003759 21.999256 14.254303
v -75.021324 23.708689 14.254303
v -75.021324 22.248394 14.254303
v -75.021324 23.869024 13.890120
v -75.021324 22.576468 13.890120
v -75.021324 22.073257 13.890120
v -13.991522 22.073257 13.890120
v -13.991522 22.576468 13.890120
v -74.321251 23.947960 13.890120
v -14.764202 21.974588 13.890120
v -44.562714 21.974588 13.890120
v -74.321251 21.974588 13.890120
v -14.040476 23.947960 13.890120
v -44.562714 23.947960 13.890120
v -74.988686 21.974588 13.890120
v -14.764204 23.947960 13.890120
v -74.988686 23.947960 13.890120
v -14.040476 21.974588 13.890120
v -13.991522 23.869024 13.890120
v -75.013161 23.928225 13.087748
v -75.013161 23.928225 -0.208022
v -14.003759 21.999256 13.087748
v -14.003759 21.999256 -0.208021
v -75.021324 23.708689 13.087748
v -75.021324 23.708689 -0.208022
v -75.021324 22.248394 13.087748
v -75.021324 22.248394 -0.208022
v -75.013161 21.999256 -13.309882
v -75.013161 21.999256 -0.208021
v -14.003759 23.928226 -13.309882
v -14.003759 23.928226 -0.208020
v -74.805504 23.947960 -13.309882
v -74.805504 23.947960 -0.208021
v -74.805504 21.974588 -13.309882
v -74.805504 21.974588 -0.208020
v -14.245886 23.947960 -13.309882
v -14.245886 23.947960 -0.208020
v -14.245884 21.974588 -13.309882
v -14.245884 21.974588 -0.208021
v -66.564217 23.947960 -13.309882
v -66.564217 23.947960 -0.208020
v -22.551214 23.947960 -13.309881
v -22.551214 23.947960 -0.208020
v -66.564217 21.974588 -13.309882
v -66.564217 21.974588 -0.208020
v -22.551222 21.974588 -13.309882
v -22.551218 21.974588 -0.208020
v -13.991522 23.708689 -13.309882
v -13.991522 23.708689 -0.208020
v -13.991522 22.248394 -13.309882
v -13.991522 22.248394 -0.208021
v -13.991522 23.869024 -9.620637
v -13.991522 23.869024 9.253075
v -14.040476 21.974588 -9.620637
v -14.040476 21.974588 9.253073
v -74.988686 23.947960 -9.620637
v -74.988686 23.947960 9.253073
v -14.764202 23.947960 -9.620637
v -14.764204 23.947960 9.253075
v -74.988686 21.974588 -9.620637
v -74.988686 21.974588 9.253075
v -14.040476 23.947960 -9.620637
v -14.040476 23.947960 9.253075
v -74.321251 21.974588 -9.620637
v -74.321251 21.974588 9.253075
v -44.562714 21.974588 -9.620637
v -44.562714 21.974588 9.253073
v -14.764204 21.974588 -9.620637
v -14.764204 21.974588 9.253075
v -44.562714 23.947960 -9.620636
v -44.562714 23.947960 9.253075
v -74.321251 23.947960 -9.620637
v -74.321251 23.947960 9.253075
v -13.991522 22.576468 -9.620637
v -13.991522 22.576468 9.253075
v -13.991522 22.073257 -9.620637
v -13.991522 22.073257 9.253073
v -75.021324 23.869024 9.253072
v -75.021324 23.869024 -9.620638
v -75.021324 22.576468 9.253072
v -75.021324 22.576468 -9.620638
v -75.021324 22.073257 9.253073
v -75.021324 22.073257 -9.620636
v -75.013161 22.576468 14.363119
v -75.013161 23.385550 -14.366654
v -14.003759 23.385550 -14.366653
v -14.003759 23.385550 14.363119
v -74.805504 23.385550 14.399391
v -74.805504 23.385550 -14.399399
v -14.245886 23.385550 14.399391
v -14.245886 23.385550 -14.399399
v -66.564217 23.385550 14.399391
v -22.551218 23.385550 14.399391
v -66.564217 23.385550 -14.399399
v -22.551214 23.385550 -14.399399
v -75.021324 23.385550 -13.963296
v -13.991522 23.385550 -13.963296
v -75.021324 23.385550 13.890120
v -13.991522 23.385550 13.890120
v -13.991522 23.385550 -9.620637
v -13.991522 23.385550 9.253075
v -75.021324 23.385550 9.253072
v -75.021324 23.385550 -9.620638
v -75.021324 22.981009 -0.208022
v -75.021324 22.981009 13.087748
v -13.991522 22.981009 -0.208020
v -13.991522 22.981009 -13.309882
v -13.991522 22.981009 13.087749
v -75.021324 22.981009 14.254303
v -13.991522 22.981009 -14.268419
v -75.021324 22.981009 -13.309882
v -75.021324 22.981009 -14.268420
v -14.040476 22.981009 -14.399399
v -13.991522 22.981009 14.254303
v -74.988686 22.981009 14.399391
v -74.988686 22.981009 -14.399399
v -14.040476 22.981009 14.399391
v -74.321251 22.981009 -14.399399
v -14.764204 22.981009 -14.399399
v -44.562714 22.981009 14.399391
v -14.764204 22.981009 14.399391
v -74.321251 22.981009 14.399391
v -44.562714 22.981009 -14.399399
v -37.464729 38.774784 14.318520
v -37.464729 40.692802 14.318520
v -37.464729 38.774784 -14.311319
v -37.464729 40.692802 -14.311319
v 23.474808 38.774784 14.318520
v 23.474808 40.692802 14.318520
v 23.474808 38.774784 -14.311319
v 23.474808 40.692802 -14.311319
v -75.006821 22.018442 14.334908
v -75.006821 23.912880 14.334908
v -75.006821 22.018442 -14.341187
v -75.006821 23.912880 -14.341187
v -14.013281 22.018442 14.334908
v -14.013281 23.912880 14.334908
v -14.013281 22.018442 -14.341187
v -14.013281 23.912880 -14.341187
v 12.043695 38.717567 14.344989
v 13.971175 38.717567 14.344989
v 12.043652 38.717587 -14.362952
v 13.971130 38.717587 -14.362952
v 12.043695 0.036207 14.344989
v 13.971172 0.036207 14.344989
v 12.043648 0.036229 -14.362952
v 13.971127 0.036229 -14.362952
v 14.009655 16.168264 14.323451
v 14.009655 18.074638 14.323451
v 14.009655 16.168264 -14.319376
v 14.009655 18.074638 -14.319376
v 74.974892 16.168264 14.323451
v 74.974892 18.074638 14.323452
v 74.974892 16.168264 -14.319376
v 74.974892 18.074638 -14.319376
v -14.736345 61.003475 14.318624
v -14.736345 62.921135 14.318624
v -14.736345 61.003475 -14.294414
v -14.736345 62.921135 -14.294414
v 46.204979 61.003475 14.318624
v 46.204979 62.921135 14.318623
v 46.204979 61.003475 -14.294414
v 46.204979 62.921135 -14.294414
v 46.293846 93.458282 14.360755
v 48.179504 93.458282 14.360755
v 46.293800 93.458321 -14.329467
v 48.179466 93.458321 -14.329467
v 46.293846 18.154610 14.360755
v 48.179504 18.154610 14.360755
v 46.293800 18.154667 -14.329467
v 48.179466 18.154667 -14.329467
v -74.805504 21.999256 -14.366654
v -74.805504 23.928226 -14.366654
v -74.805504 21.999256 14.363119
v -74.805504 23.928226 14.363119
v -14.245886 23.928226 -14.366654
v -14.245882 21.999256 14.363119
v -14.245884 21.999256 -14.366654
v -14.245886 23.928225 14.363119
v -22.551214 23.928226 -14.366654
v -66.564217 23.928226 -14.366654
v -66.564217 23.928226 14.363119
v -22.551222 23.928225 14.363119
v -66.564217 21.999256 -14.366654
v -22.551218 21.999256 -14.366654
v -37.209908 38.758560 -14.349854
v -37.209908 40.700794 -14.349854
v -37.209908 38.758560 14.353901
v -37.209908 40.700794 14.353901
v 23.191055 40.700794 -14.349854
v 23.191055 38.758560 14.353901
v 23.191055 38.758556 -14.349854
v 23.191055 40.700794 14.353901
v 14.954501 38.758560 -14.349854
v 13.016330 38.737713 -9.833137
v 13.016344 38.737709 9.961246
v -29.146101 38.758560 -14.349854
v 14.954501 40.700794 14.353901
v 13.016342 0.000007 9.961248
v 13.016327 0.000015 -9.833137
v -29.146105 40.700794 14.353901
v -29.146101 40.700794 -14.349854
v 13.016356 0.000001 14.050295
v 13.016356 38.737701 14.050295
v 14.954502 40.700794 -14.349854
v -29.146101 38.758560 14.353901
v 13.016313 0.000021 -14.091155
v 13.016316 38.737720 -14.091155
v 14.954502 38.758560 14.353901
v -66.564217 21.999256 14.363119
v -22.551214 21.999256 14.363119
v -75.013161 23.708689 14.363119
v -75.013161 23.708689 -14.366654
v -14.003759 23.708689 -14.366654
v -14.003759 23.708689 14.363119
v -74.805504 23.708689 14.399391
v -74.805504 23.708689 -14.399399
v -14.245884 23.708689 14.399391
v -14.245884 23.708689 -14.399399
v -66.564217 23.708689 14.399391
v -22.551218 23.708689 14.399391
v -66.564217 23.708689 -14.399399
v -22.551214 23.708689 -14.399399
v -75.013161 22.248394 -14.366654
v -14.003759 22.248394 -14.366653
v -14.003759 22.248394 14.363119
v -74.805504 22.248394 14.399391
v -74.805504 22.248394 -14.399399
v -14.245886 22.248394 14.399391
v -14.245886 22.248394 -14.399399
v -66.564217 22.248394 14.399391
v -22.551214 22.248394 14.399391
v -66.564217 22.248394 -14.399399
v -22.551218 22.248394 -14.399399
v -75.013161 22.248394 14.363119
v -37.484467 40.531361 14.353901
v -37.484467 40.531361 -14.349854
v 23.494564 40.531361 -14.349854
v 23.494564 40.531361 14.353901
v -37.209908 40.531361 14.399391
v -37.209908 40.531361 -14.399399
v 23.191055 40.531361 14.399391
v 23.191055 40.531361 -14.399399
v -29.146101 40.531361 -14.399399
v 13.016358 33.481155 14.399391
v 14.954502 40.531361 -14.399399
v 14.954501 40.531361 14.399391
v 13.016357 5.270384 14.399391
v -29.146105 40.531361 14.399391
v -37.484467 38.991474 -14.349854
v 23.494564 38.991474 -14.349854
v 23.494564 38.991474 14.353901
v -37.209908 38.991474 14.399391
v -37.209908 38.991474 -14.399399
v 23.191055 38.991474 14.399391
v 23.191055 38.991474 -14.399399
v -29.146101 38.991474 -14.399399
v -37.509834 39.766708 -9.673960
v -37.509834 39.766708 9.753275
v 14.954501 38.991474 -14.399399
v 14.954502 38.991474 14.399391
v 23.519964 39.766708 9.753275
v 23.519964 39.766708 -9.673961
v -29.146101 38.991474 14.399391
v -37.484467 38.991474 14.353901
v -14.472477 60.993168 -14.340344
v -14.472475 62.935200 -14.340344
v -14.472475 60.993168 14.353962
v -14.472477 62.935200 14.353962
v -14.759197 62.718998 14.353963
v -14.759197 62.718998 -14.340343
v 46.220833 62.718998 -14.340344
v 46.220833 62.718998 14.353962
v -14.472477 62.718998 14.399399
v -14.472475 62.718998 -14.399399
v -14.759197 61.180347 -14.340343
v 46.220833 61.180347 -14.340344
v 46.220833 61.180347 14.353962
v -14.472475 61.180347 14.399399
v -14.472475 61.180347 -14.399399
v -14.759197 61.180347 14.353963
v 45.980598 62.935200 -14.340344
v 45.980598 60.993168 14.353962
v 45.980598 60.993168 -14.340344
v 45.980598 62.935200 14.353962
v 45.980598 62.718998 14.399399
v 45.980598 62.718998 -14.399399
v 45.980598 61.180347 -14.399399
v 45.980598 61.180347 14.399399
v 37.902023 60.993168 -14.340344
v 13.016312 5.270406 -14.399399
v -6.430046 60.993168 -14.340344
v 37.902023 62.935200 14.353962
v 13.016314 33.481178 -14.399399
v -6.430046 62.935200 14.353962
v 37.902023 62.718998 14.399399
v 13.016357 0.203622 14.399391
v 13.016311 0.203645 -14.399399
v -6.430046 62.718998 14.399399
v 37.902023 61.180347 14.399399
v 13.016315 38.589024 -14.399399
v 13.016358 38.589001 14.399391
v -6.430046 61.180347 14.399399
v -6.430044 62.935200 -14.340344
v 13.016357 0.020366 14.368789
v 13.016311 0.020389 -14.378897
v 37.902023 62.935200 -14.340344
v -6.430044 60.993168 14.353962
v 13.016315 38.726395 -14.378897
v 13.016358 38.726376 14.368789
v 37.902023 60.993172 14.353962
v -6.430044 62.718998 -14.399399
v -14.788584 61.947254 -9.583364
v -14.788584 61.947254 8.996387
v 37.902023 62.718998 -14.399399
v -6.430044 61.180347 -14.399399
v 46.241219 61.947254 8.996389
v 46.241219 61.947254 -9.583364
v 37.902023 61.180347 -14.399399
v 14.161827 16.154940 -14.354385
v 14.161827 18.090626 -14.354385
v 14.161827 16.154940 14.356675
v 14.161827 18.090626 14.356675
v 14.001722 17.862797 14.356676
v 14.001722 17.862797 -14.354385
v 74.995209 17.862797 -14.354385
v 74.995209 17.862797 14.356674
v 14.161827 17.862797 14.399391
v 14.161827 17.862797 -14.399399
v 14.001722 16.362211 -14.354385
v 74.995209 16.362211 -14.354385
v 74.995201 16.362211 14.356675
v 14.161827 16.362211 14.399391
v 14.161827 16.362211 -14.399399
v 14.001722 16.362211 14.356676
v 74.706009 18.090626 -14.354385
v 74.706009 16.154940 14.356676
v 74.706009 16.154940 -14.354385
v 74.706009 18.090626 14.356675
v 74.706009 17.862797 14.399391
v 74.706009 17.862797 -14.399399
v 74.706009 16.362211 -14.399399
v 74.706009 16.362211 14.399391
v 66.523918 16.154940 -14.354385
v 22.126495 16.154940 -14.354385
v 66.523918 18.090626 14.356676
v 22.126495 18.090626 14.356676
v 66.523918 17.862797 14.399391
v 22.126495 17.862797 14.399391
v 66.523918 16.362211 14.399391
v 22.126495 16.362211 14.399391
v 22.126495 18.090626 -14.354385
v 66.523918 18.090626 -14.354385
v 22.126495 16.154940 14.356674
v 47.267342 93.487312 -9.076369
v 47.267357 93.487289 9.607494
v 66.523918 16.154940 14.356674
v 22.126495 17.862797 -14.399399
v 47.267357 18.111143 9.607495
v 47.267342 18.111162 -9.076367
v 66.523918 17.862797 -14.399399
v 22.126495 16.362211 -14.399399
v 47.267372 18.111126 14.020248
v 47.267372 93.487274 14.020248
v 66.523918 16.362211 -14.399399
v 12.032497 38.589024 -14.378897
v 13.980055 38.589024 -14.378897
v 12.032541 38.589001 14.368789
v 13.980098 38.589001 14.368789
v 13.800831 38.726376 14.368789
v 13.800788 38.726395 -14.378897
v 13.800784 0.020389 -14.378897
v 13.800830 0.020366 14.368789
v 13.800831 38.589001 14.399391
v 13.800787 38.589024 -14.399399
v 12.228973 38.726395 -14.378897
v 12.228970 0.020389 -14.378897
v 12.229018 0.020366 14.368789
v 12.229018 38.589001 14.399391
v 12.228973 38.589024 -14.399399
v 12.229018 38.726376 14.368789
v 13.980051 0.203645 -14.378897
v 12.032541 0.203622 14.368789
v 12.032494 0.203645 -14.378897
v 13.980097 0.203622 14.368789
v 13.800830 0.203622 14.399391
v 13.800784 0.203645 -14.399399
v 12.228971 0.203645 -14.399399
v 12.229018 0.203622 14.399391
v 12.032495 5.270407 -14.378897
v 12.032496 33.481178 -14.378897
v 13.980097 5.270384 14.368789
v 13.980098 33.481155 14.368789
v 13.800830 5.270384 14.399391
v 13.800831 33.481155 14.399391
v 12.229018 5.270384 14.399391
v 12.229018 33.481155 14.399391
v 13.980054 33.481178 -14.378897
v 75.021324 17.110790 9.804052
v 75.021324 17.110790 -9.877745
v 13.980052 5.270406 -14.378897
v 12.032541 33.481155 14.368789
v 13.991524 17.110790 -9.877745
v 13.991524 17.110790 9.804050
v 12.032541 5.270384 14.368789
v 13.800787 33.481178 -14.399399
v 13.991524 17.110790 -13.951790
v 75.021324 17.110790 -13.951790
v 13.800785 5.270406 -14.399399
v 12.228972 33.481178 -14.399399
v 75.021324 17.110790 13.954710
v 13.991524 17.110790 13.954709
v 12.228971 5.270406 -14.399399
v 46.270775 18.358427 -14.360060
v 48.194809 18.358431 -14.360060
v 46.270821 18.358370 14.377661
v 48.194855 18.358376 14.377661
v 47.977783 93.470963 14.377661
v 47.977737 93.471008 -14.360060
v 47.977737 18.135641 -14.360060
v 47.977783 18.135586 14.377661
v 47.977783 18.358376 14.399396
v 47.977737 18.358431 -14.399394
v 46.547043 93.471016 -14.360060
v 46.547043 18.135641 -14.360060
v 46.547089 18.135582 14.377661
v 46.547089 18.358370 14.399396
v 46.547043 18.358427 -14.399394
v 46.547089 93.470963 14.377661
v 46.270775 93.224686 -14.360060
v 48.194855 93.224632 14.377661
v 48.194809 93.224686 -14.360060
v 46.270821 93.224648 14.377661
v 47.977737 93.224686 -14.399394
v 47.977783 93.224632 14.399396
v 46.547089 93.224640 14.399396
v 46.547043 93.224686 -14.399394
v 48.194809 83.160980 -14.360060
v 48.194809 27.995846 -14.360060
v 46.270821 83.160934 14.377661
v 46.270821 27.995789 14.377661
v 47.977737 83.160980 -14.399394
v 47.977737 27.995846 -14.399394
v 46.547043 83.160980 -14.399394
v 46.547043 27.995844 -14.399394
v 46.270775 27.995842 -14.360060
v 46.270775 83.160980 -14.360060
v 48.194855 27.995789 14.377661
v 48.194855 83.160927 14.377661
v 47.977783 27.995789 14.399396
v 47.977783 83.160927 14.399396
v 46.547089 27.995789 14.399396
v 46.547089 83.160934 14.399396
v 46.270775 93.471008 -13.841294
v 48.194809 93.471008 -13.841294
v 46.270775 18.135639 -13.841294
v 48.194809 18.135639 -13.841294
v 48.214546 18.358429 -13.841294
v 46.241173 18.358425 -13.841294
v 47.977737 18.111179 -13.841294
v 47.977745 93.487328 -13.841294
v 46.547050 93.487328 -13.841294
v 46.547043 18.111179 -13.841294
v 46.241173 93.224686 -13.841294
v 48.214546 93.224686 -13.841294
v 48.214546 27.995846 -13.841294
v 48.214546 83.160980 -13.841294
v 46.241173 83.160980 -13.841294
v 46.241173 27.995840 -13.841294
v 46.270821 93.470963 14.020248
v 48.194855 18.135586 14.020248
v 48.214584 18.358376 14.020248
v 46.241219 18.358374 14.020248
v 47.977783 18.111126 14.020248
v 46.547089 18.111126 14.020248
v 46.241219 93.224648 14.020248
v 48.214584 93.224648 14.020248
v 48.214584 27.995792 14.020248
v 48.214584 83.160934 14.020248
v 46.241219 83.160942 14.020248
v 46.241219 27.995792 14.020248
v 48.194855 93.470963 14.020248
v 46.270821 18.135586 14.020248
v 47.977783 93.487274 14.020248
v 46.547089 93.487274 14.020248
v 48.194839 93.470970 9.607494
v 48.194824 93.470993 -9.076369
v 46.270805 18.135603 9.607494
v 46.270790 18.135622 -9.076369
v 47.977768 93.487289 9.607494
v 47.977753 93.487312 -9.076369
v 46.547073 93.487297 9.607494
v 46.547058 93.487312 -9.076369
v 46.270790 93.471001 -9.076367
v 46.270805 93.470978 9.607494
v 48.194824 18.135622 -9.076367
v 48.194839 18.135605 9.607495
v 48.214561 18.358412 -9.076367
v 48.214569 18.358393 9.607495
v 46.241188 18.358408 -9.076367
v 46.241203 18.358391 9.607494
v 47.977753 18.111162 -9.076367
v 47.977768 18.111143 9.607495
v 46.547058 18.111162 -9.076367
v 46.547073 18.111143 9.607495
v 46.241188 93.224663 -9.076367
v 46.241203 93.224655 9.607495
v 48.214554 93.224663 -9.076367
v 48.214569 93.224655 9.607494
v 48.214561 27.995829 -9.076367
v 48.214569 27.995810 9.607495
v 48.214561 83.160965 -9.076367
v 48.214569 83.160942 9.607495
v 46.241188 83.160965 -9.076367
v 46.241203 83.160950 9.607495
v 46.241188 27.995827 -9.076367
v 46.241203 27.995806 9.607495
v -14.759197 60.993168 -13.796483
v -14.759197 62.935200 -13.796483
v 46.220833 60.993168 -13.796483
v 46.220833 62.935200 -13.796483
v -14.472477 62.953289 -13.796483
v -14.472477 60.979919 -13.796483
v 46.241219 62.718998 -13.796483
v -14.788584 62.718998 -13.796483
v -14.788584 61.180347 -13.796483
v 46.241219 61.180347 -13.796483
v 45.980598 62.953289 -13.796483
v 45.980598 60.979919 -13.796483
v -6.430046 60.979919 -13.796483
v 46.241219 61.947254 13.792393
v -14.788584 61.947254 13.792393
v 37.902023 60.979919 -13.796483
v 37.902023 62.953289 -13.796483
v 46.241219 61.947254 -13.796483
v -14.788584 61.947254 -13.796483
v -6.430044 62.953289 -13.796483
v -14.759197 60.993168 13.792395
v 46.220833 62.935200 13.792395
v -14.472475 62.953289 13.792395
v -14.472475 60.979919 13.792395
v 46.241219 62.718998 13.792395
v 46.241219 61.180347 13.792395
v 45.980598 62.953289 13.792395
v 45.980598 60.979919 13.792395
v -6.430044 60.979919 13.792395
v -6.430046 61.947254 14.399399
v 37.902023 61.947254 14.399399
v 37.902023 60.979919 13.792395
v 37.902023 62.953289 13.792395
v 37.902023 61.947254 -14.399399
v -6.430044 61.947254 -14.399399
v -6.430046 62.953289 13.792395
v -14.759197 62.935200 13.792393
v 46.220833 60.993168 13.792393
v -14.788584 62.718998 13.792393
v -14.788584 61.180347 13.792393
v -14.759197 62.935200 8.996387
v -14.759197 62.935200 -9.583364
v 46.220833 60.993168 8.996387
v 46.220833 60.993172 -9.583364
v -14.788584 62.718998 8.996387
v -14.788584 62.718998 -9.583364
v -14.788584 61.180344 8.996387
v -14.788584 61.180347 -9.583364
v -14.759197 60.993168 -9.583364
v -14.759197 60.993172 8.996389
v 46.220833 62.935200 -9.583364
v 46.220833 62.935200 8.996389
v -14.472475 62.953289 -9.583364
v -14.472475 62.953289 8.996388
v -14.472475 60.979919 -9.583364
v -14.472475 60.979919 8.996389
v 46.241219 62.718998 -9.583364
v 46.241219 62.718998 8.996389
v 46.241219 61.180347 -9.583364
v 46.241219 61.180347 8.996388
v 45.980598 62.953289 -9.583364
v 45.980598 62.953289 8.996389
v 45.980598 60.979919 -9.583364
v 45.980598 60.979919 8.996388
v -6.430046 60.979919 -9.583364
v -6.430044 60.979919 8.996389
v 45.980598 61.947254 14.399399
v 45.980598 61.947254 -14.399399
v -14.472477 61.947254 -14.399399
v -14.472477 61.947254 14.399399
v 37.902023 60.979919 -9.583364
v 37.902023 60.979919 8.996389
v 37.902023 62.953289 -9.583364
v 37.902023 62.953289 8.996389
v 46.220833 61.947254 14.353962
v 46.220833 61.947254 -14.340344
v -14.759197 61.947254 -14.340343
v -14.759197 61.947254 14.353963
v -6.430044 62.953289 -9.583364
v -6.430046 62.953289 8.996389
v -37.484467 38.758556 -13.889070
v -37.484467 40.700794 -13.889070
v 23.494564 38.758560 -13.889070
v 23.494564 40.700794 -13.889070
v -37.209908 40.711071 -13.889070
v -37.209908 38.737701 -13.889070
v 23.191055 40.711071 -13.889070
v 23.191055 38.737701 -13.889070
v -29.146105 38.737701 -13.889070
v 23.519964 39.766708 13.924143
v -37.509834 39.766708 13.924143
v 14.954501 38.737701 -13.889070
v 14.954502 40.711071 -13.889070
v 23.519964 39.766708 -13.889070
v -37.509834 39.766708 -13.889070
v -29.146101 40.711071 -13.889070
v 23.519964 40.531361 -13.889070
v -37.509834 40.531361 -13.889070
v -37.509834 38.991474 -13.889070
v 23.519964 38.991474 -13.889070
v -37.484467 38.758560 13.924143
v 23.494564 40.700794 13.924143
v -37.209908 40.711071 13.924143
v -37.209908 38.737701 13.924143
v 23.191055 40.711071 13.924143
v 23.191055 38.737701 13.924143
v -29.146101 38.737701 13.924143
v -29.146101 39.766708 14.399391
v 14.954502 39.766708 14.399391
v 14.954502 38.737701 13.924143
v 14.954501 40.711071 13.924143
v 14.954502 39.766708 -14.399399
v -29.146101 39.766708 -14.399399
v -29.146101 40.711071 13.924143
v 23.519964 40.531361 13.924143
v 23.519964 38.991474 13.924143
v -37.484467 40.700794 13.924143
v 23.494564 38.758556 13.924143
v -37.509834 40.531361 13.924143
v -37.509834 38.991474 13.924143
v -37.484467 40.700794 9.753275
v -37.484467 40.700794 -9.673960
v 23.494564 38.758560 9.753275
v 23.494564 38.758560 -9.673960
v -37.509834 40.531361 9.753275
v -37.509834 40.531361 -9.673960
v -37.509834 38.991474 9.753275
v -37.509834 38.991474 -9.673960
v -37.484467 38.758560 -9.673960
v -37.484467 38.758560 9.753275
v 23.494564 40.700794 -9.673961
v 23.494564 40.700794 9.753275
v -37.209908 40.711071 -9.673961
v -37.209908 40.711071 9.753275
v -37.209908 38.737701 -9.673961
v -37.209908 38.737701 9.753275
v 23.191055 40.711071 -9.673961
v 23.191055 40.711071 9.753275
v 23.191055 38.737701 -9.673961
v 23.191055 38.737701 9.753275
v -29.146105 38.737701 -9.673961
v -29.146101 38.737701 9.753275
v 23.191055 39.766708 -14.399399
v 23.191055 39.766708 14.399391
v -37.209908 39.766708 -14.399399
v -37.209908 39.766708 14.399391
v 14.954501 38.737701 -9.673961
v 14.954502 38.737701 9.753275
v 14.954502 40.711071 -9.673961
v 14.954501 40.711071 9.753275
v 23.494564 39.766708 14.353901
v 23.494564 39.766708 -14.349854
v -37.484467 39.766708 -14.349854
v -37.484467 39.766708 14.353901
v -29.146101 40.711071 -9.673961
v -29.146101 40.711071 9.753275
v 23.519964 40.531361 -9.673961
v 23.519964 40.531361 9.753275
v 23.519964 38.991474 -9.673961
v 23.519964 38.991474 9.753275
v 12.032500 38.726395 -14.091155
v 13.980057 38.726395 -14.091155
v 12.032495 0.020388 -14.091155
v 13.980053 0.020388 -14.091155
v 13.991529 38.589020 -14.091155
v 12.018158 38.589020 -14.091155
v 13.800786 0.000021 -14.091155
v 13.800790 38.737720 -14.091155
v 12.228976 38.737720 -14.091155
v 12.228972 0.000021 -14.091155
v 13.991526 0.203644 -14.091155
v 12.018155 0.203644 -14.091155
v 12.018157 33.481178 -14.091155
v 22.126495 17.110790 14.399391
v 47.267326 18.111179 -13.841294
v 12.018156 5.270406 -14.091155
v 13.991527 5.270405 -14.091155
v 47.267326 93.487328 -13.841294
v 66.523918 17.110790 14.399391
v 13.991529 33.481178 -14.091155
v 12.032538 38.726376 14.050295
v 13.980094 0.020367 14.050295
v 13.991569 38.589001 14.050295
v 12.018198 38.589001 14.050295
v 13.800827 0.000001 14.050295
v 12.229015 0.000001 14.050295
v 13.991567 0.203623 14.050295
v 12.018198 0.203623 14.050295
v 12.018198 33.481155 14.050295
v 66.523918 17.110790 -14.399399
v 47.267326 27.995846 -14.399394
v 12.018198 5.270385 14.050295
v 13.991568 5.270385 14.050295
v 22.126495 17.110790 -14.399399
v 13.991569 33.481155 14.050295
v 13.980096 38.726376 14.050295
v 12.032538 0.020367 14.050295
v 13.800829 38.737705 14.050295
v 12.229015 38.737705 14.050295
v 13.980083 38.726383 9.961246
v 13.980069 38.726387 -9.833137
v 12.032525 0.020374 9.961246
v 12.032510 0.020381 -9.833137
v 13.800817 38.737709 9.961246
v 13.800802 38.737713 -9.833137
v 12.229003 38.737705 9.961246
v 12.228989 38.737713 -9.833137
v 12.032512 38.726383 -9.833137
v 12.032527 38.726379 9.961248
v 13.980066 0.020381 -9.833137
v 13.980081 0.020374 9.961248
v 13.991542 38.589012 -9.833137
v 13.991557 38.589008 9.961246
v 12.018171 38.589012 -9.833137
v 12.018185 38.589008 9.961248
v 13.800798 0.000015 -9.833137
v 13.800814 0.000007 9.961248
v 12.228986 0.000015 -9.833137
v 12.229002 0.000007 9.961248
v 13.991539 0.203637 -9.833137
v 13.991554 0.203630 9.961248
v 12.018167 0.203637 -9.833137
v 12.018184 0.203630 9.961246
v 12.018169 33.481171 -9.833137
v 12.018185 33.481163 9.961248
v 74.706009 17.110790 14.399391
v 74.706009 17.110790 -14.399399
v 14.161827 17.110790 -14.399399
v 14.161827 17.110790 14.399391
v 12.018168 5.270400 -9.833137
v 12.018184 5.270392 9.961248
v 13.991540 5.270399 -9.833137
v 13.991555 5.270392 9.961248
v 74.995209 17.110790 14.356675
v 74.995209 17.110790 -14.354385
v 14.001722 17.110790 -14.354385
v 14.001722 17.110790 14.356675
v 13.991542 33.481171 -9.833137
v 13.991556 33.481163 9.961248
v 14.001722 16.154940 13.954709
v 14.001722 18.090626 13.954709
v 74.995209 16.154940 13.954709
v 74.995209 18.090626 13.954709
v 14.161827 18.111181 13.954709
v 14.161827 16.137810 13.954709
v 75.021324 17.862797 13.954710
v 13.991524 17.862797 13.954709
v 13.991524 16.362211 13.954709
v 75.021324 16.362211 13.954709
v 74.706009 18.111181 13.954709
v 74.706009 16.137810 13.954709
v 22.126495 16.137810 13.954709
v 66.523918 16.137810 13.954709
v 66.523918 18.111181 13.954709
v 47.267326 83.160988 -14.399394
v 47.267372 83.160934 14.399396
v 22.126495 18.111181 13.954709
v 14.001722 18.090626 -13.951790
v 74.995209 16.154940 -13.951790
v 13.991524 17.862797 -13.951790
v 13.991524 16.362211 -13.951790
v 14.001722 16.154940 -13.951790
v 74.995209 18.090626 -13.951790
v 14.161827 18.111181 -13.951790
v 14.161827 16.137810 -13.951790
v 75.021324 17.862797 -13.951790
v 75.021324 16.362211 -13.951790
v 74.706009 18.111181 -13.951790
v 74.706009 16.137810 -13.951790
v 22.126495 16.137810 -13.951790
v 66.523918 16.137810 -13.951790
v 66.523918 18.111181 -13.951790
v 47.267372 27.995790 14.399396
v 22.126495 18.111181 -13.951790
v 14.001722 16.154940 -9.877745
v 14.001722 16.154940 9.804052
v 74.995201 18.090626 -9.877745
v 74.995201 18.090626 9.804052
v 14.161827 18.111181 -9.877745
v 14.161827 18.111181 9.804052
v 14.161827 16.137810 -9.877745
v 14.161827 16.137810 9.804052
v 75.021324 17.862797 -9.877745
v 75.021324 17.862797 9.804052
v 75.021324 16.362211 -9.877745
v 75.021324 16.362211 9.804052
v 74.706009 18.111181 -9.877745
v 74.706009 18.111181 9.804052
v 74.706009 16.137810 -9.877745
v 74.706009 16.137810 9.804052
v 22.126495 16.137810 -9.877745
v 22.126495 16.137810 9.804052
v 47.267326 93.224686 -14.399394
v 47.267372 93.224648 14.399396
v 47.267326 18.358429 -14.399394
v 47.267372 18.358372 14.399396
v 66.523918 16.137810 -9.877745
v 66.523918 16.137810 9.804052
v 66.523918 18.111181 -9.877745
v 66.523918 18.111181 9.804052
v 47.267372 18.135584 14.377661
v 47.267326 18.135641 -14.360060
v 47.267326 93.471008 -14.360060
v 47.267372 93.470963 14.377661
v 22.126495 18.111181 -9.877745
v 22.126495 18.111181 9.804052
v 14.001722 18.090626 9.804050
v 14.001722 18.090626 -9.877745
v 74.995209 16.154940 9.804050
v 74.995209 16.154940 -9.877745
v 13.991524 17.862797 9.804050
v 13.991524 17.862797 -9.877745
v 13.991524 16.362211 9.804050
v 13.991524 16.362211 -9.877745
v -75.013161 21.999256 -13.963296
v -75.013161 23.928226 -13.963296
v -14.003759 21.999256 -13.963296
v -14.003759 23.928226 -13.963296
v -74.805504 23.947960 -13.963296
v -74.805504 21.974588 -13.963296
v -14.245884 23.947960 -13.963296
v -14.245886 21.974588 -13.963296
v -66.564217 23.947960 -13.963296
v -22.551214 23.947960 -13.963295
v -66.564217 21.974588 -13.963296
v -22.551218 21.974588 -13.963296
v -13.991522 23.708689 -13.963296
v -75.021324 23.708689 -13.963296
v -75.021324 22.248394 -13.963296
v -13.991522 22.248394 -13.963295
v -75.013161 21.999256 13.890120
v -14.003759 23.928225 13.890120
v -74.805504 23.947960 13.890120
v -74.805504 21.974588 13.890120
v -14.245886 23.947960 13.890120
v -14.245882 21.974588 13.890120
v -66.564217 23.947960 13.890120
v -22.551222 23.947960 13.890120
v -66.564217 21.974588 13.890120
v -22.551214 21.974588 13.890120
v -13.991522 23.708689 13.890120
v -13.991522 22.248394 13.890120
v -75.013161 23.928226 13.890120
v -14.003759 21.999256 13.890120
v -75.021324 23.708689 13.890120
v -75.021324 22.248394 13.890120
v -75.013161 23.928225 9.253072
v -75.013161 23.928225 -9.620638
v -14.003759 21.999256 9.253072
v -14.003759 21.999256 -9.620638
v -75.021324 23.708689 9.253072
v -75.021324 23.708689 -9.620638
v -75.021324 22.248394 9.253072
v -75.021324 22.248394 -9.620638
v -75.013161 21.999256 -9.620637
v -75.013161 21.999256 9.253073
v -14.003759 23.928226 -9.620637
v -14.003759 23.928226 9.253075
v -74.805504 23.947960 -9.620637
v -74.805504 23.947960 9.253073
v -74.805504 21.974588 -9.620637
v -74.805504 21.974588 9.253075
v -14.245882 23.947960 -9.620637
v -14.245884 23.947960 9.253075
v -14.245886 21.974588 -9.620637
v -14.245886 21.974588 9.253073
v -66.564217 23.947960 -9.620637
v -66.564217 23.947960 9.253075
v -22.551214 23.947960 -9.620637
v -22.551218 23.947960 9.253075
v -66.564217 21.974588 -9.620637
v -66.564217 21.974588 9.253075
v -22.551218 21.974588 -9.620637
v -22.551218 21.974588 9.253075
v -13.991522 23.708689 -9.620637
v -13.991522 23.708689 9.253075
v -13.991522 22.248394 -9.620637
v -13.991522 22.248394 9.253073
v -75.013161 22.981009 14.363119
v -75.013161 22.981009 -14.366654
v -14.003759 22.981009 -14.366653
v -14.003759 22.981009 14.363119
v -74.805504 22.981009 14.399391
v -74.805504 22.981009 -14.399399
v -14.245886 22.981009 14.399391
v -14.245886 22.981009 -14.399399
v -66.564217 22.981009 14.399391
v -22.551218 22.981009 14.399391
v -66.564217 22.981009 -14.399399
v -22.551218 22.981009 -14.399399
v -75.021324 22.981009 -13.963296
v -13.991522 22.981009 -13.963295
v -75.021324 22.981009 13.890120
v -13.991522 22.981009 13.890120
v -13.991522 22.981009 -9.620637
v -13.991522 22.981009 9.253075
v -75.021324 22.981009 9.253072
v -75.021324 22.981009 -9.620638
vt 0.003129 0.820278
vt 0.003151 0.819451
vt 0.005018 0.819507
vt 0.004995 0.820345
vt 0.004995 0.820591
vt 0.003106 0.820512
vt 0.002425 0.820490
vt 0.002223 0.820278
vt 0.002235 0.819428
vt 0.404522 0.668332
vt 0.404578 0.669114
vt 0.403236 0.669148
vt 0.403214 0.668309
vt 0.403214 0.667963
vt 0.404578 0.667996
vt 0.405013 0.667918
vt 0.405047 0.668231
vt 0.405114 0.669081
vt 0.406399 0.821407
vt 0.406545 0.820635
vt 0.408177 0.820848
vt 0.408087 0.821686
vt 0.408065 0.821921
vt 0.406321 0.821619
vt 0.405740 0.821396
vt 0.405706 0.821150
vt 0.405807 0.820512
vt 0.145216 0.820770
vt 0.145160 0.820144
vt 0.146144 0.820121
vt 0.146133 0.820825
vt 0.146122 0.821105
vt 0.145160 0.821015
vt 0.144803 0.821060
vt 0.144847 0.820825
vt 0.144713 0.820188
vt 0.405628 0.810688
vt 0.404443 0.810542
vt 0.404544 0.809011
vt 0.405785 0.809089
vt 0.406232 0.809111
vt 0.406075 0.810766
vt 0.405829 0.811358
vt 0.405472 0.811369
vt 0.404388 0.811269
vt 0.144993 0.821709
vt 0.146066 0.821831
vt 0.145976 0.823385
vt 0.144892 0.823352
vt 0.144467 0.823340
vt 0.144568 0.821641
vt 0.265359 0.660213
vt 0.265359 0.659241
vt 0.267203 0.659252
vt 0.267203 0.660213
vt 0.267203 0.660571
vt 0.265359 0.660560
vt 0.264923 0.660470
vt 0.264777 0.660202
vt 0.264777 0.659241
vt 0.679002 0.508301
vt 0.679069 0.509229
vt 0.677840 0.509296
vt 0.677784 0.508323
vt 0.677773 0.507898
vt 0.679036 0.507887
vt 0.679282 0.507921
vt 0.679282 0.508256
vt 0.679371 0.509206
vt 0.680377 0.660437
vt 0.680522 0.659543
vt 0.682568 0.659755
vt 0.682489 0.660694
vt 0.682467 0.661052
vt 0.680299 0.660783
vt 0.679818 0.660560
vt 0.679807 0.660269
vt 0.679919 0.659464
vt 0.418043 0.659722
vt 0.417953 0.658950
vt 0.418892 0.658917
vt 0.418903 0.659733
vt 0.418892 0.660102
vt 0.418009 0.660023
vt 0.417830 0.660068
vt 0.417841 0.659777
vt 0.417730 0.658973
vt 0.679829 0.649897
vt 0.678745 0.649762
vt 0.678890 0.647829
vt 0.680042 0.647896
vt 0.680299 0.647907
vt 0.680075 0.649952
vt 0.679908 0.650422
vt 0.679673 0.650433
vt 0.678700 0.650366
vt 0.417841 0.660582
vt 0.418847 0.660705
vt 0.418724 0.662695
vt 0.417651 0.662650
vt 0.417472 0.662639
vt 0.417674 0.660537
vt 0.986046 0.847250
vt 0.986046 0.848122
vt 0.984693 0.848111
vt 0.984693 0.847239
vt 0.984693 0.847004
vt 0.986057 0.847026
vt 0.986348 0.847082
vt 0.986437 0.847250
vt 0.986426 0.848122
vt 0.681315 0.997531
vt 0.681282 0.996670
vt 0.681997 0.996647
vt 0.682031 0.997519
vt 0.682042 0.997765
vt 0.681304 0.997765
vt 0.681002 0.997743
vt 0.680935 0.997553
vt 0.680913 0.996681
vt 0.678554 0.849687
vt 0.678454 0.850447
vt 0.677236 0.850346
vt 0.677291 0.849530
vt 0.677325 0.849295
vt 0.678610 0.849474
vt 0.679002 0.849608
vt 0.679002 0.849810
vt 0.678923 0.850480
vt 0.849256 0.847932
vt 0.849323 0.848602
vt 0.848798 0.848636
vt 0.848776 0.847909
vt 0.848787 0.847675
vt 0.849290 0.847731
vt 0.849480 0.847686
vt 0.849458 0.847887
vt 0.849569 0.848580
vt 0.679303 0.859925
vt 0.679941 0.859992
vt 0.679885 0.861177
vt 0.679225 0.861166
vt 0.678867 0.861155
vt 0.678957 0.859869
vt 0.679125 0.859489
vt 0.679393 0.859478
vt 0.679974 0.859511
vt 0.849424 0.847250
vt 0.848843 0.847172
vt 0.848910 0.845909
vt 0.849513 0.845920
vt 0.849726 0.845920
vt 0.849625 0.847283
vt 0.003452 0.452349
vt 0.003419 0.451343
vt 0.005051 0.451288
vt 0.005084 0.452294
vt 0.005107 0.452674
vt 0.003464 0.452729
vt 0.002849 0.452662
vt 0.002625 0.452383
vt 0.002581 0.451377
vt 0.414089 0.293127
vt 0.414167 0.294066
vt 0.412938 0.294133
vt 0.412893 0.293138
vt 0.412871 0.292669
vt 0.414123 0.292691
vt 0.414558 0.292691
vt 0.414614 0.293049
vt 0.414704 0.294021
vt 0.418191 0.447141
vt 0.418314 0.446247
vt 0.419834 0.446392
vt 0.419745 0.447353
vt 0.419711 0.447756
vt 0.418091 0.447521
vt 0.417520 0.447286
vt 0.417509 0.446973
vt 0.417632 0.446168
vt 0.156203 0.447856
vt 0.156114 0.447063
vt 0.156796 0.447018
vt 0.156829 0.447867
vt 0.156807 0.448259
vt 0.156170 0.448191
vt 0.155957 0.448247
vt 0.155980 0.447934
vt 0.155834 0.447096
vt 0.417375 0.436455
vt 0.416235 0.436343
vt 0.416313 0.434868
vt 0.417487 0.434913
vt 0.417956 0.434924
vt 0.417845 0.436533
vt 0.417599 0.437103
vt 0.417230 0.437126
vt 0.416190 0.437025
vt 0.155968 0.448862
vt 0.156729 0.448974
vt 0.156617 0.450516
vt 0.155823 0.450483
vt 0.155600 0.450483
vt 0.155756 0.448817
vt 0.431012 0.316858
vt 0.430968 0.315942
vt 0.433047 0.315875
vt 0.433080 0.316791
vt 0.433091 0.317138
vt 0.431012 0.317205
vt 0.430252 0.317194
vt 0.429984 0.316926
vt 0.429939 0.315998
vt 0.834462 0.162655
vt 0.834518 0.163526
vt 0.833512 0.163560
vt 0.833501 0.162632
vt 0.833512 0.162152
vt 0.834551 0.162230
vt 0.834931 0.162185
vt 0.834909 0.162554
vt 0.835010 0.163493
vt 0.835937 0.314232
vt 0.836094 0.313371
vt 0.838408 0.313628
vt 0.838329 0.314545
vt 0.838307 0.314891
vt 0.835859 0.314556
vt 0.835300 0.314310
vt 0.835267 0.314019
vt 0.835390 0.313271
vt 0.573916 0.313360
vt 0.573882 0.312611
vt 0.574844 0.312589
vt 0.574844 0.313393
vt 0.574821 0.313751
vt 0.573882 0.313684
vt 0.573480 0.313706
vt 0.573480 0.313405
vt 0.573391 0.312645
vt 0.835334 0.303736
vt 0.834361 0.303613
vt 0.834518 0.301367
vt 0.835501 0.301411
vt 0.835837 0.301422
vt 0.835680 0.303803
vt 0.835446 0.304396
vt 0.835144 0.304429
vt 0.834294 0.304317
vt 0.573737 0.314355
vt 0.574777 0.314455
vt 0.574687 0.316668
vt 0.573636 0.316646
vt 0.573145 0.316646
vt 0.573234 0.314276
vt 0.656999 0.130628
vt 0.656999 0.131667
vt 0.654349 0.131656
vt 0.654349 0.130617
vt 0.654361 0.130214
vt 0.656999 0.130237
vt 0.657591 0.130315
vt 0.657781 0.130628
vt 0.657781 0.131667
vt 0.170400 0.288476
vt 0.170355 0.287492
vt 0.171305 0.287447
vt 0.171350 0.288464
vt 0.171350 0.288956
vt 0.170366 0.288945
vt 0.169931 0.288923
vt 0.169863 0.288531
vt 0.169819 0.287514
vt 0.168075 0.130427
vt 0.167963 0.131354
vt 0.166197 0.131198
vt 0.166276 0.130203
vt 0.166309 0.129789
vt 0.168176 0.130035
vt 0.168522 0.130192
vt 0.168466 0.130505
vt 0.168388 0.131399
vt 0.487515 0.131466
vt 0.487582 0.132371
vt 0.486409 0.132439
vt 0.486386 0.131488
vt 0.486386 0.131097
vt 0.487515 0.131120
vt 0.487783 0.131131
vt 0.487817 0.131444
vt 0.487906 0.132349
vt 0.168634 0.141839
vt 0.169495 0.141917
vt 0.169394 0.143627
vt 0.168511 0.143582
vt 0.168019 0.143571
vt 0.168142 0.141738
vt 0.168299 0.141380
vt 0.168679 0.141436
vt 0.169528 0.141481
vt 0.487571 0.130728
vt 0.486386 0.130684
vt 0.486386 0.128918
vt 0.487616 0.128906
vt 0.487940 0.128906
vt 0.487906 0.130784
vt 0.675783 0.661286
vt 0.678644 0.661197
vt 0.678734 0.663175
vt 0.675850 0.663231
vt 0.636103 0.662762
vt 0.636081 0.661085
vt 0.636081 0.660258
vt 0.675772 0.660638
vt 0.678611 0.660605
vt 0.417808 0.649394
vt 0.417618 0.649449
vt 0.417383 0.647370
vt 0.417584 0.647359
vt 0.418624 0.647292
vt 0.418791 0.649259
vt 0.418836 0.649863
vt 0.417964 0.649930
vt 0.417774 0.649908
vt 0.548595 0.662181
vt 0.548595 0.663712
vt 0.461143 0.662438
vt 0.461165 0.660772
vt 0.461176 0.659945
vt 0.548606 0.660660
vt 0.418736 0.508737
vt 0.418657 0.509676
vt 0.418423 0.509653
vt 0.418478 0.508692
vt 0.418456 0.508368
vt 0.418668 0.508334
vt 0.419809 0.508312
vt 0.419797 0.508737
vt 0.419764 0.509709
vt 0.679572 0.660213
vt 0.679650 0.659442
vt 0.679595 0.660526
vt 0.678600 0.660236
vt 0.678611 0.659397
vt 0.679751 0.661085
vt 0.679975 0.661040
vt 0.680142 0.663131
vt 0.679896 0.663131
vt 0.421429 0.649103
vt 0.421317 0.647180
vt 0.461064 0.646946
vt 0.461109 0.648611
vt 0.461120 0.649449
vt 0.421452 0.649762
vt 0.422849 0.508960
vt 0.422759 0.509899
vt 0.422893 0.508469
vt 0.464854 0.511576
vt 0.464809 0.512459
vt 0.464742 0.513487
vt 0.548629 0.646756
vt 0.548629 0.645236
vt 0.636237 0.647270
vt 0.636181 0.648935
vt 0.636170 0.649785
vt 0.548629 0.648287
vt 0.674553 0.508614
vt 0.674654 0.509530
vt 0.632605 0.513308
vt 0.632537 0.512291
vt 0.632504 0.511408
vt 0.674509 0.508122
vt 0.548606 0.659140
vt 0.636081 0.659420
vt 0.461176 0.659096
vt 0.461165 0.658123
vt 0.548606 0.657609
vt 0.636092 0.658447
vt 0.675928 0.649617
vt 0.676029 0.647706
vt 0.675895 0.650254
vt 0.675772 0.660191
vt 0.675805 0.659342
vt 0.421530 0.659733
vt 0.421508 0.658872
vt 0.421541 0.660180
vt 0.421519 0.660817
vt 0.421440 0.662762
vt 0.148178 0.821910
vt 0.187635 0.821887
vt 0.187601 0.823407
vt 0.148111 0.823441
vt 0.148212 0.821194
vt 0.187646 0.821027
vt 0.144915 0.810341
vt 0.144479 0.810419
vt 0.144356 0.808743
vt 0.144792 0.808731
vt 0.145865 0.808676
vt 0.145965 0.810229
vt 0.146032 0.810945
vt 0.145071 0.811045
vt 0.144713 0.811023
vt 0.148201 0.820837
vt 0.148190 0.820121
vt 0.187635 0.819339
vt 0.187646 0.820199
vt 0.146368 0.668332
vt 0.146312 0.669103
vt 0.145775 0.669081
vt 0.145831 0.668231
vt 0.145865 0.667918
vt 0.146312 0.667985
vt 0.147497 0.667952
vt 0.147497 0.668309
vt 0.147474 0.669136
vt 0.405326 0.821094
vt 0.405371 0.820468
vt 0.405382 0.821351
vt 0.404287 0.821440
vt 0.404276 0.821150
vt 0.404276 0.820457
vt 0.405550 0.822033
vt 0.405986 0.821966
vt 0.406087 0.823665
vt 0.405651 0.823676
vt 0.404399 0.823709
vt 0.404332 0.822156
vt 0.401895 0.810419
vt 0.361958 0.809760
vt 0.362014 0.808228
vt 0.401984 0.808888
vt 0.401861 0.811135
vt 0.361947 0.810609
vt 0.400230 0.668533
vt 0.400308 0.669315
vt 0.358839 0.673227
vt 0.358784 0.672333
vt 0.358728 0.671461
vt 0.400185 0.668097
vt 0.149967 0.668488
vt 0.149888 0.669271
vt 0.150011 0.668041
vt 0.191021 0.671383
vt 0.190988 0.672244
vt 0.190921 0.673138
vt 0.274841 0.675183
vt 0.274852 0.673730
vt 0.274841 0.676648
vt 0.679281 0.856784
vt 0.679370 0.858517
vt 0.679024 0.858539
vt 0.678923 0.856795
vt 0.678856 0.854526
vt 0.679214 0.854515
vt 0.679840 0.854515
vt 0.679896 0.856751
vt 0.679974 0.858494
vt 0.765794 0.986062
vt 0.765761 0.984654
vt 0.823101 0.984185
vt 0.823112 0.985761
vt 0.823079 0.987761
vt 0.765839 0.987851
vt 0.708678 0.990377
vt 0.708555 0.988365
vt 0.708488 0.986811
vt 0.148067 0.810106
vt 0.147977 0.808586
vt 0.187512 0.808027
vt 0.187568 0.809547
vt 0.187579 0.810397
vt 0.148100 0.810833
vt 0.274740 0.807681
vt 0.274740 0.806149
vt 0.274740 0.809201
vt 0.847792 0.855096
vt 0.847747 0.856907
vt 0.822319 0.856751
vt 0.822330 0.855164
vt 0.822308 0.853129
vt 0.847792 0.852794
vt 0.848966 0.852772
vt 0.848966 0.855108
vt 0.848910 0.856918
vt 0.681069 0.989796
vt 0.681025 0.987851
vt 0.681718 0.987851
vt 0.681751 0.989773
vt 0.681830 0.992232
vt 0.681159 0.992255
vt 0.680790 0.992266
vt 0.680701 0.989807
vt 0.680656 0.987851
vt 0.401750 0.821161
vt 0.401761 0.820445
vt 0.401750 0.821518
vt 0.361857 0.821250
vt 0.361857 0.820423
vt 0.361869 0.819562
vt 0.274718 0.820211
vt 0.274718 0.821731
vt 0.274729 0.818691
vt 0.274729 0.813750
vt 0.274729 0.812230
vt 0.361936 0.812487
vt 0.361947 0.814119
vt 0.361924 0.816042
vt 0.274729 0.815460
vt 0.187579 0.815818
vt 0.187579 0.813907
vt 0.187579 0.812275
vt 0.401772 0.822234
vt 0.401817 0.823765
vt 0.361891 0.823631
vt 0.361857 0.822100
vt 0.274718 0.823251
vt 0.274718 0.824771
vt 0.985956 0.855309
vt 0.985934 0.857321
vt 0.984615 0.857310
vt 0.984637 0.855298
vt 0.984671 0.852738
vt 0.985979 0.852749
vt 0.986359 0.852749
vt 0.986325 0.855309
vt 0.986314 0.857332
vt 0.849055 0.985917
vt 0.848966 0.983995
vt 0.850251 0.983950
vt 0.850296 0.985895
vt 0.850318 0.988354
vt 0.849089 0.988354
vt 0.548662 0.515208
vt 0.548662 0.513744
vt 0.548662 0.516650
vt 0.548662 0.518126
vt 0.548662 0.519679
vt 0.464518 0.516829
vt 0.464630 0.515063
vt 0.632728 0.514884
vt 0.632850 0.516650
vt 0.421452 0.657173
vt 0.421407 0.655049
vt 0.461132 0.654748
vt 0.461143 0.656536
vt 0.418836 0.657218
vt 0.418803 0.655061
vt 0.675861 0.657643
vt 0.675917 0.655530
vt 0.678700 0.655552
vt 0.678667 0.657710
vt 0.636125 0.656860
vt 0.636148 0.655072
vt 0.548617 0.652870
vt 0.636159 0.653272
vt 0.548617 0.654479
vt 0.461120 0.652948
vt 0.461132 0.651350
vt 0.548617 0.651338
vt 0.636159 0.651674
vt 0.674822 0.511386
vt 0.674956 0.513711
vt 0.677918 0.511218
vt 0.678019 0.513599
vt 0.422625 0.511766
vt 0.422513 0.514080
vt 0.419641 0.514001
vt 0.419708 0.511632
vt 0.679751 0.657743
vt 0.679807 0.655564
vt 0.680086 0.655575
vt 0.680042 0.657754
vt 0.418613 0.511609
vt 0.418557 0.513979
vt 0.418322 0.513979
vt 0.418367 0.511598
vt 0.417852 0.657251
vt 0.417808 0.655072
vt 0.417618 0.657263
vt 0.417573 0.655072
vt 0.680634 0.657777
vt 0.680679 0.655575
vt 0.682713 0.655597
vt 0.682657 0.657877
vt 0.679147 0.511162
vt 0.679237 0.513565
vt 0.679449 0.511151
vt 0.679516 0.513554
vt 0.265370 0.657307
vt 0.265403 0.654893
vt 0.267225 0.654904
vt 0.267214 0.657318
vt 0.264789 0.657307
vt 0.264811 0.654893
vt 0.265448 0.649494
vt 0.265448 0.649036
vt 0.267270 0.649058
vt 0.267259 0.649505
vt 0.267259 0.650545
vt 0.265437 0.650523
vt 0.264845 0.650523
vt 0.264856 0.649483
vt 0.265012 0.649148
vt 0.679203 0.518897
vt 0.679170 0.519311
vt 0.678086 0.519344
vt 0.678074 0.518875
vt 0.678086 0.517858
vt 0.679293 0.517880
vt 0.679583 0.517902
vt 0.679494 0.518975
vt 0.679393 0.519344
vt 0.680466 0.650623
vt 0.680377 0.650198
vt 0.682534 0.649975
vt 0.682557 0.650411
vt 0.682624 0.651439
vt 0.680589 0.651596
vt 0.679997 0.651651
vt 0.679908 0.650768
vt 0.417987 0.650299
vt 0.418858 0.650299
vt 0.418847 0.651193
vt 0.417897 0.651160
vt 0.417674 0.651148
vt 0.417774 0.650254
vt 0.418646 0.519288
vt 0.418691 0.519691
vt 0.418501 0.519724
vt 0.418411 0.519355
vt 0.418300 0.518305
vt 0.418534 0.518282
vt 0.419619 0.518249
vt 0.419641 0.519244
vt 0.419641 0.519713
vt 0.679650 0.650813
vt 0.679729 0.651674
vt 0.678678 0.651696
vt 0.678678 0.650791
vt 0.422480 0.519244
vt 0.422469 0.519791
vt 0.422469 0.518249
vt 0.464351 0.520182
vt 0.464306 0.521278
vt 0.464261 0.522161
vt 0.675034 0.518875
vt 0.675045 0.519422
vt 0.633130 0.521971
vt 0.633085 0.521110
vt 0.633040 0.520004
vt 0.675034 0.517880
vt 0.548617 0.649818
vt 0.636159 0.650612
vt 0.461132 0.650288
vt 0.675895 0.650768
vt 0.675906 0.651696
vt 0.421452 0.650277
vt 0.421440 0.651204
vt 0.548673 0.524173
vt 0.548673 0.522697
vt 0.548673 0.525648
vt 0.400677 0.676055
vt 0.400710 0.677955
vt 0.359298 0.680169
vt 0.359220 0.678548
vt 0.359097 0.676681
vt 0.400598 0.673652
vt 0.403359 0.673585
vt 0.403393 0.676011
vt 0.403382 0.677922
vt 0.274729 0.817170
vt 0.361902 0.817953
vt 0.187601 0.817718
vt 0.401861 0.814264
vt 0.401861 0.812487
vt 0.404343 0.812521
vt 0.404354 0.814287
vt 0.404354 0.816511
vt 0.401839 0.816489
vt 0.401806 0.818713
vt 0.404309 0.818746
vt 0.274841 0.681409
vt 0.274841 0.682885
vt 0.190463 0.680090
vt 0.190541 0.678470
vt 0.190664 0.676603
vt 0.274841 0.679755
vt 0.274841 0.678112
vt 0.190798 0.674725
vt 0.358974 0.674815
vt 0.680935 0.856728
vt 0.681014 0.858461
vt 0.680891 0.854504
vt 0.705514 0.854314
vt 0.705537 0.856326
vt 0.705582 0.857891
vt 0.149732 0.671182
vt 0.149609 0.673619
vt 0.147362 0.673563
vt 0.147418 0.671081
vt 0.400464 0.671227
vt 0.403303 0.671093
vt 0.405483 0.818780
vt 0.405539 0.816522
vt 0.406019 0.816533
vt 0.405952 0.818802
vt 0.146267 0.671059
vt 0.146233 0.673540
vt 0.145708 0.673529
vt 0.145730 0.671048
vt 0.148145 0.818389
vt 0.148100 0.816176
vt 0.146099 0.818422
vt 0.146055 0.816198
vt 0.145060 0.818456
vt 0.145004 0.816209
vt 0.144602 0.818478
vt 0.144546 0.816209
vt 0.406690 0.818847
vt 0.406757 0.816533
vt 0.408356 0.816544
vt 0.408311 0.818936
vt 0.404633 0.671059
vt 0.404667 0.673563
vt 0.405159 0.671059
vt 0.405181 0.673563
vt 0.003218 0.817461
vt 0.003319 0.814924
vt 0.005152 0.814991
vt 0.005074 0.817517
vt 0.002324 0.817416
vt 0.002436 0.814890
vt 0.003553 0.809480
vt 0.003565 0.809100
vt 0.005342 0.809167
vt 0.005331 0.809547
vt 0.005297 0.810520
vt 0.003509 0.810442
vt 0.002637 0.810408
vt 0.002693 0.809424
vt 0.002905 0.809134
vt 0.404555 0.678850
vt 0.404566 0.679241
vt 0.403393 0.679286
vt 0.403382 0.678850
vt 0.404645 0.677944
vt 0.405148 0.677989
vt 0.405036 0.678973
vt 0.404924 0.679353
vt 0.406511 0.811492
vt 0.406422 0.811123
vt 0.408121 0.810900
vt 0.408154 0.811291
vt 0.408233 0.812252
vt 0.406645 0.812398
vt 0.405919 0.812476
vt 0.405818 0.811671
vt 0.145127 0.811392
vt 0.146055 0.811336
vt 0.146077 0.812196
vt 0.145071 0.812185
vt 0.144624 0.812152
vt 0.144725 0.811347
vt 0.148100 0.811302
vt 0.187590 0.811235
vt 0.148100 0.812185
vt 0.146323 0.678805
vt 0.146312 0.679196
vt 0.145932 0.679308
vt 0.145820 0.678939
vt 0.145719 0.677944
vt 0.146233 0.677911
vt 0.147329 0.677888
vt 0.147329 0.678816
vt 0.147318 0.679252
vt 0.405416 0.811727
vt 0.405461 0.812509
vt 0.404365 0.811671
vt 0.400733 0.678883
vt 0.400744 0.679397
vt 0.359387 0.682102
vt 0.359331 0.681230
vt 0.149520 0.678838
vt 0.149497 0.679353
vt 0.149520 0.677900
vt 0.190429 0.681152
vt 0.190373 0.682013
vt 0.274841 0.684360
vt 0.274841 0.685836
vt 0.849502 0.855119
vt 0.849435 0.856930
vt 0.849513 0.852772
vt 0.849759 0.852772
vt 0.849748 0.855130
vt 0.849670 0.856952
vt 0.401861 0.811615
vt 0.361936 0.811459
vt 0.274729 0.810710
vt 0.678443 0.856818
vt 0.678543 0.858595
vt 0.677370 0.858729
vt 0.677247 0.856874
vt 0.677180 0.854549
vt 0.678376 0.854526
vt 0.682903 0.989751
vt 0.682891 0.987851
vt 0.682970 0.992188
vt 0.576677 0.314534
vt 0.615418 0.314556
vt 0.615384 0.316456
vt 0.576576 0.316713
vt 0.576699 0.313829
vt 0.615429 0.313729
vt 0.573625 0.303188
vt 0.573133 0.303267
vt 0.572988 0.300897
vt 0.573480 0.300886
vt 0.574542 0.300841
vt 0.574665 0.303054
vt 0.574732 0.303759
vt 0.573782 0.303848
vt 0.573391 0.303837
vt 0.576710 0.313393
vt 0.576688 0.312566
vt 0.615418 0.311929
vt 0.615429 0.312913
vt 0.575503 0.161280
vt 0.575447 0.162152
vt 0.574832 0.162107
vt 0.574922 0.161168
vt 0.574967 0.160777
vt 0.575436 0.160833
vt 0.576587 0.160777
vt 0.576587 0.161269
vt 0.576565 0.162196
vt 0.575369 0.164074
vt 0.575302 0.166500
vt 0.574698 0.166477
vt 0.574765 0.164052
vt 0.576487 0.164119
vt 0.576408 0.166522
vt 0.576643 0.310834
vt 0.576610 0.308665
vt 0.615384 0.308375
vt 0.615395 0.310297
vt 0.574799 0.310879
vt 0.574765 0.308688
vt 0.573793 0.310901
vt 0.573748 0.308688
vt 0.573290 0.310923
vt 0.573223 0.308699
vt 0.836228 0.311572
vt 0.836306 0.309291
vt 0.838620 0.309325
vt 0.838542 0.311717
vt 0.835513 0.311527
vt 0.835580 0.309280
vt 0.834585 0.165460
vt 0.834618 0.167874
vt 0.833624 0.167897
vt 0.833568 0.165482
vt 0.835065 0.165449
vt 0.835099 0.167874
vt 0.430889 0.314008
vt 0.430800 0.311549
vt 0.432901 0.311482
vt 0.432980 0.313930
vt 0.429861 0.314042
vt 0.429760 0.311583
vt 0.430632 0.306262
vt 0.430621 0.305983
vt 0.432745 0.305905
vt 0.432756 0.306195
vt 0.432778 0.307056
vt 0.430655 0.307112
vt 0.429604 0.307134
vt 0.429593 0.306273
vt 0.429828 0.306028
vt 0.834484 0.172871
vt 0.834529 0.173217
vt 0.833624 0.173273
vt 0.833612 0.172882
vt 0.833624 0.172111
vt 0.834574 0.172144
vt 0.835043 0.172189
vt 0.834898 0.173027
vt 0.834831 0.173385
vt 0.836083 0.304418
vt 0.836016 0.304161
vt 0.838508 0.303881
vt 0.838519 0.304150
vt 0.838564 0.305022
vt 0.836206 0.305223
vt 0.835501 0.305312
vt 0.835401 0.304642
vt 0.573838 0.304127
vt 0.574754 0.304060
vt 0.574765 0.304798
vt 0.573815 0.304809
vt 0.573323 0.304776
vt 0.573413 0.304094
vt 0.576621 0.304027
vt 0.576610 0.303647
vt 0.615384 0.303121
vt 0.615395 0.303937
vt 0.615395 0.304843
vt 0.576621 0.304787
vt 0.575347 0.171496
vt 0.575302 0.171842
vt 0.574877 0.171988
vt 0.574788 0.171641
vt 0.574676 0.170781
vt 0.575280 0.170736
vt 0.576341 0.170725
vt 0.576330 0.171529
vt 0.576308 0.171909
vt 0.835065 0.304697
vt 0.835121 0.305346
vt 0.834250 0.305346
vt 0.834261 0.304619
vt 0.831545 0.172915
vt 0.831567 0.173385
vt 0.790892 0.175721
vt 0.790848 0.174860
vt 0.790814 0.173933
vt 0.831545 0.172122
vt 0.831433 0.165561
vt 0.831522 0.167930
vt 0.790658 0.170434
vt 0.790546 0.168545
vt 0.790434 0.166924
vt 0.831321 0.163649
vt 0.835110 0.311516
vt 0.835188 0.309269
vt 0.834998 0.313226
vt 0.834138 0.313192
vt 0.834194 0.311471
vt 0.834250 0.309258
vt 0.834931 0.313952
vt 0.834976 0.314265
vt 0.834138 0.314332
vt 0.834127 0.313986
vt 0.835155 0.314947
vt 0.835501 0.314891
vt 0.835613 0.317261
vt 0.835278 0.317272
vt 0.834294 0.317283
vt 0.834194 0.315059
vt 0.832372 0.303468
vt 0.793340 0.302674
vt 0.793407 0.300785
vt 0.832528 0.301277
vt 0.832327 0.304183
vt 0.793329 0.303513
vt 0.831243 0.162755
vt 0.790367 0.165907
vt 0.790333 0.165047
vt 0.831198 0.162185
vt 0.578767 0.161414
vt 0.578677 0.162308
vt 0.578812 0.160844
vt 0.619475 0.164141
vt 0.619430 0.165002
vt 0.619363 0.166008
vt 0.704871 0.168266
vt 0.704882 0.166779
vt 0.704871 0.169752
vt 0.763805 0.855655
vt 0.763816 0.857086
vt 0.763782 0.853822
vt 0.576576 0.302943
vt 0.576442 0.300774
vt 0.615306 0.300394
vt 0.615362 0.302283
vt 0.704345 0.300294
vt 0.704345 0.298583
vt 0.704345 0.301847
vt 0.158316 0.440691
vt 0.158338 0.438914
vt 0.198935 0.438959
vt 0.198923 0.440591
vt 0.198935 0.442446
vt 0.158305 0.442949
vt 0.156628 0.442972
vt 0.156628 0.440680
vt 0.156684 0.438914
vt 0.981608 0.855242
vt 0.981552 0.857220
vt 0.961042 0.856538
vt 0.961098 0.854862
vt 0.961098 0.852738
vt 0.981642 0.852716
vt 0.578543 0.164208
vt 0.578420 0.166589
vt 0.619229 0.167629
vt 0.619095 0.169506
vt 0.704837 0.174581
vt 0.618972 0.171395
vt 0.704848 0.172904
vt 0.790758 0.172312
vt 0.704837 0.176079
vt 0.618894 0.173005
vt 0.414469 0.300839
vt 0.414469 0.302739
vt 0.413295 0.302728
vt 0.413251 0.300873
vt 0.413161 0.298492
vt 0.414380 0.298436
vt 0.414905 0.298414
vt 0.414994 0.300828
vt 0.414994 0.302773
vt 0.850251 0.855141
vt 0.850184 0.856997
vt 0.850262 0.852760
vt 0.851503 0.852749
vt 0.851492 0.855164
vt 0.851414 0.857097
vt 0.578320 0.171563
vt 0.578297 0.172032
vt 0.578331 0.170758
vt 0.618860 0.173944
vt 0.618804 0.174793
vt 0.704826 0.177576
vt 0.704815 0.179074
vt 0.547119 0.860339
vt 0.547197 0.862272
vt 0.546828 0.862284
vt 0.546761 0.860350
vt 0.546672 0.857891
vt 0.547030 0.857880
vt 0.548304 0.857835
vt 0.548393 0.860294
vt 0.548460 0.862216
vt 0.551277 0.860171
vt 0.551378 0.862071
vt 0.551199 0.857745
vt 0.571072 0.857242
vt 0.571139 0.859321
vt 0.571218 0.860931
vt 0.832327 0.304563
vt 0.832327 0.305312
vt 0.793307 0.305234
vt 0.793307 0.304340
vt 0.704334 0.303401
vt 0.704334 0.304943
vt 0.674899 0.856974
vt 0.674955 0.858841
vt 0.655641 0.858785
vt 0.655641 0.857164
vt 0.655596 0.855085
vt 0.674844 0.854605
vt 0.853951 0.855208
vt 0.853951 0.857153
vt 0.853951 0.852738
vt 0.873836 0.852738
vt 0.873847 0.854873
vt 0.873891 0.856550
vt 0.832271 0.311426
vt 0.832316 0.309224
vt 0.832215 0.313170
vt 0.793251 0.312332
vt 0.793284 0.310689
vt 0.793307 0.308777
vt 0.704334 0.306508
vt 0.793318 0.306866
vt 0.704323 0.308241
vt 0.615384 0.306463
vt 0.613412 0.858070
vt 0.613457 0.859545
vt 0.613368 0.856192
vt 0.575257 0.168892
vt 0.574654 0.168892
vt 0.576353 0.168903
vt 0.832193 0.313986
vt 0.832193 0.314422
vt 0.793240 0.314131
vt 0.793217 0.313315
vt 0.704312 0.313069
vt 0.704312 0.314601
vt 0.704323 0.311527
vt 0.917427 0.854694
vt 0.917427 0.856225
vt 0.917427 0.852749
vt 0.573759 0.306486
vt 0.574765 0.306486
vt 0.573234 0.306475
vt 0.832215 0.315137
vt 0.832305 0.317317
vt 0.793273 0.316870
vt 0.793228 0.314981
vt 0.704312 0.316154
vt 0.704301 0.317864
vt 0.576610 0.306497
vt 0.834630 0.170289
vt 0.833646 0.170289
vt 0.835110 0.170300
vt 0.158461 0.449063
vt 0.199024 0.448694
vt 0.198990 0.450181
vt 0.158383 0.450583
vt 0.158495 0.448359
vt 0.199024 0.447845
vt 0.155790 0.437182
vt 0.155577 0.437249
vt 0.155387 0.435572
vt 0.155600 0.435561
vt 0.156393 0.435505
vt 0.156550 0.437059
vt 0.156650 0.437774
vt 0.156024 0.437875
vt 0.155801 0.437808
vt 0.158483 0.447867
vt 0.158450 0.446973
vt 0.199002 0.445956
vt 0.199013 0.446984
vt 0.155935 0.297911
vt 0.155890 0.298861
vt 0.155566 0.298850
vt 0.155611 0.297855
vt 0.155555 0.297464
vt 0.155846 0.297453
vt 0.156673 0.297397
vt 0.156684 0.297877
vt 0.156673 0.298872
vt 0.155857 0.300828
vt 0.155834 0.303265
vt 0.155521 0.303254
vt 0.155544 0.300817
vt 0.156628 0.300839
vt 0.156594 0.303265
vt 0.158372 0.445185
vt 0.198957 0.444313
vt 0.156695 0.445241
vt 0.155980 0.445274
vt 0.155913 0.442983
vt 0.155700 0.445296
vt 0.155622 0.442983
vt 0.418437 0.444436
vt 0.418493 0.442144
vt 0.420002 0.442167
vt 0.419957 0.444503
vt 0.417722 0.444402
vt 0.417789 0.442144
vt 0.414268 0.296011
vt 0.413038 0.296078
vt 0.414804 0.295977
vt 0.003341 0.449287
vt 0.003240 0.446738
vt 0.004894 0.446682
vt 0.004972 0.449231
vt 0.002502 0.449320
vt 0.002402 0.446761
vt 0.003050 0.441127
vt 0.003039 0.440803
vt 0.004715 0.440747
vt 0.004715 0.441071
vt 0.004749 0.442044
vt 0.003084 0.442100
vt 0.002234 0.442122
vt 0.002200 0.441150
vt 0.002402 0.440904
vt 0.414413 0.303578
vt 0.414424 0.303924
vt 0.413329 0.303980
vt 0.413307 0.303611
vt 0.414894 0.303690
vt 0.414793 0.304014
vt 0.418247 0.437215
vt 0.418169 0.436891
vt 0.419801 0.436656
vt 0.419834 0.437003
vt 0.419901 0.437931
vt 0.418381 0.438076
vt 0.417677 0.438154
vt 0.417588 0.437405
vt 0.156069 0.438165
vt 0.156684 0.438121
vt 0.156002 0.438892
vt 0.155723 0.438858
vt 0.155846 0.438087
vt 0.158349 0.438076
vt 0.158349 0.437629
vt 0.198923 0.437115
vt 0.198935 0.437975
vt 0.155980 0.308418
vt 0.155957 0.308742
vt 0.155756 0.308865
vt 0.155689 0.308529
vt 0.155555 0.307613
vt 0.155868 0.307579
vt 0.156617 0.307546
vt 0.156650 0.308406
vt 0.156639 0.308786
vt 0.417174 0.437450
vt 0.417219 0.438188
vt 0.416157 0.438188
vt 0.416168 0.437394
vt 0.410915 0.303678
vt 0.410937 0.304137
vt 0.369033 0.307624
vt 0.368955 0.306752
vt 0.368899 0.305757
vt 0.410892 0.302807
vt 0.410546 0.296245
vt 0.410713 0.298604
vt 0.368664 0.302348
vt 0.368519 0.300549
vt 0.368362 0.298950
vt 0.410367 0.294334
vt 0.417252 0.444380
vt 0.417297 0.442144
vt 0.417163 0.446124
vt 0.416090 0.446090
vt 0.416134 0.444358
vt 0.416168 0.442133
vt 0.417096 0.446917
vt 0.417140 0.447275
vt 0.416101 0.447353
vt 0.416090 0.446951
vt 0.417275 0.447946
vt 0.417733 0.447878
vt 0.417833 0.449477
vt 0.417364 0.449488
vt 0.416202 0.449522
vt 0.416134 0.448046
vt 0.413910 0.436220
vt 0.373459 0.435740
vt 0.373504 0.434264
vt 0.413988 0.434779
vt 0.413877 0.436925
vt 0.373448 0.436589
vt 0.410255 0.293373
vt 0.368273 0.297900
vt 0.368217 0.297017
vt 0.410188 0.292825
vt 0.158618 0.297978
vt 0.158550 0.298939
vt 0.158662 0.297397
vt 0.200801 0.299979
vt 0.200779 0.300862
vt 0.200723 0.301935
vt 0.284587 0.302259
vt 0.284565 0.300806
vt 0.284610 0.303723
vt 0.158293 0.436902
vt 0.158182 0.435382
vt 0.198856 0.434779
vt 0.198901 0.436276
vt 0.286141 0.434097
vt 0.286130 0.432565
vt 0.286141 0.435617
vt 0.158439 0.300884
vt 0.158372 0.303287
vt 0.200634 0.303544
vt 0.200544 0.305355
vt 0.483078 0.281803
vt 0.483100 0.279802
vt 0.483491 0.279779
vt 0.483458 0.281814
vt 0.483379 0.284228
vt 0.482988 0.284206
vt 0.481770 0.284161
vt 0.481870 0.281769
vt 0.481904 0.279813
vt 0.284643 0.305187
vt 0.284665 0.306775
vt 0.158416 0.308429
vt 0.158405 0.308898
vt 0.158394 0.307535
vt 0.200443 0.308786
vt 0.200421 0.309792
vt 0.200388 0.310675
vt 0.284744 0.311290
vt 0.284721 0.309826
vt 0.284777 0.312766
vt 0.413877 0.437360
vt 0.413888 0.438176
vt 0.373448 0.438411
vt 0.373437 0.437439
vt 0.286152 0.437126
vt 0.286152 0.438646
vt 0.172524 0.280696
vt 0.172490 0.278774
vt 0.225270 0.274146
vt 0.225415 0.275934
vt 0.225572 0.277857
vt 0.172624 0.283032
vt 0.171093 0.283099
vt 0.170992 0.280741
vt 0.170948 0.278796
vt 0.413877 0.444313
vt 0.413899 0.442111
vt 0.413832 0.446068
vt 0.373425 0.445352
vt 0.373448 0.443720
vt 0.373459 0.441876
vt 0.656954 0.138944
vt 0.656931 0.141068
vt 0.654305 0.141045
vt 0.654316 0.138921
vt 0.654338 0.136328
vt 0.656976 0.136339
vt 0.657747 0.136351
vt 0.657725 0.138944
vt 0.657703 0.141079
vt 0.286174 0.443463
vt 0.286163 0.441820
vt 0.286174 0.444995
vt 0.170992 0.137927
vt 0.171037 0.139793
vt 0.169528 0.139827
vt 0.169506 0.137938
vt 0.169528 0.135635
vt 0.171015 0.135669
vt 0.222196 0.136753
vt 0.222174 0.138709
vt 0.222152 0.140509
vt 0.413810 0.446940
vt 0.413810 0.447420
vt 0.373414 0.447230
vt 0.373403 0.446381
vt 0.286174 0.446515
vt 0.286186 0.448035
vt 0.168634 0.137938
vt 0.168656 0.139849
vt 0.168198 0.139860
vt 0.168165 0.137938
vt 0.168198 0.135602
vt 0.168656 0.135613
vt 0.170087 0.280763
vt 0.170031 0.278796
vt 0.170188 0.283133
vt 0.169685 0.283155
vt 0.169584 0.280785
vt 0.169528 0.278785
vt 0.413832 0.448124
vt 0.413877 0.449566
vt 0.373459 0.449566
vt 0.373414 0.448080
vt 0.286186 0.449555
vt 0.286197 0.451064
vt 0.167751 0.137938
vt 0.167784 0.139883
vt 0.166007 0.139961
vt 0.165996 0.137960
vt 0.166018 0.135557
vt 0.167784 0.135602
vt 0.483726 0.139033
vt 0.483681 0.140933
vt 0.431002 0.141224
vt 0.430991 0.139413
vt 0.430980 0.137446
vt 0.483726 0.136731
vt 0.486531 0.136686
vt 0.486543 0.139056
vt 0.486509 0.140989
vt 0.847613 0.847127
vt 0.822185 0.847552
vt 0.822173 0.846456
vt 0.847647 0.845886
vt 0.847591 0.847619
vt 0.822173 0.848133
vt 0.849547 0.858371
vt 0.849759 0.858327
vt 0.849905 0.859668
vt 0.849681 0.859679
vt 0.849077 0.859713
vt 0.848977 0.858461
vt 0.848921 0.857958
vt 0.849413 0.857902
vt 0.849603 0.857924
vt 0.847602 0.847909
vt 0.847636 0.848669
vt 0.822218 0.849519
vt 0.822185 0.848669
vt 0.850944 0.993607
vt 0.850944 0.992780
vt 0.851168 0.992780
vt 0.851179 0.993630
vt 0.851168 0.993820
vt 0.850978 0.993853
vt 0.850363 0.993909
vt 0.850352 0.993641
vt 0.850341 0.992791
vt 0.850911 0.990824
vt 0.850888 0.988343
vt 0.851112 0.988343
vt 0.851134 0.990824
vt 0.850329 0.990824
vt 0.847725 0.850469
vt 0.822274 0.851095
vt 0.848899 0.850424
vt 0.849446 0.850402
vt 0.849692 0.850391
vt 0.678376 0.852224
vt 0.677168 0.852201
vt 0.678856 0.852235
vt 0.681237 0.994703
vt 0.681930 0.994680
vt 0.680879 0.994714
vt 0.986012 0.850156
vt 0.984682 0.850145
vt 0.986392 0.850167
vt 0.985923 0.858226
vt 0.985934 0.858483
vt 0.984604 0.858483
vt 0.984604 0.858215
vt 0.986303 0.858237
vt 0.986202 0.858427
vt 0.681058 0.987001
vt 0.681058 0.986744
vt 0.681707 0.986733
vt 0.681718 0.987001
vt 0.680678 0.986957
vt 0.680768 0.986733
vt 0.678666 0.859400
vt 0.678733 0.859646
vt 0.677481 0.859847
vt 0.677459 0.859579
vt 0.679113 0.859266
vt 0.849379 0.857667
vt 0.848899 0.857690
vt 0.849592 0.857712
vt 0.847736 0.857712
vt 0.847736 0.858047
vt 0.822319 0.858181
vt 0.822308 0.857645
vt 0.850776 0.983067
vt 0.850754 0.982810
vt 0.850944 0.982799
vt 0.851000 0.983022
vt 0.851067 0.983916
vt 0.850843 0.983928
vt 0.850206 0.983078
vt 0.850206 0.982810
vt 0.679415 0.859221
vt 0.679985 0.859243
vt 0.682914 0.987013
vt 0.682903 0.986677
vt 0.708432 0.985392
vt 0.708454 0.985917
vt 0.683081 0.994624
vt 0.708823 0.992366
vt 0.708968 0.993909
vt 0.683227 0.996569
vt 0.679225 0.852246
vt 0.679281 0.850502
vt 0.679885 0.850525
vt 0.679840 0.852257
vt 0.679315 0.849832
vt 0.679281 0.849620
vt 0.679873 0.849575
vt 0.679885 0.849810
vt 0.679180 0.849172
vt 0.678834 0.849228
vt 0.678744 0.847932
vt 0.679091 0.847921
vt 0.679762 0.847898
vt 0.679829 0.849094
vt 0.681014 0.860037
vt 0.705604 0.859847
vt 0.705604 0.860920
vt 0.680969 0.861199
vt 0.681036 0.859567
vt 0.705604 0.859288
vt 0.683327 0.997396
vt 0.709035 0.994758
vt 0.709069 0.995295
vt 0.683372 0.997698
vt 0.848943 0.993596
vt 0.848999 0.992769
vt 0.848921 0.993909
vt 0.822922 0.992713
vt 0.822933 0.992165
vt 0.822956 0.991305
vt 0.765929 0.992031
vt 0.765951 0.993015
vt 0.765906 0.991036
vt 0.847759 0.858539
vt 0.847826 0.859769
vt 0.822352 0.859858
vt 0.822330 0.858751
vt 0.763849 0.860137
vt 0.763849 0.861166
vt 0.763838 0.859120
vt 0.849066 0.990824
vt 0.823034 0.989762
vt 0.765873 0.989639
vt 0.848910 0.983145
vt 0.848899 0.982810
vt 0.823090 0.983302
vt 0.823090 0.982754
vt 0.765738 0.983670
vt 0.765716 0.982665
vt 0.155823 0.305679
vt 0.155510 0.305679
vt 0.156583 0.305668
vt 0.681036 0.859232
vt 0.705604 0.858763
vt 0.763827 0.858103
vt 0.155913 0.440669
vt 0.155633 0.440658
vt 0.680891 0.852269
vt 0.680935 0.850525
vt 0.705526 0.850748
vt 0.705514 0.852313
vt 0.763760 0.851989
vt 0.763749 0.850581
vt 0.680946 0.849798
vt 0.680946 0.849508
vt 0.705526 0.849396
vt 0.705537 0.849910
vt 0.763738 0.849564
vt 0.763727 0.848546
vt 0.418471 0.439875
vt 0.419991 0.439820
vt 0.417755 0.439898
vt 0.410825 0.300962
vt 0.368809 0.304159
vt 0.680924 0.849038
vt 0.680857 0.847865
vt 0.705503 0.847753
vt 0.705526 0.848837
vt 0.763715 0.847529
vt 0.763704 0.846512
vt 0.003151 0.444145
vt 0.004816 0.444089
vt 0.002312 0.444179
vt 0.158372 0.305657
vt 0.200477 0.307177
vt 0.168846 0.129778
vt 0.168366 0.129845
vt 0.168343 0.127979
vt 0.168813 0.127979
vt 0.169707 0.127990
vt 0.169741 0.129734
vt 0.169741 0.130170
vt 0.168891 0.130181
vt 0.171071 0.142051
vt 0.222073 0.143862
vt 0.221984 0.145550
vt 0.170903 0.143717
vt 0.171115 0.141526
vt 0.222107 0.142800
vt 0.168891 0.130527
vt 0.168835 0.131433
vt 0.169741 0.130550
vt 0.169707 0.131477
vt 0.173083 0.288297
vt 0.172948 0.287313
vt 0.225907 0.281534
vt 0.226008 0.282641
vt 0.226075 0.283747
vt 0.173161 0.288900
vt 0.172770 0.285402
vt 0.225751 0.279779
vt 0.171205 0.285491
vt 0.168735 0.133277
vt 0.168276 0.133266
vt 0.169606 0.133322
vt 0.487683 0.134283
vt 0.487739 0.136675
vt 0.486476 0.134328
vt 0.488007 0.134272
vt 0.488063 0.136664
vt 0.167863 0.133243
vt 0.166086 0.133154
vt 0.170288 0.285536
vt 0.169763 0.285547
vt 0.656987 0.133757
vt 0.654349 0.133746
vt 0.657770 0.133757
vt 0.656920 0.142297
vt 0.656920 0.142878
vt 0.654294 0.142867
vt 0.654294 0.142275
vt 0.657692 0.142308
vt 0.657502 0.142744
vt 0.170065 0.277678
vt 0.170087 0.277142
vt 0.170914 0.277086
vt 0.170937 0.277678
vt 0.169562 0.277600
vt 0.169685 0.277130
vt 0.167852 0.140989
vt 0.167963 0.141570
vt 0.166086 0.141716
vt 0.166063 0.141135
vt 0.168243 0.140933
vt 0.487638 0.142107
vt 0.487616 0.142632
vt 0.486498 0.142655
vt 0.486498 0.142096
vt 0.487694 0.141034
vt 0.488007 0.141045
vt 0.487940 0.142129
vt 0.487906 0.142588
vt 0.168690 0.140933
vt 0.169539 0.140933
vt 0.172490 0.277667
vt 0.172468 0.276974
vt 0.225102 0.271810
vt 0.225192 0.272894
vt 0.483022 0.278695
vt 0.482988 0.278170
vt 0.483279 0.278136
vt 0.483402 0.278606
vt 0.481915 0.278718
vt 0.481926 0.278125
vt 0.483636 0.142006
vt 0.483614 0.142677
vt 0.431035 0.143538
vt 0.431002 0.142454
vt 0.483636 0.134439
vt 0.430957 0.135468
vt 0.430946 0.133690
vt 0.483514 0.132584
vt 0.482888 0.286642
vt 0.483279 0.286654
vt 0.483201 0.288643
vt 0.482798 0.288621
vt 0.481546 0.288554
vt 0.481658 0.286587
vt 0.482731 0.289604
vt 0.483122 0.289672
vt 0.483111 0.290040
vt 0.482765 0.290052
vt 0.481479 0.290040
vt 0.481490 0.289582
vt 0.487660 0.143035
vt 0.488007 0.142945
vt 0.488130 0.144767
vt 0.487783 0.144778
vt 0.486576 0.144812
vt 0.486509 0.143079
vt 0.483446 0.130628
vt 0.430957 0.130393
vt 0.431002 0.128694
vt 0.483525 0.128929
vt 0.483435 0.131153
vt 0.430946 0.131488
vt 0.483446 0.131634
vt 0.430935 0.132584
vt 0.171339 0.130661
vt 0.171249 0.131589
vt 0.171372 0.130181
vt 0.222274 0.130885
vt 0.222274 0.131958
vt 0.222263 0.133020
vt 0.326370 0.132416
vt 0.326370 0.130605
vt 0.326370 0.134238
vt 0.171361 0.129655
vt 0.171238 0.127968
vt 0.222230 0.128124
vt 0.222274 0.129823
vt 0.326381 0.128783
vt 0.326381 0.126962
vt 0.171115 0.133411
vt 0.222230 0.134786
vt 0.326359 0.136060
vt 0.326348 0.137882
vt 0.171093 0.140866
vt 0.222129 0.141727
vt 0.326336 0.143359
vt 0.326336 0.141537
vt 0.326325 0.145181
vt 0.479110 0.278662
vt 0.479143 0.277969
vt 0.479087 0.279757
vt 0.425547 0.274828
vt 0.425637 0.273587
vt 0.425737 0.272469
vt 0.325532 0.267630
vt 0.325520 0.269384
vt 0.325532 0.265886
vt 0.478741 0.286374
vt 0.478931 0.284016
vt 0.478528 0.288274
vt 0.424877 0.282171
vt 0.425044 0.280428
vt 0.425234 0.278516
vt 0.325509 0.274627
vt 0.325509 0.272883
vt 0.325498 0.276370
vt 0.478394 0.289269
vt 0.478327 0.289839
vt 0.424709 0.284407
vt 0.424787 0.283289
vt 0.325498 0.278103
vt 0.325487 0.279824
vt 0.483648 0.143214
vt 0.483759 0.144890
vt 0.431125 0.146354
vt 0.431058 0.144644
vt 0.326325 0.147003
vt 0.326314 0.148825
vt 0.325543 0.264120
vt 0.425838 0.271363
vt 0.225002 0.270703
vt 0.224801 0.268759
vt 0.325543 0.262354
vt 0.426062 0.269418
vt 0.479233 0.277164
vt 0.481982 0.277410
vt 0.479478 0.274895
vt 0.482183 0.275118
vt 0.326403 0.014427
vt 0.223761 0.007888
vt 0.223828 0.006983
vt 0.326415 0.012639
vt 0.429046 0.007419
vt 0.429113 0.008358
vt 0.429292 0.010180
vt 0.326403 0.016227
vt 0.223582 0.009710
vt 0.180594 0.002993
vt 0.179308 0.002859
vt 0.179353 0.002233
vt 0.180683 0.002311
vt 0.180393 0.004915
vt 0.179174 0.004826
vt 0.473219 0.003138
vt 0.473130 0.002456
vt 0.475566 0.002266
vt 0.475611 0.002892
vt 0.475756 0.004882
vt 0.473454 0.005083
vt 0.483111 0.277522
vt 0.483435 0.277600
vt 0.483346 0.275208
vt 0.483681 0.275230
vt 0.003007 0.139223
vt 0.002996 0.139804
vt 0.002414 0.139670
vt 0.002235 0.139234
vt 0.002235 0.138038
vt 0.003007 0.138038
vt 0.005544 0.138050
vt 0.005544 0.139246
vt 0.005533 0.139827
vt 0.648504 0.142230
vt 0.648504 0.142822
vt 0.623287 0.142509
vt 0.623287 0.141816
vt 0.623299 0.140710
vt 0.648515 0.141012
vt 0.648504 0.133746
vt 0.648515 0.136317
vt 0.623321 0.136395
vt 0.623299 0.134037
vt 0.623265 0.132148
vt 0.648493 0.131678
vt 0.003051 0.130930
vt 0.003029 0.133444
vt 0.002258 0.133433
vt 0.002269 0.130918
vt 0.002291 0.128895
vt 0.003074 0.128918
vt 0.005622 0.128929
vt 0.005600 0.130952
vt 0.005578 0.133456
vt 0.172378 0.276169
vt 0.170847 0.276348
vt 0.170635 0.274012
vt 0.172099 0.273889
vt 0.178560 0.002803
vt 0.178191 0.002780
vt 0.178291 0.002333
vt 0.178582 0.002199
vt 0.178437 0.004781
vt 0.178068 0.004759
vt 0.476595 0.002803
vt 0.476561 0.002199
vt 0.476785 0.002333
vt 0.476852 0.002780
vt 0.477008 0.004803
vt 0.476740 0.004815
vt 0.169964 0.276449
vt 0.169483 0.276549
vt 0.169282 0.274101
vt 0.169741 0.274068
vt 0.003085 0.127912
vt 0.002314 0.127889
vt 0.002493 0.127565
vt 0.003085 0.127509
vt 0.005622 0.127509
vt 0.005622 0.127912
vt 0.648481 0.130650
vt 0.623243 0.131175
vt 0.623243 0.130650
vt 0.648481 0.130225
vt 0.488197 0.131354
vt 0.488320 0.132316
vt 0.488107 0.130963
vt 0.490041 0.130740
vt 0.490064 0.131142
vt 0.490142 0.132170
vt 0.488409 0.134249
vt 0.488465 0.136664
vt 0.490231 0.134171
vt 0.490287 0.136641
vt 0.488331 0.142196
vt 0.488219 0.142789
vt 0.488420 0.141068
vt 0.490242 0.141168
vt 0.490175 0.142375
vt 0.490142 0.142956
vt 0.326303 0.151507
vt 0.431281 0.149417
vt 0.432388 0.165960
vt 0.326225 0.166127
vt 0.220933 0.165144
vt 0.221827 0.148612
vt 0.483871 0.148869
vt 0.486520 0.148925
vt 0.484866 0.169067
vt 0.482675 0.168877
vt 0.326392 0.124290
vt 0.222174 0.125084
vt 0.221615 0.108642
vt 0.326415 0.109827
vt 0.431885 0.109078
vt 0.431114 0.125631
vt 0.171283 0.124022
vt 0.169875 0.123944
vt 0.172110 0.104003
vt 0.173261 0.104137
vt 0.483502 0.124938
vt 0.481423 0.105210
vt 0.483569 0.104931
vt 0.486129 0.124737
vt 0.487638 0.148981
vt 0.487985 0.149003
vt 0.486230 0.169179
vt 0.485805 0.169145
vt 0.161626 0.141190
vt 0.161626 0.141772
vt 0.138053 0.141168
vt 0.138064 0.140486
vt 0.138097 0.139391
vt 0.161626 0.140006
vt 0.161715 0.132997
vt 0.161659 0.135479
vt 0.138175 0.135166
vt 0.138187 0.132852
vt 0.138175 0.131008
vt 0.161771 0.130997
vt 0.170758 0.147662
vt 0.171551 0.167647
vt 0.170366 0.167715
vt 0.169338 0.147662
vt 0.169048 0.123877
vt 0.168623 0.123843
vt 0.170903 0.103858
vt 0.171384 0.103925
vt 0.487236 0.124625
vt 0.484497 0.104808
vt 0.484911 0.104752
vt 0.487582 0.124592
vt 0.168511 0.147673
vt 0.169618 0.167748
vt 0.169126 0.167770
vt 0.168064 0.147685
vt 0.161805 0.129979
vt 0.138175 0.130069
vt 0.138175 0.129566
vt 0.161805 0.129577
vt 0.011323 0.127990
vt 0.011300 0.128996
vt 0.011323 0.127576
vt 0.036003 0.128236
vt 0.035991 0.128761
vt 0.035947 0.129700
vt 0.087173 0.129801
vt 0.087162 0.130695
vt 0.087184 0.128918
vt 0.169618 0.268960
vt 0.170456 0.268960
vt 0.169170 0.268960
vt 0.169863 0.247834
vt 0.170378 0.247846
vt 0.171127 0.247868
vt 0.171294 0.207551
vt 0.171998 0.207551
vt 0.170601 0.207562
vt 0.476975 0.009252
vt 0.476013 0.009286
vt 0.477265 0.009241
vt 0.477970 0.027505
vt 0.477589 0.027527
vt 0.476729 0.027561
vt 0.479691 0.065620
vt 0.478886 0.065698
vt 0.480361 0.065553
vt 0.178191 0.009051
vt 0.177833 0.009028
vt 0.178917 0.009084
vt 0.178202 0.027717
vt 0.177520 0.027695
vt 0.177084 0.027672
vt 0.175586 0.065396
vt 0.174916 0.065340
vt 0.176246 0.065441
vt 0.171842 0.268937
vt 0.224353 0.264969
vt 0.172323 0.247913
vt 0.222073 0.248013
vt 0.173071 0.207540
vt 0.218988 0.206590
vt 0.011267 0.131008
vt 0.011233 0.133512
vt 0.035891 0.131544
vt 0.035846 0.133858
vt 0.087139 0.132427
vt 0.087106 0.134585
vt 0.011189 0.139279
vt 0.011177 0.139872
vt 0.011189 0.138094
vt 0.035813 0.138072
vt 0.035813 0.139167
vt 0.035813 0.139849
vt 0.087050 0.139559
vt 0.087039 0.140442
vt 0.087061 0.138519
vt 0.483480 0.270010
vt 0.483826 0.270010
vt 0.482396 0.269999
vt 0.482027 0.249276
vt 0.482955 0.249254
vt 0.483391 0.249254
vt 0.482932 0.209183
vt 0.483625 0.209205
vt 0.482083 0.209149
vt 0.473789 0.009408
vt 0.429649 0.013801
vt 0.474717 0.027639
vt 0.431125 0.029830
vt 0.476964 0.065855
vt 0.433103 0.068649
vt 0.180113 0.009151
vt 0.223225 0.013343
vt 0.221727 0.029338
vt 0.179308 0.027762
vt 0.177285 0.065530
vt 0.219950 0.067989
vt 0.326392 0.019558
vt 0.326403 0.034401
vt 0.326403 0.071656
vt 0.479825 0.269910
vt 0.426497 0.265662
vt 0.428532 0.248796
vt 0.479859 0.249310
vt 0.480093 0.209082
vt 0.433047 0.207350
vt 0.325554 0.259090
vt 0.325621 0.244157
vt 0.325923 0.205327
vt 0.494702 0.130974
vt 0.494713 0.132014
vt 0.494691 0.130572
vt 0.518868 0.130851
vt 0.518857 0.131354
vt 0.518845 0.132316
vt 0.570943 0.131667
vt 0.570955 0.132584
vt 0.570943 0.130762
vt 0.494736 0.134070
vt 0.494758 0.136608
vt 0.518812 0.134205
vt 0.518801 0.136574
vt 0.570955 0.134350
vt 0.570955 0.136552
vt 0.494736 0.142476
vt 0.494736 0.143057
vt 0.494747 0.141258
vt 0.518834 0.140900
vt 0.518857 0.142006
vt 0.518857 0.142699
vt 0.570966 0.141626
vt 0.570966 0.142543
vt 0.570966 0.140587
vt 0.578353 0.168936
vt 0.704167 0.433361
vt 0.791351 0.436837
vt 0.791306 0.437810
vt 0.704167 0.434870
vt 0.617072 0.437810
vt 0.617038 0.436837
vt 0.616938 0.435250
vt 0.704167 0.431830
vt 0.791451 0.435250
vt 0.430711 0.309057
vt 0.432834 0.309001
vt 0.429671 0.309090
vt 0.826638 0.439173
vt 0.828370 0.439251
vt 0.828326 0.440079
vt 0.826593 0.439989
vt 0.826716 0.437485
vt 0.828448 0.437552
vt 0.831545 0.170289
vt 0.704815 0.180583
vt 0.618737 0.175889
vt 0.790948 0.176816
vt 0.791060 0.178493
vt 0.704804 0.182092
vt 0.618592 0.177554
vt 0.836306 0.307011
vt 0.838631 0.306944
vt 0.835580 0.307034
vt 0.578230 0.172983
vt 0.576252 0.172860
vt 0.578096 0.174916
vt 0.576163 0.174838
vt 0.831623 0.174335
vt 0.833691 0.174234
vt 0.833780 0.176224
vt 0.831746 0.176291
vt 0.829197 0.439296
vt 0.829488 0.439307
vt 0.829399 0.439911
vt 0.829153 0.440112
vt 0.829276 0.437597
vt 0.829566 0.437608
vt 0.977835 0.307984
vt 0.977857 0.307715
vt 0.978640 0.307794
vt 0.978897 0.308006
vt 0.978863 0.308878
vt 0.977801 0.308833
vt 0.975655 0.308755
vt 0.975689 0.307883
vt 0.975689 0.307615
vt 0.436467 0.306162
vt 0.436467 0.305838
vt 0.456620 0.305916
vt 0.456620 0.306329
vt 0.456620 0.307112
vt 0.436456 0.307011
vt 0.436556 0.313818
vt 0.436500 0.311393
vt 0.456642 0.311013
vt 0.456687 0.313203
vt 0.456765 0.314936
vt 0.436601 0.315752
vt 0.977488 0.315797
vt 0.977600 0.313315
vt 0.978640 0.313360
vt 0.978517 0.315841
vt 0.978416 0.317797
vt 0.977388 0.317753
vt 0.975286 0.317652
vt 0.975376 0.315696
vt 0.975488 0.313226
vt 0.575179 0.172781
vt 0.574665 0.172748
vt 0.575090 0.174804
vt 0.574598 0.174793
vt 0.581964 0.439173
vt 0.582020 0.439989
vt 0.580354 0.440067
vt 0.580321 0.439251
vt 0.580231 0.437575
vt 0.581885 0.437497
vt 0.579404 0.439296
vt 0.579438 0.440112
vt 0.579113 0.439922
vt 0.578990 0.439318
vt 0.578901 0.437631
vt 0.579315 0.437608
vt 0.834674 0.174156
vt 0.835021 0.174123
vt 0.835099 0.176190
vt 0.834753 0.176190
vt 0.977343 0.318680
vt 0.978371 0.318736
vt 0.978092 0.318982
vt 0.977332 0.319005
vt 0.975231 0.318915
vt 0.975253 0.318580
vt 0.436635 0.316668
vt 0.456799 0.315752
vt 0.456810 0.316165
vt 0.436646 0.317015
vt 0.572809 0.313595
vt 0.572664 0.312734
vt 0.572899 0.313930
vt 0.570484 0.314243
vt 0.570462 0.313896
vt 0.570384 0.312980
vt 0.572552 0.310957
vt 0.572496 0.308699
vt 0.570272 0.311091
vt 0.570216 0.308721
vt 0.572731 0.303893
vt 0.572809 0.303624
vt 0.572608 0.304686
vt 0.570306 0.304474
vt 0.570361 0.303613
vt 0.570373 0.303323
vt 0.977723 0.310811
vt 0.978763 0.310856
vt 0.975577 0.310722
vt 0.704301 0.321542
vt 0.793374 0.320927
vt 0.793765 0.338532
vt 0.704267 0.337526
vt 0.614769 0.338084
vt 0.615261 0.320502
vt 0.704860 0.171239
vt 0.832260 0.322000
vt 0.834183 0.322078
vt 0.832506 0.341549
vt 0.830829 0.341393
vt 0.832327 0.307034
vt 0.834261 0.307045
vt 0.704357 0.294895
vt 0.615138 0.296337
vt 0.614591 0.278654
vt 0.704401 0.278788
vt 0.794212 0.279034
vt 0.793575 0.296706
vt 0.835188 0.307034
vt 0.576364 0.296124
vt 0.574519 0.296113
vt 0.575503 0.276653
vt 0.577157 0.276743
vt 0.832606 0.296583
vt 0.831779 0.277078
vt 0.833489 0.276977
vt 0.834529 0.296549
vt 0.835099 0.322123
vt 0.835457 0.322145
vt 0.833724 0.341650
vt 0.833311 0.341617
vt 0.843996 0.304228
vt 0.844007 0.303915
vt 0.865535 0.305022
vt 0.865513 0.305469
vt 0.865479 0.306262
vt 0.843963 0.305066
vt 0.843717 0.311896
vt 0.843795 0.309459
vt 0.865312 0.310107
vt 0.865256 0.312276
vt 0.865245 0.313986
vt 0.843661 0.313829
vt 0.573514 0.296091
vt 0.573044 0.296080
vt 0.574061 0.276586
vt 0.574587 0.276609
vt 0.576598 0.321307
vt 0.577839 0.340488
vt 0.576207 0.340622
vt 0.574777 0.321363
vt 0.573771 0.321408
vt 0.575324 0.340689
vt 0.574788 0.340733
vt 0.573312 0.321430
vt 0.835468 0.296527
vt 0.834294 0.276933
vt 0.834708 0.276922
vt 0.835803 0.296516
vt 0.843639 0.314757
vt 0.865245 0.314813
vt 0.865233 0.315260
vt 0.843639 0.315115
vt 0.971643 0.318401
vt 0.971698 0.317484
vt 0.971631 0.318736
vt 0.951568 0.317697
vt 0.951579 0.317272
vt 0.951624 0.316456
vt 0.908557 0.315707
vt 0.908579 0.314958
vt 0.908535 0.316467
vt 0.834753 0.179600
vt 0.833814 0.179588
vt 0.835088 0.179600
vt 0.834283 0.198344
vt 0.833892 0.198333
vt 0.833054 0.198299
vt 0.832662 0.237644
vt 0.831902 0.237655
vt 0.833333 0.237644
vt 0.579203 0.434713
vt 0.580119 0.434680
vt 0.578789 0.434725
vt 0.578454 0.418037
vt 0.578957 0.418025
vt 0.579818 0.418014
vt 0.578119 0.379877
vt 0.578957 0.379843
vt 0.577448 0.379910
vt 0.581774 0.434624
vt 0.616759 0.432601
vt 0.581394 0.417992
vt 0.615910 0.417355
vt 0.580466 0.379776
vt 0.614479 0.378491
vt 0.575067 0.178169
vt 0.574587 0.178180
vt 0.576095 0.178169
vt 0.576543 0.196567
vt 0.575626 0.196600
vt 0.575101 0.196612
vt 0.576308 0.236638
vt 0.575615 0.236627
vt 0.577169 0.236649
vt 0.971766 0.315540
vt 0.971855 0.313092
vt 0.951713 0.314735
vt 0.951780 0.312555
vt 0.908624 0.313371
vt 0.908680 0.311370
vt 0.971911 0.307838
vt 0.971911 0.307536
vt 0.971911 0.308688
vt 0.951836 0.308677
vt 0.951836 0.307905
vt 0.951847 0.307469
vt 0.908803 0.307056
vt 0.908814 0.306307
vt 0.908781 0.307805
vt 0.829387 0.434669
vt 0.829689 0.434669
vt 0.828560 0.434635
vt 0.828773 0.417724
vt 0.829544 0.417724
vt 0.829924 0.417735
vt 0.830237 0.380156
vt 0.830896 0.380190
vt 0.829499 0.380123
vt 0.831835 0.179600
vt 0.791261 0.181243
vt 0.831310 0.198221
vt 0.792513 0.197405
vt 0.830315 0.237655
vt 0.794603 0.238069
vt 0.577984 0.178202
vt 0.618357 0.180315
vt 0.616927 0.196444
vt 0.578230 0.196522
vt 0.578733 0.236672
vt 0.614401 0.237353
vt 0.572519 0.306452
vt 0.570227 0.306363
vt 0.704792 0.184551
vt 0.704714 0.199048
vt 0.704323 0.309962
vt 0.436467 0.308934
vt 0.456609 0.308822
vt 0.704558 0.238482
vt 0.908736 0.309358
vt 0.951825 0.310376
vt 0.865390 0.307950
vt 0.826817 0.434579
vt 0.791619 0.432601
vt 0.792468 0.417321
vt 0.827141 0.417712
vt 0.827957 0.380045
vt 0.793888 0.378692
vt 0.565041 0.306363
vt 0.564996 0.304452
vt 0.565097 0.308800
vt 0.543491 0.309280
vt 0.543446 0.307101
vt 0.543368 0.305402
vt 0.704167 0.429348
vt 0.704167 0.414952
vt 0.843896 0.307000
vt 0.971900 0.310621
vt 0.704222 0.376892
vt 0.499899 0.308174
vt 0.499865 0.306598
vt 0.499932 0.310186
vt 0.565220 0.314086
vt 0.565209 0.313170
vt 0.565231 0.314444
vt 0.543536 0.314444
vt 0.543536 0.313997
vt 0.543536 0.313181
vt 0.500033 0.314534
vt 0.500022 0.313785
vt 0.500044 0.315294
vt 0.565153 0.311247
vt 0.543536 0.311460
vt 0.499988 0.312186
vt 0.564974 0.303602
vt 0.564963 0.303278
vt 0.543334 0.304619
vt 0.543323 0.304172
vt 0.499854 0.305838
vt 0.499832 0.305089
vt 0.548442 0.809145
vt 0.548431 0.808743
vt 0.549091 0.808787
vt 0.549314 0.809089
vt 0.549370 0.810073
vt 0.548487 0.810117
vt 0.546687 0.810196
vt 0.546643 0.809212
vt 0.546632 0.808821
vt 0.008405 0.809659
vt 0.008416 0.809279
vt 0.029161 0.809961
vt 0.029150 0.810419
vt 0.029127 0.811280
vt 0.008382 0.810620
vt 0.008304 0.817550
vt 0.008304 0.815058
vt 0.029049 0.815181
vt 0.029049 0.817360
vt 0.029083 0.819037
vt 0.008337 0.819518
vt 0.548811 0.817193
vt 0.548699 0.814644
vt 0.549594 0.814600
vt 0.549717 0.817159
vt 0.549817 0.819171
vt 0.548901 0.819205
vt 0.547000 0.819272
vt 0.546933 0.817271
vt 0.546855 0.814711
vt 0.145015 0.813940
vt 0.146055 0.813951
vt 0.144557 0.813929
vt 0.274562 0.940692
vt 0.359633 0.944929
vt 0.359588 0.945778
vt 0.274562 0.942179
vt 0.189580 0.945543
vt 0.189535 0.944694
vt 0.189434 0.943218
vt 0.274562 0.939206
vt 0.359745 0.943464
vt 0.405528 0.814264
vt 0.405997 0.814253
vt 0.396072 0.947902
vt 0.398329 0.948036
vt 0.398296 0.948751
vt 0.396016 0.948617
vt 0.396161 0.946437
vt 0.398419 0.946560
vt 0.146211 0.675977
vt 0.145686 0.675977
vt 0.147318 0.675977
vt 0.274841 0.687311
vt 0.190317 0.682963
vt 0.359443 0.683052
vt 0.359555 0.684606
vt 0.274841 0.688798
vt 0.190194 0.684517
vt 0.149553 0.676011
vt 0.149430 0.680169
vt 0.147284 0.680057
vt 0.149330 0.681834
vt 0.147206 0.681756
vt 0.400800 0.680224
vt 0.403426 0.680102
vt 0.403493 0.681800
vt 0.400889 0.681890
vt 0.399414 0.948103
vt 0.399782 0.948125
vt 0.399659 0.948651
vt 0.399380 0.948818
vt 0.399503 0.946616
vt 0.399861 0.946627
vt 0.146211 0.679990
vt 0.145764 0.679945
vt 0.146133 0.681711
vt 0.145686 0.681700
vt 0.153510 0.947522
vt 0.153555 0.948226
vt 0.151688 0.948326
vt 0.151655 0.947622
vt 0.151576 0.946147
vt 0.153421 0.946057
vt 0.150704 0.947678
vt 0.150738 0.948382
vt 0.150459 0.948215
vt 0.150336 0.947701
vt 0.150257 0.946214
vt 0.150626 0.946192
vt 0.404656 0.680046
vt 0.405103 0.680001
vt 0.405170 0.681756
vt 0.404745 0.681767
vt 0.548923 0.820043
vt 0.549839 0.820032
vt 0.549627 0.820255
vt 0.548945 0.820289
vt 0.547034 0.820378
vt 0.547023 0.820132
vt 0.008360 0.820334
vt 0.029094 0.819820
vt 0.029094 0.820255
vt 0.008360 0.820613
vt 0.144132 0.821049
vt 0.143998 0.820300
vt 0.144210 0.821284
vt 0.142478 0.821563
vt 0.142456 0.821328
vt 0.142377 0.820501
vt 0.143864 0.818523
vt 0.143797 0.816220
vt 0.142243 0.818601
vt 0.142198 0.816232
vt 0.144020 0.811179
vt 0.144110 0.810799
vt 0.143897 0.812085
vt 0.142310 0.811951
vt 0.142377 0.810989
vt 0.142411 0.810598
vt 0.411128 0.811146
vt 0.411116 0.810755
vt 0.431929 0.810933
vt 0.431929 0.811392
vt 0.431918 0.812252
vt 0.411161 0.812118
vt 0.411295 0.819004
vt 0.411273 0.816533
vt 0.431929 0.816209
vt 0.431985 0.818400
vt 0.432063 0.820099
vt 0.411306 0.820960
vt 0.548576 0.812107
vt 0.549471 0.812074
vt 0.546766 0.812185
vt 0.274718 0.826817
vt 0.361936 0.825900
vt 0.362494 0.842454
vt 0.274696 0.841649
vt 0.186964 0.842253
vt 0.187545 0.825676
vt 0.406735 0.814220
vt 0.408333 0.814164
vt 0.401839 0.826425
vt 0.404399 0.826459
vt 0.402957 0.845338
vt 0.400755 0.845148
vt 0.404678 0.676022
vt 0.405192 0.676022
vt 0.274740 0.804104
vt 0.187433 0.805747
vt 0.186729 0.789137
vt 0.274752 0.789137
vt 0.362852 0.789350
vt 0.362103 0.805959
vt 0.148089 0.813951
vt 0.147899 0.805926
vt 0.145820 0.805937
vt 0.146703 0.787092
vt 0.148525 0.787193
vt 0.402074 0.806239
vt 0.401548 0.787483
vt 0.403773 0.787360
vt 0.404611 0.806272
vt 0.405595 0.826504
vt 0.406019 0.826526
vt 0.404477 0.845472
vt 0.403996 0.845438
vt 0.144769 0.805937
vt 0.144356 0.805926
vt 0.145295 0.787025
vt 0.145775 0.787047
vt 0.148078 0.826112
vt 0.149151 0.844857
vt 0.147340 0.845013
vt 0.145988 0.826146
vt 0.144937 0.826168
vt 0.146435 0.845080
vt 0.145954 0.845114
vt 0.144523 0.826191
vt 0.405818 0.806272
vt 0.404835 0.787304
vt 0.405315 0.787282
vt 0.406243 0.806261
vt 0.411318 0.821787
vt 0.432096 0.820881
vt 0.432096 0.821328
vt 0.411318 0.822077
vt 0.543647 0.820121
vt 0.543658 0.819294
vt 0.543625 0.820412
vt 0.522656 0.820144
vt 0.522656 0.819708
vt 0.522667 0.818903
vt 0.477365 0.819898
vt 0.477343 0.819104
vt 0.477376 0.820680
vt 0.404756 0.684695
vt 0.403538 0.684695
vt 0.405170 0.684695
vt 0.404488 0.703921
vt 0.403985 0.703909
vt 0.402923 0.703876
vt 0.402979 0.745724
vt 0.401996 0.745735
vt 0.403695 0.745713
vt 0.150514 0.943621
vt 0.151465 0.943587
vt 0.150146 0.943632
vt 0.149866 0.926039
vt 0.150302 0.926027
vt 0.151174 0.926027
vt 0.149564 0.885945
vt 0.150380 0.885912
vt 0.148849 0.885979
vt 0.153309 0.943520
vt 0.189255 0.940961
vt 0.152895 0.926005
vt 0.188149 0.925301
vt 0.152023 0.885833
vt 0.186372 0.884459
vt 0.146099 0.684640
vt 0.145675 0.684640
vt 0.147150 0.684640
vt 0.147698 0.703764
vt 0.146781 0.703786
vt 0.146289 0.703798
vt 0.147687 0.745534
vt 0.146971 0.745534
vt 0.148547 0.745545
vt 0.399615 0.944045
vt 0.399984 0.944057
vt 0.398531 0.944001
vt 0.398866 0.926419
vt 0.399872 0.926430
vt 0.400308 0.926441
vt 0.400721 0.886325
vt 0.401426 0.886359
vt 0.399771 0.886269
vt 0.401001 0.684740
vt 0.359745 0.686976
vt 0.400688 0.703786
vt 0.361231 0.703440
vt 0.399928 0.745758
vt 0.363690 0.746339
vt 0.149218 0.684673
vt 0.190004 0.686875
vt 0.188507 0.703362
vt 0.149542 0.703697
vt 0.150235 0.745568
vt 0.185992 0.746194
vt 0.143819 0.813907
vt 0.142221 0.813851
vt 0.274841 0.690877
vt 0.274830 0.705608
vt 0.003431 0.812420
vt 0.005230 0.812487
vt 0.002548 0.812387
vt 0.008337 0.812588
vt 0.029072 0.813012
vt 0.274796 0.747121
vt 0.477264 0.813527
vt 0.477242 0.811917
vt 0.522589 0.811068
vt 0.522656 0.812822
vt 0.522690 0.815013
vt 0.477298 0.815539
vt 0.431906 0.814007
vt 0.396284 0.943900
vt 0.359924 0.941195
vt 0.361097 0.925547
vt 0.396753 0.926396
vt 0.397770 0.886180
vt 0.363009 0.884682
vt 0.139359 0.813784
vt 0.139415 0.811839
vt 0.139315 0.816220
vt 0.118849 0.815963
vt 0.118871 0.813795
vt 0.118849 0.812062
vt 0.274562 0.937115
vt 0.274584 0.922551
vt 0.411217 0.814085
vt 0.543614 0.812286
vt 0.543569 0.810308
vt 0.543670 0.814790
vt 0.274640 0.882648
vt 0.073983 0.813515
vt 0.073994 0.811928
vt 0.073960 0.815505
vt 0.543681 0.817316
vt 0.522690 0.817204
vt 0.477320 0.817539
vt 0.543535 0.809335
vt 0.543524 0.808944
vt 0.522555 0.810196
vt 0.522555 0.809737
vt 0.477242 0.811135
vt 0.477231 0.810330
vt 0.139281 0.821418
vt 0.139281 0.820591
vt 0.139270 0.821697
vt 0.118715 0.821038
vt 0.118726 0.820602
vt 0.118748 0.819831
vt 0.073927 0.819820
vt 0.073927 0.819037
vt 0.073915 0.820591
vt 0.139292 0.818668
vt 0.118815 0.818154
vt 0.073938 0.817495
vt 0.139438 0.810878
vt 0.139438 0.810486
vt 0.118838 0.811213
vt 0.118838 0.810743
vt 0.073994 0.811146
vt 0.074005 0.810363
vt 0.413899 0.439920
vt 0.416168 0.439920
vt 0.373459 0.440032
vt 0.763112 0.728098
vt 0.706073 0.726165
vt 0.706096 0.725662
vt 0.763112 0.727115
vt 0.820150 0.725818
vt 0.820173 0.726332
vt 0.820217 0.727383
vt 0.763112 0.729104
vt 0.706017 0.727215
vt 0.682221 0.724645
vt 0.681103 0.724600
vt 0.681103 0.724253
vt 0.682243 0.724265
vt 0.682165 0.725807
vt 0.681103 0.725796
vt 0.284699 0.308362
vt 0.765694 0.981670
vt 0.823090 0.982217
vt 0.708398 0.984844
vt 0.708331 0.983771
vt 0.765671 0.980664
vt 0.823112 0.981133
vt 0.417286 0.439909
vt 0.848910 0.982407
vt 0.850206 0.982452
vt 0.848943 0.981156
vt 0.850218 0.981144
vt 0.682880 0.986275
vt 0.681695 0.986353
vt 0.681639 0.985101
vt 0.682791 0.985056
vt 0.680443 0.724589
vt 0.680119 0.724589
vt 0.680198 0.724343
vt 0.680443 0.724265
vt 0.680455 0.725796
vt 0.680119 0.725796
vt 0.547231 0.863122
vt 0.547231 0.863390
vt 0.546951 0.863357
vt 0.546873 0.863155
vt 0.548494 0.863088
vt 0.548505 0.863357
vt 0.981508 0.858103
vt 0.981497 0.858394
vt 0.961020 0.857768
vt 0.961020 0.857332
vt 0.981608 0.850167
vt 0.961087 0.850603
vt 0.961042 0.848949
vt 0.981530 0.848200
vt 0.546940 0.855387
vt 0.546571 0.855409
vt 0.546504 0.853453
vt 0.546873 0.853442
vt 0.548170 0.853409
vt 0.548226 0.855354
vt 0.850799 0.982463
vt 0.851011 0.982497
vt 0.850832 0.981144
vt 0.851045 0.981133
vt 0.844416 0.724969
vt 0.844394 0.724566
vt 0.845668 0.724533
vt 0.845680 0.724902
vt 0.845691 0.726142
vt 0.844472 0.726153
vt 0.846250 0.724890
vt 0.846250 0.724533
vt 0.846406 0.724622
vt 0.846451 0.724890
vt 0.846451 0.726142
vt 0.846261 0.726142
vt 0.681025 0.986398
vt 0.680656 0.986443
vt 0.680589 0.985135
vt 0.680958 0.985124
vt 0.546862 0.852626
vt 0.546493 0.852615
vt 0.546560 0.852425
vt 0.546840 0.852403
vt 0.548136 0.852336
vt 0.548136 0.852570
vt 0.981485 0.847362
vt 0.961020 0.848166
vt 0.961008 0.847742
vt 0.981474 0.847105
vt 0.849916 0.847719
vt 0.850061 0.848513
vt 0.849860 0.847507
vt 0.851224 0.847295
vt 0.851246 0.847507
vt 0.851335 0.848368
vt 0.850195 0.850368
vt 0.851447 0.850301
vt 0.850050 0.857846
vt 0.849994 0.858103
vt 0.851358 0.858003
vt 0.851335 0.858260
vt 0.422729 0.439775
vt 0.422718 0.437841
vt 0.444223 0.438523
vt 0.444156 0.440278
vt 0.444112 0.442491
vt 0.422729 0.442189
vt 0.763693 0.844701
vt 0.705459 0.845786
vt 0.704978 0.828628
vt 0.763581 0.829210
vt 0.822498 0.827455
vt 0.822185 0.844467
vt 0.680835 0.845607
vt 0.679762 0.845573
vt 0.681181 0.826493
vt 0.682075 0.826560
vt 0.286163 0.440177
vt 0.763872 0.862965
vt 0.822408 0.861848
vt 0.823112 0.878893
vt 0.764073 0.878536
vt 0.705403 0.880089
vt 0.705593 0.862898
vt 0.847848 0.862161
vt 0.849044 0.862228
vt 0.847043 0.881252
vt 0.846071 0.881162
vt 0.680991 0.863446
vt 0.682422 0.882470
vt 0.681517 0.882548
vt 0.679907 0.863479
vt 0.679113 0.845562
vt 0.678767 0.845540
vt 0.680108 0.826415
vt 0.680511 0.826437
vt 0.674967 0.859690
vt 0.674978 0.859981
vt 0.655641 0.859959
vt 0.655641 0.859556
vt 0.674788 0.852201
vt 0.655529 0.853017
vt 0.655440 0.851408
vt 0.674743 0.850324
vt 0.849614 0.862272
vt 0.849860 0.862295
vt 0.848027 0.881330
vt 0.847636 0.881296
vt 0.847591 0.843472
vt 0.845288 0.824582
vt 0.846238 0.824470
vt 0.848787 0.843371
vt 0.849357 0.843315
vt 0.846842 0.824403
vt 0.847233 0.824358
vt 0.849603 0.843282
vt 0.679259 0.863513
vt 0.680857 0.882604
vt 0.680455 0.882626
vt 0.678912 0.863524
vt 0.674709 0.849519
vt 0.655406 0.850670
vt 0.655384 0.850257
vt 0.674698 0.849251
vt 0.551199 0.852593
vt 0.551176 0.853397
vt 0.551199 0.852324
vt 0.571039 0.852414
vt 0.571050 0.852827
vt 0.571039 0.853576
vt 0.613267 0.852101
vt 0.613289 0.852839
vt 0.613245 0.851374
vt 0.680980 0.982262
vt 0.681639 0.982273
vt 0.680622 0.982251
vt 0.681830 0.962322
vt 0.682243 0.962333
vt 0.682914 0.962366
vt 0.683417 0.922329
vt 0.684110 0.922318
vt 0.682724 0.922340
vt 0.846149 0.729026
vt 0.845612 0.728993
vt 0.846384 0.729048
vt 0.845188 0.747860
vt 0.844785 0.747849
vt 0.844215 0.747815
vt 0.843690 0.786065
vt 0.843019 0.786076
vt 0.844361 0.786042
vt 0.844461 0.728937
vt 0.820329 0.729663
vt 0.843276 0.747760
vt 0.821067 0.746519
vt 0.842170 0.786098
vt 0.821570 0.786635
vt 0.850620 0.978093
vt 0.850877 0.978071
vt 0.850050 0.978149
vt 0.847680 0.958745
vt 0.848262 0.958689
vt 0.848686 0.958655
vt 0.845657 0.919948
vt 0.846328 0.919937
vt 0.844986 0.919948
vt 0.551154 0.855298
vt 0.571039 0.855175
vt 0.613323 0.854303
vt 0.551434 0.862921
vt 0.551456 0.863222
vt 0.571262 0.861702
vt 0.571273 0.862116
vt 0.613468 0.860283
vt 0.613491 0.861009
vt 0.680499 0.728478
vt 0.680164 0.728490
vt 0.681125 0.728467
vt 0.682198 0.747603
vt 0.681550 0.747637
vt 0.681148 0.747648
vt 0.682724 0.786936
vt 0.682031 0.786925
vt 0.683417 0.786936
vt 0.682735 0.982296
vt 0.708175 0.981424
vt 0.683830 0.962422
vt 0.706923 0.963987
vt 0.684937 0.922306
vt 0.706017 0.921926
vt 0.848854 0.978249
vt 0.823146 0.978786
vt 0.823593 0.961237
vt 0.846730 0.958868
vt 0.844115 0.919959
vt 0.823179 0.920082
vt 0.565554 0.441641
vt 0.565588 0.439685
vt 0.566415 0.439685
vt 0.566382 0.441653
vt 0.566326 0.444134
vt 0.565510 0.444123
vt 0.563923 0.444089
vt 0.563967 0.441619
vt 0.563990 0.439652
vt 0.765627 0.978562
vt 0.765291 0.962813
vt 0.487739 0.139067
vt 0.488063 0.139078
vt 0.154918 0.440636
vt 0.155018 0.438769
vt 0.154907 0.442994
vt 0.153342 0.443027
vt 0.153331 0.440591
vt 0.153420 0.438624
vt 0.764665 0.920775
vt 0.078978 0.442793
vt 0.078934 0.441127
vt 0.128282 0.439562
vt 0.128383 0.441362
vt 0.128450 0.443642
vt 0.079023 0.444883
vt 0.029641 0.446079
vt 0.029596 0.443788
vt 0.029596 0.441988
vt 0.682165 0.728434
vt 0.705895 0.729473
vt 0.705090 0.746262
vt 0.683104 0.747536
vt 0.684221 0.786948
vt 0.704944 0.787160
vt 0.561341 0.441586
vt 0.561352 0.439630
vt 0.561318 0.444045
vt 0.539980 0.443776
vt 0.540003 0.441563
vt 0.539980 0.439820
vt 0.763112 0.731183
vt 0.763101 0.746664
vt 0.007554 0.444033
vt 0.007532 0.441999
vt 0.007610 0.446593
vt 0.150469 0.440568
vt 0.150447 0.438556
vt 0.150503 0.443083
vt 0.763313 0.787529
vt 0.492085 0.441127
vt 0.492108 0.439518
vt 0.492063 0.443162
vt 0.853973 0.847451
vt 0.853962 0.848278
vt 0.853973 0.847183
vt 0.873925 0.847742
vt 0.873914 0.848155
vt 0.873903 0.848938
vt 0.917427 0.848535
vt 0.917427 0.849307
vt 0.917427 0.847786
vt 0.853951 0.850245
vt 0.873847 0.850603
vt 0.917427 0.850815
vt 0.853973 0.858025
vt 0.853973 0.858327
vt 0.873914 0.857332
vt 0.873914 0.857768
vt 0.917427 0.856974
vt 0.917427 0.857734
vt 0.286197 0.452964
vt 0.373504 0.451679
vt 0.374107 0.468300
vt 0.286208 0.467774
vt 0.198376 0.468926
vt 0.198957 0.452305
vt 0.326348 0.139704
vt 0.413910 0.452059
vt 0.416179 0.452092
vt 0.414726 0.471150
vt 0.412759 0.470982
vt 0.286130 0.430676
vt 0.198778 0.432655
vt 0.197906 0.415989
vt 0.286029 0.415732
vt 0.374241 0.415430
vt 0.373571 0.432141
vt 0.158103 0.432700
vt 0.156404 0.432632
vt 0.158014 0.413474
vt 0.159389 0.413575
vt 0.414067 0.432264
vt 0.413284 0.413217
vt 0.415274 0.413094
vt 0.416347 0.432275
vt 0.417308 0.452137
vt 0.417733 0.452159
vt 0.416202 0.471273
vt 0.415699 0.471239
vt 0.422718 0.436913
vt 0.422718 0.436545
vt 0.444257 0.437204
vt 0.444257 0.437662
vt 0.155153 0.437863
vt 0.155231 0.437551
vt 0.153487 0.437673
vt 0.153509 0.437338
vt 0.154985 0.445330
vt 0.155130 0.447197
vt 0.153565 0.447387
vt 0.153420 0.445431
vt 0.422673 0.444603
vt 0.444089 0.444704
vt 0.444112 0.446470
vt 0.422606 0.446548
vt 0.155667 0.432599
vt 0.155421 0.432577
vt 0.156919 0.413396
vt 0.157321 0.413418
vt 0.158372 0.453255
vt 0.160272 0.472268
vt 0.158897 0.472424
vt 0.156684 0.453355
vt 0.155957 0.453422
vt 0.158226 0.472502
vt 0.157813 0.472536
vt 0.155700 0.453445
vt 0.417476 0.432252
vt 0.416269 0.413027
vt 0.416760 0.412994
vt 0.417912 0.432241
vt 0.422561 0.447521
vt 0.444112 0.447353
vt 0.444112 0.447834
vt 0.422550 0.447923
vt 0.155309 0.448158
vt 0.155410 0.448527
vt 0.153722 0.448784
vt 0.153677 0.448404
vt 0.565376 0.449533
vt 0.565409 0.448560
vt 0.566225 0.448583
vt 0.566192 0.449566
vt 0.566002 0.449868
vt 0.565387 0.449924
vt 0.563811 0.449902
vt 0.563811 0.449510
vt 0.563833 0.448527
vt 0.414525 0.304640
vt 0.413362 0.304718
vt 0.414972 0.304584
vt 0.415073 0.306115
vt 0.414626 0.306137
vt 0.413452 0.306193
vt 0.161099 0.572831
vt 0.161781 0.572797
vt 0.161814 0.573502
vt 0.161132 0.573546
vt 0.160965 0.573390
vt 0.160909 0.572842
vt 0.160819 0.571445
vt 0.161021 0.571434
vt 0.161702 0.571400
vt 0.163357 0.572697
vt 0.201148 0.570093
vt 0.201181 0.570897
vt 0.163401 0.573390
vt 0.163290 0.571344
vt 0.201058 0.568695
vt 0.155812 0.309491
vt 0.155600 0.309457
vt 0.156572 0.309569
vt 0.156483 0.311123
vt 0.155689 0.311089
vt 0.155477 0.311078
vt 0.565454 0.446593
vt 0.566270 0.446615
vt 0.563878 0.446560
vt 0.565588 0.438758
vt 0.565610 0.438422
vt 0.566225 0.438478
vt 0.566415 0.438747
vt 0.564012 0.438724
vt 0.564012 0.438378
vt 0.410713 0.575346
vt 0.411116 0.575379
vt 0.411004 0.575871
vt 0.410680 0.576005
vt 0.409663 0.575950
vt 0.409696 0.575290
vt 0.409786 0.573994
vt 0.410814 0.574049
vt 0.411205 0.574072
vt 0.411004 0.304886
vt 0.369100 0.308518
vt 0.411116 0.306327
vt 0.369234 0.309982
vt 0.158360 0.309658
vt 0.200365 0.311558
vt 0.200276 0.313034
vt 0.158271 0.311178
vt 0.284800 0.314241
vt 0.284822 0.315716
vt 0.479043 0.281668
vt 0.425402 0.276594
vt 0.325520 0.271128
vt 0.407651 0.575156
vt 0.407595 0.575804
vt 0.370251 0.572406
vt 0.370307 0.571613
vt 0.370430 0.570249
vt 0.407740 0.573859
vt 0.285772 0.566538
vt 0.285761 0.568014
vt 0.285783 0.565052
vt 0.003018 0.135959
vt 0.002235 0.135959
vt 0.005566 0.135982
vt 0.007521 0.441038
vt 0.007521 0.440669
vt 0.029585 0.440613
vt 0.029596 0.441094
vt 0.007677 0.449142
vt 0.029697 0.448348
vt 0.029786 0.450170
vt 0.007744 0.451187
vt 0.007778 0.452193
vt 0.029831 0.451086
vt 0.029842 0.451567
vt 0.007800 0.452573
vt 0.150726 0.448605
vt 0.150682 0.447588
vt 0.150749 0.448985
vt 0.128517 0.449130
vt 0.128506 0.448672
vt 0.128506 0.447756
vt 0.079135 0.449522
vt 0.079112 0.448650
vt 0.079157 0.450371
vt 0.150592 0.445576
vt 0.128494 0.445922
vt 0.079079 0.446973
vt 0.150436 0.437595
vt 0.150436 0.437249
vt 0.128237 0.438657
vt 0.128226 0.438199
vt 0.078911 0.440267
vt 0.078889 0.439417
vt 0.561218 0.449454
vt 0.561240 0.448471
vt 0.561206 0.449846
vt 0.539846 0.449119
vt 0.539858 0.448650
vt 0.539891 0.447756
vt 0.491996 0.447644
vt 0.492007 0.446817
vt 0.491985 0.448482
vt 0.414693 0.308585
vt 0.413541 0.308608
vt 0.415117 0.308585
vt 0.414804 0.327833
vt 0.414301 0.327833
vt 0.413295 0.327810
vt 0.413854 0.370553
vt 0.412949 0.370575
vt 0.414603 0.370531
vt 0.161010 0.569020
vt 0.161680 0.569042
vt 0.160775 0.569020
vt 0.161211 0.551091
vt 0.161591 0.551091
vt 0.162250 0.551102
vt 0.161736 0.512048
vt 0.162418 0.512015
vt 0.161043 0.512070
vt 0.163234 0.569064
vt 0.200924 0.566829
vt 0.163591 0.551147
vt 0.199739 0.551259
vt 0.163647 0.511959
vt 0.198018 0.510729
vt 0.155778 0.313827
vt 0.155521 0.313850
vt 0.156505 0.313783
vt 0.158148 0.333008
vt 0.157444 0.333064
vt 0.157042 0.333086
vt 0.159456 0.373347
vt 0.158752 0.373347
vt 0.160160 0.373347
vt 0.561274 0.446515
vt 0.539947 0.445989
vt 0.492029 0.445185
vt 0.561363 0.438702
vt 0.561363 0.438344
vt 0.539969 0.438937
vt 0.539980 0.438489
vt 0.492119 0.438679
vt 0.492130 0.437852
vt 0.410926 0.571903
vt 0.411317 0.571914
vt 0.409897 0.571847
vt 0.410345 0.554198
vt 0.411295 0.554221
vt 0.411764 0.554232
vt 0.412312 0.513088
vt 0.413038 0.513132
vt 0.411429 0.513043
vt 0.411261 0.308708
vt 0.369424 0.311894
vt 0.411295 0.327766
vt 0.371257 0.328135
vt 0.411105 0.370620
vt 0.374644 0.371682
vt 0.158238 0.313716
vt 0.200164 0.314968
vt 0.198879 0.331242
vt 0.159534 0.332907
vt 0.161412 0.373347
vt 0.197057 0.373582
vt 0.488476 0.139078
vt 0.490276 0.139111
vt 0.284855 0.317415
vt 0.285079 0.331834
vt 0.648515 0.138899
vt 0.623343 0.138754
vt 0.285582 0.373493
vt 0.087083 0.136742
vt 0.035813 0.136172
vt 0.138153 0.137491
vt 0.407874 0.571747
vt 0.370598 0.568394
vt 0.372039 0.552902
vt 0.408456 0.554176
vt 0.409629 0.512954
vt 0.374554 0.511310
vt 0.494758 0.139156
vt 0.518801 0.138944
vt 0.285794 0.563353
vt 0.285906 0.549112
vt 0.161637 0.137949
vt 0.011211 0.136026
vt 0.286074 0.509053
vt 0.570966 0.138754
vt 0.831641 0.650265
vt 0.831641 0.649830
vt 0.832077 0.649930
vt 0.832222 0.650254
vt 0.832234 0.651305
vt 0.831652 0.651305
vt 0.829842 0.651316
vt 0.829830 0.650277
vt 0.829819 0.649841
vt 0.271137 0.649539
vt 0.271149 0.649092
vt 0.293023 0.649505
vt 0.293012 0.650031
vt 0.293001 0.650981
vt 0.271126 0.650567
vt 0.271115 0.657318
vt 0.271115 0.654915
vt 0.292956 0.654938
vt 0.292956 0.657117
vt 0.293001 0.658872
vt 0.271126 0.659241
vt 0.831686 0.658056
vt 0.831675 0.655642
vt 0.832256 0.655642
vt 0.832267 0.658056
vt 0.832278 0.659979
vt 0.831686 0.659979
vt 0.829875 0.659979
vt 0.829875 0.658056
vt 0.829864 0.655653
vt 0.426135 0.785647
vt 0.463278 0.782740
vt 0.463322 0.783534
vt 0.426180 0.786239
vt 0.423519 0.786395
vt 0.423497 0.785848
vt 0.423441 0.784216
vt 0.426001 0.784104
vt 0.463177 0.781276
vt 0.548271 0.779041
vt 0.633208 0.783322
vt 0.633163 0.784104
vt 0.548260 0.780516
vt 0.548271 0.777554
vt 0.633320 0.781857
vt 0.675090 0.520071
vt 0.633175 0.522854
vt 0.678108 0.519914
vt 0.678175 0.521647
vt 0.675202 0.521758
vt 0.633298 0.524408
vt 0.548673 0.527112
vt 0.464217 0.523033
vt 0.548673 0.528588
vt 0.464105 0.524586
vt 0.422435 0.520440
vt 0.419607 0.520305
vt 0.422312 0.522150
vt 0.419518 0.522016
vt 0.674051 0.786854
vt 0.674274 0.786865
vt 0.674229 0.787267
vt 0.674039 0.787379
vt 0.672933 0.787334
vt 0.672966 0.786798
vt 0.673033 0.785199
vt 0.674118 0.785244
vt 0.674341 0.785244
vt 0.418590 0.520216
vt 0.418400 0.520160
vt 0.418423 0.521960
vt 0.418221 0.521960
vt 0.670205 0.786563
vt 0.670150 0.787144
vt 0.670340 0.785032
vt 0.422525 0.785881
vt 0.422525 0.786418
vt 0.422368 0.786306
vt 0.422357 0.785892
vt 0.422290 0.784249
vt 0.422458 0.784249
vt 0.679248 0.519847
vt 0.679505 0.519791
vt 0.679639 0.521591
vt 0.679382 0.521602
vt 0.831686 0.660929
vt 0.832278 0.660929
vt 0.832133 0.661197
vt 0.831697 0.661286
vt 0.829875 0.661286
vt 0.829875 0.660929
vt 0.271126 0.660202
vt 0.293012 0.659755
vt 0.293012 0.660213
vt 0.271137 0.660571
vt 0.417282 0.659956
vt 0.417137 0.659051
vt 0.417361 0.660303
vt 0.415170 0.660560
vt 0.415148 0.660202
vt 0.415080 0.659252
vt 0.417025 0.657285
vt 0.416981 0.655072
vt 0.414980 0.657385
vt 0.414935 0.655083
vt 0.417215 0.650109
vt 0.417305 0.649673
vt 0.417081 0.651081
vt 0.415036 0.650903
vt 0.415103 0.649885
vt 0.415136 0.649449
vt 0.687285 0.650288
vt 0.687285 0.649852
vt 0.709874 0.650198
vt 0.709874 0.650724
vt 0.709852 0.651663
vt 0.687296 0.651327
vt 0.687318 0.657989
vt 0.687340 0.655608
vt 0.709818 0.655597
vt 0.709818 0.657777
vt 0.709863 0.659509
vt 0.687307 0.659900
vt 0.421429 0.667121
vt 0.461053 0.665992
vt 0.460483 0.683217
vt 0.422961 0.685709
vt 0.420815 0.685933
vt 0.418870 0.667278
vt 0.548595 0.666920
vt 0.636181 0.666316
vt 0.636628 0.683563
vt 0.548550 0.682535
vt 0.676130 0.643436
vt 0.636371 0.643704
vt 0.637053 0.626357
vt 0.675224 0.624423
vt 0.677583 0.624267
vt 0.678868 0.643369
vt 0.548640 0.642016
vt 0.548651 0.626256
vt 0.460941 0.643380
vt 0.460271 0.626077
vt 0.421239 0.642855
vt 0.418668 0.642765
vt 0.420110 0.623976
vt 0.422290 0.624133
vt 0.679628 0.667747
vt 0.679908 0.667780
vt 0.677884 0.686670
vt 0.677493 0.686637
vt 0.676577 0.686536
vt 0.678566 0.667658
vt 0.417707 0.642698
vt 0.417472 0.642687
vt 0.418903 0.623909
vt 0.419294 0.623920
vt 0.675839 0.667479
vt 0.674263 0.686301
vt 0.417908 0.667378
vt 0.419999 0.686011
vt 0.419607 0.686044
vt 0.417685 0.667389
vt 0.679952 0.643324
vt 0.678510 0.624200
vt 0.678913 0.624188
vt 0.680243 0.643313
vt 0.687296 0.660839
vt 0.709874 0.660392
vt 0.709874 0.660862
vt 0.687296 0.661219
vt 0.825963 0.660918
vt 0.825974 0.659967
vt 0.825952 0.661275
vt 0.804167 0.660895
vt 0.804167 0.660437
vt 0.804189 0.659554
vt 0.757099 0.660057
vt 0.757099 0.659230
vt 0.757099 0.660873
vt 0.679293 0.525458
vt 0.678164 0.525402
vt 0.679572 0.525469
vt 0.678410 0.544516
vt 0.678007 0.544493
vt 0.677057 0.544449
vt 0.676632 0.584486
vt 0.675761 0.584497
vt 0.677325 0.584486
vt 0.422525 0.780650
vt 0.423441 0.780695
vt 0.422323 0.780639
vt 0.422782 0.763269
vt 0.423139 0.763269
vt 0.423944 0.763281
vt 0.423050 0.724886
vt 0.423788 0.724853
vt 0.422379 0.724908
vt 0.670507 0.781746
vt 0.673112 0.781757
vt 0.633543 0.779097
vt 0.634751 0.763381
vt 0.670608 0.764130
vt 0.672888 0.764108
vt 0.671234 0.725478
vt 0.673380 0.725568
vt 0.636640 0.724048
vt 0.418523 0.525905
vt 0.418277 0.525928
vt 0.419518 0.525849
vt 0.420703 0.544583
vt 0.419864 0.544627
vt 0.419473 0.544639
vt 0.421250 0.584419
vt 0.420557 0.584419
vt 0.422010 0.584430
vt 0.548282 0.775028
vt 0.462976 0.778515
vt 0.461858 0.762800
vt 0.548327 0.760408
vt 0.674129 0.781746
vt 0.674386 0.781734
vt 0.673793 0.764108
vt 0.674162 0.764108
vt 0.674218 0.725613
vt 0.674900 0.725646
vt 0.422167 0.525805
vt 0.463870 0.527448
vt 0.462361 0.543957
vt 0.422927 0.544460
vt 0.424067 0.584442
vt 0.459991 0.584989
vt 0.548673 0.531125
vt 0.633532 0.527280
vt 0.635041 0.543812
vt 0.548684 0.545902
vt 0.675347 0.525358
vt 0.674654 0.544315
vt 0.673559 0.584509
vt 0.637422 0.585045
vt 0.548438 0.722047
vt 0.460237 0.723578
vt 0.425878 0.780728
vt 0.426057 0.763314
vt 0.425788 0.724774
vt 0.548673 0.585760
vt 0.825974 0.658056
vt 0.825985 0.655653
vt 0.804223 0.657821
vt 0.804234 0.655642
vt 0.757099 0.657620
vt 0.757099 0.655597
vt 0.825963 0.650299
vt 0.825963 0.649863
vt 0.825974 0.651338
vt 0.804201 0.651696
vt 0.804178 0.650746
vt 0.804178 0.650221
vt 0.757099 0.651070
vt 0.757099 0.650243
vt 0.757099 0.651931
vt 0.410319 0.660347
vt 0.410319 0.659386
vt 0.410330 0.660728
vt 0.387662 0.660336
vt 0.387662 0.659856
vt 0.387673 0.658973
vt 0.340259 0.659442
vt 0.340259 0.658615
vt 0.340259 0.660269
vt 0.410308 0.657475
vt 0.410297 0.655094
vt 0.387718 0.657229
vt 0.387729 0.655049
vt 0.340259 0.656994
vt 0.340259 0.654971
vt 0.410352 0.649751
vt 0.410364 0.649315
vt 0.410341 0.650780
vt 0.387696 0.651093
vt 0.387685 0.650142
vt 0.387673 0.649617
vt 0.340270 0.650411
vt 0.340270 0.649595
vt 0.340270 0.651294
vt 0.340259 0.652937
vt 0.387729 0.652870
vt 0.292956 0.652747
vt 0.410319 0.652725
vt 0.414958 0.652803
vt 0.757099 0.653574
vt 0.804234 0.653462
vt 0.709818 0.653429
vt 0.825974 0.653272
vt 0.829853 0.653261
vt 0.687318 0.653250
vt 0.682691 0.653317
vt 0.417003 0.652870
vt 0.417595 0.652892
vt 0.831664 0.653250
vt 0.832245 0.653250
vt 0.271115 0.652512
vt 0.267237 0.652490
vt 0.265426 0.652479
vt 0.264822 0.652467
vt 0.679293 0.515946
vt 0.678074 0.515957
vt 0.679583 0.515935
vt 0.680668 0.653373
vt 0.680086 0.653395
vt 0.417819 0.652892
vt 0.418814 0.652915
vt 0.418523 0.516360
vt 0.418277 0.516360
vt 0.419607 0.516360
vt 0.679796 0.653395
vt 0.678700 0.653417
vt 0.422469 0.516382
vt 0.464418 0.518595
vt 0.675023 0.516013
vt 0.632951 0.518405
vt 0.548606 0.656078
vt 0.675928 0.653417
vt 0.421407 0.652926
vt 0.548662 0.521222
vt 0.850877 0.985884
vt 0.851101 0.985884
vn -0.932858 0.350622 -0.082705
vn -0.996432 0.000000 -0.084403
vn -1.000000 0.000000 0.000000
vn -0.941323 0.337508 0.000000
vn -0.932858 0.350622 -0.082705
vn -0.941323 0.337508 0.000000
vn -0.486611 0.873619 0.000000
vn -0.481728 0.874251 -0.060203
vn -0.932858 0.350622 -0.082705
vn -0.481728 0.874251 -0.060203
vn -0.432795 0.878891 -0.200598
vn -0.751180 0.412689 -0.515186
vn -0.932858 0.350622 -0.082705
vn -0.751180 0.412689 -0.515186
vn -0.835694 0.000000 -0.549196
vn -0.996432 0.000000 -0.084403
vn 0.249511 0.457219 -0.853636
vn 0.284218 0.000000 -0.958760
vn 0.000000 0.000000 -1.000000
vn 0.000000 0.485592 -0.874186
vn 0.249511 0.457219 -0.853636
vn 0.000000 0.485592 -0.874186
vn 0.000000 0.951446 -0.307815
vn 0.140801 0.937305 -0.318802
vn 0.249511 0.457219 -0.853636
vn 0.140801 0.937305 -0.318802
vn 0.432424 0.879048 -0.200711
vn 0.750984 0.412791 -0.515389
vn 0.249511 0.457219 -0.853636
vn 0.750984 0.412791 -0.515389
vn 0.835496 0.000000 -0.549497
vn 0.284218 0.000000 -0.958760
vn 0.932398 0.350099 0.089800
vn 0.995769 0.000000 0.091897
vn 1.000000 0.000000 0.000000
vn 0.941248 0.337717 0.000000
vn 0.932398 0.350099 0.089800
vn 0.941248 0.337717 0.000000
vn 0.486297 0.873794 0.000000
vn 0.482124 0.873643 0.065603
vn 0.932398 0.350099 0.089800
vn 0.482124 0.873643 0.065603
vn 0.428700 0.876100 0.220600
vn 0.741106 0.404303 0.536004
vn 0.932398 0.350099 0.089800
vn 0.741106 0.404303 0.536004
vn 0.820601 0.000000 0.571501
vn 0.995769 0.000000 0.091897
vn -0.236098 0.445297 0.863694
vn -0.266112 0.000000 0.963942
vn 0.000000 0.000000 1.000000
vn 0.000000 0.468526 0.883450
vn -0.236098 0.445297 0.863694
vn 0.000000 0.468526 0.883450
vn 0.000000 0.944296 0.329098
vn -0.138006 0.930640 0.338915
vn -0.236098 0.445297 0.863694
vn -0.138006 0.930640 0.338915
vn -0.429030 0.875960 0.220515
vn -0.741306 0.404203 0.535804
vn -0.236098 0.445297 0.863694
vn -0.741306 0.404203 0.535804
vn -0.820807 0.000000 0.571205
vn -0.266112 0.000000 0.963942
vn 0.143810 -0.986268 0.081206
vn 0.000000 -0.997130 0.075702
vn 0.000000 -1.000000 0.000000
vn 0.133199 -0.991089 0.000000
vn 0.143810 -0.986268 0.081206
vn 0.133199 -0.991089 0.000000
vn 0.664016 -0.747718 0.000000
vn 0.660904 -0.744005 0.098301
vn 0.143810 -0.986268 0.081206
vn 0.660904 -0.744005 0.098301
vn 0.610939 -0.712346 0.345422
vn 0.209808 -0.827231 0.521219
vn 0.143810 -0.986268 0.081206
vn 0.209808 -0.827231 0.521219
vn 0.000000 -0.854148 0.520029
vn 0.000000 -0.997130 0.075702
vn -0.073404 0.996459 0.041002
vn 0.000000 0.999293 0.037600
vn 0.000000 1.000000 0.000000
vn -0.067004 0.997753 0.000000
vn -0.073404 0.996459 0.041002
vn -0.067004 0.997753 0.000000
vn -0.486611 0.873619 0.000000
vn -0.482396 0.873493 0.065599
vn -0.073404 0.996459 0.041002
vn -0.482396 0.873493 0.065599
vn -0.429030 0.875960 0.220515
vn -0.138006 0.930640 0.338915
vn -0.073404 0.996459 0.041002
vn -0.138006 0.930640 0.338915
vn 0.000000 0.944296 0.329098
vn 0.000000 0.999293 0.037600
vn -0.996166 0.074897 -0.045198
vn -0.999143 0.000000 -0.041402
vn -1.000000 0.000000 0.000000
vn -0.997651 0.068497 0.000000
vn -0.996166 0.074897 -0.045198
vn -0.997651 0.068497 0.000000
vn -0.870462 0.492235 0.000000
vn -0.869434 0.488819 -0.071703
vn -0.996166 0.074897 -0.045198
vn -0.869434 0.488819 -0.071703
vn -0.869040 0.430720 -0.243411
vn -0.921628 0.137204 -0.363011
vn -0.996166 0.074897 -0.045198
vn -0.921628 0.137204 -0.363011
vn -0.935049 0.000000 -0.354519
vn -0.999143 0.000000 -0.041402
vn 0.347514 0.236209 -0.907436
vn 0.356203 0.000000 -0.934408
vn 0.000000 0.000000 -1.000000
vn 0.000000 0.249893 -0.968273
vn 0.347514 0.236209 -0.907436
vn 0.000000 0.249893 -0.968273
vn 0.000000 0.806894 -0.590696
vn 0.313608 0.757320 -0.572815
vn 0.347514 0.236209 -0.907436
vn 0.313608 0.757320 -0.572815
vn 0.781111 0.537108 -0.318404
vn 0.864809 0.176902 -0.469905
vn 0.347514 0.236209 -0.907436
vn 0.864809 0.176902 -0.469905
vn 0.885516 0.000000 -0.464609
vn 0.356203 0.000000 -0.934408
vn 0.992005 0.110701 0.060600
vn 0.998436 0.000000 0.055902
vn 1.000000 0.000000 0.000000
vn 0.994815 0.101702 0.000000
vn 0.992005 0.110701 0.060600
vn 0.994815 0.101702 0.000000
vn 0.801665 0.597774 0.000000
vn 0.799592 0.594794 0.082899
vn 0.992005 0.110701 0.060600
vn 0.799592 0.594794 0.082899
vn 0.788052 0.544236 0.287719
vn 0.877317 0.183103 0.443608
vn 0.992005 0.110701 0.060600
vn 0.877317 0.183103 0.443608
vn 0.899703 0.000000 0.436502
vn 0.998436 0.000000 0.055902
vn -0.445201 0.240600 0.862501
vn -0.469394 0.000000 0.882989
vn 0.000000 0.000000 1.000000
vn 0.000000 0.271391 0.962469
vn -0.445201 0.240600 0.862501
vn 0.000000 0.271391 0.962469
vn 0.000000 0.825219 0.564813
vn -0.402993 0.745487 0.530891
vn -0.445201 0.240600 0.862501
vn -0.402993 0.745487 0.530891
vn -0.873314 0.435707 0.217903
vn -0.930489 0.140913 0.338132
vn -0.445201 0.240600 0.862501
vn -0.930489 0.140913 0.338132
vn -0.944669 0.000000 0.328024
vn -0.469394 0.000000 0.882989
vn 0.303117 -0.946454 0.111106
vn 0.000000 -0.993798 0.111200
vn 0.000000 -1.000000 0.000000
vn 0.291520 -0.956565 0.000000
vn 0.303117 -0.946454 0.111106
vn 0.291520 -0.956565 0.000000
vn 0.841091 -0.540894 0.000000
vn 0.837624 -0.538715 0.090403
vn 0.303117 -0.946454 0.111106
vn 0.837624 -0.538715 0.090403
vn 0.824930 -0.471317 0.312011
vn 0.345297 -0.728794 0.591295
vn 0.303117 -0.946454 0.111106
vn 0.345297 -0.728794 0.591295
vn 0.000000 -0.784427 0.620221
vn 0.000000 -0.993798 0.111200
vn -0.345618 0.934249 0.087905
vn 0.000000 0.995978 0.089598
vn 0.000000 1.000000 0.000000
vn -0.332799 0.942998 0.000000
vn -0.345618 0.934249 0.087905
vn -0.332799 0.942998 0.000000
vn -0.870462 0.492235 0.000000
vn -0.870530 0.487817 0.064902
vn -0.345618 0.934249 0.087905
vn -0.870530 0.487817 0.064902
vn -0.873314 0.435707 0.217903
vn -0.402993 0.745487 0.530891
vn -0.345618 0.934249 0.087905
vn -0.402993 0.745487 0.530891
vn 0.000000 0.825219 0.564813
vn 0.000000 0.995978 0.089598
vn 0.169613 0.980774 -0.096507
vn 0.000000 0.995860 -0.090905
vn 0.000000 1.000000 0.000000
vn 0.158299 0.987391 0.000000
vn 0.169613 0.980774 -0.096507
vn 0.158299 0.987391 0.000000
vn 0.704402 0.709802 0.000000
vn 0.700296 0.705696 -0.107599
vn 0.169613 0.980774 -0.096507
vn 0.700296 0.705696 -0.107599
vn 0.651419 0.658019 -0.377711
vn 0.227404 0.793413 -0.564609
vn 0.169613 0.980774 -0.096507
vn 0.227404 0.793413 -0.564609
vn 0.000000 0.822531 -0.568721
vn 0.000000 0.995860 -0.090905
vn 0.272796 -0.161698 -0.948386
vn 0.000000 -0.161106 -0.986937
vn 0.000000 0.000000 -1.000000
vn 0.265410 0.000000 -0.964136
vn 0.272796 -0.161698 -0.948386
vn 0.265410 0.000000 -0.964136
vn 0.820236 0.000000 -0.572025
vn 0.809112 -0.139702 -0.570808
vn 0.272796 -0.161698 -0.948386
vn 0.809112 -0.139702 -0.570808
vn 0.754211 -0.465807 -0.462807
vn 0.282593 -0.679484 -0.677084
vn 0.272796 -0.161698 -0.948386
vn 0.282593 -0.679484 -0.677084
vn 0.000000 -0.708505 -0.705705
vn 0.000000 -0.161106 -0.986937
vn 0.276303 -0.954709 0.110401
vn 0.000000 -0.994052 0.108906
vn 0.000000 -1.000000 0.000000
vn 0.264006 -0.964521 0.000000
vn 0.276303 -0.954709 0.110401
vn 0.264006 -0.964521 0.000000
vn 0.819044 -0.573731 0.000000
vn 0.815121 -0.571415 0.095202
vn 0.276303 -0.954709 0.110401
vn 0.815121 -0.571415 0.095202
vn 0.797143 -0.505227 0.330618
vn 0.322514 -0.738733 0.591826
vn 0.276303 -0.954709 0.110401
vn 0.322514 -0.738733 0.591826
vn 0.000000 -0.788517 0.615013
vn 0.000000 -0.994052 0.108906
vn 0.330816 0.333917 0.882644
vn 0.000000 0.358389 0.933572
vn 0.000000 0.000000 1.000000
vn 0.355405 0.000000 0.934713
vn 0.330816 0.333917 0.882644
vn 0.355405 0.000000 0.934713
vn 0.885038 0.000000 0.465520
vn 0.842607 0.265902 0.468304
vn 0.330816 0.333917 0.882644
vn 0.842607 0.265902 0.468304
vn 0.680404 0.687004 0.255101
vn 0.261914 0.845447 0.465426
vn 0.330816 0.333917 0.882644
vn 0.261914 0.845447 0.465426
vn 0.000000 0.886884 0.461992
vn 0.000000 0.358389 0.933572
vn -0.988720 -0.124403 0.083402
vn -0.997000 0.000000 0.077400
vn -1.000000 0.000000 0.000000
vn -0.993365 -0.115007 0.000000
vn -0.988720 -0.124403 0.083402
vn -0.993365 -0.115007 0.000000
vn -0.777806 -0.628505 0.000000
vn -0.772718 -0.625614 0.107302
vn -0.988720 -0.124403 0.083402
vn -0.772718 -0.625614 0.107302
vn -0.739441 -0.559631 0.374221
vn -0.829908 -0.182502 0.527205
vn -0.988720 -0.124403 0.083402
vn -0.829908 -0.182502 0.527205
vn -0.850561 0.000000 0.525876
vn -0.997000 0.000000 0.077400
vn 0.982383 0.174797 0.066099
vn 0.998070 0.000000 0.062104
vn 1.000000 0.000000 0.000000
vn 0.986775 0.162096 0.000000
vn 0.982383 0.174797 0.066099
vn 0.986775 0.162096 0.000000
vn 0.704402 0.709802 0.000000
vn 0.702428 0.707928 0.073703
vn 0.982383 0.174797 0.066099
vn 0.702428 0.707928 0.073703
vn 0.680404 0.687004 0.255101
vn 0.842607 0.265902 0.468304
vn 0.982383 0.174797 0.066099
vn 0.842607 0.265902 0.468304
vn 0.885038 0.000000 0.465520
vn 0.998070 0.000000 0.062104
vn -0.995142 0.089504 -0.041002
vn -0.999289 0.000000 -0.037700
vn -1.000000 0.000000 0.000000
vn -0.996640 0.081903 0.000000
vn -0.995142 0.089504 -0.041002
vn -0.996640 0.081903 0.000000
vn -0.841061 0.540940 0.000000
vn -0.841794 0.536296 -0.061400
vn -0.995142 0.089504 -0.041002
vn -0.841794 0.536296 -0.061400
vn -0.845083 0.493690 -0.205196
vn -0.924597 0.167800 -0.341999
vn -0.995142 0.089504 -0.041002
vn -0.924597 0.167800 -0.341999
vn -0.944014 0.000000 -0.329905
vn -0.999289 0.000000 -0.037700
vn 0.249099 0.304099 -0.919496
vn 0.257800 0.000000 -0.966198
vn 0.000000 0.000000 -1.000000
vn 0.000000 0.310011 -0.950733
vn 0.249099 0.304099 -0.919496
vn 0.000000 0.310011 -0.950733
vn 0.000000 0.854781 -0.518989
vn 0.202703 0.829511 -0.520407
vn 0.249099 0.304099 -0.919496
vn 0.202703 0.829511 -0.520407
vn 0.597910 0.721012 -0.350206
vn 0.775017 0.270306 -0.571212
vn 0.249099 0.304099 -0.919496
vn 0.775017 0.270306 -0.571212
vn 0.813774 0.000000 -0.581181
vn 0.257800 0.000000 -0.966198
vn 0.971787 0.211297 0.104799
vn 0.994957 0.000000 0.100306
vn 1.000000 0.000000 0.000000
vn 0.980000 0.199000 0.000000
vn 0.971787 0.211297 0.104799
vn 0.980000 0.199000 0.000000
vn 0.654424 0.756128 0.000000
vn 0.651111 0.751712 0.104802
vn 0.971787 0.211297 0.104799
vn 0.651111 0.751712 0.104802
vn 0.593257 0.716369 0.367235
vn 0.767619 0.265307 0.583415
vn 0.971787 0.211297 0.104799
vn 0.767619 0.265307 0.583415
vn 0.804311 0.000000 0.594208
vn 0.994957 0.000000 0.100306
vn -0.429924 0.265815 0.862849
vn -0.456986 0.000000 0.889474
vn 0.000000 0.000000 1.000000
vn 0.000000 0.298292 0.954475
vn -0.429924 0.265815 0.862849
vn 0.000000 0.298292 0.954475
vn 0.000000 0.846184 0.532890
vn -0.381102 0.771405 0.509603
vn -0.429924 0.265815 0.862849
vn -0.381102 0.771405 0.509603
vn -0.843327 0.491416 0.217507
vn -0.920229 0.165405 0.354711
vn -0.429924 0.265815 0.862849
vn -0.920229 0.165405 0.354711
vn -0.939223 0.000000 0.343308
vn -0.456986 0.000000 0.889474
vn 0.116599 -0.990588 0.071699
vn 0.000000 -0.997793 0.066400
vn 0.000000 -1.000000 0.000000
vn 0.107402 -0.994216 0.000000
vn 0.116599 -0.990588 0.071699
vn 0.107402 -0.994216 0.000000
vn 0.611473 -0.791265 0.000000
vn 0.608778 -0.787572 0.095497
vn 0.116599 -0.990588 0.071699
vn 0.608778 -0.787572 0.095497
vn 0.549901 -0.765802 0.333401
vn 0.181494 -0.853774 0.487985
vn 0.116599 -0.990588 0.071699
vn 0.181494 -0.853774 0.487985
vn 0.000000 -0.875118 0.483910
vn 0.000000 -0.997793 0.066400
vn -0.306024 0.948673 0.079806
vn 0.000000 0.996843 0.079403
vn 0.000000 1.000000 0.000000
vn -0.291492 0.956573 0.000000
vn -0.306024 0.948673 0.079806
vn -0.291492 0.956573 0.000000
vn -0.841061 0.540940 0.000000
vn -0.841343 0.536627 0.064603
vn -0.306024 0.948673 0.079806
vn -0.841343 0.536627 0.064603
vn -0.843327 0.491416 0.217507
vn -0.381102 0.771405 0.509603
vn -0.306024 0.948673 0.079806
vn -0.381102 0.771405 0.509603
vn 0.000000 0.846184 0.532890
vn 0.000000 0.996843 0.079403
vn -0.961945 0.259912 -0.084304
vn -0.996624 0.000000 -0.082102
vn -1.000000 0.000000 0.000000
vn -0.969373 0.245593 0.000000
vn -0.961945 0.259912 -0.084304
vn -0.969373 0.245593 0.000000
vn -0.595928 0.803038 0.000000
vn -0.592728 0.801837 -0.075704
vn -0.961945 0.259912 -0.084304
vn -0.592728 0.801837 -0.075704
vn -0.547740 0.794857 -0.261119
vn -0.781246 0.334820 -0.526831
vn -0.961945 0.259912 -0.084304
vn -0.781246 0.334820 -0.526831
vn -0.840551 0.000000 -0.541733
vn -0.996624 0.000000 -0.082102
vn 0.340895 0.369395 -0.864487
vn 0.374595 0.000000 -0.927188
vn 0.000000 0.000000 -1.000000
vn 0.000000 0.402098 -0.915596
vn 0.340895 0.369395 -0.864487
vn 0.000000 0.402098 -0.915596
vn 0.000000 0.912088 -0.409995
vn 0.255903 0.871609 -0.418104
vn 0.340895 0.369395 -0.864487
vn 0.255903 0.871609 -0.418104
vn 0.658703 0.719704 -0.219401
vn 0.845443 0.295115 -0.445123
vn 0.340895 0.369395 -0.864487
vn 0.845443 0.295115 -0.445123
vn 0.896616 0.000000 -0.442808
vn 0.374595 0.000000 -0.927188
vn 0.978317 0.191703 0.078401
vn 0.997251 0.000000 0.074104
vn 1.000000 0.000000 0.000000
vn 0.983904 0.178701 0.000000
vn 0.978317 0.191703 0.078401
vn 0.983904 0.178701 0.000000
vn 0.681302 0.732002 0.000000
vn 0.678699 0.729700 0.083100
vn 0.978317 0.191703 0.078401
vn 0.678699 0.729700 0.083100
vn 0.645118 0.706620 0.290708
vn 0.815206 0.271102 0.511804
vn 0.978317 0.191703 0.078401
vn 0.815206 0.271102 0.511804
vn 0.857652 0.000000 0.514231
vn 0.997251 0.000000 0.074104
vn -0.224998 0.335998 0.914594
vn -0.235706 0.000000 0.971824
vn 0.000000 0.000000 1.000000
vn 0.000000 0.341526 0.939872
vn -0.224998 0.335998 0.914594
vn 0.000000 0.341526 0.939872
vn 0.000000 0.876220 0.481911
vn -0.171898 0.856890 0.485994
vn -0.224998 0.335998 0.914594
vn -0.171898 0.856890 0.485994
vn -0.529698 0.777496 0.338998
vn -0.747409 0.307904 0.588707
vn -0.224998 0.335998 0.914594
vn -0.747409 0.307904 0.588707
vn -0.793875 0.000000 0.608081
vn -0.235706 0.000000 0.971824
vn 0.115995 -0.991861 0.052498
vn 0.000000 -0.998828 0.048401
vn 0.000000 -1.000000 0.000000
vn 0.106501 -0.994313 0.000000
vn 0.115995 -0.991861 0.052498
vn 0.106501 -0.994313 0.000000
vn 0.609319 -0.792925 0.000000
vn 0.606008 -0.792310 0.070701
vn 0.115995 -0.991861 0.052498
vn 0.606008 -0.792310 0.070701
vn 0.567616 -0.786922 0.242007
vn 0.200016 -0.891473 0.406533
vn 0.115995 -0.991861 0.052498
vn 0.200016 -0.891473 0.406533
vn 0.000000 -0.917993 0.396597
vn 0.000000 -0.998828 0.048401
vn -0.109700 0.991397 0.071400
vn 0.000000 0.997826 0.065902
vn 0.000000 1.000000 0.000000
vn -0.100999 0.994887 0.000000
vn -0.109700 0.991397 0.071400
vn -0.100999 0.994887 0.000000
vn -0.595928 0.803038 0.000000
vn -0.593397 0.798996 0.097399
vn -0.109700 0.991397 0.071400
vn -0.593397 0.798996 0.097399
vn -0.529698 0.777496 0.338998
vn -0.171898 0.856890 0.485994
vn -0.109700 0.991397 0.071400
vn -0.171898 0.856890 0.485994
vn 0.000000 0.876220 0.481911
vn 0.000000 0.997826 0.065902
vn 0.144901 0.986705 -0.073600
vn 0.000000 0.997644 -0.068603
vn 0.000000 1.000000 0.000000
vn 0.133998 0.990982 0.000000
vn 0.144901 0.986705 -0.073600
vn 0.133998 0.990982 0.000000
vn 0.665549 0.746355 0.000000
vn 0.662677 0.743574 -0.089197
vn 0.144901 0.986705 -0.073600
vn 0.662677 0.743574 -0.089197
vn 0.620915 0.718717 -0.312907
vn 0.218713 0.840250 -0.496130
vn 0.144901 0.986705 -0.073600
vn 0.218713 0.840250 -0.496130
vn 0.000000 0.869979 -0.493088
vn 0.000000 0.997644 -0.068603
vn 0.286309 -0.238307 -0.928029
vn 0.000000 -0.243500 -0.969901
vn 0.000000 0.000000 -1.000000
vn 0.289008 0.000000 -0.957327
vn 0.286309 -0.238307 -0.928029
vn 0.289008 0.000000 -0.957327
vn 0.839211 0.000000 -0.543807
vn 0.815239 -0.199910 -0.543526
vn 0.286309 -0.238307 -0.928029
vn 0.815239 -0.199910 -0.543526
vn 0.707714 -0.597311 -0.377307
vn 0.258990 -0.766371 -0.587878
vn 0.286309 -0.238307 -0.928029
vn 0.258990 -0.766371 -0.587878
vn 0.000000 -0.801163 -0.598447
vn 0.000000 -0.243500 -0.969901
vn 0.201502 -0.962012 0.184202
vn 0.000000 -0.983939 0.178507
vn 0.000000 -1.000000 0.000000
vn 0.194597 -0.980883 0.000000
vn 0.201502 -0.962012 0.184202
vn 0.194597 -0.980883 0.000000
vn 0.751237 -0.660033 0.000000
vn 0.736145 -0.651640 0.182911
vn 0.201502 -0.962012 0.184202
vn 0.736145 -0.651640 0.182911
vn 0.627723 -0.520620 0.578722
vn 0.206306 -0.668719 0.714320
vn 0.201502 -0.962012 0.184202
vn 0.206306 -0.668719 0.714320
vn 0.000000 -0.681612 0.731713
vn 0.000000 -0.983939 0.178507
vn 0.179806 0.214507 0.960030
vn 0.000000 0.207411 0.978254
vn 0.000000 0.000000 1.000000
vn 0.174995 0.000000 0.984569
vn 0.179806 0.214507 0.960030
vn 0.174995 0.000000 0.984569
vn 0.727310 0.000000 0.686309
vn 0.707937 0.220312 0.671035
vn 0.179806 0.214507 0.960030
vn 0.707937 0.220312 0.671035
vn 0.557713 0.654316 0.510712
vn 0.174009 0.750939 0.637033
vn 0.179806 0.214507 0.960030
vn 0.174009 0.750939 0.637033
vn 0.000000 0.765518 0.643415
vn 0.000000 0.207411 0.978254
vn -0.956453 -0.194891 0.217289
vn -0.977379 0.000000 0.211495
vn -1.000000 0.000000 0.000000
vn -0.981688 -0.190498 0.000000
vn -0.956453 -0.194891 0.217289
vn -0.981688 -0.190498 0.000000
vn -0.665443 -0.746449 0.000000
vn -0.652897 -0.725996 0.215999
vn -0.956453 -0.194891 0.217289
vn -0.652897 -0.725996 0.215999
vn -0.491800 -0.584900 0.645000
vn -0.631254 -0.186716 0.752765
vn -0.956453 -0.194891 0.217289
vn -0.631254 -0.186716 0.752765
vn -0.638343 0.000000 0.769752
vn -0.977379 0.000000 0.211495
vn 0.967967 0.199693 0.152195
vn 0.989225 0.000000 0.146404
vn 1.000000 0.000000 0.000000
vn 0.981688 0.190498 0.000000
vn 0.967967 0.199693 0.152195
vn 0.981688 0.190498 0.000000
vn 0.665499 0.746399 0.000000
vn 0.659301 0.736001 0.153700
vn 0.967967 0.199693 0.152195
vn 0.659301 0.736001 0.153700
vn 0.557713 0.654316 0.510712
vn 0.707937 0.220312 0.671035
vn 0.967967 0.199693 0.152195
vn 0.707937 0.220312 0.671035
vn 0.727310 0.000000 0.686309
vn 0.989225 0.000000 0.146404
vn 0.000000 0.995978 0.089598
vn 0.000000 0.995978 0.089598
vn 0.000000 1.000000 0.000000
vn 0.000000 1.000000 0.000000
vn 0.000000 0.995978 0.089598
vn 0.000000 1.000000 0.000000
vn 0.000000 1.000000 0.000000
vn 0.000000 0.995978 0.089598
vn 0.000000 0.995978 0.089598
vn 0.000000 0.995978 0.089598
vn 0.000000 0.825219 0.564813
vn 0.000000 0.825219 0.564813
vn 0.000000 0.995978 0.089598
vn 0.000000 0.825219 0.564813
vn 0.000000 0.825219 0.564813
vn 0.000000 0.995978 0.089598
vn -0.392409 -0.913720 0.105502
vn -0.901108 -0.428004 0.069401
vn -0.902342 -0.431020 0.000000
vn -0.384509 -0.923121 0.000000
vn -0.392409 -0.913720 0.105502
vn -0.384509 -0.923121 0.000000
vn 0.000000 -1.000000 0.000000
vn 0.000000 -0.993798 0.111200
vn -0.392409 -0.913720 0.105502
vn 0.000000 -0.993798 0.111200
vn 0.000000 -0.784427 0.620221
vn -0.420782 -0.704770 0.571176
vn -0.392409 -0.913720 0.105502
vn -0.420782 -0.704770 0.571176
vn -0.900924 -0.365610 0.233806
vn -0.901108 -0.428004 0.069401
vn 0.000000 0.995978 0.089598
vn 0.000000 1.000000 0.000000
vn 0.000000 1.000000 0.000000
vn 0.000000 0.995978 0.089598
vn 0.000000 0.995978 0.089598
vn 0.000000 0.995978 0.089598
vn 0.000000 0.825219 0.564813
vn 0.000000 0.825219 0.564813
vn 0.000000 0.995978 0.089598
vn 0.000000 0.825219 0.564813
vn 0.000000 0.825219 0.564813
vn 0.000000 0.995978 0.089598
vn 0.000000 0.995978 0.089598
vn 0.000000 0.995978 0.089598
vn 0.000000 1.000000 0.000000
vn 0.000000 1.000000 0.000000
vn -0.429817 0.224609 -0.874534
vn -0.447934 0.000000 -0.894067
vn -0.935049 0.000000 -0.354519
vn -0.921628 0.137204 -0.363011
vn -0.429817 0.224609 -0.874534
vn -0.921628 0.137204 -0.363011
vn -0.869040 0.430720 -0.243411
vn -0.392685 0.733271 -0.555078
vn -0.429817 0.224609 -0.874534
vn -0.392685 0.733271 -0.555078
vn 0.000000 0.806894 -0.590696
vn 0.000000 0.249893 -0.968273
vn -0.429817 0.224609 -0.874534
vn 0.000000 0.249893 -0.968273
vn 0.000000 0.000000 -1.000000
vn -0.447934 0.000000 -0.894067
vn 0.365819 0.252613 0.895747
vn 0.379910 0.000000 0.925024
vn 0.899703 0.000000 0.436502
vn 0.877317 0.183103 0.443608
vn 0.365819 0.252613 0.895747
vn 0.877317 0.183103 0.443608
vn 0.788052 0.544236 0.287719
vn 0.324110 0.770624 0.548717
vn 0.365819 0.252613 0.895747
vn 0.324110 0.770624 0.548717
vn 0.000000 0.825219 0.564813
vn 0.000000 0.271391 0.962469
vn 0.365819 0.252613 0.895747
vn 0.000000 0.271391 0.962469
vn 0.000000 0.000000 1.000000
vn 0.379910 0.000000 0.925024
vn 0.257898 0.961792 0.091899
vn 0.799592 0.594794 0.082899
vn 0.801665 0.597774 0.000000
vn 0.244112 0.969747 0.000000
vn 0.257898 0.961792 0.091899
vn 0.244112 0.969747 0.000000
vn 0.000000 1.000000 0.000000
vn 0.000000 0.995978 0.089598
vn 0.257898 0.961792 0.091899
vn 0.000000 0.995978 0.089598
vn 0.000000 0.825219 0.564813
vn 0.324110 0.770624 0.548717
vn 0.257898 0.961792 0.091899
vn 0.324110 0.770624 0.548717
vn 0.788052 0.544236 0.287719
vn 0.799592 0.594794 0.082899
vn 0.000000 -0.993798 0.111200
vn 0.000000 -0.993798 0.111200
vn 0.000000 -1.000000 0.000000
vn 0.000000 -1.000000 0.000000
vn 0.000000 -0.993798 0.111200
vn 0.000000 -1.000000 0.000000
vn 0.000000 -1.000000 0.000000
vn 0.000000 -0.993798 0.111200
vn 0.000000 -0.993798 0.111200
vn 0.000000 -0.993798 0.111200
vn 0.000000 -0.784427 0.620221
vn 0.000000 -0.784427 0.620221
vn 0.000000 -0.993798 0.111200
vn 0.000000 -0.784427 0.620221
vn 0.000000 -0.784427 0.620221
vn 0.000000 -0.993798 0.111200
vn 0.000000 0.249893 -0.968273
vn 0.000000 0.000000 -1.000000
vn 0.000000 0.000000 -1.000000
vn 0.000000 0.249893 -0.968273
vn 0.000000 0.249893 -0.968273
vn 0.000000 0.249893 -0.968273
vn 0.000000 0.806894 -0.590696
vn 0.000000 0.806894 -0.590696
vn 0.000000 0.249893 -0.968273
vn 0.000000 0.806894 -0.590696
vn 0.000000 0.806894 -0.590696
vn 0.000000 0.249893 -0.968273
vn 0.000000 0.249893 -0.968273
vn 0.000000 0.249893 -0.968273
vn 0.000000 0.000000 -1.000000
vn 0.000000 0.000000 -1.000000
vn 0.000000 -0.993798 0.111200
vn 0.000000 -0.993798 0.111200
vn 0.000000 -1.000000 0.000000
vn 0.000000 -1.000000 0.000000
vn 0.000000 -0.993798 0.111200
vn 0.000000 -1.000000 0.000000
vn 0.000000 -1.000000 0.000000
vn 0.000000 -0.993798 0.111200
vn 0.000000 -0.993798 0.111200
vn 0.000000 -0.993798 0.111200
vn 0.000000 -0.784427 0.620221
vn 0.000000 -0.784427 0.620221
vn 0.000000 -0.993798 0.111200
vn 0.000000 -0.784427 0.620221
vn 0.000000 -0.784427 0.620221
vn 0.000000 -0.993798 0.111200
vn 0.000000 0.249893 -0.968273
vn 0.000000 0.000000 -1.000000
vn 0.000000 0.000000 -1.000000
vn 0.000000 0.249893 -0.968273
vn 0.000000 0.249893 -0.968273
vn 0.000000 0.249893 -0.968273
vn 0.000000 0.806894 -0.590696
vn 0.000000 0.806894 -0.590696
vn 0.000000 0.249893 -0.968273
vn 0.000000 0.806894 -0.590696
vn 0.000000 0.806894 -0.590696
vn 0.000000 0.249893 -0.968273
vn 0.000000 0.249893 -0.968273
vn 0.000000 0.249893 -0.968273
vn 0.000000 0.000000 -1.000000
vn 0.000000 0.000000 -1.000000
vn 0.000000 0.271391 0.962469
vn 0.000000 0.271391 0.962469
vn 0.000000 0.825219 0.564813
vn 0.000000 0.825219 0.564813
vn 0.000000 0.271391 0.962469
vn 0.000000 0.825219 0.564813
vn 0.000000 0.825219 0.564813
vn 0.000000 0.271391 0.962469
vn 0.000000 0.271391 0.962469
vn 0.000000 0.271391 0.962469
vn 0.000000 0.000000 1.000000
vn 0.000000 0.000000 1.000000
vn 0.000000 0.271391 0.962469
vn 0.000000 0.000000 1.000000
vn 0.000000 0.000000 1.000000
vn 0.000000 0.271391 0.962469
vn 0.000000 -0.993798 0.111200
vn 0.000000 -0.993798 0.111200
vn 0.000000 -1.000000 0.000000
vn 0.000000 -1.000000 0.000000
vn 0.000000 -0.993798 0.111200
vn 0.000000 -1.000000 0.000000
vn 0.000000 -1.000000 0.000000
vn 0.000000 -0.993798 0.111200
vn 0.000000 -0.993798 0.111200
vn 0.000000 -0.993798 0.111200
vn 0.000000 -0.784427 0.620221
vn 0.000000 -0.784427 0.620221
vn 0.000000 -0.993798 0.111200
vn 0.000000 -0.784427 0.620221
vn 0.000000 -0.784427 0.620221
vn 0.000000 -0.993798 0.111200
vn 0.000000 0.271391 0.962469
vn 0.000000 0.000000 1.000000
vn 0.000000 0.000000 1.000000
vn 0.000000 0.271391 0.962469
vn 0.000000 0.271391 0.962469
vn 0.000000 0.271391 0.962469
vn 0.000000 0.825219 0.564813
vn 0.000000 0.825219 0.564813
vn 0.000000 0.271391 0.962469
vn 0.000000 0.825219 0.564813
vn 0.000000 0.825219 0.564813
vn 0.000000 0.271391 0.962469
vn 0.000000 0.271391 0.962469
vn 0.000000 0.271391 0.962469
vn 0.000000 0.000000 1.000000
vn 0.000000 0.000000 1.000000
vn 0.000000 0.271391 0.962469
vn 0.000000 0.000000 1.000000
vn 0.000000 0.000000 1.000000
vn 0.000000 0.271391 0.962469
vn 0.000000 0.271391 0.962469
vn 0.000000 0.271391 0.962469
vn 0.000000 0.825219 0.564813
vn 0.000000 0.825219 0.564813
vn 0.000000 0.271391 0.962469
vn 0.000000 0.825219 0.564813
vn 0.000000 0.825219 0.564813
vn 0.000000 0.271391 0.962469
vn 0.000000 0.271391 0.962469
vn 0.000000 0.271391 0.962469
vn 0.000000 0.000000 1.000000
vn 0.000000 0.000000 1.000000
vn 0.000000 0.995978 0.089598
vn 0.000000 0.995978 0.089598
vn 0.000000 1.000000 0.000000
vn 0.000000 1.000000 0.000000
vn 0.000000 0.995978 0.089598
vn 0.000000 1.000000 0.000000
vn 0.000000 1.000000 0.000000
vn 0.000000 0.995978 0.089598
vn 0.000000 0.995978 0.089598
vn 0.000000 0.995978 0.089598
vn 0.000000 0.825219 0.564813
vn 0.000000 0.825219 0.564813
vn 0.000000 0.995978 0.089598
vn 0.000000 0.825219 0.564813
vn 0.000000 0.825219 0.564813
vn 0.000000 0.995978 0.089598
vn 0.000000 0.999293 0.037600
vn 0.000000 0.999293 0.037600
vn 0.000000 1.000000 0.000000
vn 0.000000 1.000000 0.000000
vn 0.000000 0.999293 0.037600
vn 0.000000 1.000000 0.000000
vn 0.000000 1.000000 0.000000
vn 0.000000 0.999293 0.037600
vn 0.000000 0.999293 0.037600
vn 0.000000 0.999293 0.037600
vn 0.000000 0.944296 0.329098
vn 0.000000 0.944254 0.329219
vn 0.000000 0.999293 0.037600
vn 0.000000 0.944254 0.329219
vn 0.000000 0.944254 0.329219
vn 0.000000 0.999293 0.037600
vn -0.144006 -0.986240 0.081203
vn -0.661115 -0.743817 0.098302
vn -0.664283 -0.747481 0.000000
vn -0.133297 -0.991076 0.000000
vn -0.144006 -0.986240 0.081203
vn -0.133297 -0.991076 0.000000
vn 0.000000 -1.000000 0.000000
vn 0.000000 -0.997130 0.075702
vn -0.144006 -0.986240 0.081203
vn 0.000000 -0.997130 0.075702
vn 0.000000 -0.854148 0.520029
vn -0.209999 -0.827196 0.521198
vn -0.144006 -0.986240 0.081203
vn -0.209999 -0.827196 0.521198
vn -0.611319 -0.712122 0.345211
vn -0.661115 -0.743817 0.098302
vn 0.000000 0.468485 0.883472
vn 0.000000 0.000000 1.000000
vn 0.000000 0.000000 1.000000
vn 0.000000 0.468485 0.883472
vn 0.000000 0.468485 0.883472
vn 0.000000 0.468485 0.883472
vn 0.000000 0.944254 0.329219
vn 0.000000 0.944254 0.329219
vn 0.000000 0.468485 0.883472
vn 0.000000 0.944254 0.329219
vn 0.000000 0.944296 0.329098
vn 0.000000 0.468526 0.883450
vn 0.000000 0.468485 0.883472
vn 0.000000 0.468526 0.883450
vn 0.000000 0.000000 1.000000
vn 0.000000 0.000000 1.000000
vn -0.249710 0.457117 -0.853633
vn -0.284521 0.000000 -0.958670
vn -0.835694 0.000000 -0.549196
vn -0.751180 0.412689 -0.515186
vn -0.249710 0.457117 -0.853633
vn -0.751180 0.412689 -0.515186
vn -0.432795 0.878891 -0.200598
vn -0.140997 0.937279 -0.318793
vn -0.249710 0.457117 -0.853633
vn -0.140997 0.937279 -0.318793
vn 0.000000 0.951446 -0.307815
vn 0.000000 0.485592 -0.874186
vn -0.249710 0.457117 -0.853633
vn 0.000000 0.485592 -0.874186
vn 0.000000 0.000000 -1.000000
vn -0.284521 0.000000 -0.958670
vn 0.235910 0.445318 0.863735
vn 0.265807 0.000000 0.964026
vn 0.820601 0.000000 0.571501
vn 0.741106 0.404303 0.536004
vn 0.235910 0.445318 0.863735
vn 0.741106 0.404303 0.536004
vn 0.428700 0.876100 0.220600
vn 0.137797 0.930679 0.338892
vn 0.235910 0.445318 0.863735
vn 0.137797 0.930679 0.338892
vn 0.000000 0.944296 0.329098
vn 0.000000 0.468526 0.883450
vn 0.235910 0.445318 0.863735
vn 0.000000 0.468526 0.883450
vn 0.000000 0.000000 1.000000
vn 0.265807 0.000000 0.964026
vn 0.073298 0.996467 0.040999
vn 0.482124 0.873643 0.065603
vn 0.486297 0.873794 0.000000
vn 0.067004 0.997753 0.000000
vn 0.073298 0.996467 0.040999
vn 0.067004 0.997753 0.000000
vn 0.000000 1.000000 0.000000
vn 0.000000 0.999293 0.037600
vn 0.073298 0.996467 0.040999
vn 0.000000 0.999293 0.037600
vn 0.000000 0.944296 0.329098
vn 0.137797 0.930679 0.338892
vn 0.073298 0.996467 0.040999
vn 0.137797 0.930679 0.338892
vn 0.428700 0.876100 0.220600
vn 0.482124 0.873643 0.065603
vn 0.000000 -0.997130 0.075702
vn 0.000000 -0.997130 0.075702
vn 0.000000 -1.000000 0.000000
vn 0.000000 -1.000000 0.000000
vn 0.000000 -0.997130 0.075702
vn 0.000000 -1.000000 0.000000
vn 0.000000 -1.000000 0.000000
vn 0.000000 -0.997130 0.075702
vn 0.000000 -0.997130 0.075702
vn 0.000000 -0.997130 0.075702
vn 0.000000 -0.854148 0.520029
vn 0.000000 -0.854104 0.520102
vn 0.000000 -0.997130 0.075702
vn 0.000000 -0.854104 0.520102
vn 0.000000 -0.854104 0.520102
vn 0.000000 -0.997130 0.075702
vn 0.000000 0.485592 -0.874186
vn 0.000000 0.000000 -1.000000
vn 0.000000 0.000000 -1.000000
vn 0.000000 0.485592 -0.874186
vn 0.000000 0.485592 -0.874186
vn 0.000000 0.485592 -0.874186
vn 0.000000 0.951446 -0.307815
vn 0.000000 0.951446 -0.307815
vn 0.000000 0.485592 -0.874186
vn 0.000000 0.951446 -0.307815
vn 0.000000 0.951446 -0.307815
vn 0.000000 0.485592 -0.874186
vn 0.000000 0.485592 -0.874186
vn 0.000000 0.485592 -0.874186
vn 0.000000 0.000000 -1.000000
vn 0.000000 0.000000 -1.000000
vn 0.000000 0.485592 -0.874186
vn 0.000000 0.000000 -1.000000
vn 0.000000 0.000000 -1.000000
vn 0.000000 0.485592 -0.874186
vn 0.000000 0.485592 -0.874186
vn 0.000000 0.485592 -0.874186
vn 0.000000 0.951446 -0.307815
vn 0.000000 0.951446 -0.307815
vn 0.000000 0.485592 -0.874186
vn 0.000000 0.951446 -0.307815
vn 0.000000 0.951446 -0.307815
vn 0.000000 0.485592 -0.874186
vn 0.000000 0.485592 -0.874186
vn 0.000000 0.485592 -0.874186
vn 0.000000 0.000000 -1.000000
vn 0.000000 0.000000 -1.000000
vn 0.000000 0.485592 -0.874186
vn 0.000000 0.485592 -0.874186
vn 0.000000 0.951446 -0.307815
vn 0.000000 0.951446 -0.307815
vn 0.000000 0.485592 -0.874186
vn 0.000000 0.951446 -0.307815
vn 0.000000 0.951446 -0.307815
vn 0.000000 0.485592 -0.874186
vn 0.000000 0.485592 -0.874186
vn 0.000000 0.485592 -0.874186
vn 0.000000 0.000000 -1.000000
vn 0.000000 0.000000 -1.000000
vn 0.000000 0.485592 -0.874186
vn 0.000000 0.000000 -1.000000
vn 0.000000 0.000000 -1.000000
vn 0.000000 0.485592 -0.874186
vn 0.000000 -0.230115 0.973163
vn 0.000000 -0.230115 0.973163
vn 0.000000 -0.788517 0.615013
vn 0.000000 -0.788517 0.615013
vn 0.000000 -0.230115 0.973163
vn 0.000000 -0.788517 0.615013
vn 0.000000 -0.788517 0.615013
vn 0.000000 -0.230115 0.973163
vn 0.000000 -0.230115 0.973163
vn 0.000000 -0.230115 0.973163
vn 0.000000 0.000000 1.000000
vn 0.000000 0.000000 1.000000
vn 0.000000 -0.230115 0.973163
vn 0.000000 0.000000 1.000000
vn 0.000000 0.000000 1.000000
vn 0.000000 -0.230115 0.973163
vn 0.000000 0.000000 -1.000000
vn 0.000000 0.000000 -1.000000
vn 0.000000 0.000000 -1.000000
vn 0.000000 0.000000 -1.000000
vn 0.000000 0.000000 -1.000000
vn 0.000000 0.000000 -1.000000
vn 0.000000 0.000000 -1.000000
vn 0.000000 0.000000 -1.000000
vn 0.000000 0.000000 -1.000000
vn 0.000000 0.000000 -1.000000
vn 0.000000 0.000000 -1.000000
vn 0.000000 0.000000 -1.000000
vn 0.000000 0.000000 -1.000000
vn 0.000000 0.000000 -1.000000
vn 0.000000 0.000000 -1.000000
vn 0.000000 0.000000 -1.000000
vn 0.000000 -0.997130 0.075702
vn 0.000000 -0.997130 0.075702
vn 0.000000 -1.000000 0.000000
vn 0.000000 -1.000000 0.000000
vn 0.000000 -0.997130 0.075702
vn 0.000000 -1.000000 0.000000
vn 0.000000 -1.000000 0.000000
vn 0.000000 -0.997130 0.075702
vn 0.000000 -0.997130 0.075702
vn 0.000000 -0.997130 0.075702
vn 0.000000 -0.854148 0.520029
vn 0.000000 -0.854148 0.520029
vn 0.000000 -0.997130 0.075702
vn 0.000000 -0.854148 0.520029
vn 0.000000 -0.854148 0.520029
vn 0.000000 -0.997130 0.075702
vn 0.000000 -0.997130 0.075702
vn 0.000000 -1.000000 0.000000
vn 0.000000 -1.000000 0.000000
vn 0.000000 -0.997130 0.075702
vn 0.000000 -0.997130 0.075702
vn 0.000000 -0.997130 0.075702
vn 0.000000 -0.854104 0.520102
vn 0.000000 -0.854148 0.520029
vn 0.000000 -0.997130 0.075702
vn 0.000000 -0.854148 0.520029
vn 0.000000 -0.854148 0.520029
vn 0.000000 -0.997130 0.075702
vn 0.000000 -0.997130 0.075702
vn 0.000000 -0.997130 0.075702
vn 0.000000 -1.000000 0.000000
vn 0.000000 -1.000000 0.000000
vn 0.000000 0.000000 1.000000
vn 0.000000 0.000000 1.000000
vn 0.000000 0.000000 1.000000
vn 0.000000 0.000000 1.000000
vn 0.000000 0.000000 1.000000
vn 0.000000 0.000000 1.000000
vn 0.000000 0.000000 1.000000
vn 0.000000 0.000000 1.000000
vn 0.000000 0.000000 1.000000
vn 0.000000 0.000000 1.000000
vn 0.000000 0.000000 1.000000
vn 0.000000 0.000000 1.000000
vn 0.000000 0.000000 1.000000
vn 0.000000 0.000000 1.000000
vn 0.000000 0.000000 1.000000
vn 0.000000 0.000000 1.000000
vn 0.000000 -0.161106 -0.986937
vn 0.000000 -0.161106 -0.986937
vn 0.000000 0.000000 -1.000000
vn 0.000000 0.000000 -1.000000
vn 0.000000 -0.161106 -0.986937
vn 0.000000 0.000000 -1.000000
vn 0.000000 0.000000 -1.000000
vn 0.000000 -0.161106 -0.986937
vn 0.000000 -0.161106 -0.986937
vn 0.000000 -0.161106 -0.986937
vn 0.000000 -0.708505 -0.705705
vn 0.000000 -0.708505 -0.705705
vn 0.000000 -0.161106 -0.986937
vn 0.000000 -0.708505 -0.705705
vn 0.000000 -0.708505 -0.705705
vn 0.000000 -0.161106 -0.986937
vn 0.000000 0.468526 0.883450
vn 0.000000 0.000000 1.000000
vn 0.000000 0.000000 1.000000
vn 0.000000 0.468526 0.883450
vn 0.000000 0.468526 0.883450
vn 0.000000 0.468526 0.883450
vn 0.000000 0.944296 0.329098
vn 0.000000 0.944296 0.329098
vn 0.000000 0.468526 0.883450
vn 0.000000 0.944296 0.329098
vn 0.000000 0.944254 0.329219
vn 0.000000 0.468485 0.883472
vn 0.000000 0.468526 0.883450
vn 0.000000 0.468485 0.883472
vn 0.000000 0.000000 1.000000
vn 0.000000 0.000000 1.000000
vn 0.000000 0.468485 0.883472
vn 0.000000 0.468485 0.883472
vn 0.000000 0.944254 0.329219
vn 0.000000 0.944254 0.329219
vn 0.000000 0.468485 0.883472
vn 0.000000 0.944254 0.329219
vn 0.000000 0.944254 0.329219
vn 0.000000 0.468485 0.883472
vn 0.000000 0.468485 0.883472
vn 0.000000 0.468485 0.883472
vn 0.000000 0.000000 1.000000
vn 0.000000 0.000000 1.000000
vn 0.000000 0.468485 0.883472
vn 0.000000 0.000000 1.000000
vn 0.000000 0.000000 1.000000
vn 0.000000 0.468485 0.883472
vn 0.000000 0.000000 1.000000
vn 0.000000 0.000000 1.000000
vn 0.000000 0.000000 1.000000
vn 0.000000 0.000000 1.000000
vn 0.000000 0.000000 1.000000
vn 0.000000 0.000000 1.000000
vn 0.000000 0.000000 1.000000
vn 0.000000 0.000000 1.000000
vn 0.000000 0.000000 1.000000
vn 0.000000 0.000000 1.000000
vn 0.000000 0.000000 1.000000
vn 0.000000 0.000000 1.000000
vn 0.000000 0.000000 1.000000
vn 0.000000 0.000000 1.000000
vn 0.000000 0.000000 1.000000
vn 0.000000 0.000000 1.000000
vn 0.000000 0.999293 0.037600
vn 0.000000 0.999293 0.037600
vn 0.000000 1.000000 0.000000
vn 0.000000 1.000000 0.000000
vn 0.000000 0.999293 0.037600
vn 0.000000 1.000000 0.000000
vn 0.000000 1.000000 0.000000
vn 0.000000 0.999293 0.037600
vn 0.000000 0.999293 0.037600
vn 0.000000 0.999293 0.037600
vn 0.000000 0.944254 0.329219
vn 0.000000 0.944296 0.329098
vn 0.000000 0.999293 0.037600
vn 0.000000 0.944296 0.329098
vn 0.000000 0.944296 0.329098
vn 0.000000 0.999293 0.037600
vn 0.000000 0.999293 0.037600
vn 0.000000 1.000000 0.000000
vn 0.000000 1.000000 0.000000
vn 0.000000 0.999293 0.037600
vn 0.000000 0.999293 0.037600
vn 0.000000 0.999293 0.037600
vn 0.000000 0.944254 0.329219
vn 0.000000 0.944254 0.329219
vn 0.000000 0.999293 0.037600
vn 0.000000 0.944254 0.329219
vn 0.000000 0.944254 0.329219
vn 0.000000 0.999293 0.037600
vn 0.000000 0.999293 0.037600
vn 0.000000 0.999293 0.037600
vn 0.000000 1.000000 0.000000
vn 0.000000 1.000000 0.000000
vn 0.000000 0.995860 -0.090905
vn 0.000000 0.995860 -0.090905
vn 0.000000 1.000000 0.000000
vn 0.000000 1.000000 0.000000
vn 0.000000 0.995860 -0.090905
vn 0.000000 1.000000 0.000000
vn 0.000000 1.000000 0.000000
vn 0.000000 0.995860 -0.090905
vn 0.000000 0.995860 -0.090905
vn 0.000000 0.995860 -0.090905
vn 0.000000 0.822484 -0.568789
vn 0.000000 0.822531 -0.568721
vn 0.000000 0.995860 -0.090905
vn 0.000000 0.822531 -0.568721
vn 0.000000 0.822531 -0.568721
vn 0.000000 0.995860 -0.090905
vn 0.000000 0.000000 -1.000000
vn 0.000000 0.000000 -1.000000
vn 0.000000 0.000000 -1.000000
vn 0.000000 0.000000 -1.000000
vn 0.000000 0.000000 -1.000000
vn 0.000000 0.000000 -1.000000
vn 0.000000 0.000000 -1.000000
vn 0.000000 0.000000 -1.000000
vn 0.000000 0.000000 -1.000000
vn 0.000000 0.000000 -1.000000
vn 0.000000 0.000000 -1.000000
vn 0.000000 0.000000 -1.000000
vn 0.000000 0.000000 -1.000000
vn 0.000000 0.000000 -1.000000
vn 0.000000 0.000000 -1.000000
vn 0.000000 0.000000 -1.000000
vn 0.000000 0.249893 -0.968273
vn 0.000000 0.249893 -0.968273
vn 0.000000 0.806894 -0.590696
vn 0.000000 0.806894 -0.590696
vn 0.000000 0.249893 -0.968273
vn 0.000000 0.806894 -0.590696
vn 0.000000 0.806894 -0.590696
vn 0.000000 0.249893 -0.968273
vn 0.000000 0.249893 -0.968273
vn 0.000000 0.249893 -0.968273
vn 0.000000 0.000000 -1.000000
vn 0.000000 0.000000 -1.000000
vn 0.000000 0.249893 -0.968273
vn 0.000000 0.000000 -1.000000
vn 0.000000 0.000000 -1.000000
vn 0.000000 0.249893 -0.968273
vn 0.000000 0.000000 -1.000000
vn 0.000000 0.000000 -1.000000
vn 0.000000 0.000000 -1.000000
vn 0.000000 0.000000 -1.000000
vn 0.000000 0.000000 -1.000000
vn 0.000000 0.000000 -1.000000
vn 0.000000 0.000000 -1.000000
vn 0.000000 0.000000 -1.000000
vn 0.000000 0.000000 -1.000000
vn 0.000000 0.000000 -1.000000
vn 0.000000 0.000000 -1.000000
vn 0.000000 0.000000 -1.000000
vn 0.000000 0.000000 -1.000000
vn 0.000000 0.000000 -1.000000
vn 0.000000 0.000000 -1.000000
vn 0.000000 0.000000 -1.000000
vn 0.000000 0.000000 1.000000
vn 0.000000 0.000000 1.000000
vn 0.000000 0.000000 1.000000
vn 0.000000 0.000000 1.000000
vn 0.000000 0.000000 1.000000
vn 0.000000 0.000000 1.000000
vn 0.000000 0.000000 1.000000
vn 0.000000 0.000000 1.000000
vn 0.000000 0.000000 1.000000
vn 0.000000 0.000000 1.000000
vn 0.000000 0.000000 1.000000
vn 0.000000 0.000000 1.000000
vn 0.000000 0.000000 1.000000
vn 0.000000 0.000000 1.000000
vn 0.000000 0.000000 1.000000
vn 0.000000 0.000000 1.000000
vn 0.000000 0.000000 1.000000
vn 0.000000 0.000000 1.000000
vn 0.000000 0.000000 1.000000
vn 0.000000 0.000000 1.000000
vn 0.000000 0.000000 1.000000
vn 0.000000 0.000000 1.000000
vn 0.000000 0.000000 1.000000
vn 0.000000 0.000000 1.000000
vn 0.000000 0.000000 1.000000
vn 0.000000 0.000000 1.000000
vn 0.000000 0.000000 1.000000
vn 0.000000 0.000000 1.000000
vn 0.000000 0.000000 1.000000
vn 0.000000 0.000000 1.000000
vn 0.000000 0.000000 1.000000
vn 0.000000 0.000000 1.000000
vn 0.000000 0.000000 1.000000
vn 0.000000 0.000000 1.000000
vn 0.000000 0.000000 1.000000
vn 0.000000 0.000000 1.000000
vn 0.000000 0.000000 1.000000
vn 0.000000 0.000000 1.000000
vn 0.000000 0.000000 1.000000
vn 0.000000 0.000000 1.000000
vn 0.000000 0.000000 1.000000
vn 0.000000 0.000000 1.000000
vn 0.000000 0.000000 1.000000
vn 0.000000 0.000000 1.000000
vn 0.000000 0.000000 1.000000
vn 0.000000 0.000000 1.000000
vn 0.000000 0.000000 1.000000
vn 0.000000 0.000000 1.000000
vn 0.000000 0.000000 -1.000000
vn 0.000000 0.000000 -1.000000
vn 0.000000 0.000000 -1.000000
vn 0.000000 0.000000 -1.000000
vn 0.000000 0.000000 -1.000000
vn 0.000000 0.000000 -1.000000
vn 0.000000 0.000000 -1.000000
vn 0.000000 0.000000 -1.000000
vn 0.000000 0.000000 -1.000000
vn 0.000000 0.000000 -1.000000
vn 0.000000 0.000000 -1.000000
vn 0.000000 0.000000 -1.000000
vn 0.000000 0.000000 -1.000000
vn 0.000000 0.000000 -1.000000
vn 0.000000 0.000000 -1.000000
vn 0.000000 0.000000 -1.000000
vn 0.000000 0.000000 -1.000000
vn 0.000000 0.000000 -1.000000
vn 0.000000 0.000000 -1.000000
vn 0.000000 0.000000 -1.000000
vn 0.000000 0.000000 -1.000000
vn 0.000000 0.000000 -1.000000
vn 0.000000 0.000000 -1.000000
vn 0.000000 0.000000 -1.000000
vn 0.000000 0.000000 -1.000000
vn 0.000000 0.000000 -1.000000
vn 0.000000 0.000000 -1.000000
vn 0.000000 0.000000 -1.000000
vn 0.000000 0.000000 -1.000000
vn 0.000000 0.000000 -1.000000
vn 0.000000 0.000000 -1.000000
vn 0.000000 0.000000 -1.000000
vn 0.379910 0.000000 0.925024
vn 0.379910 0.000000 0.925024
vn 0.899703 0.000000 0.436502
vn 0.899703 0.000000 0.436502
vn 0.379910 0.000000 0.925024
vn 0.899703 0.000000 0.436502
vn 0.899703 0.000000 0.436502
vn 0.379910 0.000000 0.925024
vn 0.379910 0.000000 0.925024
vn 0.379910 0.000000 0.925024
vn 0.000000 0.000000 1.000000
vn 0.000000 0.000000 1.000000
vn 0.379910 0.000000 0.925024
vn 0.000000 0.000000 1.000000
vn 0.000000 0.000000 1.000000
vn 0.379910 0.000000 0.925024
vn -0.447934 0.000000 -0.894067
vn -0.447934 0.000000 -0.894067
vn -0.935049 0.000000 -0.354519
vn -0.935049 0.000000 -0.354519
vn -0.447934 0.000000 -0.894067
vn -0.935049 0.000000 -0.354519
vn -0.935049 0.000000 -0.354519
vn -0.447934 0.000000 -0.894067
vn -0.447934 0.000000 -0.894067
vn -0.447934 0.000000 -0.894067
vn 0.000000 0.000000 -1.000000
vn 0.000000 0.000000 -1.000000
vn -0.447934 0.000000 -0.894067
vn 0.000000 0.000000 -1.000000
vn 0.000000 0.000000 -1.000000
vn -0.447934 0.000000 -0.894067
vn -0.469394 0.000000 0.882989
vn -0.469394 0.000000 0.882989
vn 0.000000 0.000000 1.000000
vn 0.000000 0.000000 1.000000
vn -0.469394 0.000000 0.882989
vn 0.000000 0.000000 1.000000
vn 0.000000 0.000000 1.000000
vn -0.469394 0.000000 0.882989
vn -0.469394 0.000000 0.882989
vn -0.469394 0.000000 0.882989
vn -0.944669 0.000000 0.328024
vn -0.944669 0.000000 0.328024
vn -0.469394 0.000000 0.882989
vn -0.944669 0.000000 0.328024
vn -0.944669 0.000000 0.328024
vn -0.469394 0.000000 0.882989
vn 0.998436 0.000000 0.055902
vn 0.998436 0.000000 0.055902
vn 1.000000 0.000000 0.000000
vn 1.000000 0.000000 0.000000
vn 0.998436 0.000000 0.055902
vn 1.000000 0.000000 0.000000
vn 1.000000 0.000000 0.000000
vn 0.998436 0.000000 0.055902
vn 0.998436 0.000000 0.055902
vn 0.998436 0.000000 0.055902
vn 0.899703 0.000000 0.436502
vn 0.899703 0.000000 0.436502
vn 0.998436 0.000000 0.055902
vn 0.899703 0.000000 0.436502
vn 0.899703 0.000000 0.436502
vn 0.998436 0.000000 0.055902
vn 0.356116 0.000000 -0.934442
vn 0.356116 0.000000 -0.934442
vn 0.000000 0.000000 -1.000000
vn 0.000000 0.000000 -1.000000
vn 0.356116 0.000000 -0.934442
vn 0.000000 0.000000 -1.000000
vn 0.000000 0.000000 -1.000000
vn 0.356203 0.000000 -0.934408
vn 0.356116 0.000000 -0.934442
vn 0.356203 0.000000 -0.934408
vn 0.885516 0.000000 -0.464609
vn 0.885516 0.000000 -0.464609
vn 0.356116 0.000000 -0.934442
vn 0.885516 0.000000 -0.464609
vn 0.885516 0.000000 -0.464609
vn 0.356116 0.000000 -0.934442
vn -0.999143 0.000000 -0.041402
vn -0.999143 0.000000 -0.041402
vn -1.000000 0.000000 0.000000
vn -1.000000 0.000000 0.000000
vn -0.999143 0.000000 -0.041402
vn -1.000000 0.000000 0.000000
vn -1.000000 0.000000 0.000000
vn -0.999143 0.000000 -0.041402
vn -0.999143 0.000000 -0.041402
vn -0.999143 0.000000 -0.041402
vn -0.935049 0.000000 -0.354519
vn -0.935049 0.000000 -0.354519
vn -0.999143 0.000000 -0.041402
vn -0.935049 0.000000 -0.354519
vn -0.935049 0.000000 -0.354519
vn -0.999143 0.000000 -0.041402
vn -0.997164 -0.060104 -0.045303
vn -0.899931 -0.429215 -0.076803
vn -0.902303 -0.431102 0.000000
vn -0.998492 -0.054900 0.000000
vn -0.997164 -0.060104 -0.045303
vn -0.998492 -0.054900 0.000000
vn -1.000000 0.000000 0.000000
vn -0.999143 0.000000 -0.041402
vn -0.997164 -0.060104 -0.045303
vn -0.999143 0.000000 -0.041402
vn -0.935049 0.000000 -0.354519
vn -0.926486 -0.109998 -0.359895
vn -0.997164 -0.060104 -0.045303
vn -0.926486 -0.109998 -0.359895
vn -0.895866 -0.360226 -0.260119
vn -0.899931 -0.429215 -0.076803
vn 0.353419 -0.196711 -0.914549
vn 0.334813 -0.714927 -0.613823
vn 0.000000 -0.764784 -0.644287
vn 0.000000 -0.206797 -0.978384
vn 0.353419 -0.196711 -0.914549
vn 0.000000 -0.206797 -0.978384
vn 0.000000 0.000000 -1.000000
vn 0.356203 0.000000 -0.934408
vn 0.353419 -0.196711 -0.914549
vn 0.356203 0.000000 -0.934408
vn 0.885516 0.000000 -0.464609
vn 0.871612 -0.144202 -0.468506
vn 0.353419 -0.196711 -0.914549
vn 0.871612 -0.144202 -0.468506
vn 0.816815 -0.463409 -0.343606
vn 0.334813 -0.714927 -0.613823
vn 0.994141 -0.089304 0.060902
vn 0.837624 -0.538715 0.090403
vn 0.841091 -0.540894 0.000000
vn 0.996649 -0.081804 0.000000
vn 0.994141 -0.089304 0.060902
vn 0.996649 -0.081804 0.000000
vn 1.000000 0.000000 0.000000
vn 0.998436 0.000000 0.055902
vn 0.994141 -0.089304 0.060902
vn 0.998436 0.000000 0.055902
vn 0.899703 0.000000 0.436502
vn 0.884476 -0.149196 0.442088
vn 0.994141 -0.089304 0.060902
vn 0.884476 -0.149196 0.442088
vn 0.824930 -0.471317 0.312011
vn 0.837624 -0.538715 0.090403
vn -0.452635 -0.200915 0.868766
vn -0.420782 -0.704770 0.571176
vn 0.000000 -0.784427 0.620221
vn 0.000000 -0.225911 0.974148
vn -0.452635 -0.200915 0.868766
vn 0.000000 -0.225911 0.974148
vn 0.000000 0.000000 1.000000
vn -0.469394 0.000000 0.882989
vn -0.452635 -0.200915 0.868766
vn -0.469394 0.000000 0.882989
vn -0.944669 0.000000 0.328024
vn -0.935426 -0.112903 0.335009
vn -0.452635 -0.200915 0.868766
vn -0.935426 -0.112903 0.335009
vn -0.900924 -0.365610 0.233806
vn -0.420782 -0.704770 0.571176
vn -0.436597 -0.186599 -0.880093
vn -0.411114 -0.691724 -0.593720
vn -0.895866 -0.360226 -0.260119
vn -0.926486 -0.109998 -0.359895
vn -0.436597 -0.186599 -0.880093
vn -0.926486 -0.109998 -0.359895
vn -0.935049 0.000000 -0.354519
vn -0.447934 0.000000 -0.894067
vn -0.436597 -0.186599 -0.880093
vn -0.447934 0.000000 -0.894067
vn 0.000000 0.000000 -1.000000
vn 0.000000 -0.206797 -0.978384
vn -0.436597 -0.186599 -0.880093
vn 0.000000 -0.206797 -0.978384
vn 0.000000 -0.764784 -0.644287
vn -0.411114 -0.691724 -0.593720
vn 0.372503 -0.211502 0.903608
vn 0.345297 -0.728794 0.591295
vn 0.824930 -0.471317 0.312011
vn 0.884476 -0.149196 0.442088
vn 0.372503 -0.211502 0.903608
vn 0.884476 -0.149196 0.442088
vn 0.899703 0.000000 0.436502
vn 0.379910 0.000000 0.925024
vn 0.372503 -0.211502 0.903608
vn 0.379910 0.000000 0.925024
vn 0.000000 0.000000 1.000000
vn 0.000000 -0.225911 0.974148
vn 0.372503 -0.211502 0.903608
vn 0.000000 -0.225911 0.974148
vn 0.000000 -0.784427 0.620221
vn 0.345297 -0.728794 0.591295
vn 0.000000 -0.206797 -0.978384
vn 0.000000 -0.764784 -0.644287
vn 0.000000 -0.764784 -0.644287
vn 0.000000 -0.206797 -0.978384
vn 0.000000 -0.206797 -0.978384
vn 0.000000 -0.206797 -0.978384
vn 0.000000 0.000000 -1.000000
vn 0.000000 0.000000 -1.000000
vn 0.000000 -0.206797 -0.978384
vn 0.000000 0.000000 -1.000000
vn 0.000000 0.000000 -1.000000
vn 0.000000 -0.206797 -0.978384
vn 0.000000 -0.206797 -0.978384
vn 0.000000 -0.206797 -0.978384
vn 0.000000 -0.764784 -0.644287
vn 0.000000 -0.764784 -0.644287
vn 0.000000 -0.206797 -0.978384
vn 0.000000 -0.764784 -0.644287
vn 0.000000 -0.764784 -0.644287
vn 0.000000 -0.206797 -0.978384
vn 0.000000 -0.206797 -0.978384
vn 0.000000 -0.206797 -0.978384
vn 0.000000 0.000000 -1.000000
vn 0.000000 0.000000 -1.000000
vn 0.000000 -0.206797 -0.978384
vn 0.000000 0.000000 -1.000000
vn 0.000000 0.000000 -1.000000
vn 0.000000 -0.206797 -0.978384
vn 0.000000 -0.206797 -0.978384
vn 0.000000 -0.206797 -0.978384
vn 0.000000 -0.764784 -0.644287
vn 0.000000 -0.764784 -0.644287
vn 0.000000 -0.225911 0.974148
vn 0.000000 -0.225911 0.974148
vn 0.000000 0.000000 1.000000
vn 0.000000 0.000000 1.000000
vn 0.000000 -0.225911 0.974148
vn 0.000000 0.000000 1.000000
vn 0.000000 0.000000 1.000000
vn 0.000000 -0.225911 0.974148
vn 0.000000 -0.225911 0.974148
vn 0.000000 -0.225911 0.974148
vn 0.000000 -0.784427 0.620221
vn 0.000000 -0.784427 0.620221
vn 0.000000 -0.225911 0.974148
vn 0.000000 -0.784427 0.620221
vn 0.000000 -0.784427 0.620221
vn 0.000000 -0.225911 0.974148
vn 0.000000 -0.225911 0.974148
vn 0.000000 -0.784427 0.620221
vn 0.000000 -0.784427 0.620221
vn 0.000000 -0.225911 0.974148
vn 0.000000 -0.225911 0.974148
vn 0.000000 -0.225911 0.974148
vn 0.000000 0.000000 1.000000
vn 0.000000 0.000000 1.000000
vn 0.000000 -0.225911 0.974148
vn 0.000000 0.000000 1.000000
vn 0.000000 0.000000 1.000000
vn 0.000000 -0.225911 0.974148
vn 0.000000 -0.225911 0.974148
vn 0.000000 -0.225911 0.974148
vn 0.000000 -0.784427 0.620221
vn 0.000000 -0.784427 0.620221
vn 0.000000 -0.225911 0.974148
vn 0.000000 -0.784427 0.620221
vn 0.000000 -0.784427 0.620221
vn 0.000000 -0.225911 0.974148
vn 0.000000 -0.225911 0.974148
vn 0.000000 -0.225911 0.974148
vn 0.000000 0.000000 1.000000
vn 0.000000 0.000000 1.000000
vn 0.000000 -0.225911 0.974148
vn 0.000000 0.000000 1.000000
vn 0.000000 0.000000 1.000000
vn 0.000000 -0.225911 0.974148
vn 0.000000 -0.225911 0.974148
vn 0.000000 -0.225911 0.974148
vn 0.000000 -0.784427 0.620221
vn 0.000000 -0.784427 0.620221
vn 0.000000 -0.206797 -0.978384
vn 0.000000 -0.206797 -0.978384
vn 0.000000 0.000000 -1.000000
vn 0.000000 0.000000 -1.000000
vn 0.000000 -0.206797 -0.978384
vn 0.000000 0.000000 -1.000000
vn 0.000000 0.000000 -1.000000
vn 0.000000 -0.206797 -0.978384
vn 0.000000 -0.206797 -0.978384
vn 0.000000 -0.206797 -0.978384
vn 0.000000 -0.764784 -0.644287
vn 0.000000 -0.764784 -0.644287
vn 0.000000 -0.206797 -0.978384
vn 0.000000 -0.764784 -0.644287
vn 0.000000 -0.764784 -0.644287
vn 0.000000 -0.206797 -0.978384
vn 0.000000 0.000000 -1.000000
vn 0.000000 0.000000 -1.000000
vn 0.000000 0.000000 -1.000000
vn 0.000000 0.000000 -1.000000
vn 0.000000 0.000000 -1.000000
vn 0.000000 0.000000 -1.000000
vn 0.000000 0.000000 -1.000000
vn 0.000000 0.000000 -1.000000
vn 0.000000 0.000000 -1.000000
vn 0.000000 0.000000 -1.000000
vn 0.000000 0.000000 -1.000000
vn 0.000000 0.000000 -1.000000
vn 0.000000 0.000000 -1.000000
vn 0.000000 0.000000 -1.000000
vn 0.000000 0.000000 -1.000000
vn 0.000000 0.000000 -1.000000
vn 0.000000 0.000000 1.000000
vn 0.000000 0.000000 1.000000
vn 0.000000 0.000000 1.000000
vn 0.000000 0.000000 1.000000
vn 0.000000 0.000000 1.000000
vn 0.000000 0.000000 1.000000
vn 0.000000 0.000000 1.000000
vn 0.000000 0.000000 1.000000
vn 0.000000 0.000000 1.000000
vn 0.000000 0.000000 1.000000
vn 0.000000 0.000000 1.000000
vn 0.000000 0.000000 1.000000
vn 0.000000 0.000000 1.000000
vn 0.000000 0.000000 1.000000
vn 0.000000 0.000000 1.000000
vn 0.000000 0.000000 1.000000
vn 0.000000 0.000000 1.000000
vn 0.000000 0.000000 1.000000
vn 0.000000 0.000000 1.000000
vn 0.000000 0.000000 1.000000
vn 0.000000 0.000000 1.000000
vn 0.000000 0.000000 1.000000
vn 0.000000 0.000000 1.000000
vn 0.000000 0.000000 1.000000
vn 0.000000 0.000000 1.000000
vn 0.000000 0.000000 1.000000
vn 0.000000 0.000000 1.000000
vn 0.000000 0.000000 1.000000
vn 0.000000 0.000000 1.000000
vn 0.000000 0.000000 1.000000
vn 0.000000 0.000000 1.000000
vn 0.000000 0.000000 1.000000
vn 0.000000 0.000000 1.000000
vn 0.000000 0.000000 1.000000
vn 0.000000 0.000000 1.000000
vn 0.000000 0.000000 1.000000
vn 0.000000 0.000000 1.000000
vn 0.000000 0.000000 1.000000
vn 0.000000 0.000000 1.000000
vn 0.000000 0.000000 1.000000
vn 0.000000 0.000000 1.000000
vn 0.000000 0.000000 1.000000
vn 0.000000 0.000000 1.000000
vn 0.000000 0.000000 1.000000
vn 0.000000 0.000000 1.000000
vn 0.000000 0.000000 1.000000
vn 0.000000 0.000000 1.000000
vn 0.000000 0.000000 1.000000
vn 0.000000 0.000000 -1.000000
vn 0.000000 0.000000 -1.000000
vn 0.000000 0.000000 -1.000000
vn 0.000000 0.000000 -1.000000
vn 0.000000 0.000000 -1.000000
vn 0.000000 0.000000 -1.000000
vn 0.000000 0.000000 -1.000000
vn 0.000000 0.000000 -1.000000
vn 0.000000 0.000000 -1.000000
vn 0.000000 0.000000 -1.000000
vn 0.000000 0.000000 -1.000000
vn 0.000000 0.000000 -1.000000
vn 0.000000 0.000000 -1.000000
vn 0.000000 0.000000 -1.000000
vn 0.000000 0.000000 -1.000000
vn 0.000000 0.000000 -1.000000
vn 0.000000 0.000000 -1.000000
vn 0.000000 0.000000 -1.000000
vn 0.000000 0.000000 -1.000000
vn 0.000000 0.000000 -1.000000
vn 0.000000 0.000000 -1.000000
vn 0.000000 0.000000 -1.000000
vn 0.000000 0.000000 -1.000000
vn 0.000000 0.000000 -1.000000
vn 0.000000 0.000000 -1.000000
vn 0.000000 0.000000 -1.000000
vn 0.000000 0.000000 -1.000000
vn 0.000000 0.000000 -1.000000
vn 0.000000 0.000000 -1.000000
vn 0.000000 0.000000 -1.000000
vn 0.000000 0.000000 -1.000000
vn 0.000000 0.000000 -1.000000
vn 0.000000 0.000000 1.000000
vn 0.000000 0.000000 1.000000
vn 0.000000 0.000000 1.000000
vn 0.000000 0.000000 1.000000
vn 0.000000 0.000000 1.000000
vn 0.000000 0.000000 1.000000
vn 0.000000 0.000000 1.000000
vn 0.000000 0.000000 1.000000
vn 0.000000 0.000000 1.000000
vn 0.000000 0.000000 1.000000
vn 0.000000 0.000000 1.000000
vn 0.000000 0.000000 1.000000
vn 0.000000 0.000000 1.000000
vn 0.000000 0.000000 1.000000
vn 0.000000 0.000000 1.000000
vn 0.000000 0.000000 1.000000
vn 0.000000 0.000000 -1.000000
vn 0.000000 0.000000 -1.000000
vn 0.000000 0.000000 -1.000000
vn 0.000000 0.000000 -1.000000
vn 0.000000 0.000000 -1.000000
vn 0.000000 0.000000 -1.000000
vn 0.000000 0.000000 -1.000000
vn 0.000000 0.000000 -1.000000
vn 0.000000 0.000000 -1.000000
vn 0.000000 0.000000 -1.000000
vn 0.000000 0.000000 -1.000000
vn 0.000000 0.000000 -1.000000
vn 0.000000 0.000000 -1.000000
vn 0.000000 0.000000 -1.000000
vn 0.000000 0.000000 -1.000000
vn 0.000000 0.000000 -1.000000
vn 0.000000 0.000000 -1.000000
vn 0.000000 0.000000 -1.000000
vn 0.000000 0.000000 -1.000000
vn 0.000000 0.000000 -1.000000
vn 0.000000 0.000000 -1.000000
vn 0.000000 0.000000 -1.000000
vn 0.000000 0.000000 -1.000000
vn 0.000000 0.000000 -1.000000
vn 0.000000 0.000000 -1.000000
vn 0.000000 0.000000 -1.000000
vn 0.000000 0.000000 -1.000000
vn 0.000000 0.000000 -1.000000
vn 0.000000 0.000000 -1.000000
vn 0.000000 0.000000 -1.000000
vn 0.000000 0.000000 -1.000000
vn 0.000000 0.000000 -1.000000
vn 0.265807 0.000000 0.964026
vn 0.265807 0.000000 0.964026
vn 0.820601 0.000000 0.571501
vn 0.820601 0.000000 0.571501
vn 0.265807 0.000000 0.964026
vn 0.820601 0.000000 0.571501
vn 0.820601 0.000000 0.571501
vn 0.265807 0.000000 0.964026
vn 0.265807 0.000000 0.964026
vn 0.265807 0.000000 0.964026
vn 0.000000 0.000000 1.000000
vn 0.000000 0.000000 1.000000
vn 0.265807 0.000000 0.964026
vn 0.000000 0.000000 1.000000
vn 0.000000 0.000000 1.000000
vn 0.265807 0.000000 0.964026
vn -0.284521 0.000000 -0.958670
vn -0.284521 0.000000 -0.958670
vn -0.835694 0.000000 -0.549196
vn -0.835694 0.000000 -0.549196
vn -0.284521 0.000000 -0.958670
vn -0.835694 0.000000 -0.549196
vn -0.835694 0.000000 -0.549196
vn -0.284521 0.000000 -0.958670
vn -0.284521 0.000000 -0.958670
vn -0.284521 0.000000 -0.958670
vn 0.000000 0.000000 -1.000000
vn 0.000000 0.000000 -1.000000
vn -0.284521 0.000000 -0.958670
vn 0.000000 0.000000 -1.000000
vn 0.000000 0.000000 -1.000000
vn -0.284521 0.000000 -0.958670
vn 0.000000 0.000000 1.000000
vn 0.000000 0.000000 1.000000
vn 0.000000 0.000000 1.000000
vn 0.000000 0.000000 1.000000
vn 0.000000 0.000000 1.000000
vn 0.000000 0.000000 1.000000
vn 0.000000 0.000000 1.000000
vn 0.000000 0.000000 1.000000
vn 0.000000 0.000000 1.000000
vn 0.000000 0.000000 1.000000
vn 0.000000 0.000000 1.000000
vn 0.000000 0.000000 1.000000
vn 0.000000 0.000000 1.000000
vn 0.000000 0.000000 1.000000
vn 0.000000 0.000000 1.000000
vn 0.000000 0.000000 1.000000
vn -0.266112 0.000000 0.963942
vn -0.266112 0.000000 0.963942
vn 0.000000 0.000000 1.000000
vn 0.000000 0.000000 1.000000
vn -0.266112 0.000000 0.963942
vn 0.000000 0.000000 1.000000
vn 0.000000 0.000000 1.000000
vn -0.266112 0.000000 0.963942
vn -0.266112 0.000000 0.963942
vn -0.266112 0.000000 0.963942
vn -0.820807 0.000000 0.571205
vn -0.820807 0.000000 0.571205
vn -0.266112 0.000000 0.963942
vn -0.820807 0.000000 0.571205
vn -0.820807 0.000000 0.571205
vn -0.266112 0.000000 0.963942
vn 0.995769 0.000000 0.091897
vn 0.995769 0.000000 0.091897
vn 1.000000 0.000000 0.000000
vn 1.000000 0.000000 0.000000
vn 0.995769 0.000000 0.091897
vn 1.000000 0.000000 0.000000
vn 1.000000 0.000000 0.000000
vn 0.995769 0.000000 0.091897
vn 0.995769 0.000000 0.091897
vn 0.995769 0.000000 0.091897
vn 0.820601 0.000000 0.571501
vn 0.820601 0.000000 0.571501
vn 0.995769 0.000000 0.091897
vn 0.820601 0.000000 0.571501
vn 0.820601 0.000000 0.571501
vn 0.995769 0.000000 0.091897
vn 0.284218 0.000000 -0.958760
vn 0.284218 0.000000 -0.958760
vn 0.000000 0.000000 -1.000000
vn 0.000000 0.000000 -1.000000
vn 0.284218 0.000000 -0.958760
vn 0.000000 0.000000 -1.000000
vn 0.000000 0.000000 -1.000000
vn 0.284218 0.000000 -0.958760
vn 0.284218 0.000000 -0.958760
vn 0.284218 0.000000 -0.958760
vn 0.835496 0.000000 -0.549497
vn 0.835496 0.000000 -0.549497
vn 0.284218 0.000000 -0.958760
vn 0.835496 0.000000 -0.549497
vn 0.835496 0.000000 -0.549497
vn 0.284218 0.000000 -0.958760
vn -0.996432 0.000000 -0.084403
vn -0.996432 0.000000 -0.084403
vn -1.000000 0.000000 0.000000
vn -1.000000 0.000000 0.000000
vn -0.996432 0.000000 -0.084403
vn -1.000000 0.000000 0.000000
vn -1.000000 0.000000 0.000000
vn -0.996432 0.000000 -0.084403
vn -0.996432 0.000000 -0.084403
vn -0.996432 0.000000 -0.084403
vn -0.835694 0.000000 -0.549196
vn -0.835694 0.000000 -0.549196
vn -0.996432 0.000000 -0.084403
vn -0.835694 0.000000 -0.549196
vn -0.835694 0.000000 -0.549196
vn -0.996432 0.000000 -0.084403
vn -0.974863 -0.204392 -0.088697
vn -0.661414 -0.744516 -0.090702
vn -0.664283 -0.747481 0.000000
vn -0.981512 -0.191402 0.000000
vn -0.974863 -0.204392 -0.088697
vn -0.981512 -0.191402 0.000000
vn -1.000000 0.000000 0.000000
vn -0.996432 0.000000 -0.084403
vn -0.974863 -0.204392 -0.088697
vn -0.996432 0.000000 -0.084403
vn -0.835694 0.000000 -0.549196
vn -0.794110 -0.273803 -0.542607
vn -0.974863 -0.204392 -0.088697
vn -0.794110 -0.273803 -0.542607
vn -0.618027 -0.718832 -0.318314
vn -0.661414 -0.744516 -0.090702
vn 0.271095 -0.317494 -0.908683
vn 0.216307 -0.838627 -0.499916
vn 0.000000 -0.867695 -0.497097
vn 0.000000 -0.328590 -0.944473
vn 0.271095 -0.317494 -0.908683
vn 0.000000 -0.328590 -0.944473
vn 0.000000 0.000000 -1.000000
vn 0.284218 0.000000 -0.958760
vn 0.271095 -0.317494 -0.908683
vn 0.284218 0.000000 -0.958760
vn 0.835496 0.000000 -0.549497
vn 0.793885 -0.273895 -0.542889
vn 0.271095 -0.317494 -0.908683
vn 0.793885 -0.273895 -0.542889
vn 0.617713 -0.719016 -0.318507
vn 0.216307 -0.838627 -0.499916
vn 0.974182 -0.204196 0.096298
vn 0.660904 -0.744005 0.098301
vn 0.664016 -0.747718 0.000000
vn 0.981470 -0.191614 0.000000
vn 0.974182 -0.204196 0.096298
vn 0.981470 -0.191614 0.000000
vn 1.000000 0.000000 0.000000
vn 0.995769 0.000000 0.091897
vn 0.974182 -0.204196 0.096298
vn 0.995769 0.000000 0.091897
vn 0.820601 0.000000 0.571501
vn 0.782364 -0.265822 0.563246
vn 0.974182 -0.204196 0.096298
vn 0.782364 -0.265822 0.563246
vn 0.610939 -0.712346 0.345422
vn 0.660904 -0.744005 0.098301
vn -0.256894 -0.302193 0.917979
vn -0.209999 -0.827196 0.521198
vn 0.000000 -0.854148 0.520029
vn 0.000000 -0.309199 0.950997
vn -0.256894 -0.302193 0.917979
vn 0.000000 -0.309199 0.950997
vn 0.000000 0.000000 1.000000
vn -0.266112 0.000000 0.963942
vn -0.256894 -0.302193 0.917979
vn -0.266112 0.000000 0.963942
vn -0.820807 0.000000 0.571205
vn -0.782589 -0.265696 0.562992
vn -0.256894 -0.302193 0.917979
vn -0.782589 -0.265696 0.562992
vn -0.611319 -0.712122 0.345211
vn -0.209999 -0.827196 0.521198
vn 0.000000 -0.309199 0.950997
vn 0.000000 -0.854148 0.520029
vn 0.000000 -0.854148 0.520029
vn 0.000000 -0.309199 0.950997
vn 0.000000 -0.309199 0.950997
vn 0.000000 -0.309199 0.950997
vn 0.000000 0.000000 1.000000
vn 0.000000 0.000000 1.000000
vn 0.000000 -0.309199 0.950997
vn 0.000000 0.000000 1.000000
vn 0.000000 0.000000 1.000000
vn 0.000000 -0.309199 0.950997
vn 0.000000 -0.309199 0.950997
vn 0.000000 -0.309199 0.950997
vn 0.000000 -0.854148 0.520029
vn 0.000000 -0.854148 0.520029
vn -0.271305 -0.317506 -0.908616
vn -0.216498 -0.838591 -0.499894
vn -0.618027 -0.718832 -0.318314
vn -0.794110 -0.273803 -0.542607
vn -0.271305 -0.317506 -0.908616
vn -0.794110 -0.273803 -0.542607
vn -0.835694 0.000000 -0.549196
vn -0.284521 0.000000 -0.958670
vn -0.271305 -0.317506 -0.908616
vn -0.284521 0.000000 -0.958670
vn 0.000000 0.000000 -1.000000
vn 0.000000 -0.328621 -0.944462
vn -0.271305 -0.317506 -0.908616
vn 0.000000 -0.328621 -0.944462
vn 0.000000 -0.867695 -0.497097
vn -0.216498 -0.838591 -0.499894
vn 0.256707 -0.302209 0.918026
vn 0.209808 -0.827231 0.521219
vn 0.610939 -0.712346 0.345422
vn 0.782364 -0.265822 0.563246
vn 0.256707 -0.302209 0.918026
vn 0.782364 -0.265822 0.563246
vn 0.820601 0.000000 0.571501
vn 0.265807 0.000000 0.964026
vn 0.256707 -0.302209 0.918026
vn 0.265807 0.000000 0.964026
vn 0.000000 0.000000 1.000000
vn 0.000000 -0.309199 0.950997
vn 0.256707 -0.302209 0.918026
vn 0.000000 -0.309199 0.950997
vn 0.000000 -0.854148 0.520029
vn 0.209808 -0.827231 0.521219
vn 0.000000 -0.328621 -0.944462
vn 0.000000 -0.867695 -0.497097
vn 0.000000 -0.867695 -0.497097
vn 0.000000 -0.328590 -0.944473
vn 0.000000 -0.328621 -0.944462
vn 0.000000 -0.328590 -0.944473
vn 0.000000 0.000000 -1.000000
vn 0.000000 0.000000 -1.000000
vn 0.000000 -0.328621 -0.944462
vn 0.000000 0.000000 -1.000000
vn 0.000000 0.000000 -1.000000
vn 0.000000 -0.328590 -0.944473
vn 0.000000 -0.328621 -0.944462
vn 0.000000 -0.328590 -0.944473
vn 0.000000 -0.867695 -0.497097
vn 0.000000 -0.867695 -0.497097
vn 0.000000 -0.328621 -0.944462
vn 0.000000 -0.867695 -0.497097
vn 0.000000 -0.867695 -0.497097
vn 0.000000 -0.328621 -0.944462
vn 0.000000 -0.328621 -0.944462
vn 0.000000 -0.328621 -0.944462
vn 0.000000 0.000000 -1.000000
vn 0.000000 0.000000 -1.000000
vn 0.000000 -0.328621 -0.944462
vn 0.000000 0.000000 -1.000000
vn 0.000000 0.000000 -1.000000
vn 0.000000 -0.328621 -0.944462
vn 0.000000 -0.328621 -0.944462
vn 0.000000 -0.328621 -0.944462
vn 0.000000 -0.867695 -0.497097
vn 0.000000 -0.867695 -0.497097
vn 0.000000 -0.328590 -0.944473
vn 0.000000 -0.328621 -0.944462
vn 0.000000 0.000000 -1.000000
vn 0.000000 0.000000 -1.000000
vn 0.000000 -0.328590 -0.944473
vn 0.000000 0.000000 -1.000000
vn 0.000000 0.000000 -1.000000
vn 0.000000 -0.328590 -0.944473
vn 0.000000 -0.328590 -0.944473
vn 0.000000 -0.328590 -0.944473
vn 0.000000 -0.867695 -0.497097
vn 0.000000 -0.867695 -0.497097
vn 0.000000 -0.328590 -0.944473
vn 0.000000 -0.867695 -0.497097
vn 0.000000 -0.867695 -0.497097
vn 0.000000 -0.328621 -0.944462
vn 0.000000 0.358389 0.933572
vn 0.000000 0.358389 0.933572
vn 0.000000 0.000000 1.000000
vn 0.000000 0.000000 1.000000
vn 0.000000 0.358389 0.933572
vn 0.000000 0.000000 1.000000
vn 0.000000 0.000000 1.000000
vn 0.000000 0.358389 0.933572
vn 0.000000 0.358389 0.933572
vn 0.000000 0.358389 0.933572
vn 0.000000 0.886884 0.461992
vn 0.000000 0.886884 0.461992
vn 0.000000 0.358389 0.933572
vn 0.000000 0.886884 0.461992
vn 0.000000 0.886884 0.461992
vn 0.000000 0.358389 0.933572
vn 0.000000 -0.309109 0.951027
vn 0.000000 -0.854104 0.520102
vn 0.000000 -0.854148 0.520029
vn 0.000000 -0.309199 0.950997
vn 0.000000 -0.309109 0.951027
vn 0.000000 -0.309199 0.950997
vn 0.000000 0.000000 1.000000
vn 0.000000 0.000000 1.000000
vn 0.000000 -0.309109 0.951027
vn 0.000000 0.000000 1.000000
vn 0.000000 0.000000 1.000000
vn 0.000000 -0.309109 0.951027
vn 0.000000 -0.309109 0.951027
vn 0.000000 -0.309109 0.951027
vn 0.000000 -0.854104 0.520102
vn 0.000000 -0.854104 0.520102
vn 0.000000 -0.309199 0.950997
vn 0.000000 -0.309109 0.951027
vn 0.000000 0.000000 1.000000
vn 0.000000 0.000000 1.000000
vn 0.000000 -0.309199 0.950997
vn 0.000000 0.000000 1.000000
vn 0.000000 0.000000 1.000000
vn 0.000000 -0.309199 0.950997
vn 0.000000 -0.309199 0.950997
vn 0.000000 -0.309199 0.950997
vn 0.000000 -0.854148 0.520029
vn 0.000000 -0.854148 0.520029
vn 0.000000 -0.309199 0.950997
vn 0.000000 -0.854148 0.520029
vn 0.000000 -0.854104 0.520102
vn 0.000000 -0.309109 0.951027
vn 0.000000 -0.994052 0.108906
vn 0.000000 -0.994052 0.108906
vn 0.000000 -1.000000 0.000000
vn 0.000000 -1.000000 0.000000
vn 0.000000 -0.994052 0.108906
vn 0.000000 -1.000000 0.000000
vn 0.000000 -1.000000 0.000000
vn 0.000000 -0.994052 0.108906
vn 0.000000 -0.994052 0.108906
vn 0.000000 -0.994052 0.108906
vn 0.000000 -0.788517 0.615013
vn 0.000000 -0.788517 0.615013
vn 0.000000 -0.994052 0.108906
vn 0.000000 -0.788517 0.615013
vn 0.000000 -0.788517 0.615013
vn 0.000000 -0.994052 0.108906
vn 0.000000 0.000000 -1.000000
vn 0.000000 0.000000 -1.000000
vn 0.000000 0.000000 -1.000000
vn 0.000000 0.000000 -1.000000
vn 0.000000 0.000000 -1.000000
vn 0.000000 0.000000 -1.000000
vn 0.000000 0.000000 -1.000000
vn 0.000000 0.000000 -1.000000
vn 0.000000 0.000000 -1.000000
vn 0.000000 0.000000 -1.000000
vn 0.000000 0.000000 -1.000000
vn 0.000000 0.000000 -1.000000
vn 0.000000 0.000000 -1.000000
vn 0.000000 0.000000 -1.000000
vn 0.000000 0.000000 -1.000000
vn 0.000000 0.000000 -1.000000
vn 0.000000 0.997826 0.065902
vn 0.000000 0.997826 0.065902
vn 0.000000 1.000000 0.000000
vn 0.000000 1.000000 0.000000
vn 0.000000 0.997826 0.065902
vn 0.000000 1.000000 0.000000
vn 0.000000 1.000000 0.000000
vn 0.000000 0.997826 0.065902
vn 0.000000 0.997826 0.065902
vn 0.000000 0.997826 0.065902
vn 0.000000 0.876220 0.481911
vn 0.000000 0.876220 0.481911
vn 0.000000 0.997826 0.065902
vn 0.000000 0.876220 0.481911
vn 0.000000 0.876220 0.481911
vn 0.000000 0.997826 0.065902
vn -0.081399 -0.995282 0.052799
vn -0.512900 -0.854600 0.081200
vn -0.515613 -0.856822 0.000000
vn -0.074502 -0.997221 0.000000
vn -0.081399 -0.995282 0.052799
vn -0.074502 -0.997221 0.000000
vn 0.000000 -1.000000 0.000000
vn 0.000000 -0.998828 0.048401
vn -0.081399 -0.995282 0.052799
vn 0.000000 -0.998828 0.048401
vn 0.000000 -0.917993 0.396597
vn -0.142601 -0.903708 0.403704
vn -0.081399 -0.995282 0.052799
vn -0.142601 -0.903708 0.403704
vn -0.449707 -0.848613 0.278604
vn -0.512900 -0.854600 0.081200
vn 0.000000 0.341526 0.939872
vn 0.000000 0.000000 1.000000
vn 0.000000 0.000000 1.000000
vn 0.000000 0.341526 0.939872
vn 0.000000 0.341526 0.939872
vn 0.000000 0.341526 0.939872
vn 0.000000 0.876220 0.481911
vn 0.000000 0.876220 0.481911
vn 0.000000 0.341526 0.939872
vn 0.000000 0.876220 0.481911
vn 0.000000 0.876220 0.481911
vn 0.000000 0.341526 0.939872
vn 0.000000 0.341526 0.939872
vn 0.000000 0.341526 0.939872
vn 0.000000 0.000000 1.000000
vn 0.000000 0.000000 1.000000
vn -0.267012 0.382717 -0.884439
vn -0.290796 0.000000 -0.956785
vn -0.840551 0.000000 -0.541733
vn -0.781246 0.334820 -0.526831
vn -0.267012 0.382717 -0.884439
vn -0.781246 0.334820 -0.526831
vn -0.547740 0.794857 -0.261119
vn -0.187615 0.888470 -0.418833
vn -0.267012 0.382717 -0.884439
vn -0.187615 0.888470 -0.418833
vn 0.000000 0.912071 -0.410032
vn 0.000000 0.402098 -0.915596
vn -0.267012 0.382717 -0.884439
vn 0.000000 0.402098 -0.915596
vn 0.000000 0.000000 -1.000000
vn -0.290796 0.000000 -0.956785
vn -0.290796 0.000000 -0.956785
vn -0.290796 0.000000 -0.956785
vn -0.840551 0.000000 -0.541733
vn -0.840551 0.000000 -0.541733
vn -0.290796 0.000000 -0.956785
vn -0.840551 0.000000 -0.541733
vn -0.840551 0.000000 -0.541733
vn -0.290796 0.000000 -0.956785
vn -0.290796 0.000000 -0.956785
vn -0.290796 0.000000 -0.956785
vn 0.000000 0.000000 -1.000000
vn 0.000000 0.000000 -1.000000
vn -0.290796 0.000000 -0.956785
vn 0.000000 0.000000 -1.000000
vn 0.000000 0.000000 -1.000000
vn -0.290796 0.000000 -0.956785
vn 0.000000 0.000000 1.000000
vn 0.000000 0.000000 1.000000
vn 0.000000 0.000000 1.000000
vn 0.000000 0.000000 1.000000
vn 0.000000 0.000000 1.000000
vn 0.000000 0.000000 1.000000
vn 0.000000 0.000000 1.000000
vn 0.000000 0.000000 1.000000
vn 0.000000 0.000000 1.000000
vn 0.000000 0.000000 1.000000
vn 0.000000 0.000000 1.000000
vn 0.000000 0.000000 1.000000
vn 0.000000 0.000000 1.000000
vn 0.000000 0.000000 1.000000
vn 0.000000 0.000000 1.000000
vn 0.000000 0.000000 1.000000
vn -0.235706 0.000000 0.971824
vn -0.235706 0.000000 0.971824
vn 0.000000 0.000000 1.000000
vn 0.000000 0.000000 1.000000
vn -0.235706 0.000000 0.971824
vn 0.000000 0.000000 1.000000
vn 0.000000 0.000000 1.000000
vn -0.235706 0.000000 0.971824
vn -0.235706 0.000000 0.971824
vn -0.235706 0.000000 0.971824
vn -0.793875 0.000000 0.608081
vn -0.793875 0.000000 0.608081
vn -0.235706 0.000000 0.971824
vn -0.793875 0.000000 0.608081
vn -0.793875 0.000000 0.608081
vn -0.235706 0.000000 0.971824
vn 0.997251 0.000000 0.074104
vn 0.997251 0.000000 0.074104
vn 1.000000 0.000000 0.000000
vn 1.000000 0.000000 0.000000
vn 0.997251 0.000000 0.074104
vn 1.000000 0.000000 0.000000
vn 1.000000 0.000000 0.000000
vn 0.997251 0.000000 0.074104
vn 0.997251 0.000000 0.074104
vn 0.997251 0.000000 0.074104
vn 0.857652 0.000000 0.514231
vn 0.857652 0.000000 0.514231
vn 0.997251 0.000000 0.074104
vn 0.857652 0.000000 0.514231
vn 0.857652 0.000000 0.514231
vn 0.997251 0.000000 0.074104
vn 0.374595 0.000000 -0.927188
vn 0.374595 0.000000 -0.927188
vn 0.000000 0.000000 -1.000000
vn 0.000000 0.000000 -1.000000
vn 0.374595 0.000000 -0.927188
vn 0.000000 0.000000 -1.000000
vn 0.000000 0.000000 -1.000000
vn 0.374595 0.000000 -0.927188
vn 0.374595 0.000000 -0.927188
vn 0.374595 0.000000 -0.927188
vn 0.896616 0.000000 -0.442808
vn 0.896616 0.000000 -0.442808
vn 0.374595 0.000000 -0.927188
vn 0.896616 0.000000 -0.442808
vn 0.896616 0.000000 -0.442808
vn 0.374595 0.000000 -0.927188
vn -0.996624 0.000000 -0.082102
vn -0.996624 0.000000 -0.082102
vn -1.000000 0.000000 0.000000
vn -1.000000 0.000000 0.000000
vn -0.996624 0.000000 -0.082102
vn -1.000000 0.000000 0.000000
vn -1.000000 0.000000 0.000000
vn -0.996624 0.000000 -0.082102
vn -0.996624 0.000000 -0.082102
vn -0.996624 0.000000 -0.082102
vn -0.840551 0.000000 -0.541733
vn -0.840551 0.000000 -0.541733
vn -0.996624 0.000000 -0.082102
vn -0.840551 0.000000 -0.541733
vn -0.840551 0.000000 -0.541733
vn -0.996624 0.000000 -0.082102
vn -0.941534 -0.326912 -0.081503
vn -0.511037 -0.857262 -0.062805
vn -0.515613 -0.856822 0.000000
vn -0.949787 -0.312896 0.000000
vn -0.941534 -0.326912 -0.081503
vn -0.949787 -0.312896 0.000000
vn -1.000000 0.000000 0.000000
vn -0.996624 0.000000 -0.082102
vn -0.941534 -0.326912 -0.081503
vn -0.996624 0.000000 -0.082102
vn -0.840551 0.000000 -0.541733
vn -0.761382 -0.395891 -0.513388
vn -0.941534 -0.326912 -0.081503
vn -0.761382 -0.395891 -0.513388
vn -0.463621 -0.860639 -0.210610
vn -0.511037 -0.857262 -0.062805
vn 0.329918 -0.428323 -0.841245
vn 0.215503 -0.914915 -0.341305
vn 0.000000 -0.944887 -0.327396
vn 0.000000 -0.469830 -0.882757
vn 0.329918 -0.428323 -0.841245
vn 0.000000 -0.469830 -0.882757
vn 0.000000 0.000000 -1.000000
vn 0.374595 0.000000 -0.927188
vn 0.329918 -0.428323 -0.841245
vn 0.374595 0.000000 -0.927188
vn 0.896616 0.000000 -0.442808
vn 0.824748 -0.360221 -0.435926
vn 0.329918 -0.428323 -0.841245
vn 0.824748 -0.360221 -0.435926
vn 0.578207 -0.795809 -0.179902
vn 0.215503 -0.914915 -0.341305
vn 0.965362 -0.249416 0.076605
vn 0.606008 -0.792310 0.070701
vn 0.609319 -0.792925 0.000000
vn 0.972064 -0.234715 0.000000
vn 0.965362 -0.249416 0.076605
vn 0.972064 -0.234715 0.000000
vn 1.000000 0.000000 0.000000
vn 0.997243 0.000000 0.074203
vn 0.965362 -0.249416 0.076605
vn 0.997243 0.000000 0.074203
vn 0.857652 0.000000 0.514231
vn 0.796934 -0.334314 0.503121
vn 0.965362 -0.249416 0.076605
vn 0.796934 -0.334314 0.503121
vn 0.567616 -0.786922 0.242007
vn 0.606008 -0.792310 0.070701
vn -0.216401 -0.401102 0.890105
vn -0.142601 -0.903708 0.403704
vn 0.000000 -0.917993 0.396597
vn 0.000000 -0.413215 0.910633
vn -0.216401 -0.401102 0.890105
vn 0.000000 -0.413215 0.910633
vn 0.000000 0.000000 1.000000
vn -0.235706 0.000000 0.971824
vn -0.216401 -0.401102 0.890105
vn -0.235706 0.000000 0.971824
vn -0.793875 0.000000 0.608081
vn -0.729764 -0.369033 0.575551
vn -0.216401 -0.401102 0.890105
vn -0.729764 -0.369033 0.575551
vn -0.449707 -0.848613 0.278604
vn -0.142601 -0.903708 0.403704
vn 0.000000 -0.413215 0.910633
vn 0.000000 -0.917993 0.396597
vn 0.000000 -0.917993 0.396597
vn 0.000000 -0.413215 0.910633
vn 0.000000 -0.413215 0.910633
vn 0.000000 -0.413215 0.910633
vn 0.000000 0.000000 1.000000
vn 0.000000 0.000000 1.000000
vn 0.000000 -0.413215 0.910633
vn 0.000000 0.000000 1.000000
vn 0.000000 0.000000 1.000000
vn 0.000000 -0.413215 0.910633
vn 0.000000 -0.413215 0.910633
vn 0.000000 -0.413215 0.910633
vn 0.000000 -0.917993 0.396597
vn 0.000000 -0.917993 0.396597
vn -0.257397 -0.442394 -0.859089
vn -0.153406 -0.928336 -0.338613
vn -0.463621 -0.860639 -0.210610
vn -0.761382 -0.395891 -0.513388
vn -0.257397 -0.442394 -0.859089
vn -0.761382 -0.395891 -0.513388
vn -0.840551 0.000000 -0.541733
vn -0.290796 0.000000 -0.956785
vn -0.257397 -0.442394 -0.859089
vn -0.290796 0.000000 -0.956785
vn 0.000000 0.000000 -1.000000
vn 0.000000 -0.469830 -0.882757
vn -0.257397 -0.442394 -0.859089
vn 0.000000 -0.469830 -0.882757
vn 0.000000 -0.944887 -0.327396
vn -0.153406 -0.928336 -0.338613
vn 0.286016 -0.388921 0.875748
vn 0.200016 -0.891473 0.406533
vn 0.567616 -0.786922 0.242007
vn 0.796934 -0.334314 0.503121
vn 0.286016 -0.388921 0.875748
vn 0.796934 -0.334314 0.503121
vn 0.857652 0.000000 0.514231
vn 0.314097 0.000000 0.949391
vn 0.286016 -0.388921 0.875748
vn 0.314097 0.000000 0.949391
vn 0.000000 0.000000 1.000000
vn 0.000000 -0.413215 0.910633
vn 0.286016 -0.388921 0.875748
vn 0.000000 -0.413215 0.910633
vn 0.000000 -0.917993 0.396597
vn 0.200016 -0.891473 0.406533
vn 0.000000 -0.469830 -0.882757
vn 0.000000 -0.944887 -0.327396
vn 0.000000 -0.944887 -0.327396
vn 0.000000 -0.469908 -0.882715
vn 0.000000 -0.469830 -0.882757
vn 0.000000 -0.469908 -0.882715
vn 0.000000 0.000000 -1.000000
vn 0.000000 0.000000 -1.000000
vn 0.000000 -0.469830 -0.882757
vn 0.000000 0.000000 -1.000000
vn 0.000000 0.000000 -1.000000
vn 0.000000 -0.469830 -0.882757
vn 0.000000 -0.469830 -0.882757
vn 0.000000 -0.469830 -0.882757
vn 0.000000 -0.944887 -0.327396
vn 0.000000 -0.944887 -0.327396
vn 0.000000 0.000000 -1.000000
vn 0.000000 0.000000 -1.000000
vn 0.000000 0.000000 -1.000000
vn 0.000000 0.000000 -1.000000
vn 0.000000 0.000000 -1.000000
vn 0.000000 0.000000 -1.000000
vn 0.000000 0.000000 -1.000000
vn 0.000000 0.000000 -1.000000
vn 0.000000 0.000000 -1.000000
vn 0.000000 0.000000 -1.000000
vn 0.000000 0.000000 -1.000000
vn 0.000000 0.000000 -1.000000
vn 0.000000 0.000000 -1.000000
vn 0.000000 0.000000 -1.000000
vn 0.000000 0.000000 -1.000000
vn 0.000000 0.000000 -1.000000
vn 0.314097 0.000000 0.949391
vn 0.314097 0.000000 0.949391
vn 0.857652 0.000000 0.514231
vn 0.857652 0.000000 0.514231
vn 0.314097 0.000000 0.949391
vn 0.857652 0.000000 0.514231
vn 0.857652 0.000000 0.514231
vn 0.314097 0.000000 0.949391
vn 0.314097 0.000000 0.949391
vn 0.314097 0.000000 0.949391
vn 0.000000 0.000000 1.000000
vn 0.000000 0.000000 1.000000
vn 0.314097 0.000000 0.949391
vn 0.000000 0.000000 1.000000
vn 0.000000 0.000000 1.000000
vn 0.314097 0.000000 0.949391
vn 0.296300 0.325000 0.898099
vn 0.314097 0.000000 0.949391
vn 0.857652 0.000000 0.514231
vn 0.815206 0.271102 0.511804
vn 0.296300 0.325000 0.898099
vn 0.815206 0.271102 0.511804
vn 0.645118 0.706620 0.290708
vn 0.235101 0.842203 0.485202
vn 0.296300 0.325000 0.898099
vn 0.235101 0.842203 0.485202
vn 0.000000 0.876220 0.481911
vn 0.000000 0.341494 0.939884
vn 0.296300 0.325000 0.898099
vn 0.000000 0.341494 0.939884
vn 0.000000 0.000000 1.000000
vn 0.314097 0.000000 0.949391
vn 0.154803 0.985420 0.070601
vn 0.678699 0.729700 0.083100
vn 0.681302 0.732002 0.000000
vn 0.143297 0.989680 0.000000
vn 0.154803 0.985420 0.070601
vn 0.143297 0.989680 0.000000
vn 0.000000 1.000000 0.000000
vn 0.000000 0.997826 0.065902
vn 0.154803 0.985420 0.070601
vn 0.000000 0.997826 0.065902
vn 0.000000 0.876220 0.481911
vn 0.235101 0.842203 0.485202
vn 0.154803 0.985420 0.070601
vn 0.235101 0.842203 0.485202
vn 0.645118 0.706620 0.290708
vn 0.678699 0.729700 0.083100
vn 0.000000 -0.998828 0.048401
vn 0.000000 -0.998828 0.048401
vn 0.000000 -1.000000 0.000000
vn 0.000000 -1.000000 0.000000
vn 0.000000 -0.998828 0.048401
vn 0.000000 -1.000000 0.000000
vn 0.000000 -1.000000 0.000000
vn 0.000000 -0.998828 0.048401
vn 0.000000 -0.998828 0.048401
vn 0.000000 -0.998828 0.048401
vn 0.000000 -0.917993 0.396597
vn 0.000000 -0.917993 0.396597
vn 0.000000 -0.998828 0.048401
vn 0.000000 -0.917993 0.396597
vn 0.000000 -0.917993 0.396597
vn 0.000000 -0.998828 0.048401
vn 0.000000 0.402098 -0.915596
vn 0.000000 0.000000 -1.000000
vn 0.000000 0.000000 -1.000000
vn 0.000000 0.402098 -0.915596
vn 0.000000 0.402098 -0.915596
vn 0.000000 0.402098 -0.915596
vn 0.000000 0.912071 -0.410032
vn 0.000000 0.912088 -0.409995
vn 0.000000 0.402098 -0.915596
vn 0.000000 0.912088 -0.409995
vn 0.000000 0.912088 -0.409995
vn 0.000000 0.402098 -0.915596
vn 0.000000 0.402098 -0.915596
vn 0.000000 0.402098 -0.915596
vn 0.000000 0.000000 -1.000000
vn 0.000000 0.000000 -1.000000
vn 0.000000 0.402098 -0.915596
vn 0.000000 0.000000 -1.000000
vn 0.000000 0.000000 -1.000000
vn 0.000000 0.402098 -0.915596
vn 0.000000 0.402098 -0.915596
vn 0.000000 0.402098 -0.915596
vn 0.000000 0.912071 -0.410032
vn 0.000000 0.912088 -0.409995
vn 0.000000 0.402098 -0.915596
vn 0.000000 0.912088 -0.409995
vn 0.000000 0.912088 -0.409995
vn 0.000000 0.402098 -0.915596
vn 0.000000 0.402098 -0.915596
vn 0.000000 0.402098 -0.915596
vn 0.000000 0.000000 -1.000000
vn 0.000000 0.000000 -1.000000
vn 0.000000 0.402098 -0.915596
vn 0.000000 0.402098 -0.915596
vn 0.000000 0.912088 -0.409995
vn 0.000000 0.912071 -0.410032
vn 0.000000 0.402098 -0.915596
vn 0.000000 0.912071 -0.410032
vn 0.000000 0.912071 -0.410032
vn 0.000000 0.402098 -0.915596
vn 0.000000 0.402098 -0.915596
vn 0.000000 0.402098 -0.915596
vn 0.000000 0.000000 -1.000000
vn 0.000000 0.000000 -1.000000
vn 0.000000 0.402098 -0.915596
vn 0.000000 0.000000 -1.000000
vn 0.000000 0.000000 -1.000000
vn 0.000000 0.402098 -0.915596
vn 0.000000 0.000000 1.000000
vn 0.000000 0.000000 1.000000
vn 0.000000 0.000000 1.000000
vn 0.000000 0.000000 1.000000
vn 0.000000 0.000000 1.000000
vn 0.000000 0.000000 1.000000
vn 0.000000 0.000000 1.000000
vn 0.000000 0.000000 1.000000
vn 0.000000 0.000000 1.000000
vn 0.000000 0.000000 1.000000
vn 0.000000 0.000000 1.000000
vn 0.000000 0.000000 1.000000
vn 0.000000 0.000000 1.000000
vn 0.000000 0.000000 1.000000
vn 0.000000 0.000000 1.000000
vn 0.000000 0.000000 1.000000
vn 0.000000 -0.998828 0.048401
vn 0.000000 -0.998828 0.048401
vn 0.000000 -1.000000 0.000000
vn 0.000000 -1.000000 0.000000
vn 0.000000 -0.998828 0.048401
vn 0.000000 -1.000000 0.000000
vn 0.000000 -1.000000 0.000000
vn 0.000000 -0.998828 0.048401
vn 0.000000 -0.998828 0.048401
vn 0.000000 -0.998828 0.048401
vn 0.000000 -0.917993 0.396597
vn 0.000000 -0.917993 0.396597
vn 0.000000 -0.998828 0.048401
vn 0.000000 -0.917993 0.396597
vn 0.000000 -0.917993 0.396597
vn 0.000000 -0.998828 0.048401
vn 0.000000 -0.998828 0.048401
vn 0.000000 -1.000000 0.000000
vn 0.000000 -1.000000 0.000000
vn 0.000000 -0.998828 0.048401
vn 0.000000 -0.998828 0.048401
vn 0.000000 -0.998828 0.048401
vn 0.000000 -0.917993 0.396597
vn 0.000000 -0.917993 0.396597
vn 0.000000 -0.998828 0.048401
vn 0.000000 -0.917993 0.396597
vn 0.000000 -0.917993 0.396597
vn 0.000000 -0.998828 0.048401
vn 0.000000 -0.998828 0.048401
vn 0.000000 -0.998828 0.048401
vn 0.000000 -1.000000 0.000000
vn 0.000000 -1.000000 0.000000
vn 0.000000 0.000000 1.000000
vn 0.000000 0.000000 1.000000
vn 0.000000 0.000000 1.000000
vn 0.000000 0.000000 1.000000
vn 0.000000 0.000000 1.000000
vn 0.000000 0.000000 1.000000
vn 0.000000 0.000000 1.000000
vn 0.000000 0.000000 1.000000
vn 0.000000 0.000000 1.000000
vn 0.000000 0.000000 1.000000
vn 0.000000 0.000000 1.000000
vn 0.000000 0.000000 1.000000
vn 0.000000 0.000000 1.000000
vn 0.000000 0.000000 1.000000
vn 0.000000 0.000000 1.000000
vn 0.000000 0.000000 1.000000
vn 0.000000 1.000000 0.000000
vn 0.000000 1.000000 0.000000
vn 0.000000 1.000000 0.000000
vn 0.000000 1.000000 0.000000
vn 0.000000 1.000000 0.000000
vn 0.000000 1.000000 0.000000
vn 0.000000 1.000000 0.000000
vn 0.000000 1.000000 0.000000
vn 0.000000 1.000000 0.000000
vn 0.000000 1.000000 0.000000
vn 0.000000 1.000000 0.000000
vn 0.000000 1.000000 0.000000
vn 0.000000 1.000000 0.000000
vn 0.000000 1.000000 0.000000
vn 0.000000 1.000000 0.000000
vn 0.000000 1.000000 0.000000
vn 0.000000 0.000000 -1.000000
vn 0.000000 0.000000 -1.000000
vn 0.000000 0.000000 -1.000000
vn 0.000000 0.000000 -1.000000
vn 0.000000 0.000000 -1.000000
vn 0.000000 0.000000 -1.000000
vn 0.000000 0.000000 -1.000000
vn 0.000000 0.000000 -1.000000
vn 0.000000 0.000000 -1.000000
vn 0.000000 0.000000 -1.000000
vn 0.000000 0.000000 -1.000000
vn 0.000000 0.000000 -1.000000
vn 0.000000 0.000000 -1.000000
vn 0.000000 0.000000 -1.000000
vn 0.000000 0.000000 -1.000000
vn 0.000000 0.000000 -1.000000
vn 0.000000 0.000000 -1.000000
vn 0.000000 0.000000 -1.000000
vn 0.000000 0.000000 -1.000000
vn 0.000000 0.000000 -1.000000
vn 0.000000 0.000000 -1.000000
vn 0.000000 0.000000 -1.000000
vn 0.000000 0.000000 -1.000000
vn 0.000000 0.000000 -1.000000
vn 0.000000 0.000000 -1.000000
vn 0.000000 0.000000 -1.000000
vn 0.000000 0.000000 -1.000000
vn 0.000000 0.000000 -1.000000
vn 0.000000 0.000000 -1.000000
vn 0.000000 0.000000 -1.000000
vn 0.000000 0.000000 -1.000000
vn 0.000000 0.000000 -1.000000
vn 0.257800 0.000000 -0.966198
vn 0.257800 0.000000 -0.966198
vn 0.000000 0.000000 -1.000000
vn 0.000000 0.000000 -1.000000
vn 0.257800 0.000000 -0.966198
vn 0.000000 0.000000 -1.000000
vn 0.000000 0.000000 -1.000000
vn 0.257800 0.000000 -0.966198
vn 0.257800 0.000000 -0.966198
vn 0.257800 0.000000 -0.966198
vn 0.813740 0.000000 -0.581229
vn 0.813774 0.000000 -0.581181
vn 0.257800 0.000000 -0.966198
vn 0.813774 0.000000 -0.581181
vn 0.813740 0.000000 -0.581229
vn 0.257800 0.000000 -0.966198
vn 0.000000 0.998119 0.061301
vn 0.000000 0.998119 0.061301
vn 0.000000 0.886884 0.461992
vn 0.000000 0.886884 0.461992
vn 0.000000 0.998119 0.061301
vn 0.000000 0.886884 0.461992
vn 0.000000 0.886884 0.461992
vn 0.000000 0.998119 0.061301
vn 0.000000 0.998119 0.061301
vn 0.000000 0.998119 0.061301
vn 0.000000 1.000000 0.000000
vn 0.000000 1.000000 0.000000
vn 0.000000 0.998119 0.061301
vn 0.000000 1.000000 0.000000
vn 0.000000 1.000000 0.000000
vn 0.000000 0.998119 0.061301
vn 0.000000 -0.469830 -0.882757
vn 0.000000 -0.944887 -0.327396
vn 0.000000 -0.944887 -0.327396
vn 0.000000 -0.469830 -0.882757
vn 0.000000 -0.469830 -0.882757
vn 0.000000 -0.469830 -0.882757
vn 0.000000 0.000000 -1.000000
vn 0.000000 0.000000 -1.000000
vn 0.000000 -0.469830 -0.882757
vn 0.000000 0.000000 -1.000000
vn 0.000000 0.000000 -1.000000
vn 0.000000 -0.469830 -0.882757
vn 0.000000 -0.469830 -0.882757
vn 0.000000 -0.469830 -0.882757
vn 0.000000 -0.944887 -0.327396
vn 0.000000 -0.944887 -0.327396
vn 0.000000 -0.469908 -0.882715
vn 0.000000 -0.469830 -0.882757
vn 0.000000 0.000000 -1.000000
vn 0.000000 0.000000 -1.000000
vn 0.000000 -0.469908 -0.882715
vn 0.000000 0.000000 -1.000000
vn 0.000000 0.000000 -1.000000
vn 0.000000 -0.469908 -0.882715
vn 0.000000 -0.469908 -0.882715
vn 0.000000 -0.469908 -0.882715
vn 0.000000 -0.944887 -0.327396
vn 0.000000 -0.944887 -0.327396
vn 0.000000 -0.469908 -0.882715
vn 0.000000 -0.944887 -0.327396
vn 0.000000 -0.944887 -0.327396
vn 0.000000 -0.469830 -0.882757
vn 0.000000 -0.987245 -0.159207
vn 0.000000 -0.987245 -0.159207
vn 0.000000 -0.708505 -0.705705
vn 0.000000 -0.708505 -0.705705
vn 0.000000 -0.987245 -0.159207
vn 0.000000 -0.708505 -0.705705
vn 0.000000 -0.708505 -0.705705
vn 0.000000 -0.987245 -0.159207
vn 0.000000 -0.987245 -0.159207
vn 0.000000 -0.987245 -0.159207
vn 0.000000 -1.000000 0.000000
vn 0.000000 -1.000000 0.000000
vn 0.000000 -0.987245 -0.159207
vn 0.000000 -1.000000 0.000000
vn 0.000000 -1.000000 0.000000
vn 0.000000 -0.987245 -0.159207
vn 0.000000 -1.000000 0.000000
vn 0.000000 -1.000000 0.000000
vn 0.000000 -1.000000 0.000000
vn 0.000000 -1.000000 0.000000
vn 0.000000 -1.000000 0.000000
vn 0.000000 -1.000000 0.000000
vn 0.000000 -1.000000 0.000000
vn 0.000000 -1.000000 0.000000
vn 0.000000 -1.000000 0.000000
vn 0.000000 -1.000000 0.000000
vn 0.000000 -1.000000 0.000000
vn 0.000000 -1.000000 0.000000
vn 0.000000 -1.000000 0.000000
vn 0.000000 -1.000000 0.000000
vn 0.000000 -1.000000 0.000000
vn 0.000000 -1.000000 0.000000
vn 0.000000 -0.413215 0.910633
vn 0.000000 -0.917993 0.396597
vn 0.000000 -0.917993 0.396597
vn 0.000000 -0.413215 0.910633
vn 0.000000 -0.413215 0.910633
vn 0.000000 -0.413215 0.910633
vn 0.000000 0.000000 1.000000
vn 0.000000 0.000000 1.000000
vn 0.000000 -0.413215 0.910633
vn 0.000000 0.000000 1.000000
vn 0.000000 0.000000 1.000000
vn 0.000000 -0.413215 0.910633
vn 0.000000 -0.413215 0.910633
vn 0.000000 -0.413215 0.910633
vn 0.000000 -0.917993 0.396597
vn 0.000000 -0.917993 0.396597
vn 0.000000 -0.413215 0.910633
vn 0.000000 -0.413215 0.910633
vn 0.000000 0.000000 1.000000
vn 0.000000 0.000000 1.000000
vn 0.000000 -0.413215 0.910633
vn 0.000000 0.000000 1.000000
vn 0.000000 0.000000 1.000000
vn 0.000000 -0.413215 0.910633
vn 0.000000 -0.413215 0.910633
vn 0.000000 -0.413215 0.910633
vn 0.000000 -0.917993 0.396597
vn 0.000000 -0.917993 0.396597
vn 0.000000 -0.413215 0.910633
vn 0.000000 -0.917993 0.396597
vn 0.000000 -0.917993 0.396597
vn 0.000000 -0.413215 0.910633
vn 0.000000 -1.000000 0.000000
vn 0.000000 -1.000000 0.000000
vn 0.000000 -1.000000 0.000000
vn 0.000000 -1.000000 0.000000
vn 0.000000 -1.000000 0.000000
vn 0.000000 -1.000000 0.000000
vn 0.000000 -1.000000 0.000000
vn 0.000000 -1.000000 0.000000
vn 0.000000 -1.000000 0.000000
vn 0.000000 -1.000000 0.000000
vn 0.000000 -1.000000 0.000000
vn 0.000000 -1.000000 0.000000
vn 0.000000 -1.000000 0.000000
vn 0.000000 -1.000000 0.000000
vn 0.000000 -1.000000 0.000000
vn 0.000000 -1.000000 0.000000
vn 0.000000 1.000000 0.000000
vn 0.000000 1.000000 0.000000
vn 0.000000 1.000000 0.000000
vn 0.000000 1.000000 0.000000
vn 0.000000 1.000000 0.000000
vn 0.000000 1.000000 0.000000
vn 0.000000 1.000000 0.000000
vn 0.000000 1.000000 0.000000
vn 0.000000 1.000000 0.000000
vn 0.000000 1.000000 0.000000
vn 0.000000 1.000000 0.000000
vn 0.000000 1.000000 0.000000
vn 0.000000 1.000000 0.000000
vn 0.000000 1.000000 0.000000
vn 0.000000 1.000000 0.000000
vn 0.000000 1.000000 0.000000
vn 0.000000 0.000000 1.000000
vn 0.000000 0.000000 1.000000
vn 0.000000 0.000000 1.000000
vn 0.000000 0.000000 1.000000
vn 0.000000 0.000000 1.000000
vn 0.000000 0.000000 1.000000
vn 0.000000 0.000000 1.000000
vn 0.000000 0.000000 1.000000
vn 0.000000 0.000000 1.000000
vn 0.000000 0.000000 1.000000
vn 0.000000 0.000000 1.000000
vn 0.000000 0.000000 1.000000
vn 0.000000 0.000000 1.000000
vn 0.000000 0.000000 1.000000
vn 0.000000 0.000000 1.000000
vn 0.000000 0.000000 1.000000
vn 0.000000 0.000000 1.000000
vn 0.000000 0.000000 1.000000
vn 0.000000 0.000000 1.000000
vn 0.000000 0.000000 1.000000
vn 0.000000 0.000000 1.000000
vn 0.000000 0.000000 1.000000
vn 0.000000 0.000000 1.000000
vn 0.000000 0.000000 1.000000
vn 0.000000 0.000000 1.000000
vn 0.000000 0.000000 1.000000
vn 0.000000 0.000000 1.000000
vn 0.000000 0.000000 1.000000
vn 0.000000 0.000000 1.000000
vn 0.000000 0.000000 1.000000
vn 0.000000 0.000000 1.000000
vn 0.000000 0.000000 1.000000
vn 0.000000 -1.000000 0.000000
vn 0.000000 -1.000000 0.000000
vn 0.000000 -1.000000 0.000000
vn 0.000000 -1.000000 0.000000
vn 0.000000 -1.000000 0.000000
vn 0.000000 -1.000000 0.000000
vn 0.000000 -1.000000 0.000000
vn 0.000000 -1.000000 0.000000
vn 0.000000 -1.000000 0.000000
vn 0.000000 -1.000000 0.000000
vn 0.000000 -1.000000 0.000000
vn 0.000000 -1.000000 0.000000
vn 0.000000 -1.000000 0.000000
vn 0.000000 -1.000000 0.000000
vn 0.000000 -1.000000 0.000000
vn 0.000000 -1.000000 0.000000
vn -0.290796 0.000000 -0.956785
vn -0.290796 0.000000 -0.956785
vn -0.840551 0.000000 -0.541733
vn -0.840551 0.000000 -0.541733
vn -0.290796 0.000000 -0.956785
vn -0.840551 0.000000 -0.541733
vn -0.840551 0.000000 -0.541733
vn -0.290796 0.000000 -0.956785
vn -0.290796 0.000000 -0.956785
vn -0.290796 0.000000 -0.956785
vn 0.000000 0.000000 -1.000000
vn 0.000000 0.000000 -1.000000
vn -0.290796 0.000000 -0.956785
vn 0.000000 0.000000 -1.000000
vn 0.000000 0.000000 -1.000000
vn -0.290796 0.000000 -0.956785
vn 0.000000 0.341494 0.939884
vn 0.000000 0.000000 1.000000
vn 0.000000 0.000000 1.000000
vn 0.000000 0.341494 0.939884
vn 0.000000 0.341494 0.939884
vn 0.000000 0.341494 0.939884
vn 0.000000 0.876220 0.481911
vn 0.000000 0.876220 0.481911
vn 0.000000 0.341494 0.939884
vn 0.000000 0.876220 0.481911
vn 0.000000 0.876220 0.481911
vn 0.000000 0.341494 0.939884
vn 0.000000 0.341494 0.939884
vn 0.000000 0.341494 0.939884
vn 0.000000 0.000000 1.000000
vn 0.000000 0.000000 1.000000
vn 0.000000 0.341494 0.939884
vn 0.000000 0.341494 0.939884
vn 0.000000 0.876220 0.481911
vn 0.000000 0.876220 0.481911
vn 0.000000 0.341494 0.939884
vn 0.000000 0.876220 0.481911
vn 0.000000 0.876220 0.481911
vn 0.000000 0.341526 0.939872
vn 0.000000 0.341494 0.939884
vn 0.000000 0.341526 0.939872
vn 0.000000 0.000000 1.000000
vn 0.000000 0.000000 1.000000
vn 0.000000 0.341494 0.939884
vn 0.000000 0.000000 1.000000
vn 0.000000 0.000000 1.000000
vn 0.000000 0.341494 0.939884
vn 0.000000 1.000000 0.000000
vn 0.000000 1.000000 0.000000
vn 0.000000 1.000000 0.000000
vn 0.000000 1.000000 0.000000
vn 0.000000 1.000000 0.000000
vn 0.000000 1.000000 0.000000
vn 0.000000 1.000000 0.000000
vn 0.000000 1.000000 0.000000
vn 0.000000 1.000000 0.000000
vn 0.000000 1.000000 0.000000
vn 0.000000 1.000000 0.000000
vn 0.000000 1.000000 0.000000
vn 0.000000 1.000000 0.000000
vn 0.000000 1.000000 0.000000
vn 0.000000 1.000000 0.000000
vn 0.000000 1.000000 0.000000
vn -0.235706 0.000000 0.971824
vn -0.235706 0.000000 0.971824
vn 0.000000 0.000000 1.000000
vn 0.000000 0.000000 1.000000
vn -0.235706 0.000000 0.971824
vn 0.000000 0.000000 1.000000
vn 0.000000 0.000000 1.000000
vn -0.235706 0.000000 0.971824
vn -0.235706 0.000000 0.971824
vn -0.235706 0.000000 0.971824
vn -0.793875 0.000000 0.608081
vn -0.793875 0.000000 0.608081
vn -0.235706 0.000000 0.971824
vn -0.793875 0.000000 0.608081
vn -0.793875 0.000000 0.608081
vn -0.235706 0.000000 0.971824
vn 0.000000 0.997826 0.065902
vn 0.000000 0.997826 0.065902
vn 0.000000 1.000000 0.000000
vn 0.000000 1.000000 0.000000
vn 0.000000 0.997826 0.065902
vn 0.000000 1.000000 0.000000
vn 0.000000 1.000000 0.000000
vn 0.000000 0.997826 0.065902
vn 0.000000 0.997826 0.065902
vn 0.000000 0.997826 0.065902
vn 0.000000 0.876220 0.481911
vn 0.000000 0.876220 0.481911
vn 0.000000 0.997826 0.065902
vn 0.000000 0.876220 0.481911
vn 0.000000 0.876220 0.481911
vn 0.000000 0.997826 0.065902
vn 0.000000 0.997826 0.065902
vn 0.000000 1.000000 0.000000
vn 0.000000 1.000000 0.000000
vn 0.000000 0.997826 0.065902
vn 0.000000 0.997826 0.065902
vn 0.000000 0.997826 0.065902
vn 0.000000 0.876220 0.481911
vn 0.000000 0.876220 0.481911
vn 0.000000 0.997826 0.065902
vn 0.000000 0.876220 0.481911
vn 0.000000 0.876220 0.481911
vn 0.000000 0.997826 0.065902
vn 0.000000 0.997826 0.065902
vn 0.000000 0.997826 0.065902
vn 0.000000 1.000000 0.000000
vn 0.000000 1.000000 0.000000
vn 0.000000 0.000000 1.000000
vn 0.000000 0.000000 1.000000
vn 0.000000 0.000000 1.000000
vn 0.000000 0.000000 1.000000
vn 0.000000 0.000000 1.000000
vn 0.000000 0.000000 1.000000
vn 0.000000 0.000000 1.000000
vn 0.000000 0.000000 1.000000
vn 0.000000 0.000000 1.000000
vn 0.000000 0.000000 1.000000
vn 0.000000 0.000000 1.000000
vn 0.000000 0.000000 1.000000
vn 0.000000 0.000000 1.000000
vn 0.000000 0.000000 1.000000
vn 0.000000 0.000000 1.000000
vn 0.000000 0.000000 1.000000
vn 0.374595 0.000000 -0.927188
vn 0.374595 0.000000 -0.927188
vn 0.000000 0.000000 -1.000000
vn 0.000000 0.000000 -1.000000
vn 0.374595 0.000000 -0.927188
vn 0.000000 0.000000 -1.000000
vn 0.000000 0.000000 -1.000000
vn 0.374595 0.000000 -0.927188
vn 0.374595 0.000000 -0.927188
vn 0.374595 0.000000 -0.927188
vn 0.896616 0.000000 -0.442808
vn 0.896616 0.000000 -0.442808
vn 0.374595 0.000000 -0.927188
vn 0.896616 0.000000 -0.442808
vn 0.896616 0.000000 -0.442808
vn 0.374595 0.000000 -0.927188
vn 0.000000 0.996843 0.079403
vn 0.000000 0.996843 0.079403
vn 0.000000 1.000000 0.000000
vn 0.000000 1.000000 0.000000
vn 0.000000 0.996843 0.079403
vn 0.000000 1.000000 0.000000
vn 0.000000 1.000000 0.000000
vn 0.000000 0.996843 0.079403
vn 0.000000 0.996843 0.079403
vn 0.000000 0.996843 0.079403
vn 0.000000 0.846184 0.532890
vn 0.000000 0.846184 0.532890
vn 0.000000 0.996843 0.079403
vn 0.000000 0.846184 0.532890
vn 0.000000 0.846184 0.532890
vn 0.000000 0.996843 0.079403
vn -0.268002 -0.961008 0.068101
vn -0.809800 -0.583600 0.060300
vn -0.809134 -0.587625 0.000000
vn -0.252406 -0.967622 0.000000
vn -0.268002 -0.961008 0.068101
vn -0.252406 -0.967622 0.000000
vn 0.000000 -1.000000 0.000000
vn 0.000000 -0.997793 0.066400
vn -0.268002 -0.961008 0.068101
vn 0.000000 -0.997793 0.066400
vn 0.000000 -0.875118 0.483910
vn -0.363495 -0.803588 0.471293
vn -0.268002 -0.961008 0.068101
vn -0.363495 -0.803588 0.471293
vn -0.811118 -0.549112 0.201404
vn -0.809800 -0.583600 0.060300
vn 0.000000 0.298292 0.954475
vn 0.000000 0.000000 1.000000
vn 0.000000 0.000000 1.000000
vn 0.000000 0.298292 0.954475
vn 0.000000 0.298292 0.954475
vn 0.000000 0.298292 0.954475
vn 0.000000 0.846184 0.532890
vn 0.000000 0.846184 0.532890
vn 0.000000 0.298292 0.954475
vn 0.000000 0.846184 0.532890
vn 0.000000 0.846184 0.532890
vn 0.000000 0.298292 0.954475
vn 0.000000 0.298292 0.954475
vn 0.000000 0.298292 0.954475
vn 0.000000 0.000000 1.000000
vn 0.000000 0.000000 1.000000
vn -0.437511 0.274407 -0.856321
vn -0.467892 0.000000 -0.883786
vn -0.944014 0.000000 -0.329905
vn -0.924597 0.167800 -0.341999
vn -0.437511 0.274407 -0.856321
vn -0.924597 0.167800 -0.341999
vn -0.845083 0.493690 -0.205196
vn -0.386428 0.777256 -0.496536
vn -0.437511 0.274407 -0.856321
vn -0.386428 0.777256 -0.496536
vn 0.000000 0.854781 -0.518989
vn 0.000000 0.310011 -0.950733
vn -0.437511 0.274407 -0.856321
vn 0.000000 0.310011 -0.950733
vn 0.000000 0.000000 -1.000000
vn -0.467892 0.000000 -0.883786
vn -0.467892 0.000000 -0.883786
vn -0.467892 0.000000 -0.883786
vn -0.944014 0.000000 -0.329905
vn -0.944014 0.000000 -0.329905
vn -0.467892 0.000000 -0.883786
vn -0.944014 0.000000 -0.329905
vn -0.944014 0.000000 -0.329905
vn -0.467892 0.000000 -0.883786
vn -0.467892 0.000000 -0.883786
vn -0.467892 0.000000 -0.883786
vn 0.000000 0.000000 -1.000000
vn 0.000000 0.000000 -1.000000
vn -0.467892 0.000000 -0.883786
vn 0.000000 0.000000 -1.000000
vn 0.000000 0.000000 -1.000000
vn -0.467892 0.000000 -0.883786
vn 0.000000 0.000000 1.000000
vn 0.000000 0.000000 1.000000
vn 0.000000 0.000000 1.000000
vn 0.000000 0.000000 1.000000
vn 0.000000 0.000000 1.000000
vn 0.000000 0.000000 1.000000
vn 0.000000 0.000000 1.000000
vn 0.000000 0.000000 1.000000
vn 0.000000 0.000000 1.000000
vn 0.000000 0.000000 1.000000
vn 0.000000 0.000000 1.000000
vn 0.000000 0.000000 1.000000
vn 0.000000 0.000000 1.000000
vn 0.000000 0.000000 1.000000
vn 0.000000 0.000000 1.000000
vn 0.000000 0.000000 1.000000
vn -0.456986 0.000000 0.889474
vn -0.456986 0.000000 0.889474
vn 0.000000 0.000000 1.000000
vn 0.000000 0.000000 1.000000
vn -0.456986 0.000000 0.889474
vn 0.000000 0.000000 1.000000
vn 0.000000 0.000000 1.000000
vn -0.456986 0.000000 0.889474
vn -0.456986 0.000000 0.889474
vn -0.456986 0.000000 0.889474
vn -0.939223 0.000000 0.343308
vn -0.939223 0.000000 0.343308
vn -0.456986 0.000000 0.889474
vn -0.939223 0.000000 0.343308
vn -0.939223 0.000000 0.343308
vn -0.456986 0.000000 0.889474
vn 0.994957 0.000000 0.100306
vn 0.994957 0.000000 0.100306
vn 1.000000 0.000000 0.000000
vn 1.000000 0.000000 0.000000
vn 0.994957 0.000000 0.100306
vn 1.000000 0.000000 0.000000
vn 1.000000 0.000000 0.000000
vn 0.994957 0.000000 0.100306
vn 0.994957 0.000000 0.100306
vn 0.994957 0.000000 0.100306
vn 0.804311 0.000000 0.594208
vn 0.804263 0.000000 0.594273
vn 0.994957 0.000000 0.100306
vn 0.804263 0.000000 0.594273
vn 0.804263 0.000000 0.594273
vn 0.994957 0.000000 0.100306
vn 0.257800 0.000000 -0.966198
vn 0.257800 0.000000 -0.966198
vn 0.000000 0.000000 -1.000000
vn 0.000000 0.000000 -1.000000
vn 0.257800 0.000000 -0.966198
vn 0.000000 0.000000 -1.000000
vn 0.000000 0.000000 -1.000000
vn 0.257800 0.000000 -0.966198
vn 0.257800 0.000000 -0.966198
vn 0.257800 0.000000 -0.966198
vn 0.813774 0.000000 -0.581181
vn 0.813740 0.000000 -0.581229
vn 0.257800 0.000000 -0.966198
vn 0.813740 0.000000 -0.581229
vn 0.813740 0.000000 -0.581229
vn 0.257800 0.000000 -0.966198
vn -0.999289 0.000000 -0.037700
vn -0.999289 0.000000 -0.037700
vn -1.000000 0.000000 0.000000
vn -1.000000 0.000000 0.000000
vn -0.999289 0.000000 -0.037700
vn -1.000000 0.000000 0.000000
vn -1.000000 0.000000 0.000000
vn -0.999289 0.000000 -0.037700
vn -0.999289 0.000000 -0.037700
vn -0.999289 0.000000 -0.037700
vn -0.944014 0.000000 -0.329905
vn -0.944014 0.000000 -0.329905
vn -0.999289 0.000000 -0.037700
vn -0.944014 0.000000 -0.329905
vn -0.944014 0.000000 -0.329905
vn -0.999289 0.000000 -0.037700
vn -0.993438 -0.106804 -0.040902
vn -0.810140 -0.583429 -0.057303
vn -0.809134 -0.587625 0.000000
vn -0.995206 -0.097801 0.000000
vn -0.993438 -0.106804 -0.040902
vn -0.995206 -0.097801 0.000000
vn -1.000000 0.000000 0.000000
vn -0.999289 0.000000 -0.037700
vn -0.993438 -0.106804 -0.040902
vn -0.999289 0.000000 -0.037700
vn -0.944014 0.000000 -0.329905
vn -0.917925 -0.198705 -0.343409
vn -0.993438 -0.106804 -0.040902
vn -0.917925 -0.198705 -0.343409
vn -0.812638 -0.551026 -0.189709
vn -0.810140 -0.583429 -0.057303
vn 0.243902 -0.342502 -0.907306
vn 0.184813 -0.860562 -0.474634
vn 0.000000 -0.882884 -0.469591
vn 0.000000 -0.352000 -0.936000
vn 0.243902 -0.342502 -0.907306
vn 0.000000 -0.352000 -0.936000
vn 0.000000 0.000000 -1.000000
vn 0.257800 0.000000 -0.966198
vn 0.243902 -0.342502 -0.907306
vn 0.257800 0.000000 -0.966198
vn 0.813740 0.000000 -0.581229
vn 0.765480 -0.306292 -0.565885
vn 0.243902 -0.342502 -0.907306
vn 0.765480 -0.306292 -0.565885
vn 0.553914 -0.769819 -0.317108
vn 0.184813 -0.860562 -0.474634
vn 0.963800 -0.245800 0.103300
vn 0.608778 -0.787572 0.095497
vn 0.611473 -0.791265 0.000000
vn 0.972501 -0.232900 0.000000
vn 0.963800 -0.245800 0.103300
vn 0.972501 -0.232900 0.000000
vn 1.000000 0.000000 0.000000
vn 0.994957 0.000000 0.100306
vn 0.963800 -0.245800 0.103300
vn 0.994957 0.000000 0.100306
vn 0.804263 0.000000 0.594273
vn 0.758411 -0.301004 0.578108
vn 0.963800 -0.245800 0.103300
vn 0.758411 -0.301004 0.578108
vn 0.549901 -0.765802 0.333401
vn 0.608778 -0.787572 0.095497
vn -0.423021 -0.301915 0.854342
vn -0.363495 -0.803588 0.471293
vn 0.000000 -0.875118 0.483910
vn 0.000000 -0.339799 0.940498
vn -0.423021 -0.301915 0.854342
vn 0.000000 -0.339799 0.940498
vn 0.000000 0.000000 1.000000
vn -0.456986 0.000000 0.889474
vn -0.423021 -0.301915 0.854342
vn -0.456986 0.000000 0.889474
vn -0.939223 0.000000 0.343308
vn -0.913669 -0.195915 0.356127
vn -0.423021 -0.301915 0.854342
vn -0.913669 -0.195915 0.356127
vn -0.811118 -0.549112 0.201404
vn -0.363495 -0.803588 0.471293
vn 0.000000 -0.339799 0.940498
vn 0.000000 -0.875118 0.483910
vn 0.000000 -0.875118 0.483910
vn 0.000000 -0.339799 0.940498
vn 0.000000 -0.339799 0.940498
vn 0.000000 -0.339799 0.940498
vn 0.000000 0.000000 1.000000
vn 0.000000 0.000000 1.000000
vn 0.000000 -0.339799 0.940498
vn 0.000000 0.000000 1.000000
vn 0.000000 0.000000 1.000000
vn 0.000000 -0.339799 0.940498
vn 0.000000 -0.339799 0.940498
vn 0.000000 -0.339799 0.940498
vn 0.000000 -0.875118 0.483910
vn 0.000000 -0.875118 0.483910
vn -0.430429 -0.310721 -0.847457
vn -0.368700 -0.808999 -0.457800
vn -0.812638 -0.551026 -0.189709
vn -0.917925 -0.198705 -0.343409
vn -0.430429 -0.310721 -0.847457
vn -0.917925 -0.198705 -0.343409
vn -0.944014 0.000000 -0.329905
vn -0.467892 0.000000 -0.883786
vn -0.430429 -0.310721 -0.847457
vn -0.467892 0.000000 -0.883786
vn 0.000000 0.000000 -1.000000
vn 0.000000 -0.352000 -0.936000
vn -0.430429 -0.310721 -0.847457
vn 0.000000 -0.352000 -0.936000
vn 0.000000 -0.882884 -0.469591
vn -0.368700 -0.808999 -0.457800
vn 0.235517 -0.332925 0.913068
vn 0.181494 -0.853774 0.487985
vn 0.549901 -0.765802 0.333401
vn 0.758411 -0.301004 0.578108
vn 0.235517 -0.332925 0.913068
vn 0.758411 -0.301004 0.578108
vn 0.804263 0.000000 0.594273
vn 0.247004 0.000000 0.969015
vn 0.235517 -0.332925 0.913068
vn 0.247004 0.000000 0.969015
vn 0.000000 0.000000 1.000000
vn 0.000000 -0.339799 0.940498
vn 0.235517 -0.332925 0.913068
vn 0.000000 -0.339799 0.940498
vn 0.000000 -0.875118 0.483910
vn 0.181494 -0.853774 0.487985
vn 0.000000 -0.352000 -0.936000
vn 0.000000 -0.882884 -0.469591
vn 0.000000 -0.882884 -0.469591
vn 0.000000 -0.352000 -0.936000
vn 0.000000 -0.352000 -0.936000
vn 0.000000 -0.352000 -0.936000
vn 0.000000 0.000000 -1.000000
vn 0.000000 0.000000 -1.000000
vn 0.000000 -0.352000 -0.936000
vn 0.000000 0.000000 -1.000000
vn 0.000000 0.000000 -1.000000
vn 0.000000 -0.352000 -0.936000
vn 0.000000 -0.352000 -0.936000
vn 0.000000 -0.352000 -0.936000
vn 0.000000 -0.882884 -0.469591
vn 0.000000 -0.882884 -0.469591
vn 0.000000 0.000000 -1.000000
vn 0.000000 0.000000 -1.000000
vn 0.000000 0.000000 -1.000000
vn 0.000000 0.000000 -1.000000
vn 0.000000 0.000000 -1.000000
vn 0.000000 0.000000 -1.000000
vn 0.000000 0.000000 -1.000000
vn 0.000000 0.000000 -1.000000
vn 0.000000 0.000000 -1.000000
vn 0.000000 0.000000 -1.000000
vn 0.000000 0.000000 -1.000000
vn 0.000000 0.000000 -1.000000
vn 0.000000 0.000000 -1.000000
vn 0.000000 0.000000 -1.000000
vn 0.000000 0.000000 -1.000000
vn 0.000000 0.000000 -1.000000
vn 0.247004 0.000000 0.969015
vn 0.247004 0.000000 0.969015
vn 0.804263 0.000000 0.594273
vn 0.804263 0.000000 0.594273
vn 0.247004 0.000000 0.969015
vn 0.804263 0.000000 0.594273
vn 0.804311 0.000000 0.594208
vn 0.247004 0.000000 0.969015
vn 0.247004 0.000000 0.969015
vn 0.247004 0.000000 0.969015
vn 0.000000 0.000000 1.000000
vn 0.000000 0.000000 1.000000
vn 0.247004 0.000000 0.969015
vn 0.000000 0.000000 1.000000
vn 0.000000 0.000000 1.000000
vn 0.247004 0.000000 0.969015
vn 0.240405 0.294506 0.924917
vn 0.247004 0.000000 0.969015
vn 0.804311 0.000000 0.594208
vn 0.767619 0.265307 0.583415
vn 0.240405 0.294506 0.924917
vn 0.767619 0.265307 0.583415
vn 0.593257 0.716369 0.367235
vn 0.198907 0.822131 0.533420
vn 0.240405 0.294506 0.924917
vn 0.198907 0.822131 0.533420
vn 0.000000 0.846184 0.532890
vn 0.000000 0.298292 0.954475
vn 0.240405 0.294506 0.924917
vn 0.000000 0.298292 0.954475
vn 0.000000 0.000000 1.000000
vn 0.247004 0.000000 0.969015
vn 0.138106 0.986746 0.085204
vn 0.651111 0.751712 0.104802
vn 0.654424 0.756128 0.000000
vn 0.127898 0.991787 0.000000
vn 0.138106 0.986746 0.085204
vn 0.127898 0.991787 0.000000
vn 0.000000 1.000000 0.000000
vn 0.000000 0.996843 0.079403
vn 0.138106 0.986746 0.085204
vn 0.000000 0.996843 0.079403
vn 0.000000 0.846184 0.532890
vn 0.198907 0.822131 0.533420
vn 0.138106 0.986746 0.085204
vn 0.198907 0.822131 0.533420
vn 0.593257 0.716369 0.367235
vn 0.651111 0.751712 0.104802
vn 0.000000 -0.997793 0.066400
vn 0.000000 -0.997793 0.066400
vn 0.000000 -1.000000 0.000000
vn 0.000000 -1.000000 0.000000
vn 0.000000 -0.997793 0.066400
vn 0.000000 -1.000000 0.000000
vn 0.000000 -1.000000 0.000000
vn 0.000000 -0.997793 0.066400
vn 0.000000 -0.997793 0.066400
vn 0.000000 -0.997793 0.066400
vn 0.000000 -0.875118 0.483910
vn 0.000000 -0.875118 0.483910
vn 0.000000 -0.997793 0.066400
vn 0.000000 -0.875118 0.483910
vn 0.000000 -0.875118 0.483910
vn 0.000000 -0.997793 0.066400
vn 0.000000 0.310101 -0.950704
vn 0.000000 0.000000 -1.000000
vn 0.000000 0.000000 -1.000000
vn 0.000000 0.310101 -0.950704
vn 0.000000 0.310101 -0.950704
vn 0.000000 0.310101 -0.950704
vn 0.000000 0.854781 -0.518989
vn 0.000000 0.854781 -0.518989
vn 0.000000 0.310101 -0.950704
vn 0.000000 0.854781 -0.518989
vn 0.000000 0.854781 -0.518989
vn 0.000000 0.310011 -0.950733
vn 0.000000 0.310101 -0.950704
vn 0.000000 0.310011 -0.950733
vn 0.000000 0.000000 -1.000000
vn 0.000000 0.000000 -1.000000
vn 0.000000 0.310011 -0.950733
vn 0.000000 0.000000 -1.000000
vn 0.000000 0.000000 -1.000000
vn 0.000000 0.310011 -0.950733
vn 0.000000 0.310011 -0.950733
vn 0.000000 0.310011 -0.950733
vn 0.000000 0.854781 -0.518989
vn 0.000000 0.854781 -0.518989
vn 0.000000 0.310011 -0.950733
vn 0.000000 0.854781 -0.518989
vn 0.000000 0.854781 -0.518989
vn 0.000000 0.310011 -0.950733
vn 0.000000 0.310011 -0.950733
vn 0.000000 0.310011 -0.950733
vn 0.000000 0.000000 -1.000000
vn 0.000000 0.000000 -1.000000
vn 0.000000 0.310101 -0.950704
vn 0.000000 0.310011 -0.950733
vn 0.000000 0.854781 -0.518989
vn 0.000000 0.854781 -0.518989
vn 0.000000 0.310101 -0.950704
vn 0.000000 0.854781 -0.518989
vn 0.000000 0.854781 -0.518989
vn 0.000000 0.310101 -0.950704
vn 0.000000 0.310101 -0.950704
vn 0.000000 0.310101 -0.950704
vn 0.000000 0.000000 -1.000000
vn 0.000000 0.000000 -1.000000
vn 0.000000 0.310101 -0.950704
vn 0.000000 0.000000 -1.000000
vn 0.000000 0.000000 -1.000000
vn 0.000000 0.310011 -0.950733
vn 0.000000 -0.997793 0.066400
vn 0.000000 -0.997793 0.066400
vn 0.000000 -1.000000 0.000000
vn 0.000000 -1.000000 0.000000
vn 0.000000 -0.997793 0.066400
vn 0.000000 -1.000000 0.000000
vn 0.000000 -1.000000 0.000000
vn 0.000000 -0.997793 0.066400
vn 0.000000 -0.997793 0.066400
vn 0.000000 -0.997793 0.066400
vn 0.000000 -0.875118 0.483910
vn 0.000000 -0.875118 0.483910
vn 0.000000 -0.997793 0.066400
vn 0.000000 -0.875118 0.483910
vn 0.000000 -0.875118 0.483910
vn 0.000000 -0.997793 0.066400
vn 0.000000 -0.997793 0.066400
vn 0.000000 -1.000000 0.000000
vn 0.000000 -1.000000 0.000000
vn 0.000000 -0.997793 0.066400
vn 0.000000 -0.997793 0.066400
vn 0.000000 -0.997793 0.066400
vn 0.000000 -0.875118 0.483910
vn 0.000000 -0.875118 0.483910
vn 0.000000 -0.997793 0.066400
vn 0.000000 -0.875118 0.483910
vn 0.000000 -0.875118 0.483910
vn 0.000000 -0.997793 0.066400
vn 0.000000 -0.997793 0.066400
vn 0.000000 -0.997793 0.066400
vn 0.000000 -1.000000 0.000000
vn 0.000000 -1.000000 0.000000
vn 0.000000 0.000000 -1.000000
vn 0.000000 0.000000 -1.000000
vn 0.000000 0.000000 -1.000000
vn 0.000000 0.000000 -1.000000
vn 0.000000 0.000000 -1.000000
vn 0.000000 0.000000 -1.000000
vn 0.000000 0.000000 -1.000000
vn 0.000000 0.000000 -1.000000
vn 0.000000 0.000000 -1.000000
vn 0.000000 0.000000 -1.000000
vn 0.000000 0.000000 -1.000000
vn 0.000000 0.000000 -1.000000
vn 0.000000 0.000000 -1.000000
vn 0.000000 0.000000 -1.000000
vn 0.000000 0.000000 -1.000000
vn 0.000000 0.000000 -1.000000
vn 0.000000 0.331994 -0.943282
vn 0.000000 0.331994 -0.943282
vn 0.000000 0.869979 -0.493088
vn 0.000000 0.869979 -0.493088
vn 0.000000 0.331994 -0.943282
vn 0.000000 0.869979 -0.493088
vn 0.000000 0.869979 -0.493088
vn 0.000000 0.332025 -0.943271
vn 0.000000 0.331994 -0.943282
vn 0.000000 0.332025 -0.943271
vn 0.000000 0.000000 -1.000000
vn 0.000000 0.000000 -1.000000
vn 0.000000 0.331994 -0.943282
vn 0.000000 0.000000 -1.000000
vn 0.000000 0.000000 -1.000000
vn 0.000000 0.331994 -0.943282
vn 0.000000 0.000000 -1.000000
vn 0.000000 0.000000 -1.000000
vn 0.000000 0.000000 -1.000000
vn 0.000000 0.000000 -1.000000
vn 0.000000 0.000000 -1.000000
vn 0.000000 0.000000 -1.000000
vn 0.000000 0.000000 -1.000000
vn 0.000000 0.000000 -1.000000
vn 0.000000 0.000000 -1.000000
vn 0.000000 0.000000 -1.000000
vn 0.000000 0.000000 -1.000000
vn 0.000000 0.000000 -1.000000
vn 0.000000 0.000000 -1.000000
vn 0.000000 0.000000 -1.000000
vn 0.000000 0.000000 -1.000000
vn 0.000000 0.000000 -1.000000
vn 0.000000 -0.352000 -0.936000
vn 0.000000 -0.882884 -0.469591
vn 0.000000 -0.882884 -0.469591
vn 0.000000 -0.352000 -0.936000
vn 0.000000 -0.352000 -0.936000
vn 0.000000 -0.352000 -0.936000
vn 0.000000 0.000000 -1.000000
vn 0.000000 0.000000 -1.000000
vn 0.000000 -0.352000 -0.936000
vn 0.000000 0.000000 -1.000000
vn 0.000000 0.000000 -1.000000
vn 0.000000 -0.352000 -0.936000
vn 0.000000 -0.352000 -0.936000
vn 0.000000 -0.352000 -0.936000
vn 0.000000 -0.882884 -0.469591
vn 0.000000 -0.882884 -0.469591
vn 0.000000 -0.351912 -0.936033
vn 0.000000 -0.352000 -0.936000
vn 0.000000 0.000000 -1.000000
vn 0.000000 0.000000 -1.000000
vn 0.000000 -0.351912 -0.936033
vn 0.000000 0.000000 -1.000000
vn 0.000000 0.000000 -1.000000
vn 0.000000 -0.352000 -0.936000
vn 0.000000 -0.351912 -0.936033
vn 0.000000 -0.352000 -0.936000
vn 0.000000 -0.882884 -0.469591
vn 0.000000 -0.882884 -0.469591
vn 0.000000 -0.351912 -0.936033
vn 0.000000 -0.882884 -0.469591
vn 0.000000 -0.882884 -0.469591
vn 0.000000 -0.352000 -0.936000
vn 0.000000 -0.339799 0.940498
vn 0.000000 -0.875118 0.483910
vn 0.000000 -0.875118 0.483910
vn 0.000000 -0.339799 0.940498
vn 0.000000 -0.339799 0.940498
vn 0.000000 -0.339799 0.940498
vn 0.000000 0.000000 1.000000
vn 0.000000 0.000000 1.000000
vn 0.000000 -0.339799 0.940498
vn 0.000000 0.000000 1.000000
vn 0.000000 0.000000 1.000000
vn 0.000000 -0.339799 0.940498
vn 0.000000 -0.339799 0.940498
vn 0.000000 -0.339799 0.940498
vn 0.000000 -0.875118 0.483910
vn 0.000000 -0.875118 0.483910
vn 0.000000 -0.339799 0.940498
vn 0.000000 -0.339799 0.940498
vn 0.000000 0.000000 1.000000
vn 0.000000 0.000000 1.000000
vn 0.000000 -0.339799 0.940498
vn 0.000000 0.000000 1.000000
vn 0.000000 0.000000 1.000000
vn 0.000000 -0.339799 0.940498
vn 0.000000 -0.339799 0.940498
vn 0.000000 -0.339799 0.940498
vn 0.000000 -0.875118 0.483910
vn 0.000000 -0.875118 0.483910
vn 0.000000 -0.339799 0.940498
vn 0.000000 -0.875118 0.483910
vn 0.000000 -0.875118 0.483910
vn 0.000000 -0.339799 0.940498
vn 0.000000 0.000000 -1.000000
vn 0.000000 0.000000 -1.000000
vn 0.000000 0.000000 -1.000000
vn 0.000000 0.000000 -1.000000
vn 0.000000 0.000000 -1.000000
vn 0.000000 0.000000 -1.000000
vn 0.000000 0.000000 -1.000000
vn 0.000000 0.000000 -1.000000
vn 0.000000 0.000000 -1.000000
vn 0.000000 0.000000 -1.000000
vn 0.000000 0.000000 -1.000000
vn 0.000000 0.000000 -1.000000
vn 0.000000 0.000000 -1.000000
vn 0.000000 0.000000 -1.000000
vn 0.000000 0.000000 -1.000000
vn 0.000000 0.000000 -1.000000
vn 0.000000 0.000000 1.000000
vn 0.000000 0.000000 1.000000
vn 0.000000 0.000000 1.000000
vn 0.000000 0.000000 1.000000
vn 0.000000 0.000000 1.000000
vn 0.000000 0.000000 1.000000
vn 0.000000 0.000000 1.000000
vn 0.000000 0.000000 1.000000
vn 0.000000 0.000000 1.000000
vn 0.000000 0.000000 1.000000
vn 0.000000 0.000000 1.000000
vn 0.000000 0.000000 1.000000
vn 0.000000 0.000000 1.000000
vn 0.000000 0.000000 1.000000
vn 0.000000 0.000000 1.000000
vn 0.000000 0.000000 1.000000
vn 0.000000 0.997644 -0.068603
vn 0.000000 0.997644 -0.068603
vn 0.000000 1.000000 0.000000
vn 0.000000 1.000000 0.000000
vn 0.000000 0.997644 -0.068603
vn 0.000000 1.000000 0.000000
vn 0.000000 1.000000 0.000000
vn 0.000000 0.997644 -0.068603
vn 0.000000 0.997644 -0.068603
vn 0.000000 0.997644 -0.068603
vn 0.000000 0.869979 -0.493088
vn 0.000000 0.869979 -0.493088
vn 0.000000 0.997644 -0.068603
vn 0.000000 0.869979 -0.493088
vn 0.000000 0.869979 -0.493088
vn 0.000000 0.997644 -0.068603
vn 0.000000 0.000000 1.000000
vn 0.000000 0.000000 1.000000
vn 0.000000 0.000000 1.000000
vn 0.000000 0.000000 1.000000
vn 0.000000 0.000000 1.000000
vn 0.000000 0.000000 1.000000
vn 0.000000 0.000000 1.000000
vn 0.000000 0.000000 1.000000
vn 0.000000 0.000000 1.000000
vn 0.000000 0.000000 1.000000
vn 0.000000 0.000000 1.000000
vn 0.000000 0.000000 1.000000
vn 0.000000 0.000000 1.000000
vn 0.000000 0.000000 1.000000
vn 0.000000 0.000000 1.000000
vn 0.000000 0.000000 1.000000
vn 0.000000 0.000000 1.000000
vn 0.000000 0.000000 1.000000
vn 0.000000 0.000000 1.000000
vn 0.000000 0.000000 1.000000
vn 0.000000 0.000000 1.000000
vn 0.000000 0.000000 1.000000
vn 0.000000 0.000000 1.000000
vn 0.000000 0.000000 1.000000
vn 0.000000 0.000000 1.000000
vn 0.000000 0.000000 1.000000
vn 0.000000 0.000000 1.000000
vn 0.000000 0.000000 1.000000
vn 0.000000 0.000000 1.000000
vn 0.000000 0.000000 1.000000
vn 0.000000 0.000000 1.000000
vn 0.000000 0.000000 1.000000
vn 0.000000 0.298292 0.954475
vn 0.000000 0.000000 1.000000
vn 0.000000 0.000000 1.000000
vn 0.000000 0.298292 0.954475
vn 0.000000 0.298292 0.954475
vn 0.000000 0.298292 0.954475
vn 0.000000 0.846184 0.532890
vn 0.000000 0.846184 0.532890
vn 0.000000 0.298292 0.954475
vn 0.000000 0.846184 0.532890
vn 0.000000 0.846184 0.532890
vn 0.000000 0.298292 0.954475
vn 0.000000 0.298292 0.954475
vn 0.000000 0.298292 0.954475
vn 0.000000 0.000000 1.000000
vn 0.000000 0.000000 1.000000
vn 0.000000 0.298292 0.954475
vn 0.000000 0.298292 0.954475
vn 0.000000 0.846184 0.532890
vn 0.000000 0.846184 0.532890
vn 0.000000 0.298292 0.954475
vn 0.000000 0.846184 0.532890
vn 0.000000 0.846184 0.532890
vn 0.000000 0.298292 0.954475
vn 0.000000 0.298292 0.954475
vn 0.000000 0.298292 0.954475
vn 0.000000 0.000000 1.000000
vn 0.000000 0.000000 1.000000
vn 0.000000 0.298292 0.954475
vn 0.000000 0.000000 1.000000
vn 0.000000 0.000000 1.000000
vn 0.000000 0.298292 0.954475
vn 0.000000 -0.143507 0.989649
vn 0.000000 -0.143507 0.989649
vn 0.000000 -0.681612 0.731713
vn 0.000000 -0.681612 0.731713
vn 0.000000 -0.143507 0.989649
vn 0.000000 -0.681612 0.731713
vn 0.000000 -0.681612 0.731713
vn 0.000000 -0.143507 0.989649
vn 0.000000 -0.143507 0.989649
vn 0.000000 -0.143507 0.989649
vn 0.000000 0.000000 1.000000
vn 0.000000 0.000000 1.000000
vn 0.000000 -0.143507 0.989649
vn 0.000000 0.000000 1.000000
vn 0.000000 0.000000 1.000000
vn 0.000000 -0.143507 0.989649
vn 0.000000 -0.243500 -0.969901
vn 0.000000 -0.243500 -0.969901
vn 0.000000 0.000000 -1.000000
vn 0.000000 0.000000 -1.000000
vn 0.000000 -0.243500 -0.969901
vn 0.000000 0.000000 -1.000000
vn 0.000000 0.000000 -1.000000
vn 0.000000 -0.243500 -0.969901
vn 0.000000 -0.243500 -0.969901
vn 0.000000 -0.243500 -0.969901
vn 0.000000 -0.801163 -0.598447
vn 0.000000 -0.801163 -0.598447
vn 0.000000 -0.243500 -0.969901
vn 0.000000 -0.801163 -0.598447
vn 0.000000 -0.801163 -0.598447
vn 0.000000 -0.243500 -0.969901
vn 0.000000 0.996843 0.079403
vn 0.000000 0.996843 0.079403
vn 0.000000 1.000000 0.000000
vn 0.000000 1.000000 0.000000
vn 0.000000 0.996843 0.079403
vn 0.000000 1.000000 0.000000
vn 0.000000 1.000000 0.000000
vn 0.000000 0.996843 0.079403
vn 0.000000 0.996843 0.079403
vn 0.000000 0.996843 0.079403
vn 0.000000 0.846184 0.532890
vn 0.000000 0.846184 0.532890
vn 0.000000 0.996843 0.079403
vn 0.000000 0.846184 0.532890
vn 0.000000 0.846184 0.532890
vn 0.000000 0.996843 0.079403
vn 0.000000 0.996843 0.079403
vn 0.000000 1.000000 0.000000
vn 0.000000 1.000000 0.000000
vn 0.000000 0.996843 0.079403
vn 0.000000 0.996843 0.079403
vn 0.000000 0.996843 0.079403
vn 0.000000 0.846184 0.532890
vn 0.000000 0.846184 0.532890
vn 0.000000 0.996843 0.079403
vn 0.000000 0.846184 0.532890
vn 0.000000 0.846184 0.532890
vn 0.000000 0.996843 0.079403
vn 0.000000 0.996843 0.079403
vn 0.000000 0.996843 0.079403
vn 0.000000 1.000000 0.000000
vn 0.000000 1.000000 0.000000
vn 0.000000 -0.983956 0.178410
vn 0.000000 -0.983956 0.178410
vn 0.000000 -1.000000 0.000000
vn 0.000000 -1.000000 0.000000
vn 0.000000 -0.983956 0.178410
vn 0.000000 -1.000000 0.000000
vn 0.000000 -1.000000 0.000000
vn 0.000000 -0.983939 0.178507
vn 0.000000 -0.983956 0.178410
vn 0.000000 -0.983939 0.178507
vn 0.000000 -0.681612 0.731713
vn 0.000000 -0.681612 0.731713
vn 0.000000 -0.983956 0.178410
vn 0.000000 -0.681612 0.731713
vn 0.000000 -0.681612 0.731713
vn 0.000000 -0.983956 0.178410
vn 0.000000 0.000000 1.000000
vn 0.000000 0.000000 1.000000
vn 0.000000 0.000000 1.000000
vn 0.000000 0.000000 1.000000
vn 0.000000 0.000000 1.000000
vn 0.000000 0.000000 1.000000
vn 0.000000 0.000000 1.000000
vn 0.000000 0.000000 1.000000
vn 0.000000 0.000000 1.000000
vn 0.000000 0.000000 1.000000
vn 0.000000 0.000000 1.000000
vn 0.000000 0.000000 1.000000
vn 0.000000 0.000000 1.000000
vn 0.000000 0.000000 1.000000
vn 0.000000 0.000000 1.000000
vn 0.000000 0.000000 1.000000
vn 0.998070 0.000000 0.062104
vn 0.998070 0.000000 0.062104
vn 1.000000 0.000000 0.000000
vn 1.000000 0.000000 0.000000
vn 0.998070 0.000000 0.062104
vn 1.000000 0.000000 0.000000
vn 1.000000 0.000000 0.000000
vn 0.998070 0.000000 0.062104
vn 0.998070 0.000000 0.062104
vn 0.998070 0.000000 0.062104
vn 0.885038 0.000000 0.465520
vn 0.885038 0.000000 0.465520
vn 0.998070 0.000000 0.062104
vn 0.885038 0.000000 0.465520
vn 0.885038 0.000000 0.465520
vn 0.998070 0.000000 0.062104
vn -0.973899 0.212000 0.081100
vn -0.652429 0.753433 0.081704
vn -0.655227 0.755432 0.000000
vn -0.980140 0.198308 0.000000
vn -0.973899 0.212000 0.081100
vn -0.980140 0.198308 0.000000
vn -1.000000 0.000000 0.000000
vn -0.997000 0.000000 0.077400
vn -0.973899 0.212000 0.081100
vn -0.997000 0.000000 0.077400
vn -0.850561 0.000000 0.525876
vn -0.803314 0.290305 0.520009
vn -0.973899 0.212000 0.081100
vn -0.803314 0.290305 0.520009
vn -0.614518 0.735621 0.285008
vn -0.652429 0.753433 0.081704
vn 0.355405 0.000000 0.934713
vn 0.000000 0.000000 1.000000
vn 0.000000 0.000000 1.000000
vn 0.355405 0.000000 0.934713
vn 0.355405 0.000000 0.934713
vn 0.355405 0.000000 0.934713
vn 0.885038 0.000000 0.465520
vn 0.885038 0.000000 0.465520
vn 0.355405 0.000000 0.934713
vn 0.885038 0.000000 0.465520
vn 0.885038 0.000000 0.465520
vn 0.355405 0.000000 0.934713
vn 0.355405 0.000000 0.934713
vn 0.355405 0.000000 0.934713
vn 0.000000 0.000000 1.000000
vn 0.000000 0.000000 1.000000
vn 0.261196 0.263996 -0.928484
vn 0.000000 0.268098 -0.963392
vn 0.000000 0.822531 -0.568721
vn 0.227404 0.793413 -0.564609
vn 0.261196 0.263996 -0.928484
vn 0.227404 0.793413 -0.564609
vn 0.651419 0.658019 -0.377711
vn 0.790487 0.230896 -0.567290
vn 0.261196 0.263996 -0.928484
vn 0.790487 0.230896 -0.567290
vn 0.820236 0.000000 -0.572025
vn 0.265410 0.000000 -0.964136
vn 0.261196 0.263996 -0.928484
vn 0.265410 0.000000 -0.964136
vn 0.000000 0.000000 -1.000000
vn 0.000000 0.268098 -0.963392
vn 0.000000 0.268098 -0.963392
vn 0.000000 0.268098 -0.963392
vn 0.000000 0.822484 -0.568789
vn 0.000000 0.822484 -0.568789
vn 0.000000 0.268098 -0.963392
vn 0.000000 0.822484 -0.568789
vn 0.000000 0.822531 -0.568721
vn 0.000000 0.268098 -0.963392
vn 0.000000 0.268098 -0.963392
vn 0.000000 0.268098 -0.963392
vn 0.000000 0.000000 -1.000000
vn 0.000000 0.000000 -1.000000
vn 0.000000 0.268098 -0.963392
vn 0.000000 0.000000 -1.000000
vn 0.000000 0.000000 -1.000000
vn 0.000000 0.268098 -0.963392
vn 0.000000 0.000000 1.000000
vn 0.000000 0.000000 1.000000
vn 0.000000 0.000000 1.000000
vn 0.000000 0.000000 1.000000
vn 0.000000 0.000000 1.000000
vn 0.000000 0.000000 1.000000
vn 0.000000 0.000000 1.000000
vn 0.000000 0.000000 1.000000
vn 0.000000 0.000000 1.000000
vn 0.000000 0.000000 1.000000
vn 0.000000 0.000000 1.000000
vn 0.000000 0.000000 1.000000
vn 0.000000 0.000000 1.000000
vn 0.000000 0.000000 1.000000
vn 0.000000 0.000000 1.000000
vn 0.000000 0.000000 1.000000
vn 0.000000 0.358389 0.933572
vn 0.000000 0.358389 0.933572
vn 0.000000 0.000000 1.000000
vn 0.000000 0.000000 1.000000
vn 0.000000 0.358389 0.933572
vn 0.000000 0.000000 1.000000
vn 0.000000 0.000000 1.000000
vn 0.000000 0.358389 0.933572
vn 0.000000 0.358389 0.933572
vn 0.000000 0.358389 0.933572
vn 0.000000 0.886884 0.461992
vn 0.000000 0.886884 0.461992
vn 0.000000 0.358389 0.933572
vn 0.000000 0.886884 0.461992
vn 0.000000 0.886884 0.461992
vn 0.000000 0.358389 0.933572
vn 0.000000 -0.994052 0.108906
vn 0.000000 -0.994052 0.108906
vn 0.000000 -1.000000 0.000000
vn 0.000000 -1.000000 0.000000
vn 0.000000 -0.994052 0.108906
vn 0.000000 -1.000000 0.000000
vn 0.000000 -1.000000 0.000000
vn 0.000000 -0.994052 0.108906
vn 0.000000 -0.994052 0.108906
vn 0.000000 -0.994052 0.108906
vn 0.000000 -0.788517 0.615013
vn 0.000000 -0.788517 0.615013
vn 0.000000 -0.994052 0.108906
vn 0.000000 -0.788517 0.615013
vn 0.000000 -0.788517 0.615013
vn 0.000000 -0.994052 0.108906
vn 0.000000 -0.161106 -0.986937
vn 0.000000 -0.161106 -0.986937
vn 0.000000 0.000000 -1.000000
vn 0.000000 0.000000 -1.000000
vn 0.000000 -0.161106 -0.986937
vn 0.000000 0.000000 -1.000000
vn 0.000000 0.000000 -1.000000
vn 0.000000 -0.161106 -0.986937
vn 0.000000 -0.161106 -0.986937
vn 0.000000 -0.161106 -0.986937
vn 0.000000 -0.708505 -0.705705
vn 0.000000 -0.708505 -0.705705
vn 0.000000 -0.161106 -0.986937
vn 0.000000 -0.708505 -0.705705
vn 0.000000 -0.708505 -0.705705
vn 0.000000 -0.161106 -0.986937
vn 0.000000 0.995860 -0.090905
vn 0.000000 0.995860 -0.090905
vn 0.000000 1.000000 0.000000
vn 0.000000 1.000000 0.000000
vn 0.000000 0.995860 -0.090905
vn 0.000000 1.000000 0.000000
vn 0.000000 1.000000 0.000000
vn 0.000000 0.995860 -0.090905
vn 0.000000 0.995860 -0.090905
vn 0.000000 0.995860 -0.090905
vn 0.000000 0.822531 -0.568721
vn 0.000000 0.822484 -0.568789
vn 0.000000 0.995860 -0.090905
vn 0.000000 0.822484 -0.568789
vn 0.000000 0.822484 -0.568789
vn 0.000000 0.995860 -0.090905
vn -0.138200 0.985603 -0.097400
vn -0.651422 0.749325 -0.119004
vn -0.655178 0.755475 0.000000
vn -0.128305 0.991735 0.000000
vn -0.138200 0.985603 -0.097400
vn -0.128305 0.991735 0.000000
vn 0.000000 1.000000 0.000000
vn 0.000000 0.995860 -0.090905
vn -0.138200 0.985603 -0.097400
vn 0.000000 0.995860 -0.090905
vn 0.000000 0.822531 -0.568721
vn -0.189195 0.801778 -0.566884
vn -0.138200 0.985603 -0.097400
vn -0.189195 0.801778 -0.566884
vn -0.580634 0.701741 -0.412824
vn -0.651422 0.749325 -0.119004
vn -0.228699 -0.165099 -0.959395
vn -0.766832 -0.155906 -0.622626
vn -0.779100 0.000000 -0.626900
vn -0.220497 0.000000 -0.975388
vn -0.228699 -0.165099 -0.959395
vn -0.220497 0.000000 -0.975388
vn 0.000000 0.000000 -1.000000
vn 0.000000 -0.161106 -0.986937
vn -0.228699 -0.165099 -0.959395
vn 0.000000 -0.161106 -0.986937
vn 0.000000 -0.708505 -0.705705
vn -0.240816 -0.687546 -0.685046
vn -0.228699 -0.165099 -0.959395
vn -0.240816 -0.687546 -0.685046
vn -0.690216 -0.513212 -0.510112
vn -0.766832 -0.155906 -0.622626
vn -0.231405 -0.966319 0.112602
vn -0.772718 -0.625614 0.107302
vn -0.777806 -0.628505 0.000000
vn -0.219217 -0.975676 0.000000
vn -0.231405 -0.966319 0.112602
vn -0.219217 -0.975676 0.000000
vn 0.000000 -1.000000 0.000000
vn 0.000000 -0.994052 0.108906
vn -0.231405 -0.966319 0.112602
vn 0.000000 -0.994052 0.108906
vn 0.000000 -0.788517 0.615013
vn -0.278609 -0.750223 0.599619
vn -0.231405 -0.966319 0.112602
vn -0.278609 -0.750223 0.599619
vn -0.739441 -0.559631 0.374221
vn -0.772718 -0.625614 0.107302
vn -0.285115 0.341618 0.895548
vn -0.803314 0.290305 0.520009
vn -0.850561 0.000000 0.525876
vn -0.304202 0.000000 0.952608
vn -0.285115 0.341618 0.895548
vn -0.304202 0.000000 0.952608
vn 0.000000 0.000000 1.000000
vn 0.000000 0.358389 0.933572
vn -0.285115 0.341618 0.895548
vn 0.000000 0.358389 0.933572
vn 0.000000 0.886884 0.461992
vn -0.219017 0.856467 0.467436
vn -0.285115 0.341618 0.895548
vn -0.219017 0.856467 0.467436
vn -0.614518 0.735621 0.285008
vn -0.803314 0.290305 0.520009
vn -0.304202 0.000000 0.952608
vn -0.850561 0.000000 0.525876
vn -0.850561 0.000000 0.525876
vn -0.304202 0.000000 0.952608
vn -0.304202 0.000000 0.952608
vn -0.304202 0.000000 0.952608
vn 0.000000 0.000000 1.000000
vn 0.000000 0.000000 1.000000
vn -0.304202 0.000000 0.952608
vn 0.000000 0.000000 1.000000
vn 0.000000 0.000000 1.000000
vn -0.304202 0.000000 0.952608
vn -0.304202 0.000000 0.952608
vn -0.304202 0.000000 0.952608
vn -0.850561 0.000000 0.525876
vn -0.850561 0.000000 0.525876
vn -0.218800 0.269200 -0.937901
vn -0.748088 0.251996 -0.613891
vn -0.580634 0.701741 -0.412824
vn -0.189195 0.801778 -0.566884
vn -0.218800 0.269200 -0.937901
vn -0.189195 0.801778 -0.566884
vn 0.000000 0.822531 -0.568721
vn 0.000000 0.268098 -0.963392
vn -0.218800 0.269200 -0.937901
vn 0.000000 0.268098 -0.963392
vn 0.000000 0.000000 -1.000000
vn -0.220497 0.000000 -0.975388
vn -0.218800 0.269200 -0.937901
vn -0.220497 0.000000 -0.975388
vn -0.779100 0.000000 -0.626900
vn -0.748088 0.251996 -0.613891
vn -0.302131 -0.223923 0.926594
vn -0.829908 -0.182502 0.527205
vn -0.739441 -0.559631 0.374221
vn -0.278609 -0.750223 0.599619
vn -0.302131 -0.223923 0.926594
vn -0.278609 -0.750223 0.599619
vn 0.000000 -0.788517 0.615013
vn 0.000000 -0.230115 0.973163
vn -0.302131 -0.223923 0.926594
vn 0.000000 -0.230115 0.973163
vn 0.000000 0.000000 1.000000
vn -0.304202 0.000000 0.952608
vn -0.302131 -0.223923 0.926594
vn -0.304202 0.000000 0.952608
vn -0.850561 0.000000 0.525876
vn -0.829908 -0.182502 0.527205
vn -0.220497 0.000000 -0.975388
vn -0.779100 0.000000 -0.626900
vn -0.779100 0.000000 -0.626900
vn -0.220497 0.000000 -0.975388
vn -0.220497 0.000000 -0.975388
vn -0.220497 0.000000 -0.975388
vn 0.000000 0.000000 -1.000000
vn 0.000000 0.000000 -1.000000
vn -0.220497 0.000000 -0.975388
vn 0.000000 0.000000 -1.000000
vn 0.000000 0.000000 -1.000000
vn -0.220497 0.000000 -0.975388
vn -0.220497 0.000000 -0.975388
vn -0.220497 0.000000 -0.975388
vn -0.779100 0.000000 -0.626900
vn -0.779100 0.000000 -0.626900
vn 0.000000 0.000000 -1.000000
vn 0.000000 0.000000 -1.000000
vn 0.000000 0.000000 -1.000000
vn 0.000000 0.000000 -1.000000
vn 0.000000 0.000000 -1.000000
vn 0.000000 0.000000 -1.000000
vn 0.000000 0.000000 -1.000000
vn 0.000000 0.000000 -1.000000
vn 0.000000 0.000000 -1.000000
vn 0.000000 0.000000 -1.000000
vn 0.000000 0.000000 -1.000000
vn 0.000000 0.000000 -1.000000
vn 0.000000 0.000000 -1.000000
vn 0.000000 0.000000 -1.000000
vn 0.000000 0.000000 -1.000000
vn 0.000000 0.000000 -1.000000
vn 0.000000 -0.230115 0.973163
vn 0.000000 -0.230115 0.973163
vn 0.000000 -0.788517 0.615013
vn 0.000000 -0.788517 0.615013
vn 0.000000 -0.230115 0.973163
vn 0.000000 -0.788517 0.615013
vn 0.000000 -0.788517 0.615013
vn 0.000000 -0.230115 0.973163
vn 0.000000 -0.230115 0.973163
vn 0.000000 -0.230115 0.973163
vn 0.000000 0.000000 1.000000
vn 0.000000 0.000000 1.000000
vn 0.000000 -0.230115 0.973163
vn 0.000000 0.000000 1.000000
vn 0.000000 0.000000 1.000000
vn 0.000000 -0.230115 0.973163
vn 0.349611 -0.218207 0.911130
vn 0.000000 -0.230115 0.973163
vn 0.000000 -0.788517 0.615013
vn 0.322514 -0.738733 0.591826
vn 0.349611 -0.218207 0.911130
vn 0.322514 -0.738733 0.591826
vn 0.797143 -0.505227 0.330618
vn 0.867549 -0.162009 0.470226
vn 0.349611 -0.218207 0.911130
vn 0.867549 -0.162009 0.470226
vn 0.885038 0.000000 0.465520
vn 0.355405 0.000000 0.934713
vn 0.349611 -0.218207 0.911130
vn 0.355405 0.000000 0.934713
vn 0.000000 0.000000 1.000000
vn 0.000000 -0.230115 0.973163
vn 0.992621 -0.100802 0.067401
vn 0.815121 -0.571415 0.095202
vn 0.819044 -0.573731 0.000000
vn 0.995694 -0.092699 0.000000
vn 0.992621 -0.100802 0.067401
vn 0.995694 -0.092699 0.000000
vn 1.000000 0.000000 0.000000
vn 0.998070 0.000000 0.062104
vn 0.992621 -0.100802 0.067401
vn 0.998070 0.000000 0.062104
vn 0.885038 0.000000 0.465520
vn 0.867549 -0.162009 0.470226
vn 0.992621 -0.100802 0.067401
vn 0.867549 -0.162009 0.470226
vn 0.797143 -0.505227 0.330618
vn 0.815121 -0.571415 0.095202
vn -0.997000 0.000000 0.077400
vn -0.997000 0.000000 0.077400
vn -1.000000 0.000000 0.000000
vn -1.000000 0.000000 0.000000
vn -0.997000 0.000000 0.077400
vn -1.000000 0.000000 0.000000
vn -1.000000 0.000000 0.000000
vn -0.997000 0.000000 0.077400
vn -0.997000 0.000000 0.077400
vn -0.997000 0.000000 0.077400
vn -0.850561 0.000000 0.525876
vn -0.850561 0.000000 0.525876
vn -0.997000 0.000000 0.077400
vn -0.850561 0.000000 0.525876
vn -0.850561 0.000000 0.525876
vn -0.997000 0.000000 0.077400
vn 0.265410 0.000000 -0.964136
vn 0.000000 0.000000 -1.000000
vn 0.000000 0.000000 -1.000000
vn 0.265410 0.000000 -0.964136
vn 0.265410 0.000000 -0.964136
vn 0.265410 0.000000 -0.964136
vn 0.820236 0.000000 -0.572025
vn 0.820236 0.000000 -0.572025
vn 0.265410 0.000000 -0.964136
vn 0.820236 0.000000 -0.572025
vn 0.820236 0.000000 -0.572025
vn 0.265410 0.000000 -0.964136
vn 0.265410 0.000000 -0.964136
vn 0.265410 0.000000 -0.964136
vn 0.000000 0.000000 -1.000000
vn 0.000000 0.000000 -1.000000
vn 0.265410 0.000000 -0.964136
vn 0.000000 0.000000 -1.000000
vn 0.000000 0.000000 -1.000000
vn 0.265410 0.000000 -0.964136
vn 0.265410 0.000000 -0.964136
vn 0.265410 0.000000 -0.964136
vn 0.820236 0.000000 -0.572025
vn 0.820236 0.000000 -0.572025
vn 0.265410 0.000000 -0.964136
vn 0.820236 0.000000 -0.572025
vn 0.820236 0.000000 -0.572025
vn 0.265410 0.000000 -0.964136
vn 0.265410 0.000000 -0.964136
vn 0.265410 0.000000 -0.964136
vn 0.000000 0.000000 -1.000000
vn 0.000000 0.000000 -1.000000
vn 0.265410 0.000000 -0.964136
vn 0.265410 0.000000 -0.964136
vn 0.820236 0.000000 -0.572025
vn 0.820236 0.000000 -0.572025
vn 0.265410 0.000000 -0.964136
vn 0.820236 0.000000 -0.572025
vn 0.820236 0.000000 -0.572025
vn 0.265410 0.000000 -0.964136
vn 0.265410 0.000000 -0.964136
vn 0.265410 0.000000 -0.964136
vn 0.000000 0.000000 -1.000000
vn 0.000000 0.000000 -1.000000
vn 0.265410 0.000000 -0.964136
vn 0.000000 0.000000 -1.000000
vn 0.000000 0.000000 -1.000000
vn 0.265410 0.000000 -0.964136
vn -0.997000 0.000000 0.077400
vn -0.997000 0.000000 0.077400
vn -1.000000 0.000000 0.000000
vn -1.000000 0.000000 0.000000
vn -0.997000 0.000000 0.077400
vn -1.000000 0.000000 0.000000
vn -1.000000 0.000000 0.000000
vn -0.997000 0.000000 0.077400
vn -0.997000 0.000000 0.077400
vn -0.997000 0.000000 0.077400
vn -0.850561 0.000000 0.525876
vn -0.850561 0.000000 0.525876
vn -0.997000 0.000000 0.077400
vn -0.850561 0.000000 0.525876
vn -0.850561 0.000000 0.525876
vn -0.997000 0.000000 0.077400
vn -0.997000 0.000000 0.077400
vn -1.000000 0.000000 0.000000
vn -1.000000 0.000000 0.000000
vn -0.997000 0.000000 0.077400
vn -0.997000 0.000000 0.077400
vn -0.997000 0.000000 0.077400
vn -0.850561 0.000000 0.525876
vn -0.850561 0.000000 0.525876
vn -0.997000 0.000000 0.077400
vn -0.850561 0.000000 0.525876
vn -0.850561 0.000000 0.525876
vn -0.997000 0.000000 0.077400
vn -0.997000 0.000000 0.077400
vn -0.997000 0.000000 0.077400
vn -1.000000 0.000000 0.000000
vn -1.000000 0.000000 0.000000
vn 0.000000 0.000000 -1.000000
vn 0.000000 0.000000 -1.000000
vn 0.000000 0.000000 -1.000000
vn 0.000000 0.000000 -1.000000
vn 0.000000 0.000000 -1.000000
vn 0.000000 0.000000 -1.000000
vn 0.000000 0.000000 -1.000000
vn 0.000000 0.000000 -1.000000
vn 0.000000 0.000000 -1.000000
vn 0.000000 0.000000 -1.000000
vn 0.000000 0.000000 -1.000000
vn 0.000000 0.000000 -1.000000
vn 0.000000 0.000000 -1.000000
vn 0.000000 0.000000 -1.000000
vn 0.000000 0.000000 -1.000000
vn 0.000000 0.000000 -1.000000
vn 0.000000 0.000000 -1.000000
vn 0.000000 0.000000 -1.000000
vn 0.000000 0.000000 -1.000000
vn 0.000000 0.000000 -1.000000
vn 0.000000 0.000000 -1.000000
vn 0.000000 0.000000 -1.000000
vn 0.000000 0.000000 -1.000000
vn 0.000000 0.000000 -1.000000
vn 0.000000 0.000000 -1.000000
vn 0.000000 0.000000 -1.000000
vn 0.000000 0.000000 -1.000000
vn 0.000000 0.000000 -1.000000
vn 0.000000 0.000000 -1.000000
vn 0.000000 0.000000 -1.000000
vn 0.000000 0.000000 -1.000000
vn 0.000000 0.000000 -1.000000
vn -0.220497 0.000000 -0.975388
vn -0.779100 0.000000 -0.626900
vn -0.779100 0.000000 -0.626900
vn -0.220497 0.000000 -0.975388
vn -0.220497 0.000000 -0.975388
vn -0.220497 0.000000 -0.975388
vn 0.000000 0.000000 -1.000000
vn 0.000000 0.000000 -1.000000
vn -0.220497 0.000000 -0.975388
vn 0.000000 0.000000 -1.000000
vn 0.000000 0.000000 -1.000000
vn -0.220497 0.000000 -0.975388
vn -0.220497 0.000000 -0.975388
vn -0.220497 0.000000 -0.975388
vn -0.779100 0.000000 -0.626900
vn -0.779100 0.000000 -0.626900
vn -0.220497 0.000000 -0.975388
vn -0.220497 0.000000 -0.975388
vn 0.000000 0.000000 -1.000000
vn 0.000000 0.000000 -1.000000
vn -0.220497 0.000000 -0.975388
vn 0.000000 0.000000 -1.000000
vn 0.000000 0.000000 -1.000000
vn -0.220497 0.000000 -0.975388
vn -0.220497 0.000000 -0.975388
vn -0.220497 0.000000 -0.975388
vn -0.779100 0.000000 -0.626900
vn -0.779100 0.000000 -0.626900
vn -0.220497 0.000000 -0.975388
vn -0.779100 0.000000 -0.626900
vn -0.779100 0.000000 -0.626900
vn -0.220497 0.000000 -0.975388
vn -0.467892 0.000000 -0.883786
vn -0.467892 0.000000 -0.883786
vn -0.944014 0.000000 -0.329905
vn -0.944014 0.000000 -0.329905
vn -0.467892 0.000000 -0.883786
vn -0.944014 0.000000 -0.329905
vn -0.944014 0.000000 -0.329905
vn -0.467892 0.000000 -0.883786
vn -0.467892 0.000000 -0.883786
vn -0.467892 0.000000 -0.883786
vn 0.000000 0.000000 -1.000000
vn 0.000000 0.000000 -1.000000
vn -0.467892 0.000000 -0.883786
vn 0.000000 0.000000 -1.000000
vn 0.000000 0.000000 -1.000000
vn -0.467892 0.000000 -0.883786
vn -0.304202 0.000000 0.952608
vn -0.850561 0.000000 0.525876
vn -0.850561 0.000000 0.525876
vn -0.304202 0.000000 0.952608
vn -0.304202 0.000000 0.952608
vn -0.304202 0.000000 0.952608
vn 0.000000 0.000000 1.000000
vn 0.000000 0.000000 1.000000
vn -0.304202 0.000000 0.952608
vn 0.000000 0.000000 1.000000
vn 0.000000 0.000000 1.000000
vn -0.304202 0.000000 0.952608
vn -0.304202 0.000000 0.952608
vn -0.304202 0.000000 0.952608
vn -0.850561 0.000000 0.525876
vn -0.850561 0.000000 0.525876
vn -0.304202 0.000000 0.952608
vn -0.304202 0.000000 0.952608
vn 0.000000 0.000000 1.000000
vn 0.000000 0.000000 1.000000
vn -0.304202 0.000000 0.952608
vn 0.000000 0.000000 1.000000
vn 0.000000 0.000000 1.000000
vn -0.304202 0.000000 0.952608
vn -0.304202 0.000000 0.952608
vn -0.304202 0.000000 0.952608
vn -0.850561 0.000000 0.525876
vn -0.850561 0.000000 0.525876
vn -0.304202 0.000000 0.952608
vn -0.850561 0.000000 0.525876
vn -0.850561 0.000000 0.525876
vn -0.304202 0.000000 0.952608
vn -0.456986 0.000000 0.889474
vn -0.456986 0.000000 0.889474
vn 0.000000 0.000000 1.000000
vn 0.000000 0.000000 1.000000
vn -0.456986 0.000000 0.889474
vn 0.000000 0.000000 1.000000
vn 0.000000 0.000000 1.000000
vn -0.456986 0.000000 0.889474
vn -0.456986 0.000000 0.889474
vn -0.456986 0.000000 0.889474
vn -0.939223 0.000000 0.343308
vn -0.939223 0.000000 0.343308
vn -0.456986 0.000000 0.889474
vn -0.939223 0.000000 0.343308
vn -0.939223 0.000000 0.343308
vn -0.456986 0.000000 0.889474
vn 0.000000 0.000000 1.000000
vn 0.000000 0.000000 1.000000
vn 0.000000 0.000000 1.000000
vn 0.000000 0.000000 1.000000
vn 0.000000 0.000000 1.000000
vn 0.000000 0.000000 1.000000
vn 0.000000 0.000000 1.000000
vn 0.000000 0.000000 1.000000
vn 0.000000 0.000000 1.000000
vn 0.000000 0.000000 1.000000
vn 0.000000 0.000000 1.000000
vn 0.000000 0.000000 1.000000
vn 0.000000 0.000000 1.000000
vn 0.000000 0.000000 1.000000
vn 0.000000 0.000000 1.000000
vn 0.000000 0.000000 1.000000
vn 0.000000 0.000000 1.000000
vn 0.000000 0.000000 1.000000
vn 0.000000 0.000000 1.000000
vn 0.000000 0.000000 1.000000
vn 0.000000 0.000000 1.000000
vn 0.000000 0.000000 1.000000
vn 0.000000 0.000000 1.000000
vn 0.000000 0.000000 1.000000
vn 0.000000 0.000000 1.000000
vn 0.000000 0.000000 1.000000
vn 0.000000 0.000000 1.000000
vn 0.000000 0.000000 1.000000
vn 0.000000 0.000000 1.000000
vn 0.000000 0.000000 1.000000
vn 0.000000 0.000000 1.000000
vn 0.000000 0.000000 1.000000
vn 0.355405 0.000000 0.934713
vn 0.000000 0.000000 1.000000
vn 0.000000 0.000000 1.000000
vn 0.355405 0.000000 0.934713
vn 0.355405 0.000000 0.934713
vn 0.355405 0.000000 0.934713
vn 0.885038 0.000000 0.465520
vn 0.885038 0.000000 0.465520
vn 0.355405 0.000000 0.934713
vn 0.885038 0.000000 0.465520
vn 0.885038 0.000000 0.465520
vn 0.355405 0.000000 0.934713
vn 0.355405 0.000000 0.934713
vn 0.355405 0.000000 0.934713
vn 0.000000 0.000000 1.000000
vn 0.000000 0.000000 1.000000
vn 0.355405 0.000000 0.934713
vn 0.355405 0.000000 0.934713
vn 0.885038 0.000000 0.465520
vn 0.885038 0.000000 0.465520
vn 0.355405 0.000000 0.934713
vn 0.885038 0.000000 0.465520
vn 0.885038 0.000000 0.465520
vn 0.355405 0.000000 0.934713
vn 0.355405 0.000000 0.934713
vn 0.355405 0.000000 0.934713
vn 0.000000 0.000000 1.000000
vn 0.000000 0.000000 1.000000
vn 0.355405 0.000000 0.934713
vn 0.000000 0.000000 1.000000
vn 0.000000 0.000000 1.000000
vn 0.355405 0.000000 0.934713
vn 0.994957 0.000000 0.100306
vn 0.994957 0.000000 0.100306
vn 1.000000 0.000000 0.000000
vn 1.000000 0.000000 0.000000
vn 0.994957 0.000000 0.100306
vn 1.000000 0.000000 0.000000
vn 1.000000 0.000000 0.000000
vn 0.994957 0.000000 0.100306
vn 0.994957 0.000000 0.100306
vn 0.994957 0.000000 0.100306
vn 0.804263 0.000000 0.594273
vn 0.804263 0.000000 0.594273
vn 0.994957 0.000000 0.100306
vn 0.804263 0.000000 0.594273
vn 0.804263 0.000000 0.594273
vn 0.994957 0.000000 0.100306
vn 0.000000 0.000000 -1.000000
vn 0.000000 0.000000 -1.000000
vn 0.000000 0.000000 -1.000000
vn 0.000000 0.000000 -1.000000
vn 0.000000 0.000000 -1.000000
vn 0.000000 0.000000 -1.000000
vn 0.000000 0.000000 -1.000000
vn 0.000000 0.000000 -1.000000
vn 0.000000 0.000000 -1.000000
vn 0.000000 0.000000 -1.000000
vn 0.000000 0.000000 -1.000000
vn 0.000000 0.000000 -1.000000
vn 0.000000 0.000000 -1.000000
vn 0.000000 0.000000 -1.000000
vn 0.000000 0.000000 -1.000000
vn 0.000000 0.000000 -1.000000
vn 0.998070 0.000000 0.062104
vn 0.998070 0.000000 0.062104
vn 1.000000 0.000000 0.000000
vn 1.000000 0.000000 0.000000
vn 0.998070 0.000000 0.062104
vn 1.000000 0.000000 0.000000
vn 1.000000 0.000000 0.000000
vn 0.998070 0.000000 0.062104
vn 0.998070 0.000000 0.062104
vn 0.998070 0.000000 0.062104
vn 0.885038 0.000000 0.465520
vn 0.885038 0.000000 0.465520
vn 0.998070 0.000000 0.062104
vn 0.885038 0.000000 0.465520
vn 0.885038 0.000000 0.465520
vn 0.998070 0.000000 0.062104
vn 0.998070 0.000000 0.062104
vn 1.000000 0.000000 0.000000
vn 1.000000 0.000000 0.000000
vn 0.998070 0.000000 0.062104
vn 0.998070 0.000000 0.062104
vn 0.998070 0.000000 0.062104
vn 0.885038 0.000000 0.465520
vn 0.885038 0.000000 0.465520
vn 0.998070 0.000000 0.062104
vn 0.885038 0.000000 0.465520
vn 0.885038 0.000000 0.465520
vn 0.998070 0.000000 0.062104
vn 0.998070 0.000000 0.062104
vn 0.998070 0.000000 0.062104
vn 1.000000 0.000000 0.000000
vn 1.000000 0.000000 0.000000
vn -0.999289 0.000000 -0.037700
vn -0.999289 0.000000 -0.037700
vn -1.000000 0.000000 0.000000
vn -1.000000 0.000000 0.000000
vn -0.999289 0.000000 -0.037700
vn -1.000000 0.000000 0.000000
vn -1.000000 0.000000 0.000000
vn -0.999289 0.000000 -0.037700
vn -0.999289 0.000000 -0.037700
vn -0.999289 0.000000 -0.037700
vn -0.944014 0.000000 -0.329905
vn -0.944014 0.000000 -0.329905
vn -0.999289 0.000000 -0.037700
vn -0.944014 0.000000 -0.329905
vn -0.944014 0.000000 -0.329905
vn -0.999289 0.000000 -0.037700
vn 0.000000 0.000000 -1.000000
vn 0.000000 0.000000 -1.000000
vn 0.000000 0.000000 -1.000000
vn 0.000000 0.000000 -1.000000
vn 0.000000 0.000000 -1.000000
vn 0.000000 0.000000 -1.000000
vn 0.000000 0.000000 -1.000000
vn 0.000000 0.000000 -1.000000
vn 0.000000 0.000000 -1.000000
vn 0.000000 0.000000 -1.000000
vn 0.000000 0.000000 -1.000000
vn 0.000000 0.000000 -1.000000
vn 0.000000 0.000000 -1.000000
vn 0.000000 0.000000 -1.000000
vn 0.000000 0.000000 -1.000000
vn 0.000000 0.000000 -1.000000
vn 0.978063 -0.138709 0.155410
vn 0.736145 -0.651640 0.182911
vn 0.751237 -0.660033 0.000000
vn 0.991383 -0.130998 0.000000
vn 0.978063 -0.138709 0.155410
vn 0.991383 -0.130998 0.000000
vn 1.000000 0.000000 0.000000
vn 0.989225 0.000000 0.146404
vn 0.978063 -0.138709 0.155410
vn 0.989225 0.000000 0.146404
vn 0.727310 0.000000 0.686309
vn 0.717434 -0.157308 0.678633
vn 0.978063 -0.138709 0.155410
vn 0.717434 -0.157308 0.678633
vn 0.627723 -0.520620 0.578722
vn 0.736145 -0.651640 0.182911
vn -0.977379 0.000000 0.211495
vn -0.977379 0.000000 0.211495
vn -1.000000 0.000000 0.000000
vn -1.000000 0.000000 0.000000
vn -0.977379 0.000000 0.211495
vn -1.000000 0.000000 0.000000
vn -1.000000 0.000000 0.000000
vn -0.977379 0.000000 0.211495
vn -0.977379 0.000000 0.211495
vn -0.977379 0.000000 0.211495
vn -0.638343 0.000000 0.769752
vn -0.638343 0.000000 0.769752
vn -0.977379 0.000000 0.211495
vn -0.638343 0.000000 0.769752
vn -0.638343 0.000000 0.769752
vn -0.977379 0.000000 0.211495
vn 0.184211 -0.150109 0.971357
vn 0.000000 -0.143507 0.989649
vn 0.000000 -0.681612 0.731713
vn 0.206306 -0.668719 0.714320
vn 0.184211 -0.150109 0.971357
vn 0.206306 -0.668719 0.714320
vn 0.627723 -0.520620 0.578722
vn 0.717434 -0.157308 0.678633
vn 0.184211 -0.150109 0.971357
vn 0.717434 -0.157308 0.678633
vn 0.727310 0.000000 0.686309
vn 0.174995 0.000000 0.984569
vn 0.184211 -0.150109 0.971357
vn 0.174995 0.000000 0.984569
vn 0.000000 0.000000 1.000000
vn 0.000000 -0.143507 0.989649
vn 0.289008 0.000000 -0.957327
vn 0.000000 0.000000 -1.000000
vn 0.000000 0.000000 -1.000000
vn 0.289008 0.000000 -0.957327
vn 0.289008 0.000000 -0.957327
vn 0.289008 0.000000 -0.957327
vn 0.839211 0.000000 -0.543807
vn 0.839211 0.000000 -0.543807
vn 0.289008 0.000000 -0.957327
vn 0.839211 0.000000 -0.543807
vn 0.839211 0.000000 -0.543807
vn 0.289008 0.000000 -0.957327
vn 0.289008 0.000000 -0.957327
vn 0.289008 0.000000 -0.957327
vn 0.000000 0.000000 -1.000000
vn 0.000000 0.000000 -1.000000
vn 0.000000 0.000000 -1.000000
vn 0.000000 0.000000 -1.000000
vn 0.000000 0.000000 -1.000000
vn 0.000000 0.000000 -1.000000
vn 0.000000 0.000000 -1.000000
vn 0.000000 0.000000 -1.000000
vn 0.000000 0.000000 -1.000000
vn 0.000000 0.000000 -1.000000
vn 0.000000 0.000000 -1.000000
vn 0.000000 0.000000 -1.000000
vn 0.000000 0.000000 -1.000000
vn 0.000000 0.000000 -1.000000
vn 0.000000 0.000000 -1.000000
vn 0.000000 0.000000 -1.000000
vn 0.000000 0.000000 -1.000000
vn 0.000000 0.000000 -1.000000
vn 0.000000 -0.143507 0.989649
vn 0.000000 -0.143507 0.989649
vn 0.000000 -0.681612 0.731713
vn 0.000000 -0.681612 0.731713
vn 0.000000 -0.143507 0.989649
vn 0.000000 -0.681612 0.731713
vn 0.000000 -0.681612 0.731713
vn 0.000000 -0.143507 0.989649
vn 0.000000 -0.143507 0.989649
vn 0.000000 -0.143507 0.989649
vn 0.000000 0.000000 1.000000
vn 0.000000 0.000000 1.000000
vn 0.000000 -0.143507 0.989649
vn 0.000000 0.000000 1.000000
vn 0.000000 0.000000 1.000000
vn 0.000000 -0.143507 0.989649
vn 0.000000 0.207411 0.978254
vn 0.000000 0.207411 0.978254
vn 0.000000 0.000000 1.000000
vn 0.000000 0.000000 1.000000
vn 0.000000 0.207411 0.978254
vn 0.000000 0.000000 1.000000
vn 0.000000 0.000000 1.000000
vn 0.000000 0.207411 0.978254
vn 0.000000 0.207411 0.978254
vn 0.000000 0.207411 0.978254
vn 0.000000 0.765518 0.643415
vn 0.000000 0.765518 0.643415
vn 0.000000 0.207411 0.978254
vn 0.000000 0.765518 0.643415
vn 0.000000 0.765469 0.643473
vn 0.000000 0.207411 0.978254
vn 0.000000 -0.983939 0.178507
vn 0.000000 -0.983939 0.178507
vn 0.000000 -1.000000 0.000000
vn 0.000000 -1.000000 0.000000
vn 0.000000 -0.983939 0.178507
vn 0.000000 -1.000000 0.000000
vn 0.000000 -1.000000 0.000000
vn 0.000000 -0.983939 0.178507
vn 0.000000 -0.983939 0.178507
vn 0.000000 -0.983939 0.178507
vn 0.000000 -0.681612 0.731713
vn 0.000000 -0.681612 0.731713
vn 0.000000 -0.983939 0.178507
vn 0.000000 -0.681612 0.731713
vn 0.000000 -0.681612 0.731713
vn 0.000000 -0.983939 0.178507
vn 0.000000 -0.243500 -0.969901
vn 0.000000 -0.243500 -0.969901
vn 0.000000 0.000000 -1.000000
vn 0.000000 0.000000 -1.000000
vn 0.000000 -0.243500 -0.969901
vn 0.000000 0.000000 -1.000000
vn 0.000000 0.000000 -1.000000
vn 0.000000 -0.243500 -0.969901
vn 0.000000 -0.243500 -0.969901
vn 0.000000 -0.243500 -0.969901
vn 0.000000 -0.801163 -0.598447
vn 0.000000 -0.801163 -0.598447
vn 0.000000 -0.243500 -0.969901
vn 0.000000 -0.801163 -0.598447
vn 0.000000 -0.801163 -0.598447
vn 0.000000 -0.243500 -0.969901
vn 0.000000 0.997644 -0.068603
vn 0.000000 0.997644 -0.068603
vn 0.000000 1.000000 0.000000
vn 0.000000 1.000000 0.000000
vn 0.000000 0.997644 -0.068603
vn 0.000000 1.000000 0.000000
vn 0.000000 1.000000 0.000000
vn 0.000000 0.997644 -0.068603
vn 0.000000 0.997644 -0.068603
vn 0.000000 0.997644 -0.068603
vn 0.000000 0.869979 -0.493088
vn 0.000000 0.869979 -0.493088
vn 0.000000 0.997644 -0.068603
vn 0.000000 0.869979 -0.493088
vn 0.000000 0.869979 -0.493088
vn 0.000000 0.997644 -0.068603
vn -0.098603 0.992334 -0.074503
vn -0.566343 0.817362 -0.105708
vn -0.568196 0.822894 0.000000
vn -0.090707 0.995878 0.000000
vn -0.098603 0.992334 -0.074503
vn -0.090707 0.995878 0.000000
vn 0.000000 1.000000 0.000000
vn 0.000000 0.997644 -0.068603
vn -0.098603 0.992334 -0.074503
vn 0.000000 0.997644 -0.068603
vn 0.000000 0.869979 -0.493088
vn -0.153305 0.854730 -0.495917
vn -0.098603 0.992334 -0.074503
vn -0.153305 0.854730 -0.495917
vn -0.489500 0.791799 -0.365300
vn -0.566343 0.817362 -0.105708
vn -0.208116 -0.247119 -0.946372
vn -0.738652 -0.237017 -0.631044
vn -0.764924 0.000000 -0.644120
vn -0.207008 0.000000 -0.978339
vn -0.208116 -0.247119 -0.946372
vn -0.207008 0.000000 -0.978339
vn 0.000000 0.000000 -1.000000
vn 0.000000 -0.243500 -0.969901
vn -0.208116 -0.247119 -0.946372
vn 0.000000 -0.243500 -0.969901
vn 0.000000 -0.801163 -0.598447
vn -0.187720 -0.781982 -0.594362
vn -0.208116 -0.247119 -0.946372
vn -0.187720 -0.781982 -0.594362
vn -0.582016 -0.679818 -0.446212
vn -0.738652 -0.237017 -0.631044
vn -0.140207 -0.972050 0.188310
vn -0.652897 -0.725996 0.215999
vn -0.665443 -0.746449 0.000000
vn -0.133998 -0.990982 0.000000
vn -0.140207 -0.972050 0.188310
vn -0.133998 -0.990982 0.000000
vn 0.000000 -1.000000 0.000000
vn 0.000000 -0.983956 0.178410
vn -0.140207 -0.972050 0.188310
vn 0.000000 -0.983956 0.178410
vn 0.000000 -0.681612 0.731713
vn -0.146200 -0.675201 0.723001
vn -0.140207 -0.972050 0.188310
vn -0.146200 -0.675201 0.723001
vn -0.491800 -0.584900 0.645000
vn -0.652897 -0.725996 0.215999
vn -0.124207 0.218712 0.967852
vn -0.623229 0.256912 0.738635
vn -0.638343 0.000000 0.769752
vn -0.119701 0.000000 0.992810
vn -0.124207 0.218712 0.967852
vn -0.119701 0.000000 0.992810
vn 0.000000 0.000000 1.000000
vn 0.000000 0.207411 0.978254
vn -0.124207 0.218712 0.967852
vn 0.000000 0.207411 0.978254
vn 0.000000 0.765518 0.643415
vn -0.121302 0.758814 0.639912
vn -0.124207 0.218712 0.967852
vn -0.121302 0.758814 0.639912
vn -0.419395 0.711192 0.564193
vn -0.623229 0.256912 0.738635
vn -0.127203 -0.152903 0.980020
vn -0.631254 -0.186716 0.752765
vn -0.491800 -0.584900 0.645000
vn -0.146200 -0.675201 0.723001
vn -0.127203 -0.152903 0.980020
vn -0.146200 -0.675201 0.723001
vn 0.000000 -0.681612 0.731713
vn 0.000000 -0.143507 0.989649
vn -0.127203 -0.152903 0.980020
vn 0.000000 -0.143507 0.989649
vn 0.000000 0.000000 1.000000
vn -0.119701 0.000000 0.992810
vn -0.127203 -0.152903 0.980020
vn -0.119701 0.000000 0.992810
vn -0.638343 0.000000 0.769752
vn -0.631254 -0.186716 0.752765
vn -0.207008 0.000000 -0.978339
vn -0.764924 0.000000 -0.644120
vn -0.764924 0.000000 -0.644120
vn -0.207008 0.000000 -0.978339
vn -0.207008 0.000000 -0.978339
vn -0.207008 0.000000 -0.978339
vn 0.000000 0.000000 -1.000000
vn 0.000000 0.000000 -1.000000
vn -0.207008 0.000000 -0.978339
vn 0.000000 0.000000 -1.000000
vn 0.000000 0.000000 -1.000000
vn -0.207008 0.000000 -0.978339
vn -0.207008 0.000000 -0.978339
vn -0.207008 0.000000 -0.978339
vn -0.764924 0.000000 -0.644120
vn -0.764924 0.000000 -0.644120
vn -0.199398 0.331096 -0.922289
vn -0.720562 0.314327 -0.618053
vn -0.489500 0.791799 -0.365300
vn -0.153305 0.854730 -0.495917
vn -0.199398 0.331096 -0.922289
vn -0.153305 0.854730 -0.495917
vn 0.000000 0.869979 -0.493088
vn 0.000000 0.331994 -0.943282
vn -0.199398 0.331096 -0.922289
vn 0.000000 0.331994 -0.943282
vn 0.000000 0.000000 -1.000000
vn -0.207008 0.000000 -0.978339
vn -0.199398 0.331096 -0.922289
vn -0.207008 0.000000 -0.978339
vn -0.764924 0.000000 -0.644120
vn -0.720562 0.314327 -0.618053
vn -0.119701 0.000000 0.992810
vn -0.638343 0.000000 0.769752
vn -0.638343 0.000000 0.769752
vn -0.119701 0.000000 0.992810
vn -0.119701 0.000000 0.992810
vn -0.119701 0.000000 0.992810
vn 0.000000 0.000000 1.000000
vn 0.000000 0.000000 1.000000
vn -0.119701 0.000000 0.992810
vn 0.000000 0.000000 1.000000
vn 0.000000 0.000000 1.000000
vn -0.119701 0.000000 0.992810
vn -0.119701 0.000000 0.992810
vn -0.119701 0.000000 0.992810
vn -0.638343 0.000000 0.769752
vn -0.638343 0.000000 0.769752
vn 0.000000 0.000000 1.000000
vn 0.000000 0.000000 1.000000
vn 0.000000 0.000000 1.000000
vn 0.000000 0.000000 1.000000
vn 0.000000 0.000000 1.000000
vn 0.000000 0.000000 1.000000
vn 0.000000 0.000000 1.000000
vn 0.000000 0.000000 1.000000
vn 0.000000 0.000000 1.000000
vn 0.000000 0.000000 1.000000
vn 0.000000 0.000000 1.000000
vn 0.000000 0.000000 1.000000
vn 0.000000 0.000000 1.000000
vn 0.000000 0.000000 1.000000
vn 0.000000 0.000000 1.000000
vn 0.000000 0.000000 1.000000
vn 0.000000 0.332025 -0.943271
vn 0.000000 0.332025 -0.943271
vn 0.000000 0.869979 -0.493088
vn 0.000000 0.869979 -0.493088
vn 0.000000 0.332025 -0.943271
vn 0.000000 0.869979 -0.493088
vn 0.000000 0.869979 -0.493088
vn 0.000000 0.331994 -0.943282
vn 0.000000 0.332025 -0.943271
vn 0.000000 0.331994 -0.943282
vn 0.000000 0.000000 -1.000000
vn 0.000000 0.000000 -1.000000
vn 0.000000 0.332025 -0.943271
vn 0.000000 0.000000 -1.000000
vn 0.000000 0.000000 -1.000000
vn 0.000000 0.332025 -0.943271
vn 0.274915 0.320017 -0.906648
vn 0.000000 0.331994 -0.943282
vn 0.000000 0.869979 -0.493088
vn 0.218713 0.840250 -0.496130
vn 0.274915 0.320017 -0.906648
vn 0.218713 0.840250 -0.496130
vn 0.620915 0.718717 -0.312907
vn 0.797099 0.274600 -0.537799
vn 0.274915 0.320017 -0.906648
vn 0.797099 0.274600 -0.537799
vn 0.839211 0.000000 -0.543807
vn 0.289008 0.000000 -0.957327
vn 0.274915 0.320017 -0.906648
vn 0.289008 0.000000 -0.957327
vn 0.000000 0.000000 -1.000000
vn 0.000000 0.331994 -0.943282
vn -0.939462 0.270689 0.210092
vn -0.566532 0.803846 0.181310
vn -0.568128 0.822940 0.000000
vn -0.963248 0.268613 0.000000
vn -0.939462 0.270689 0.210092
vn -0.963248 0.268613 0.000000
vn -1.000000 0.000000 0.000000
vn -0.977379 0.000000 0.211495
vn -0.939462 0.270689 0.210092
vn -0.977379 0.000000 0.211495
vn -0.638343 0.000000 0.769752
vn -0.623229 0.256912 0.738635
vn -0.939462 0.270689 0.210092
vn -0.623229 0.256912 0.738635
vn -0.419395 0.711192 0.564193
vn -0.566532 0.803846 0.181310
vn 0.989225 0.000000 0.146404
vn 0.989225 0.000000 0.146404
vn 1.000000 0.000000 0.000000
vn 1.000000 0.000000 0.000000
vn 0.989225 0.000000 0.146404
vn 1.000000 0.000000 0.000000
vn 1.000000 0.000000 0.000000
vn 0.989225 0.000000 0.146404
vn 0.989225 0.000000 0.146404
vn 0.989225 0.000000 0.146404
vn 0.727310 0.000000 0.686309
vn 0.727310 0.000000 0.686309
vn 0.989225 0.000000 0.146404
vn 0.727310 0.000000 0.686309
vn 0.727310 0.000000 0.686309
vn 0.989225 0.000000 0.146404
vn 0.174995 0.000000 0.984569
vn 0.000000 0.000000 1.000000
vn 0.000000 0.000000 1.000000
vn 0.174995 0.000000 0.984569
vn 0.174995 0.000000 0.984569
vn 0.174995 0.000000 0.984569
vn 0.727310 0.000000 0.686309
vn 0.727310 0.000000 0.686309
vn 0.174995 0.000000 0.984569
vn 0.727310 0.000000 0.686309
vn 0.727310 0.000000 0.686309
vn 0.174995 0.000000 0.984569
vn 0.174995 0.000000 0.984569
vn 0.174995 0.000000 0.984569
vn 0.000000 0.000000 1.000000
vn 0.000000 0.000000 1.000000
vn 0.174995 0.000000 0.984569
vn 0.000000 0.000000 1.000000
vn 0.000000 0.000000 1.000000
vn 0.174995 0.000000 0.984569
vn 0.174995 0.000000 0.984569
vn 0.174995 0.000000 0.984569
vn 0.727310 0.000000 0.686309
vn 0.727310 0.000000 0.686309
vn 0.174995 0.000000 0.984569
vn 0.727310 0.000000 0.686309
vn 0.727310 0.000000 0.686309
vn 0.174995 0.000000 0.984569
vn 0.174995 0.000000 0.984569
vn 0.174995 0.000000 0.984569
vn 0.000000 0.000000 1.000000
vn 0.000000 0.000000 1.000000
vn 0.174995 0.000000 0.984569
vn 0.174995 0.000000 0.984569
vn 0.727310 0.000000 0.686309
vn 0.727310 0.000000 0.686309
vn 0.174995 0.000000 0.984569
vn 0.727310 0.000000 0.686309
vn 0.727310 0.000000 0.686309
vn 0.174995 0.000000 0.984569
vn 0.174995 0.000000 0.984569
vn 0.174995 0.000000 0.984569
vn 0.000000 0.000000 1.000000
vn 0.000000 0.000000 1.000000
vn 0.174995 0.000000 0.984569
vn 0.000000 0.000000 1.000000
vn 0.000000 0.000000 1.000000
vn 0.174995 0.000000 0.984569
vn 0.989225 0.000000 0.146404
vn 0.989225 0.000000 0.146404
vn 1.000000 0.000000 0.000000
vn 1.000000 0.000000 0.000000
vn 0.989225 0.000000 0.146404
vn 1.000000 0.000000 0.000000
vn 1.000000 0.000000 0.000000
vn 0.989225 0.000000 0.146404
vn 0.989225 0.000000 0.146404
vn 0.989225 0.000000 0.146404
vn 0.727310 0.000000 0.686309
vn 0.727310 0.000000 0.686309
vn 0.989225 0.000000 0.146404
vn 0.727310 0.000000 0.686309
vn 0.727310 0.000000 0.686309
vn 0.989225 0.000000 0.146404
vn 0.989225 0.000000 0.146404
vn 1.000000 0.000000 0.000000
vn 1.000000 0.000000 0.000000
vn 0.989225 0.000000 0.146404
vn 0.989225 0.000000 0.146404
vn 0.989225 0.000000 0.146404
vn 0.727310 0.000000 0.686309
vn 0.727310 0.000000 0.686309
vn 0.989225 0.000000 0.146404
vn 0.727310 0.000000 0.686309
vn 0.727310 0.000000 0.686309
vn 0.989225 0.000000 0.146404
vn 0.989225 0.000000 0.146404
vn 0.989225 0.000000 0.146404
vn 1.000000 0.000000 0.000000
vn 1.000000 0.000000 0.000000
vn 0.000000 0.000000 1.000000
vn 0.000000 0.000000 1.000000
vn 0.000000 0.000000 1.000000
vn 0.000000 0.000000 1.000000
vn 0.000000 0.000000 1.000000
vn 0.000000 0.000000 1.000000
vn 0.000000 0.000000 1.000000
vn 0.000000 0.000000 1.000000
vn 0.000000 0.000000 1.000000
vn 0.000000 0.000000 1.000000
vn 0.000000 0.000000 1.000000
vn 0.000000 0.000000 1.000000
vn 0.000000 0.000000 1.000000
vn 0.000000 0.000000 1.000000
vn 0.000000 0.000000 1.000000
vn 0.000000 0.000000 1.000000
vn 0.000000 0.000000 1.000000
vn 0.000000 0.000000 1.000000
vn 0.000000 0.000000 1.000000
vn 0.000000 0.000000 1.000000
vn 0.000000 0.000000 1.000000
vn 0.000000 0.000000 1.000000
vn 0.000000 0.000000 1.000000
vn 0.000000 0.000000 1.000000
vn 0.000000 0.000000 1.000000
vn 0.000000 0.000000 1.000000
vn 0.000000 0.000000 1.000000
vn 0.000000 0.000000 1.000000
vn 0.000000 0.000000 1.000000
vn 0.000000 0.000000 1.000000
vn 0.000000 0.000000 1.000000
vn 0.000000 0.000000 1.000000
vn -0.119701 0.000000 0.992810
vn -0.638343 0.000000 0.769752
vn -0.638343 0.000000 0.769752
vn -0.119701 0.000000 0.992810
vn -0.119701 0.000000 0.992810
vn -0.119701 0.000000 0.992810
vn 0.000000 0.000000 1.000000
vn 0.000000 0.000000 1.000000
vn -0.119701 0.000000 0.992810
vn 0.000000 0.000000 1.000000
vn 0.000000 0.000000 1.000000
vn -0.119701 0.000000 0.992810
vn -0.119701 0.000000 0.992810
vn -0.119701 0.000000 0.992810
vn -0.638343 0.000000 0.769752
vn -0.638343 0.000000 0.769752
vn -0.119701 0.000000 0.992810
vn -0.119701 0.000000 0.992810
vn 0.000000 0.000000 1.000000
vn 0.000000 0.000000 1.000000
vn -0.119701 0.000000 0.992810
vn 0.000000 0.000000 1.000000
vn 0.000000 0.000000 1.000000
vn -0.119701 0.000000 0.992810
vn -0.119701 0.000000 0.992810
vn -0.119701 0.000000 0.992810
vn -0.638343 0.000000 0.769752
vn -0.638343 0.000000 0.769752
vn -0.119701 0.000000 0.992810
vn -0.638343 0.000000 0.769752
vn -0.638343 0.000000 0.769752
vn -0.119701 0.000000 0.992810
vn -0.207008 0.000000 -0.978339
vn -0.764924 0.000000 -0.644120
vn -0.764924 0.000000 -0.644120
vn -0.207008 0.000000 -0.978339
vn -0.207008 0.000000 -0.978339
vn -0.207008 0.000000 -0.978339
vn 0.000000 0.000000 -1.000000
vn 0.000000 0.000000 -1.000000
vn -0.207008 0.000000 -0.978339
vn 0.000000 0.000000 -1.000000
vn 0.000000 0.000000 -1.000000
vn -0.207008 0.000000 -0.978339
vn -0.207008 0.000000 -0.978339
vn -0.207008 0.000000 -0.978339
vn -0.764924 0.000000 -0.644120
vn -0.764924 0.000000 -0.644120
vn -0.207008 0.000000 -0.978339
vn -0.207008 0.000000 -0.978339
vn 0.000000 0.000000 -1.000000
vn 0.000000 0.000000 -1.000000
vn -0.207008 0.000000 -0.978339
vn 0.000000 0.000000 -1.000000
vn 0.000000 0.000000 -1.000000
vn -0.207008 0.000000 -0.978339
vn -0.207008 0.000000 -0.978339
vn -0.207008 0.000000 -0.978339
vn -0.764924 0.000000 -0.644120
vn -0.764924 0.000000 -0.644120
vn -0.207008 0.000000 -0.978339
vn -0.764924 0.000000 -0.644120
vn -0.764924 0.000000 -0.644120
vn -0.207008 0.000000 -0.978339
vn 0.000000 0.000000 -1.000000
vn 0.000000 0.000000 -1.000000
vn 0.000000 0.000000 -1.000000
vn 0.000000 0.000000 -1.000000
vn 0.000000 0.000000 -1.000000
vn 0.000000 0.000000 -1.000000
vn 0.000000 0.000000 -1.000000
vn 0.000000 0.000000 -1.000000
vn 0.000000 0.000000 -1.000000
vn 0.000000 0.000000 -1.000000
vn 0.000000 0.000000 -1.000000
vn 0.000000 0.000000 -1.000000
vn 0.000000 0.000000 -1.000000
vn 0.000000 0.000000 -1.000000
vn 0.000000 0.000000 -1.000000
vn 0.000000 0.000000 -1.000000
vn 0.000000 0.000000 -1.000000
vn 0.000000 0.000000 -1.000000
vn 0.000000 0.000000 -1.000000
vn 0.000000 0.000000 -1.000000
vn 0.000000 0.000000 -1.000000
vn 0.000000 0.000000 -1.000000
vn 0.000000 0.000000 -1.000000
vn 0.000000 0.000000 -1.000000
vn 0.000000 0.000000 -1.000000
vn 0.000000 0.000000 -1.000000
vn 0.000000 0.000000 -1.000000
vn 0.000000 0.000000 -1.000000
vn 0.000000 0.000000 -1.000000
vn 0.000000 0.000000 -1.000000
vn 0.000000 0.000000 -1.000000
vn 0.000000 0.000000 -1.000000
vn 0.289008 0.000000 -0.957327
vn 0.000000 0.000000 -1.000000
vn 0.000000 0.000000 -1.000000
vn 0.289008 0.000000 -0.957327
vn 0.289008 0.000000 -0.957327
vn 0.289008 0.000000 -0.957327
vn 0.839211 0.000000 -0.543807
vn 0.839211 0.000000 -0.543807
vn 0.289008 0.000000 -0.957327
vn 0.839211 0.000000 -0.543807
vn 0.839211 0.000000 -0.543807
vn 0.289008 0.000000 -0.957327
vn 0.289008 0.000000 -0.957327
vn 0.289008 0.000000 -0.957327
vn 0.000000 0.000000 -1.000000
vn 0.000000 0.000000 -1.000000
vn 0.289008 0.000000 -0.957327
vn 0.289008 0.000000 -0.957327
vn 0.839211 0.000000 -0.543807
vn 0.839211 0.000000 -0.543807
vn 0.289008 0.000000 -0.957327
vn 0.839211 0.000000 -0.543807
vn 0.839211 0.000000 -0.543807
vn 0.289008 0.000000 -0.957327
vn 0.289008 0.000000 -0.957327
vn 0.289008 0.000000 -0.957327
vn 0.000000 0.000000 -1.000000
vn 0.000000 0.000000 -1.000000
vn 0.289008 0.000000 -0.957327
vn 0.000000 0.000000 -1.000000
vn 0.000000 0.000000 -1.000000
vn 0.289008 0.000000 -0.957327
vn -0.977379 0.000000 0.211495
vn -0.977379 0.000000 0.211495
vn -1.000000 0.000000 0.000000
vn -1.000000 0.000000 0.000000
vn -0.977379 0.000000 0.211495
vn -1.000000 0.000000 0.000000
vn -1.000000 0.000000 0.000000
vn -0.977379 0.000000 0.211495
vn -0.977379 0.000000 0.211495
vn -0.977379 0.000000 0.211495
vn -0.638343 0.000000 0.769752
vn -0.638343 0.000000 0.769752
vn -0.977379 0.000000 0.211495
vn -0.638343 0.000000 0.769752
vn -0.638343 0.000000 0.769752
vn -0.977379 0.000000 0.211495
vn -0.977379 0.000000 0.211495
vn -1.000000 0.000000 0.000000
vn -1.000000 0.000000 0.000000
vn -0.977379 0.000000 0.211495
vn -0.977379 0.000000 0.211495
vn -0.977379 0.000000 0.211495
vn -0.638343 0.000000 0.769752
vn -0.638343 0.000000 0.769752
vn -0.977379 0.000000 0.211495
vn -0.638343 0.000000 0.769752
vn -0.638343 0.000000 0.769752
vn -0.977379 0.000000 0.211495
vn -0.977379 0.000000 0.211495
vn -0.977379 0.000000 0.211495
vn -1.000000 0.000000 0.000000
vn -1.000000 0.000000 0.000000
vn -0.992455 0.000000 -0.122607
vn -0.992455 0.000000 -0.122607
vn -0.764924 0.000000 -0.644120
vn -0.764924 0.000000 -0.644120
vn -0.992455 0.000000 -0.122607
vn -0.764924 0.000000 -0.644120
vn -0.764924 0.000000 -0.644120
vn -0.992455 0.000000 -0.122607
vn -0.992455 0.000000 -0.122607
vn -0.992455 0.000000 -0.122607
vn -1.000000 0.000000 0.000000
vn -1.000000 0.000000 0.000000
vn -0.992455 0.000000 -0.122607
vn -1.000000 0.000000 0.000000
vn -1.000000 0.000000 0.000000
vn -0.992455 0.000000 -0.122607
vn -0.992455 0.000000 -0.122607
vn -0.992455 0.000000 -0.122607
vn -0.764924 0.000000 -0.644120
vn -0.764924 0.000000 -0.644120
vn -0.992455 0.000000 -0.122607
vn -0.764924 0.000000 -0.644120
vn -0.764924 0.000000 -0.644120
vn -0.992455 0.000000 -0.122607
vn -0.992455 0.000000 -0.122607
vn -0.992455 0.000000 -0.122607
vn -1.000000 0.000000 0.000000
vn -1.000000 0.000000 0.000000
vn -0.992455 0.000000 -0.122607
vn -1.000000 0.000000 0.000000
vn -1.000000 0.000000 0.000000
vn -0.992455 0.000000 -0.122607
vn 0.996575 0.000000 -0.082698
vn 0.996575 0.000000 -0.082698
vn 0.839211 0.000000 -0.543807
vn 0.839211 0.000000 -0.543807
vn 0.996575 0.000000 -0.082698
vn 0.839211 0.000000 -0.543807
vn 0.839211 0.000000 -0.543807
vn 0.996575 0.000000 -0.082698
vn 0.996575 0.000000 -0.082698
vn 0.996575 0.000000 -0.082698
vn 1.000000 0.000000 0.000000
vn 1.000000 0.000000 0.000000
vn 0.996575 0.000000 -0.082698
vn 1.000000 0.000000 0.000000
vn 1.000000 0.000000 0.000000
vn 0.996575 0.000000 -0.082698
vn 0.996575 0.000000 -0.082698
vn 0.996575 0.000000 -0.082698
vn 0.839211 0.000000 -0.543807
vn 0.839211 0.000000 -0.543807
vn 0.996575 0.000000 -0.082698
vn 0.839211 0.000000 -0.543807
vn 0.839211 0.000000 -0.543807
vn 0.996575 0.000000 -0.082698
vn 0.996575 0.000000 -0.082698
vn 0.996575 0.000000 -0.082698
vn 1.000000 0.000000 0.000000
vn 1.000000 0.000000 0.000000
vn 0.996575 0.000000 -0.082698
vn 1.000000 0.000000 0.000000
vn 1.000000 0.000000 0.000000
vn 0.996575 0.000000 -0.082698
vn 0.996575 0.000000 -0.082698
vn 0.996575 0.000000 -0.082698
vn 0.839211 0.000000 -0.543807
vn 0.839211 0.000000 -0.543807
vn 0.996575 0.000000 -0.082698
vn 0.839211 0.000000 -0.543807
vn 0.839211 0.000000 -0.543807
vn 0.996575 0.000000 -0.082698
vn 0.996575 0.000000 -0.082698
vn 0.996575 0.000000 -0.082698
vn 1.000000 0.000000 0.000000
vn 1.000000 0.000000 0.000000
vn 0.996575 0.000000 -0.082698
vn 1.000000 0.000000 0.000000
vn 1.000000 0.000000 0.000000
vn 0.996575 0.000000 -0.082698
vn -0.952113 0.279604 -0.123702
vn -0.566343 0.817362 -0.105708
vn -0.489500 0.791799 -0.365300
vn -0.720562 0.314327 -0.618053
vn -0.952113 0.279604 -0.123702
vn -0.720562 0.314327 -0.618053
vn -0.764924 0.000000 -0.644120
vn -0.992455 0.000000 -0.122607
vn -0.952113 0.279604 -0.123702
vn -0.992455 0.000000 -0.122607
vn -1.000000 0.000000 0.000000
vn -0.963248 0.268613 0.000000
vn -0.952113 0.279604 -0.123702
vn -0.963248 0.268613 0.000000
vn -0.568196 0.822894 0.000000
vn -0.566343 0.817362 -0.105708
vn -0.143700 -0.983600 -0.109000
vn -0.660817 -0.739220 -0.129903
vn -0.582016 -0.679818 -0.446212
vn -0.187720 -0.781982 -0.594362
vn -0.143700 -0.983600 -0.109000
vn -0.187720 -0.781982 -0.594362
vn 0.000000 -0.801163 -0.598447
vn 0.000000 -0.994785 -0.101998
vn -0.143700 -0.983600 -0.109000
vn 0.000000 -0.994785 -0.101998
vn 0.000000 -1.000000 0.000000
vn -0.133998 -0.990982 0.000000
vn -0.143700 -0.983600 -0.109000
vn -0.133998 -0.990982 0.000000
vn -0.665394 -0.746493 0.000000
vn -0.660817 -0.739220 -0.129903
vn -0.090707 0.995878 0.000000
vn -0.568128 0.822940 0.000000
vn -0.568128 0.822940 0.000000
vn -0.090707 0.995878 0.000000
vn -0.090707 0.995878 0.000000
vn -0.090707 0.995878 0.000000
vn 0.000000 1.000000 0.000000
vn 0.000000 1.000000 0.000000
vn -0.090707 0.995878 0.000000
vn 0.000000 1.000000 0.000000
vn 0.000000 1.000000 0.000000
vn -0.090707 0.995878 0.000000
vn -0.090707 0.995878 0.000000
vn -0.090707 0.995878 0.000000
vn -0.568196 0.822894 0.000000
vn -0.568128 0.822940 0.000000
vn 0.000000 1.000000 0.000000
vn 0.000000 1.000000 0.000000
vn 0.000000 1.000000 0.000000
vn 0.000000 1.000000 0.000000
vn 0.000000 1.000000 0.000000
vn 0.000000 1.000000 0.000000
vn 0.000000 1.000000 0.000000
vn 0.000000 1.000000 0.000000
vn 0.000000 1.000000 0.000000
vn 0.000000 1.000000 0.000000
vn 0.000000 1.000000 0.000000
vn 0.000000 1.000000 0.000000
vn 0.000000 1.000000 0.000000
vn 0.000000 1.000000 0.000000
vn 0.000000 1.000000 0.000000
vn 0.000000 1.000000 0.000000
vn 0.000000 -0.994785 -0.101998
vn 0.000000 -0.994785 -0.101998
vn 0.000000 -0.801163 -0.598447
vn 0.000000 -0.801163 -0.598447
vn 0.000000 -0.994785 -0.101998
vn 0.000000 -0.801163 -0.598447
vn 0.000000 -0.801163 -0.598447
vn 0.000000 -0.994785 -0.101998
vn 0.000000 -0.994785 -0.101998
vn 0.000000 -0.994785 -0.101998
vn 0.000000 -1.000000 0.000000
vn 0.000000 -1.000000 0.000000
vn 0.000000 -0.994785 -0.101998
vn 0.000000 -1.000000 0.000000
vn 0.000000 -1.000000 0.000000
vn 0.000000 -0.994785 -0.101998
vn -0.992455 0.000000 -0.122607
vn -0.992455 0.000000 -0.122607
vn -0.764924 0.000000 -0.644120
vn -0.764924 0.000000 -0.644120
vn -0.992455 0.000000 -0.122607
vn -0.764924 0.000000 -0.644120
vn -0.764924 0.000000 -0.644120
vn -0.992455 0.000000 -0.122607
vn -0.992455 0.000000 -0.122607
vn -0.992455 0.000000 -0.122607
vn -1.000000 0.000000 0.000000
vn -1.000000 0.000000 0.000000
vn -0.992455 0.000000 -0.122607
vn -1.000000 0.000000 0.000000
vn -1.000000 0.000000 0.000000
vn -0.992455 0.000000 -0.122607
vn 0.985999 -0.141200 -0.088700
vn 0.746498 -0.656598 -0.107800
vn 0.707714 -0.597311 -0.377307
vn 0.815239 -0.199910 -0.543526
vn 0.985999 -0.141200 -0.088700
vn 0.815239 -0.199910 -0.543526
vn 0.839211 0.000000 -0.543807
vn 0.996575 0.000000 -0.082698
vn 0.985999 -0.141200 -0.088700
vn 0.996575 0.000000 -0.082698
vn 1.000000 0.000000 0.000000
vn 0.991383 -0.130998 0.000000
vn 0.985999 -0.141200 -0.088700
vn 0.991383 -0.130998 0.000000
vn 0.751237 -0.660033 0.000000
vn 0.746498 -0.656598 -0.107800
vn 0.975210 0.203502 -0.086901
vn 0.996575 0.000000 -0.082698
vn 0.839211 0.000000 -0.543807
vn 0.797099 0.274600 -0.537799
vn 0.975210 0.203502 -0.086901
vn 0.797099 0.274600 -0.537799
vn 0.620915 0.718717 -0.312907
vn 0.662677 0.743574 -0.089197
vn 0.975210 0.203502 -0.086901
vn 0.662677 0.743574 -0.089197
vn 0.665549 0.746355 0.000000
vn 0.981688 0.190498 0.000000
vn 0.975210 0.203502 -0.086901
vn 0.981688 0.190498 0.000000
vn 1.000000 0.000000 0.000000
vn 0.996575 0.000000 -0.082698
vn -0.971129 -0.201306 -0.128004
vn -0.992455 0.000000 -0.122607
vn -0.764924 0.000000 -0.644120
vn -0.738652 -0.237017 -0.631044
vn -0.971129 -0.201306 -0.128004
vn -0.738652 -0.237017 -0.631044
vn -0.582016 -0.679818 -0.446212
vn -0.660817 -0.739220 -0.129903
vn -0.971129 -0.201306 -0.128004
vn -0.660817 -0.739220 -0.129903
vn -0.665394 -0.746493 0.000000
vn -0.981688 -0.190498 0.000000
vn -0.971129 -0.201306 -0.128004
vn -0.981688 -0.190498 0.000000
vn -1.000000 0.000000 0.000000
vn -0.992455 0.000000 -0.122607
vn 0.206714 -0.972565 -0.106707
vn 0.000000 -0.994785 -0.101998
vn 0.000000 -0.801163 -0.598447
vn 0.258990 -0.766371 -0.587878
vn 0.206714 -0.972565 -0.106707
vn 0.258990 -0.766371 -0.587878
vn 0.707714 -0.597311 -0.377307
vn 0.746498 -0.656598 -0.107800
vn 0.206714 -0.972565 -0.106707
vn 0.746498 -0.656598 -0.107800
vn 0.751237 -0.660033 0.000000
vn 0.194597 -0.980883 0.000000
vn 0.206714 -0.972565 -0.106707
vn 0.194597 -0.980883 0.000000
vn 0.000000 -1.000000 0.000000
vn 0.000000 -0.994785 -0.101998
vn 0.133998 0.990982 0.000000
vn 0.000000 1.000000 0.000000
vn 0.000000 1.000000 0.000000
vn 0.133998 0.990982 0.000000
vn 0.133998 0.990982 0.000000
vn 0.133998 0.990982 0.000000
vn 0.665549 0.746355 0.000000
vn 0.665499 0.746399 0.000000
vn 0.133998 0.990982 0.000000
vn 0.665499 0.746399 0.000000
vn 0.665549 0.746355 0.000000
vn 0.133998 0.990982 0.000000
vn 0.133998 0.990982 0.000000
vn 0.133998 0.990982 0.000000
vn 0.000000 1.000000 0.000000
vn 0.000000 1.000000 0.000000
vn 0.142905 0.981135 0.130205
vn 0.000000 0.992505 0.122201
vn 0.000000 0.765518 0.643415
vn 0.174009 0.750939 0.637033
vn 0.142905 0.981135 0.130205
vn 0.174009 0.750939 0.637033
vn 0.557713 0.654316 0.510712
vn 0.659301 0.736001 0.153700
vn 0.142905 0.981135 0.130205
vn 0.659301 0.736001 0.153700
vn 0.665499 0.746399 0.000000
vn 0.133998 0.990982 0.000000
vn 0.142905 0.981135 0.130205
vn 0.133998 0.990982 0.000000
vn 0.000000 1.000000 0.000000
vn 0.000000 0.992505 0.122201
vn 0.000000 0.992493 0.122299
vn 0.000000 0.992493 0.122299
vn 0.000000 0.765469 0.643473
vn 0.000000 0.765518 0.643415
vn 0.000000 0.992493 0.122299
vn 0.000000 0.765518 0.643415
vn 0.000000 0.765518 0.643415
vn 0.000000 0.992505 0.122201
vn 0.000000 0.992493 0.122299
vn 0.000000 0.992505 0.122201
vn 0.000000 1.000000 0.000000
vn 0.000000 1.000000 0.000000
vn 0.000000 0.992493 0.122299
vn 0.000000 1.000000 0.000000
vn 0.000000 1.000000 0.000000
vn 0.000000 0.992493 0.122299
vn -0.097399 0.986493 0.131699
vn -0.566532 0.803846 0.181310
vn -0.419395 0.711192 0.564193
vn -0.121302 0.758814 0.639912
vn -0.097399 0.986493 0.131699
vn -0.121302 0.758814 0.639912
vn 0.000000 0.765518 0.643415
vn 0.000000 0.992505 0.122201
vn -0.097399 0.986493 0.131699
vn 0.000000 0.992505 0.122201
vn 0.000000 1.000000 0.000000
vn -0.090707 0.995878 0.000000
vn -0.097399 0.986493 0.131699
vn -0.090707 0.995878 0.000000
vn -0.568128 0.822940 0.000000
vn -0.566532 0.803846 0.181310
vn -1.000000 0.000000 0.000000
vn -1.000000 0.000000 0.000000
vn -1.000000 0.000000 0.000000
vn -1.000000 0.000000 0.000000
vn -1.000000 0.000000 0.000000
vn -1.000000 0.000000 0.000000
vn -1.000000 0.000000 0.000000
vn -1.000000 0.000000 0.000000
vn -1.000000 0.000000 0.000000
vn -1.000000 0.000000 0.000000
vn -1.000000 0.000000 0.000000
vn -1.000000 0.000000 0.000000
vn -1.000000 0.000000 0.000000
vn -1.000000 0.000000 0.000000
vn -1.000000 0.000000 0.000000
vn -1.000000 0.000000 0.000000
vn -1.000000 0.000000 0.000000
vn -1.000000 0.000000 0.000000
vn -1.000000 0.000000 0.000000
vn -1.000000 0.000000 0.000000
vn -1.000000 0.000000 0.000000
vn -1.000000 0.000000 0.000000
vn -1.000000 0.000000 0.000000
vn -1.000000 0.000000 0.000000
vn -1.000000 0.000000 0.000000
vn -1.000000 0.000000 0.000000
vn -1.000000 0.000000 0.000000
vn -1.000000 0.000000 0.000000
vn -1.000000 0.000000 0.000000
vn -1.000000 0.000000 0.000000
vn -1.000000 0.000000 0.000000
vn -1.000000 0.000000 0.000000
vn 1.000000 0.000000 0.000000
vn 1.000000 0.000000 0.000000
vn 1.000000 0.000000 0.000000
vn 1.000000 0.000000 0.000000
vn 1.000000 0.000000 0.000000
vn 1.000000 0.000000 0.000000
vn 1.000000 0.000000 0.000000
vn 1.000000 0.000000 0.000000
vn 1.000000 0.000000 0.000000
vn 1.000000 0.000000 0.000000
vn 1.000000 0.000000 0.000000
vn 1.000000 0.000000 0.000000
vn 1.000000 0.000000 0.000000
vn 1.000000 0.000000 0.000000
vn 1.000000 0.000000 0.000000
vn 1.000000 0.000000 0.000000
vn 1.000000 0.000000 0.000000
vn 1.000000 0.000000 0.000000
vn 1.000000 0.000000 0.000000
vn 1.000000 0.000000 0.000000
vn 1.000000 0.000000 0.000000
vn 1.000000 0.000000 0.000000
vn 1.000000 0.000000 0.000000
vn 1.000000 0.000000 0.000000
vn 1.000000 0.000000 0.000000
vn 1.000000 0.000000 0.000000
vn 1.000000 0.000000 0.000000
vn 1.000000 0.000000 0.000000
vn 1.000000 0.000000 0.000000
vn 1.000000 0.000000 0.000000
vn 1.000000 0.000000 0.000000
vn 1.000000 0.000000 0.000000
vn 1.000000 0.000000 0.000000
vn 1.000000 0.000000 0.000000
vn 1.000000 0.000000 0.000000
vn 1.000000 0.000000 0.000000
vn 1.000000 0.000000 0.000000
vn 1.000000 0.000000 0.000000
vn 1.000000 0.000000 0.000000
vn 1.000000 0.000000 0.000000
vn 1.000000 0.000000 0.000000
vn 1.000000 0.000000 0.000000
vn 1.000000 0.000000 0.000000
vn 1.000000 0.000000 0.000000
vn 1.000000 0.000000 0.000000
vn 1.000000 0.000000 0.000000
vn 1.000000 0.000000 0.000000
vn 1.000000 0.000000 0.000000
vn -0.963248 0.268613 0.000000
vn -0.568128 0.822940 0.000000
vn -0.568128 0.822940 0.000000
vn -0.963248 0.268613 0.000000
vn -0.963248 0.268613 0.000000
vn -0.963248 0.268613 0.000000
vn -1.000000 0.000000 0.000000
vn -1.000000 0.000000 0.000000
vn -0.963248 0.268613 0.000000
vn -1.000000 0.000000 0.000000
vn -1.000000 0.000000 0.000000
vn -0.963248 0.268613 0.000000
vn -0.963248 0.268613 0.000000
vn -0.963248 0.268613 0.000000
vn -0.568128 0.822940 0.000000
vn -0.568128 0.822940 0.000000
vn -0.133998 -0.990982 0.000000
vn -0.665394 -0.746493 0.000000
vn -0.665394 -0.746493 0.000000
vn -0.133998 -0.990982 0.000000
vn -0.133998 -0.990982 0.000000
vn -0.133998 -0.990982 0.000000
vn 0.000000 -1.000000 0.000000
vn 0.000000 -1.000000 0.000000
vn -0.133998 -0.990982 0.000000
vn 0.000000 -1.000000 0.000000
vn 0.000000 -1.000000 0.000000
vn -0.133998 -0.990982 0.000000
vn -0.133998 -0.990982 0.000000
vn -0.133998 -0.990982 0.000000
vn -0.665443 -0.746449 0.000000
vn -0.665394 -0.746493 0.000000
vn 0.000000 -1.000000 0.000000
vn 0.000000 -1.000000 0.000000
vn 0.000000 -1.000000 0.000000
vn 0.000000 -1.000000 0.000000
vn 0.000000 -1.000000 0.000000
vn 0.000000 -1.000000 0.000000
vn 0.000000 -1.000000 0.000000
vn 0.000000 -1.000000 0.000000
vn 0.000000 -1.000000 0.000000
vn 0.000000 -1.000000 0.000000
vn 0.000000 -1.000000 0.000000
vn 0.000000 -1.000000 0.000000
vn 0.000000 -1.000000 0.000000
vn 0.000000 -1.000000 0.000000
vn 0.000000 -1.000000 0.000000
vn 0.000000 -1.000000 0.000000
vn -1.000000 0.000000 0.000000
vn -1.000000 0.000000 0.000000
vn -1.000000 0.000000 0.000000
vn -1.000000 0.000000 0.000000
vn -1.000000 0.000000 0.000000
vn -1.000000 0.000000 0.000000
vn -1.000000 0.000000 0.000000
vn -1.000000 0.000000 0.000000
vn -1.000000 0.000000 0.000000
vn -1.000000 0.000000 0.000000
vn -1.000000 0.000000 0.000000
vn -1.000000 0.000000 0.000000
vn -1.000000 0.000000 0.000000
vn -1.000000 0.000000 0.000000
vn -1.000000 0.000000 0.000000
vn -1.000000 0.000000 0.000000
vn 0.991383 -0.130998 0.000000
vn 0.751237 -0.660033 0.000000
vn 0.751237 -0.660033 0.000000
vn 0.991383 -0.130998 0.000000
vn 0.991383 -0.130998 0.000000
vn 0.991383 -0.130998 0.000000
vn 1.000000 0.000000 0.000000
vn 1.000000 0.000000 0.000000
vn 0.991383 -0.130998 0.000000
vn 1.000000 0.000000 0.000000
vn 1.000000 0.000000 0.000000
vn 0.991383 -0.130998 0.000000
vn 0.991383 -0.130998 0.000000
vn 0.991383 -0.130998 0.000000
vn 0.751237 -0.660033 0.000000
vn 0.751237 -0.660033 0.000000
vn 0.981706 0.190401 0.000000
vn 1.000000 0.000000 0.000000
vn 1.000000 0.000000 0.000000
vn 0.981688 0.190498 0.000000
vn 0.981706 0.190401 0.000000
vn 0.981688 0.190498 0.000000
vn 0.665549 0.746355 0.000000
vn 0.665499 0.746399 0.000000
vn 0.981706 0.190401 0.000000
vn 0.665499 0.746399 0.000000
vn 0.665499 0.746399 0.000000
vn 0.981688 0.190498 0.000000
vn 0.981706 0.190401 0.000000
vn 0.981688 0.190498 0.000000
vn 1.000000 0.000000 0.000000
vn 1.000000 0.000000 0.000000
vn -0.981688 -0.190498 0.000000
vn -1.000000 0.000000 0.000000
vn -1.000000 0.000000 0.000000
vn -0.981669 -0.190594 0.000000
vn -0.981688 -0.190498 0.000000
vn -0.981669 -0.190594 0.000000
vn -0.665394 -0.746493 0.000000
vn -0.665394 -0.746493 0.000000
vn -0.981688 -0.190498 0.000000
vn -0.665394 -0.746493 0.000000
vn -0.665443 -0.746449 0.000000
vn -0.981688 -0.190498 0.000000
vn -0.981688 -0.190498 0.000000
vn -0.981688 -0.190498 0.000000
vn -1.000000 0.000000 0.000000
vn -1.000000 0.000000 0.000000
vn 0.194597 -0.980883 0.000000
vn 0.000000 -1.000000 0.000000
vn 0.000000 -1.000000 0.000000
vn 0.194597 -0.980883 0.000000
vn 0.194597 -0.980883 0.000000
vn 0.194597 -0.980883 0.000000
vn 0.751237 -0.660033 0.000000
vn 0.751237 -0.660033 0.000000
vn 0.194597 -0.980883 0.000000
vn 0.751237 -0.660033 0.000000
vn 0.751237 -0.660033 0.000000
vn 0.194597 -0.980883 0.000000
vn 0.194597 -0.980883 0.000000
vn 0.194597 -0.980883 0.000000
vn 0.000000 -1.000000 0.000000
vn 0.000000 -1.000000 0.000000
vn 0.194597 -0.980883 0.000000
vn 0.000000 -1.000000 0.000000
vn 0.000000 -1.000000 0.000000
vn 0.194597 -0.980883 0.000000
vn 0.194597 -0.980883 0.000000
vn 0.194597 -0.980883 0.000000
vn 0.751237 -0.660033 0.000000
vn 0.751237 -0.660033 0.000000
vn 0.194597 -0.980883 0.000000
vn 0.751237 -0.660033 0.000000
vn 0.751237 -0.660033 0.000000
vn 0.194597 -0.980883 0.000000
vn 0.194597 -0.980883 0.000000
vn 0.194597 -0.980883 0.000000
vn 0.000000 -1.000000 0.000000
vn 0.000000 -1.000000 0.000000
vn 0.194597 -0.980883 0.000000
vn 0.000000 -1.000000 0.000000
vn 0.000000 -1.000000 0.000000
vn 0.194597 -0.980883 0.000000
vn 0.194597 -0.980883 0.000000
vn 0.194597 -0.980883 0.000000
vn 0.751237 -0.660033 0.000000
vn 0.751237 -0.660033 0.000000
vn 0.194597 -0.980883 0.000000
vn 0.751237 -0.660033 0.000000
vn 0.751237 -0.660033 0.000000
vn 0.194597 -0.980883 0.000000
vn 0.194597 -0.980883 0.000000
vn 0.194597 -0.980883 0.000000
vn 0.000000 -1.000000 0.000000
vn 0.000000 -1.000000 0.000000
vn -0.981688 -0.190498 0.000000
vn -1.000000 0.000000 0.000000
vn -1.000000 0.000000 0.000000
vn -0.981688 -0.190498 0.000000
vn -0.981688 -0.190498 0.000000
vn -0.981688 -0.190498 0.000000
vn -0.665394 -0.746493 0.000000
vn -0.665394 -0.746493 0.000000
vn -0.981688 -0.190498 0.000000
vn -0.665394 -0.746493 0.000000
vn -0.665394 -0.746493 0.000000
vn -0.981688 -0.190498 0.000000
vn -0.981688 -0.190498 0.000000
vn -0.981688 -0.190498 0.000000
vn -1.000000 0.000000 0.000000
vn -1.000000 0.000000 0.000000
vn -0.981669 -0.190594 0.000000
vn -1.000000 0.000000 0.000000
vn -1.000000 0.000000 0.000000
vn -0.981688 -0.190498 0.000000
vn -0.981669 -0.190594 0.000000
vn -0.981688 -0.190498 0.000000
vn -0.665394 -0.746493 0.000000
vn -0.665394 -0.746493 0.000000
vn -0.981669 -0.190594 0.000000
vn -0.665394 -0.746493 0.000000
vn -0.665394 -0.746493 0.000000
vn -0.981669 -0.190594 0.000000
vn -0.981669 -0.190594 0.000000
vn -0.981669 -0.190594 0.000000
vn -1.000000 0.000000 0.000000
vn -1.000000 0.000000 0.000000
vn 0.981688 0.190498 0.000000
vn 1.000000 0.000000 0.000000
vn 1.000000 0.000000 0.000000
vn 0.981688 0.190498 0.000000
vn 0.981688 0.190498 0.000000
vn 0.981688 0.190498 0.000000
vn 0.665549 0.746355 0.000000
vn 0.665499 0.746399 0.000000
vn 0.981688 0.190498 0.000000
vn 0.665499 0.746399 0.000000
vn 0.665549 0.746355 0.000000
vn 0.981706 0.190401 0.000000
vn 0.981688 0.190498 0.000000
vn 0.981706 0.190401 0.000000
vn 1.000000 0.000000 0.000000
vn 1.000000 0.000000 0.000000
vn 0.981706 0.190401 0.000000
vn 1.000000 0.000000 0.000000
vn 1.000000 0.000000 0.000000
vn 0.981706 0.190401 0.000000
vn 0.981706 0.190401 0.000000
vn 0.981706 0.190401 0.000000
vn 0.665549 0.746355 0.000000
vn 0.665549 0.746355 0.000000
vn 0.981706 0.190401 0.000000
vn 0.665549 0.746355 0.000000
vn 0.665549 0.746355 0.000000
vn 0.981688 0.190498 0.000000
vn 0.981706 0.190401 0.000000
vn 0.981688 0.190498 0.000000
vn 1.000000 0.000000 0.000000
vn 1.000000 0.000000 0.000000
vn 0.991383 -0.130998 0.000000
vn 0.751237 -0.660033 0.000000
vn 0.751237 -0.660033 0.000000
vn 0.991383 -0.130998 0.000000
vn 0.991383 -0.130998 0.000000
vn 0.991383 -0.130998 0.000000
vn 1.000000 0.000000 0.000000
vn 1.000000 0.000000 0.000000
vn 0.991383 -0.130998 0.000000
vn 1.000000 0.000000 0.000000
vn 1.000000 0.000000 0.000000
vn 0.991383 -0.130998 0.000000
vn 0.991383 -0.130998 0.000000
vn 0.991383 -0.130998 0.000000
vn 0.751237 -0.660033 0.000000
vn 0.751237 -0.660033 0.000000
vn 0.991383 -0.130998 0.000000
vn 0.751237 -0.660033 0.000000
vn 0.751237 -0.660033 0.000000
vn 0.991383 -0.130998 0.000000
vn 0.991383 -0.130998 0.000000
vn 0.991383 -0.130998 0.000000
vn 1.000000 0.000000 0.000000
vn 1.000000 0.000000 0.000000
vn 0.991383 -0.130998 0.000000
vn 1.000000 0.000000 0.000000
vn 1.000000 0.000000 0.000000
vn 0.991383 -0.130998 0.000000
vn 0.991383 -0.130998 0.000000
vn 0.991383 -0.130998 0.000000
vn 0.751237 -0.660033 0.000000
vn 0.751237 -0.660033 0.000000
vn -1.000000 0.000000 0.000000
vn -1.000000 0.000000 0.000000
vn -1.000000 0.000000 0.000000
vn -1.000000 0.000000 0.000000
vn -1.000000 0.000000 0.000000
vn -1.000000 0.000000 0.000000
vn -1.000000 0.000000 0.000000
vn -1.000000 0.000000 0.000000
vn -1.000000 0.000000 0.000000
vn -1.000000 0.000000 0.000000
vn -1.000000 0.000000 0.000000
vn -1.000000 0.000000 0.000000
vn -1.000000 0.000000 0.000000
vn -1.000000 0.000000 0.000000
vn -1.000000 0.000000 0.000000
vn -1.000000 0.000000 0.000000
vn -1.000000 0.000000 0.000000
vn -1.000000 0.000000 0.000000
vn -1.000000 0.000000 0.000000
vn -1.000000 0.000000 0.000000
vn -1.000000 0.000000 0.000000
vn -1.000000 0.000000 0.000000
vn -1.000000 0.000000 0.000000
vn -1.000000 0.000000 0.000000
vn -1.000000 0.000000 0.000000
vn -1.000000 0.000000 0.000000
vn -1.000000 0.000000 0.000000
vn -1.000000 0.000000 0.000000
vn -1.000000 0.000000 0.000000
vn -1.000000 0.000000 0.000000
vn -1.000000 0.000000 0.000000
vn -1.000000 0.000000 0.000000
vn 0.000000 -1.000000 0.000000
vn 0.000000 -1.000000 0.000000
vn 0.000000 -1.000000 0.000000
vn 0.000000 -1.000000 0.000000
vn 0.000000 -1.000000 0.000000
vn 0.000000 -1.000000 0.000000
vn 0.000000 -1.000000 0.000000
vn 0.000000 -1.000000 0.000000
vn 0.000000 -1.000000 0.000000
vn 0.000000 -1.000000 0.000000
vn 0.000000 -1.000000 0.000000
vn 0.000000 -1.000000 0.000000
vn 0.000000 -1.000000 0.000000
vn 0.000000 -1.000000 0.000000
vn 0.000000 -1.000000 0.000000
vn 0.000000 -1.000000 0.000000
vn 0.000000 -1.000000 0.000000
vn 0.000000 -1.000000 0.000000
vn 0.000000 -1.000000 0.000000
vn 0.000000 -1.000000 0.000000
vn 0.000000 -1.000000 0.000000
vn 0.000000 -1.000000 0.000000
vn 0.000000 -1.000000 0.000000
vn 0.000000 -1.000000 0.000000
vn 0.000000 -1.000000 0.000000
vn 0.000000 -1.000000 0.000000
vn 0.000000 -1.000000 0.000000
vn 0.000000 -1.000000 0.000000
vn 0.000000 -1.000000 0.000000
vn 0.000000 -1.000000 0.000000
vn 0.000000 -1.000000 0.000000
vn 0.000000 -1.000000 0.000000
vn -0.133998 -0.990982 0.000000
vn -0.665394 -0.746493 0.000000
vn -0.665394 -0.746493 0.000000
vn -0.133998 -0.990982 0.000000
vn -0.133998 -0.990982 0.000000
vn -0.133998 -0.990982 0.000000
vn 0.000000 -1.000000 0.000000
vn 0.000000 -1.000000 0.000000
vn -0.133998 -0.990982 0.000000
vn 0.000000 -1.000000 0.000000
vn 0.000000 -1.000000 0.000000
vn -0.133998 -0.990982 0.000000
vn -0.133998 -0.990982 0.000000
vn -0.133998 -0.990982 0.000000
vn -0.665394 -0.746493 0.000000
vn -0.665394 -0.746493 0.000000
vn -0.133998 -0.990982 0.000000
vn -0.665394 -0.746493 0.000000
vn -0.665394 -0.746493 0.000000
vn -0.133998 -0.990982 0.000000
vn -0.133998 -0.990982 0.000000
vn -0.133998 -0.990982 0.000000
vn 0.000000 -1.000000 0.000000
vn 0.000000 -1.000000 0.000000
vn -0.133998 -0.990982 0.000000
vn 0.000000 -1.000000 0.000000
vn 0.000000 -1.000000 0.000000
vn -0.133998 -0.990982 0.000000
vn -0.133998 -0.990982 0.000000
vn -0.133998 -0.990982 0.000000
vn -0.665394 -0.746493 0.000000
vn -0.665394 -0.746493 0.000000
vn -0.963248 0.268613 0.000000
vn -0.568128 0.822940 0.000000
vn -0.568196 0.822894 0.000000
vn -0.963248 0.268613 0.000000
vn -0.963248 0.268613 0.000000
vn -0.963248 0.268613 0.000000
vn -1.000000 0.000000 0.000000
vn -1.000000 0.000000 0.000000
vn -0.963248 0.268613 0.000000
vn -1.000000 0.000000 0.000000
vn -1.000000 0.000000 0.000000
vn -0.963248 0.268613 0.000000
vn -0.963248 0.268613 0.000000
vn -0.963248 0.268613 0.000000
vn -0.568128 0.822940 0.000000
vn -0.568128 0.822940 0.000000
vn -0.963248 0.268613 0.000000
vn -0.568128 0.822940 0.000000
vn -0.568128 0.822940 0.000000
vn -0.963248 0.268613 0.000000
vn -0.963248 0.268613 0.000000
vn -0.963248 0.268613 0.000000
vn -1.000000 0.000000 0.000000
vn -1.000000 0.000000 0.000000
vn -0.963248 0.268613 0.000000
vn -1.000000 0.000000 0.000000
vn -1.000000 0.000000 0.000000
vn -0.963248 0.268613 0.000000
vn -0.963248 0.268613 0.000000
vn -0.963248 0.268613 0.000000
vn -0.568128 0.822940 0.000000
vn -0.568128 0.822940 0.000000
vn 1.000000 0.000000 0.000000
vn 1.000000 0.000000 0.000000
vn 1.000000 0.000000 0.000000
vn 1.000000 0.000000 0.000000
vn 1.000000 0.000000 0.000000
vn 1.000000 0.000000 0.000000
vn 1.000000 0.000000 0.000000
vn 1.000000 0.000000 0.000000
vn 1.000000 0.000000 0.000000
vn 1.000000 0.000000 0.000000
vn 1.000000 0.000000 0.000000
vn 1.000000 0.000000 0.000000
vn 1.000000 0.000000 0.000000
vn 1.000000 0.000000 0.000000
vn 1.000000 0.000000 0.000000
vn 1.000000 0.000000 0.000000
vn 1.000000 0.000000 0.000000
vn 1.000000 0.000000 0.000000
vn 1.000000 0.000000 0.000000
vn 1.000000 0.000000 0.000000
vn 1.000000 0.000000 0.000000
vn 1.000000 0.000000 0.000000
vn 1.000000 0.000000 0.000000
vn 1.000000 0.000000 0.000000
vn 1.000000 0.000000 0.000000
vn 1.000000 0.000000 0.000000
vn 1.000000 0.000000 0.000000
vn 1.000000 0.000000 0.000000
vn 1.000000 0.000000 0.000000
vn 1.000000 0.000000 0.000000
vn 1.000000 0.000000 0.000000
vn 1.000000 0.000000 0.000000
vn 1.000000 0.000000 0.000000
vn 1.000000 0.000000 0.000000
vn 1.000000 0.000000 0.000000
vn 1.000000 0.000000 0.000000
vn 1.000000 0.000000 0.000000
vn 1.000000 0.000000 0.000000
vn 1.000000 0.000000 0.000000
vn 1.000000 0.000000 0.000000
vn 1.000000 0.000000 0.000000
vn 1.000000 0.000000 0.000000
vn 1.000000 0.000000 0.000000
vn 1.000000 0.000000 0.000000
vn 1.000000 0.000000 0.000000
vn 1.000000 0.000000 0.000000
vn 1.000000 0.000000 0.000000
vn 1.000000 0.000000 0.000000
vn 1.000000 0.000000 0.000000
vn 1.000000 0.000000 0.000000
vn 1.000000 0.000000 0.000000
vn 1.000000 0.000000 0.000000
vn 1.000000 0.000000 0.000000
vn 1.000000 0.000000 0.000000
vn 1.000000 0.000000 0.000000
vn 1.000000 0.000000 0.000000
vn 1.000000 0.000000 0.000000
vn 1.000000 0.000000 0.000000
vn 1.000000 0.000000 0.000000
vn 1.000000 0.000000 0.000000
vn 1.000000 0.000000 0.000000
vn 1.000000 0.000000 0.000000
vn 1.000000 0.000000 0.000000
vn 1.000000 0.000000 0.000000
vn 1.000000 0.000000 0.000000
vn 1.000000 0.000000 0.000000
vn 1.000000 0.000000 0.000000
vn 1.000000 0.000000 0.000000
vn 1.000000 0.000000 0.000000
vn 1.000000 0.000000 0.000000
vn 1.000000 0.000000 0.000000
vn 1.000000 0.000000 0.000000
vn 1.000000 0.000000 0.000000
vn 1.000000 0.000000 0.000000
vn 1.000000 0.000000 0.000000
vn 1.000000 0.000000 0.000000
vn 1.000000 0.000000 0.000000
vn 1.000000 0.000000 0.000000
vn 1.000000 0.000000 0.000000
vn 1.000000 0.000000 0.000000
vn 1.000000 0.000000 0.000000
vn 1.000000 0.000000 0.000000
vn 1.000000 0.000000 0.000000
vn 1.000000 0.000000 0.000000
vn 1.000000 0.000000 0.000000
vn 1.000000 0.000000 0.000000
vn 1.000000 0.000000 0.000000
vn 1.000000 0.000000 0.000000
vn 1.000000 0.000000 0.000000
vn 1.000000 0.000000 0.000000
vn 1.000000 0.000000 0.000000
vn 1.000000 0.000000 0.000000
vn 1.000000 0.000000 0.000000
vn 1.000000 0.000000 0.000000
vn 1.000000 0.000000 0.000000
vn 1.000000 0.000000 0.000000
vn -1.000000 0.000000 0.000000
vn -1.000000 0.000000 0.000000
vn -1.000000 0.000000 0.000000
vn -1.000000 0.000000 0.000000
vn -1.000000 0.000000 0.000000
vn -1.000000 0.000000 0.000000
vn -1.000000 0.000000 0.000000
vn -1.000000 0.000000 0.000000
vn -1.000000 0.000000 0.000000
vn -1.000000 0.000000 0.000000
vn -1.000000 0.000000 0.000000
vn -1.000000 0.000000 0.000000
vn -1.000000 0.000000 0.000000
vn -1.000000 0.000000 0.000000
vn -1.000000 0.000000 0.000000
vn -1.000000 0.000000 0.000000
vn -1.000000 0.000000 0.000000
vn -1.000000 0.000000 0.000000
vn -1.000000 0.000000 0.000000
vn -1.000000 0.000000 0.000000
vn -1.000000 0.000000 0.000000
vn -1.000000 0.000000 0.000000
vn -1.000000 0.000000 0.000000
vn -1.000000 0.000000 0.000000
vn -1.000000 0.000000 0.000000
vn -1.000000 0.000000 0.000000
vn -1.000000 0.000000 0.000000
vn -1.000000 0.000000 0.000000
vn -1.000000 0.000000 0.000000
vn -1.000000 0.000000 0.000000
vn -1.000000 0.000000 0.000000
vn -1.000000 0.000000 0.000000
vn -1.000000 0.000000 0.000000
vn -1.000000 0.000000 0.000000
vn -1.000000 0.000000 0.000000
vn -1.000000 0.000000 0.000000
vn -1.000000 0.000000 0.000000
vn -1.000000 0.000000 0.000000
vn -1.000000 0.000000 0.000000
vn -1.000000 0.000000 0.000000
vn -1.000000 0.000000 0.000000
vn -1.000000 0.000000 0.000000
vn -1.000000 0.000000 0.000000
vn -1.000000 0.000000 0.000000
vn -1.000000 0.000000 0.000000
vn -1.000000 0.000000 0.000000
vn -1.000000 0.000000 0.000000
vn -1.000000 0.000000 0.000000
vn -1.000000 0.000000 0.000000
vn -1.000000 0.000000 0.000000
vn -1.000000 0.000000 0.000000
vn -1.000000 0.000000 0.000000
vn -1.000000 0.000000 0.000000
vn -1.000000 0.000000 0.000000
vn -1.000000 0.000000 0.000000
vn -1.000000 0.000000 0.000000
vn -1.000000 0.000000 0.000000
vn -1.000000 0.000000 0.000000
vn -1.000000 0.000000 0.000000
vn -1.000000 0.000000 0.000000
vn -1.000000 0.000000 0.000000
vn -1.000000 0.000000 0.000000
vn -1.000000 0.000000 0.000000
vn -1.000000 0.000000 0.000000
vn 0.133998 0.990982 0.000000
vn 0.000000 1.000000 0.000000
vn 0.000000 1.000000 0.000000
vn 0.133998 0.990982 0.000000
vn 0.133998 0.990982 0.000000
vn 0.133998 0.990982 0.000000
vn 0.665499 0.746399 0.000000
vn 0.665499 0.746399 0.000000
vn 0.133998 0.990982 0.000000
vn 0.665499 0.746399 0.000000
vn 0.665549 0.746355 0.000000
vn 0.134096 0.990968 0.000000
vn 0.133998 0.990982 0.000000
vn 0.134096 0.990968 0.000000
vn 0.000000 1.000000 0.000000
vn 0.000000 1.000000 0.000000
vn 0.133998 0.990982 0.000000
vn 0.000000 1.000000 0.000000
vn 0.000000 1.000000 0.000000
vn 0.134096 0.990968 0.000000
vn 0.133998 0.990982 0.000000
vn 0.134096 0.990968 0.000000
vn 0.665549 0.746355 0.000000
vn 0.665549 0.746355 0.000000
vn 0.133998 0.990982 0.000000
vn 0.665549 0.746355 0.000000
vn 0.665549 0.746355 0.000000
vn 0.133998 0.990982 0.000000
vn 0.133998 0.990982 0.000000
vn 0.133998 0.990982 0.000000
vn 0.000000 1.000000 0.000000
vn 0.000000 1.000000 0.000000
vn 0.000000 1.000000 0.000000
vn 0.000000 1.000000 0.000000
vn 0.000000 1.000000 0.000000
vn 0.000000 1.000000 0.000000
vn 0.000000 1.000000 0.000000
vn 0.000000 1.000000 0.000000
vn 0.000000 1.000000 0.000000
vn 0.000000 1.000000 0.000000
vn 0.000000 1.000000 0.000000
vn 0.000000 1.000000 0.000000
vn 0.000000 1.000000 0.000000
vn 0.000000 1.000000 0.000000
vn 0.000000 1.000000 0.000000
vn 0.000000 1.000000 0.000000
vn 0.000000 1.000000 0.000000
vn 0.000000 1.000000 0.000000
vn 0.000000 1.000000 0.000000
vn 0.000000 1.000000 0.000000
vn 0.000000 1.000000 0.000000
vn 0.000000 1.000000 0.000000
vn 0.000000 1.000000 0.000000
vn 0.000000 1.000000 0.000000
vn 0.000000 1.000000 0.000000
vn 0.000000 1.000000 0.000000
vn 0.000000 1.000000 0.000000
vn 0.000000 1.000000 0.000000
vn 0.000000 1.000000 0.000000
vn 0.000000 1.000000 0.000000
vn 0.000000 1.000000 0.000000
vn 0.000000 1.000000 0.000000
vn 0.000000 1.000000 0.000000
vn 0.000000 1.000000 0.000000
vn -0.090707 0.995878 0.000000
vn -0.568128 0.822940 0.000000
vn -0.568128 0.822940 0.000000
vn -0.090707 0.995878 0.000000
vn -0.090707 0.995878 0.000000
vn -0.090707 0.995878 0.000000
vn 0.000000 1.000000 0.000000
vn 0.000000 1.000000 0.000000
vn -0.090707 0.995878 0.000000
vn 0.000000 1.000000 0.000000
vn 0.000000 1.000000 0.000000
vn -0.090707 0.995878 0.000000
vn -0.090707 0.995878 0.000000
vn -0.090707 0.995878 0.000000
vn -0.568128 0.822940 0.000000
vn -0.568128 0.822940 0.000000
vn -0.090707 0.995878 0.000000
vn -0.568128 0.822940 0.000000
vn -0.568128 0.822940 0.000000
vn -0.090707 0.995878 0.000000
vn -0.090707 0.995878 0.000000
vn -0.090707 0.995878 0.000000
vn 0.000000 1.000000 0.000000
vn 0.000000 1.000000 0.000000
vn -0.090707 0.995878 0.000000
vn 0.000000 1.000000 0.000000
vn 0.000000 1.000000 0.000000
vn -0.090707 0.995878 0.000000
vn -0.090707 0.995878 0.000000
vn -0.090707 0.995878 0.000000
vn -0.568128 0.822940 0.000000
vn -0.568128 0.822940 0.000000
vn 0.000000 0.000000 -1.000000
vn 0.000000 0.000000 -1.000000
vn 0.000000 0.000000 -1.000000
vn 0.000000 0.000000 -1.000000
vn 0.000000 0.000000 -1.000000
vn 0.000000 0.000000 -1.000000
vn 0.000000 0.000000 -1.000000
vn 0.000000 0.000000 -1.000000
vn 0.000000 0.000000 -1.000000
vn 0.000000 0.000000 -1.000000
vn 0.000000 0.000000 -1.000000
vn 0.000000 0.000000 -1.000000
vn 0.000000 0.000000 -1.000000
vn 0.000000 0.000000 -1.000000
vn 0.000000 0.000000 -1.000000
vn 0.000000 0.000000 -1.000000
vn 0.000000 0.998709 -0.050800
vn 0.000000 0.998709 -0.050800
vn 0.000000 0.912071 -0.410032
vn 0.000000 0.912071 -0.410032
vn 0.000000 0.998709 -0.050800
vn 0.000000 0.912071 -0.410032
vn 0.000000 0.912088 -0.409995
vn 0.000000 0.998709 -0.050800
vn 0.000000 0.998709 -0.050800
vn 0.000000 0.998709 -0.050800
vn 0.000000 1.000000 0.000000
vn 0.000000 1.000000 0.000000
vn 0.000000 0.998709 -0.050800
vn 0.000000 1.000000 0.000000
vn 0.000000 1.000000 0.000000
vn 0.000000 0.998709 -0.050800
vn -0.996624 0.000000 -0.082102
vn -0.996624 0.000000 -0.082102
vn -1.000000 0.000000 0.000000
vn -1.000000 0.000000 0.000000
vn -0.996624 0.000000 -0.082102
vn -1.000000 0.000000 0.000000
vn -1.000000 0.000000 0.000000
vn -0.996624 0.000000 -0.082102
vn -0.996624 0.000000 -0.082102
vn -0.996624 0.000000 -0.082102
vn -0.840551 0.000000 -0.541733
vn -0.840551 0.000000 -0.541733
vn -0.996624 0.000000 -0.082102
vn -0.840551 0.000000 -0.541733
vn -0.840551 0.000000 -0.541733
vn -0.996624 0.000000 -0.082102
vn 0.000000 0.998709 -0.050800
vn 0.000000 0.998709 -0.050800
vn 0.000000 0.912088 -0.409995
vn 0.000000 0.912088 -0.409995
vn 0.000000 0.998709 -0.050800
vn 0.000000 0.912088 -0.409995
vn 0.000000 0.912071 -0.410032
vn 0.000000 0.998709 -0.050800
vn 0.000000 0.998709 -0.050800
vn 0.000000 0.998709 -0.050800
vn 0.000000 1.000000 0.000000
vn 0.000000 1.000000 0.000000
vn 0.000000 0.998709 -0.050800
vn 0.000000 1.000000 0.000000
vn 0.000000 1.000000 0.000000
vn 0.000000 0.998709 -0.050800
vn 0.000000 0.000000 -1.000000
vn 0.000000 0.000000 -1.000000
vn 0.000000 0.000000 -1.000000
vn 0.000000 0.000000 -1.000000
vn 0.000000 0.000000 -1.000000
vn 0.000000 0.000000 -1.000000
vn 0.000000 0.000000 -1.000000
vn 0.000000 0.000000 -1.000000
vn 0.000000 0.000000 -1.000000
vn 0.000000 0.000000 -1.000000
vn 0.000000 0.000000 -1.000000
vn 0.000000 0.000000 -1.000000
vn 0.000000 0.000000 -1.000000
vn 0.000000 0.000000 -1.000000
vn 0.000000 0.000000 -1.000000
vn 0.000000 0.000000 -1.000000
vn 0.000000 -0.999304 -0.037300
vn 0.000000 -0.999304 -0.037300
vn 0.000000 -0.944887 -0.327396
vn 0.000000 -0.944887 -0.327396
vn 0.000000 -0.999304 -0.037300
vn 0.000000 -0.944887 -0.327396
vn 0.000000 -0.944887 -0.327396
vn 0.000000 -0.999304 -0.037300
vn 0.000000 -0.999304 -0.037300
vn 0.000000 -0.999304 -0.037300
vn 0.000000 -1.000000 0.000000
vn 0.000000 -1.000000 0.000000
vn 0.000000 -0.999304 -0.037300
vn 0.000000 -1.000000 0.000000
vn 0.000000 -1.000000 0.000000
vn 0.000000 -0.999304 -0.037300
vn 0.997251 0.000000 0.074104
vn 0.997243 0.000000 0.074203
vn 1.000000 0.000000 0.000000
vn 1.000000 0.000000 0.000000
vn 0.997251 0.000000 0.074104
vn 1.000000 0.000000 0.000000
vn 1.000000 0.000000 0.000000
vn 0.997251 0.000000 0.074104
vn 0.997251 0.000000 0.074104
vn 0.997251 0.000000 0.074104
vn 0.857652 0.000000 0.514231
vn 0.857652 0.000000 0.514231
vn 0.997251 0.000000 0.074104
vn 0.857652 0.000000 0.514231
vn 0.857652 0.000000 0.514231
vn 0.997243 0.000000 0.074203
vn 0.000000 -0.999304 -0.037300
vn 0.000000 -0.999304 -0.037300
vn 0.000000 -0.944887 -0.327396
vn 0.000000 -0.944887 -0.327396
vn 0.000000 -0.999304 -0.037300
vn 0.000000 -0.944887 -0.327396
vn 0.000000 -0.944887 -0.327396
vn 0.000000 -0.999304 -0.037300
vn 0.000000 -0.999304 -0.037300
vn 0.000000 -0.999304 -0.037300
vn 0.000000 -1.000000 0.000000
vn 0.000000 -1.000000 0.000000
vn 0.000000 -0.999304 -0.037300
vn 0.000000 -1.000000 0.000000
vn 0.000000 -1.000000 0.000000
vn 0.000000 -0.999304 -0.037300
vn 0.000000 -0.999304 -0.037300
vn 0.000000 -0.999304 -0.037300
vn 0.000000 -0.944887 -0.327396
vn 0.000000 -0.944887 -0.327396
vn 0.000000 -0.999304 -0.037300
vn 0.000000 -0.944887 -0.327396
vn 0.000000 -0.944887 -0.327396
vn 0.000000 -0.999304 -0.037300
vn 0.000000 -0.999304 -0.037300
vn 0.000000 -0.999304 -0.037300
vn 0.000000 -1.000000 0.000000
vn 0.000000 -1.000000 0.000000
vn 0.000000 -0.999304 -0.037300
vn 0.000000 -1.000000 0.000000
vn 0.000000 -1.000000 0.000000
vn 0.000000 -0.999304 -0.037300
vn 0.155310 0.986361 -0.054503
vn 0.679306 0.731006 -0.064601
vn 0.658703 0.719704 -0.219401
vn 0.255903 0.871609 -0.418104
vn 0.155310 0.986361 -0.054503
vn 0.255903 0.871609 -0.418104
vn 0.000000 0.912088 -0.409995
vn 0.000000 0.998709 -0.050800
vn 0.155310 0.986361 -0.054503
vn 0.000000 0.998709 -0.050800
vn 0.000000 1.000000 0.000000
vn 0.143297 0.989680 0.000000
vn 0.155310 0.986361 -0.054503
vn 0.143297 0.989680 0.000000
vn 0.681302 0.732002 0.000000
vn 0.679306 0.731006 -0.064601
vn 0.966299 -0.250500 -0.059300
vn 0.605416 -0.794021 -0.054801
vn 0.578207 -0.795809 -0.179902
vn 0.824748 -0.360221 -0.435926
vn 0.966299 -0.250500 -0.059300
vn 0.824748 -0.360221 -0.435926
vn 0.896616 0.000000 -0.442808
vn 0.998363 0.000000 -0.057198
vn 0.966299 -0.250500 -0.059300
vn 0.998363 0.000000 -0.057198
vn 1.000000 0.000000 0.000000
vn 0.972064 -0.234715 0.000000
vn 0.966299 -0.250500 -0.059300
vn 0.972064 -0.234715 0.000000
vn 0.609319 -0.792925 0.000000
vn 0.605416 -0.794021 -0.054801
vn -0.949787 -0.312896 0.000000
vn -0.515613 -0.856822 0.000000
vn -0.515613 -0.856822 0.000000
vn -0.949787 -0.312896 0.000000
vn -0.949787 -0.312896 0.000000
vn -0.949787 -0.312896 0.000000
vn -1.000000 0.000000 0.000000
vn -1.000000 0.000000 0.000000
vn -0.949787 -0.312896 0.000000
vn -1.000000 0.000000 0.000000
vn -1.000000 0.000000 0.000000
vn -0.949787 -0.312896 0.000000
vn -0.949787 -0.312896 0.000000
vn -0.949787 -0.312896 0.000000
vn -0.515613 -0.856822 0.000000
vn -0.515613 -0.856822 0.000000
vn -1.000000 0.000000 0.000000
vn -1.000000 0.000000 0.000000
vn -1.000000 0.000000 0.000000
vn -1.000000 0.000000 0.000000
vn -1.000000 0.000000 0.000000
vn -1.000000 0.000000 0.000000
vn -1.000000 0.000000 0.000000
vn -1.000000 0.000000 0.000000
vn -1.000000 0.000000 0.000000
vn -1.000000 0.000000 0.000000
vn -1.000000 0.000000 0.000000
vn -1.000000 0.000000 0.000000
vn -1.000000 0.000000 0.000000
vn -1.000000 0.000000 0.000000
vn -1.000000 0.000000 0.000000
vn -1.000000 0.000000 0.000000
vn 0.998363 0.000000 -0.057198
vn 0.998363 0.000000 -0.057198
vn 0.896616 0.000000 -0.442808
vn 0.896616 0.000000 -0.442808
vn 0.998363 0.000000 -0.057198
vn 0.896616 0.000000 -0.442808
vn 0.896616 0.000000 -0.442808
vn 0.998363 0.000000 -0.057198
vn 0.998363 0.000000 -0.057198
vn 0.998363 0.000000 -0.057198
vn 1.000000 0.000000 0.000000
vn 1.000000 0.000000 0.000000
vn 0.998363 0.000000 -0.057198
vn 1.000000 0.000000 0.000000
vn 1.000000 0.000000 0.000000
vn 0.998363 0.000000 -0.057198
vn -0.081503 -0.995842 -0.040702
vn -0.511037 -0.857262 -0.062805
vn -0.463621 -0.860639 -0.210610
vn -0.153406 -0.928336 -0.338613
vn -0.081503 -0.995842 -0.040702
vn -0.153406 -0.928336 -0.338613
vn 0.000000 -0.944887 -0.327396
vn 0.000000 -0.999304 -0.037300
vn -0.081503 -0.995842 -0.040702
vn 0.000000 -0.999304 -0.037300
vn 0.000000 -1.000000 0.000000
vn -0.074502 -0.997221 0.000000
vn -0.081503 -0.995842 -0.040702
vn -0.074502 -0.997221 0.000000
vn -0.515613 -0.856822 0.000000
vn -0.511037 -0.857262 -0.062805
vn 0.000000 0.998709 -0.050800
vn 0.000000 0.998709 -0.050800
vn 0.000000 0.912088 -0.409995
vn 0.000000 0.912088 -0.409995
vn 0.000000 0.998709 -0.050800
vn 0.000000 0.912088 -0.409995
vn 0.000000 0.912071 -0.410032
vn 0.000000 0.998709 -0.050800
vn 0.000000 0.998709 -0.050800
vn 0.000000 0.998709 -0.050800
vn 0.000000 1.000000 0.000000
vn 0.000000 1.000000 0.000000
vn 0.000000 0.998709 -0.050800
vn 0.000000 1.000000 0.000000
vn 0.000000 1.000000 0.000000
vn 0.000000 0.998709 -0.050800
vn -0.110000 0.992403 -0.055100
vn 0.000000 0.998709 -0.050800
vn 0.000000 0.912071 -0.410032
vn -0.187615 0.888470 -0.418833
vn -0.110000 0.992403 -0.055100
vn -0.187615 0.888470 -0.418833
vn -0.547740 0.794857 -0.261119
vn -0.592728 0.801837 -0.075704
vn -0.110000 0.992403 -0.055100
vn -0.592728 0.801837 -0.075704
vn -0.595928 0.803038 0.000000
vn -0.100999 0.994887 0.000000
vn -0.110000 0.992403 -0.055100
vn -0.100999 0.994887 0.000000
vn 0.000000 1.000000 0.000000
vn 0.000000 0.998709 -0.050800
vn 0.116200 -0.992400 -0.040500
vn 0.000000 -0.999304 -0.037300
vn 0.000000 -0.944887 -0.327396
vn 0.215503 -0.914915 -0.341305
vn 0.116200 -0.992400 -0.040500
vn 0.215503 -0.914915 -0.341305
vn 0.578207 -0.795809 -0.179902
vn 0.605416 -0.794021 -0.054801
vn 0.116200 -0.992400 -0.040500
vn 0.605416 -0.794021 -0.054801
vn 0.609319 -0.792925 0.000000
vn 0.106501 -0.994313 0.000000
vn 0.116200 -0.992400 -0.040500
vn 0.106501 -0.994313 0.000000
vn 0.000000 -1.000000 0.000000
vn 0.000000 -0.999304 -0.037300
vn 0.979442 0.192408 -0.060603
vn 0.998363 0.000000 -0.057198
vn 0.896616 0.000000 -0.442808
vn 0.845443 0.295115 -0.445123
vn 0.979442 0.192408 -0.060603
vn 0.845443 0.295115 -0.445123
vn 0.658703 0.719704 -0.219401
vn 0.679306 0.731006 -0.064601
vn 0.979442 0.192408 -0.060603
vn 0.679306 0.731006 -0.064601
vn 0.681302 0.732002 0.000000
vn 0.983904 0.178701 0.000000
vn 0.979442 0.192408 -0.060603
vn 0.983904 0.178701 0.000000
vn 1.000000 0.000000 0.000000
vn 0.998363 0.000000 -0.057198
vn -0.969373 0.245593 0.000000
vn -1.000000 0.000000 0.000000
vn -1.000000 0.000000 0.000000
vn -0.969373 0.245593 0.000000
vn -0.969373 0.245593 0.000000
vn -0.969373 0.245593 0.000000
vn -0.595928 0.803038 0.000000
vn -0.595928 0.803038 0.000000
vn -0.969373 0.245593 0.000000
vn -0.595928 0.803038 0.000000
vn -0.595928 0.803038 0.000000
vn -0.969373 0.245593 0.000000
vn -0.969373 0.245593 0.000000
vn -0.969373 0.245593 0.000000
vn -1.000000 0.000000 0.000000
vn -1.000000 0.000000 0.000000
vn -0.960016 0.258104 0.108402
vn -0.994367 0.000000 0.105996
vn -0.793875 0.000000 0.608081
vn -0.747409 0.307904 0.588707
vn -0.960016 0.258104 0.108402
vn -0.747409 0.307904 0.588707
vn -0.529698 0.777496 0.338998
vn -0.593397 0.798996 0.097399
vn -0.960016 0.258104 0.108402
vn -0.593397 0.798996 0.097399
vn -0.595928 0.803038 0.000000
vn -0.969373 0.245593 0.000000
vn -0.960016 0.258104 0.108402
vn -0.969373 0.245593 0.000000
vn -1.000000 0.000000 0.000000
vn -0.994367 0.000000 0.105996
vn -0.994367 0.000000 0.105996
vn -0.994367 0.000000 0.105996
vn -0.793875 0.000000 0.608081
vn -0.793875 0.000000 0.608081
vn -0.994367 0.000000 0.105996
vn -0.793875 0.000000 0.608081
vn -0.793875 0.000000 0.608081
vn -0.994367 0.000000 0.105996
vn -0.994367 0.000000 0.105996
vn -0.994367 0.000000 0.105996
vn -1.000000 0.000000 0.000000
vn -1.000000 0.000000 0.000000
vn -0.994367 0.000000 0.105996
vn -1.000000 0.000000 0.000000
vn -1.000000 0.000000 0.000000
vn -0.994367 0.000000 0.105996
vn -0.940024 -0.324608 0.104803
vn -0.512900 -0.854600 0.081200
vn -0.449707 -0.848613 0.278604
vn -0.729764 -0.369033 0.575551
vn -0.940024 -0.324608 0.104803
vn -0.729764 -0.369033 0.575551
vn -0.793875 0.000000 0.608081
vn -0.994367 0.000000 0.105996
vn -0.940024 -0.324608 0.104803
vn -0.994367 0.000000 0.105996
vn -1.000000 0.000000 0.000000
vn -0.949787 -0.312896 0.000000
vn -0.940024 -0.324608 0.104803
vn -0.949787 -0.312896 0.000000
vn -0.515613 -0.856822 0.000000
vn -0.512900 -0.854600 0.081200
vn 0.998363 0.000000 -0.057198
vn 0.998363 0.000000 -0.057198
vn 0.896616 0.000000 -0.442808
vn 0.896616 0.000000 -0.442808
vn 0.998363 0.000000 -0.057198
vn 0.896616 0.000000 -0.442808
vn 0.896616 0.000000 -0.442808
vn 0.998363 0.000000 -0.057198
vn 0.998363 0.000000 -0.057198
vn 0.998363 0.000000 -0.057198
vn 1.000000 0.000000 0.000000
vn 1.000000 0.000000 0.000000
vn 0.998363 0.000000 -0.057198
vn 1.000000 0.000000 0.000000
vn 1.000000 0.000000 0.000000
vn 0.998363 0.000000 -0.057198
vn 0.000000 1.000000 0.000000
vn 0.000000 1.000000 0.000000
vn 0.000000 1.000000 0.000000
vn 0.000000 1.000000 0.000000
vn 0.000000 1.000000 0.000000
vn 0.000000 1.000000 0.000000
vn 0.000000 1.000000 0.000000
vn 0.000000 1.000000 0.000000
vn 0.000000 1.000000 0.000000
vn 0.000000 1.000000 0.000000
vn 0.000000 1.000000 0.000000
vn 0.000000 1.000000 0.000000
vn 0.000000 1.000000 0.000000
vn 0.000000 1.000000 0.000000
vn 0.000000 1.000000 0.000000
vn 0.000000 1.000000 0.000000
vn 0.000000 0.000000 -1.000000
vn 0.000000 0.000000 -1.000000
vn 0.000000 0.000000 -1.000000
vn 0.000000 0.000000 -1.000000
vn 0.000000 0.000000 -1.000000
vn 0.000000 0.000000 -1.000000
vn 0.000000 0.000000 -1.000000
vn 0.000000 0.000000 -1.000000
vn 0.000000 0.000000 -1.000000
vn 0.000000 0.000000 -1.000000
vn 0.000000 0.000000 -1.000000
vn 0.000000 0.000000 -1.000000
vn 0.000000 0.000000 -1.000000
vn 0.000000 0.000000 -1.000000
vn 0.000000 0.000000 -1.000000
vn 0.000000 0.000000 -1.000000
vn 0.000000 1.000000 0.000000
vn 0.000000 1.000000 0.000000
vn 0.000000 1.000000 0.000000
vn 0.000000 1.000000 0.000000
vn 0.000000 1.000000 0.000000
vn 0.000000 1.000000 0.000000
vn 0.000000 1.000000 0.000000
vn 0.000000 1.000000 0.000000
vn 0.000000 1.000000 0.000000
vn 0.000000 1.000000 0.000000
vn 0.000000 1.000000 0.000000
vn 0.000000 1.000000 0.000000
vn 0.000000 1.000000 0.000000
vn 0.000000 1.000000 0.000000
vn 0.000000 1.000000 0.000000
vn 0.000000 1.000000 0.000000
vn 0.000000 0.000000 1.000000
vn 0.000000 0.000000 1.000000
vn 0.000000 0.000000 1.000000
vn 0.000000 0.000000 1.000000
vn 0.000000 0.000000 1.000000
vn 0.000000 0.000000 1.000000
vn 0.000000 0.000000 1.000000
vn 0.000000 0.000000 1.000000
vn 0.000000 0.000000 1.000000
vn 0.000000 0.000000 1.000000
vn 0.000000 0.000000 1.000000
vn 0.000000 0.000000 1.000000
vn 0.000000 0.000000 1.000000
vn 0.000000 0.000000 1.000000
vn 0.000000 0.000000 1.000000
vn 0.000000 0.000000 1.000000
vn 0.000000 -1.000000 0.000000
vn 0.000000 -1.000000 0.000000
vn 0.000000 -1.000000 0.000000
vn 0.000000 -1.000000 0.000000
vn 0.000000 -1.000000 0.000000
vn 0.000000 -1.000000 0.000000
vn 0.000000 -1.000000 0.000000
vn 0.000000 -1.000000 0.000000
vn 0.000000 -1.000000 0.000000
vn 0.000000 -1.000000 0.000000
vn 0.000000 -1.000000 0.000000
vn 0.000000 -1.000000 0.000000
vn 0.000000 -1.000000 0.000000
vn 0.000000 -1.000000 0.000000
vn 0.000000 -1.000000 0.000000
vn 0.000000 -1.000000 0.000000
vn 0.314097 0.000000 0.949391
vn 0.314097 0.000000 0.949391
vn 0.857652 0.000000 0.514231
vn 0.857652 0.000000 0.514231
vn 0.314097 0.000000 0.949391
vn 0.857652 0.000000 0.514231
vn 0.857652 0.000000 0.514231
vn 0.314097 0.000000 0.949391
vn 0.314097 0.000000 0.949391
vn 0.314097 0.000000 0.949391
vn 0.000000 0.000000 1.000000
vn 0.000000 0.000000 1.000000
vn 0.314097 0.000000 0.949391
vn 0.000000 0.000000 1.000000
vn 0.000000 0.000000 1.000000
vn 0.314097 0.000000 0.949391
vn 0.000000 -1.000000 0.000000
vn 0.000000 -1.000000 0.000000
vn 0.000000 -1.000000 0.000000
vn 0.000000 -1.000000 0.000000
vn 0.000000 -1.000000 0.000000
vn 0.000000 -1.000000 0.000000
vn 0.000000 -1.000000 0.000000
vn 0.000000 -1.000000 0.000000
vn 0.000000 -1.000000 0.000000
vn 0.000000 -1.000000 0.000000
vn 0.000000 -1.000000 0.000000
vn 0.000000 -1.000000 0.000000
vn 0.000000 -1.000000 0.000000
vn 0.000000 -1.000000 0.000000
vn 0.000000 -1.000000 0.000000
vn 0.000000 -1.000000 0.000000
vn 0.000000 -1.000000 0.000000
vn 0.000000 -1.000000 0.000000
vn 0.000000 -1.000000 0.000000
vn 0.000000 -1.000000 0.000000
vn 0.000000 -1.000000 0.000000
vn 0.000000 -1.000000 0.000000
vn 0.000000 -1.000000 0.000000
vn 0.000000 -1.000000 0.000000
vn 0.000000 -1.000000 0.000000
vn 0.000000 -1.000000 0.000000
vn 0.000000 -1.000000 0.000000
vn 0.000000 -1.000000 0.000000
vn 0.000000 -1.000000 0.000000
vn 0.000000 -1.000000 0.000000
vn 0.000000 -1.000000 0.000000
vn 0.000000 -1.000000 0.000000
vn 0.143297 0.989680 0.000000
vn 0.681302 0.732002 0.000000
vn 0.681302 0.732002 0.000000
vn 0.143297 0.989680 0.000000
vn 0.143297 0.989680 0.000000
vn 0.143297 0.989680 0.000000
vn 0.000000 1.000000 0.000000
vn 0.000000 1.000000 0.000000
vn 0.143297 0.989680 0.000000
vn 0.000000 1.000000 0.000000
vn 0.000000 1.000000 0.000000
vn 0.143297 0.989680 0.000000
vn 0.143297 0.989680 0.000000
vn 0.143297 0.989680 0.000000
vn 0.681302 0.732002 0.000000
vn 0.681302 0.732002 0.000000
vn 0.972064 -0.234715 0.000000
vn 0.609319 -0.792925 0.000000
vn 0.609319 -0.792925 0.000000
vn 0.972064 -0.234715 0.000000
vn 0.972064 -0.234715 0.000000
vn 0.972064 -0.234715 0.000000
vn 1.000000 0.000000 0.000000
vn 1.000000 0.000000 0.000000
vn 0.972064 -0.234715 0.000000
vn 1.000000 0.000000 0.000000
vn 1.000000 0.000000 0.000000
vn 0.972064 -0.234715 0.000000
vn 0.972064 -0.234715 0.000000
vn 0.972064 -0.234715 0.000000
vn 0.609319 -0.792925 0.000000
vn 0.609319 -0.792925 0.000000
vn 1.000000 0.000000 0.000000
vn 1.000000 0.000000 0.000000
vn 1.000000 0.000000 0.000000
vn 1.000000 0.000000 0.000000
vn 1.000000 0.000000 0.000000
vn 1.000000 0.000000 0.000000
vn 1.000000 0.000000 0.000000
vn 1.000000 0.000000 0.000000
vn 1.000000 0.000000 0.000000
vn 1.000000 0.000000 0.000000
vn 1.000000 0.000000 0.000000
vn 1.000000 0.000000 0.000000
vn 1.000000 0.000000 0.000000
vn 1.000000 0.000000 0.000000
vn 1.000000 0.000000 0.000000
vn 1.000000 0.000000 0.000000
vn -0.074502 -0.997221 0.000000
vn -0.515613 -0.856822 0.000000
vn -0.515540 -0.856866 0.000000
vn -0.074502 -0.997221 0.000000
vn -0.074502 -0.997221 0.000000
vn -0.074502 -0.997221 0.000000
vn 0.000000 -1.000000 0.000000
vn 0.000000 -1.000000 0.000000
vn -0.074502 -0.997221 0.000000
vn 0.000000 -1.000000 0.000000
vn 0.000000 -1.000000 0.000000
vn -0.074502 -0.997221 0.000000
vn -0.074502 -0.997221 0.000000
vn -0.074502 -0.997221 0.000000
vn -0.515613 -0.856822 0.000000
vn -0.515613 -0.856822 0.000000
vn 0.000000 1.000000 0.000000
vn 0.000000 1.000000 0.000000
vn 0.000000 1.000000 0.000000
vn 0.000000 1.000000 0.000000
vn 0.000000 1.000000 0.000000
vn 0.000000 1.000000 0.000000
vn 0.000000 1.000000 0.000000
vn 0.000000 1.000000 0.000000
vn 0.000000 1.000000 0.000000
vn 0.000000 1.000000 0.000000
vn 0.000000 1.000000 0.000000
vn 0.000000 1.000000 0.000000
vn 0.000000 1.000000 0.000000
vn 0.000000 1.000000 0.000000
vn 0.000000 1.000000 0.000000
vn 0.000000 1.000000 0.000000
vn -0.100999 0.994887 0.000000
vn 0.000000 1.000000 0.000000
vn 0.000000 1.000000 0.000000
vn -0.100999 0.994887 0.000000
vn -0.100999 0.994887 0.000000
vn -0.100999 0.994887 0.000000
vn -0.595928 0.803038 0.000000
vn -0.595928 0.803038 0.000000
vn -0.100999 0.994887 0.000000
vn -0.595928 0.803038 0.000000
vn -0.595928 0.803038 0.000000
vn -0.100999 0.994887 0.000000
vn -0.100999 0.994887 0.000000
vn -0.100999 0.994887 0.000000
vn 0.000000 1.000000 0.000000
vn 0.000000 1.000000 0.000000
vn 0.106501 -0.994313 0.000000
vn 0.000000 -1.000000 0.000000
vn 0.000000 -1.000000 0.000000
vn 0.106501 -0.994313 0.000000
vn 0.106501 -0.994313 0.000000
vn 0.106501 -0.994313 0.000000
vn 0.609319 -0.792925 0.000000
vn 0.609319 -0.792925 0.000000
vn 0.106501 -0.994313 0.000000
vn 0.609319 -0.792925 0.000000
vn 0.609319 -0.792925 0.000000
vn 0.106501 -0.994313 0.000000
vn 0.106501 -0.994313 0.000000
vn 0.106501 -0.994313 0.000000
vn 0.000000 -1.000000 0.000000
vn 0.000000 -1.000000 0.000000
vn 0.983904 0.178701 0.000000
vn 1.000000 0.000000 0.000000
vn 1.000000 0.000000 0.000000
vn 0.983904 0.178701 0.000000
vn 0.983904 0.178701 0.000000
vn 0.983904 0.178701 0.000000
vn 0.681302 0.732002 0.000000
vn 0.681302 0.732002 0.000000
vn 0.983904 0.178701 0.000000
vn 0.681302 0.732002 0.000000
vn 0.681302 0.732002 0.000000
vn 0.983904 0.178701 0.000000
vn 0.983904 0.178701 0.000000
vn 0.983904 0.178701 0.000000
vn 1.000000 0.000000 0.000000
vn 1.000000 0.000000 0.000000
vn 0.983904 0.178701 0.000000
vn 1.000000 0.000000 0.000000
vn 1.000000 0.000000 0.000000
vn 0.983904 0.178701 0.000000
vn 0.983904 0.178701 0.000000
vn 0.983904 0.178701 0.000000
vn 0.681302 0.732002 0.000000
vn 0.681302 0.732002 0.000000
vn 0.983904 0.178701 0.000000
vn 0.681302 0.732002 0.000000
vn 0.681302 0.732002 0.000000
vn 0.983904 0.178701 0.000000
vn 0.983904 0.178701 0.000000
vn 0.983904 0.178701 0.000000
vn 1.000000 0.000000 0.000000
vn 1.000000 0.000000 0.000000
vn 0.983904 0.178701 0.000000
vn 1.000000 0.000000 0.000000
vn 1.000000 0.000000 0.000000
vn 0.983904 0.178701 0.000000
vn 0.983904 0.178701 0.000000
vn 0.983904 0.178701 0.000000
vn 0.681302 0.732002 0.000000
vn 0.681302 0.732002 0.000000
vn 0.983904 0.178701 0.000000
vn 0.681302 0.732002 0.000000
vn 0.681302 0.732002 0.000000
vn 0.983904 0.178701 0.000000
vn 0.983904 0.178701 0.000000
vn 0.983904 0.178701 0.000000
vn 1.000000 0.000000 0.000000
vn 1.000000 0.000000 0.000000
vn 0.106501 -0.994313 0.000000
vn 0.000000 -1.000000 0.000000
vn 0.000000 -1.000000 0.000000
vn 0.106501 -0.994313 0.000000
vn 0.106501 -0.994313 0.000000
vn 0.106501 -0.994313 0.000000
vn 0.609319 -0.792925 0.000000
vn 0.609319 -0.792925 0.000000
vn 0.106501 -0.994313 0.000000
vn 0.609319 -0.792925 0.000000
vn 0.609319 -0.792925 0.000000
vn 0.106501 -0.994313 0.000000
vn 0.106501 -0.994313 0.000000
vn 0.106501 -0.994313 0.000000
vn 0.000000 -1.000000 0.000000
vn 0.000000 -1.000000 0.000000
vn 0.106501 -0.994313 0.000000
vn 0.000000 -1.000000 0.000000
vn 0.000000 -1.000000 0.000000
vn 0.106501 -0.994313 0.000000
vn 0.106501 -0.994313 0.000000
vn 0.106501 -0.994313 0.000000
vn 0.609319 -0.792925 0.000000
vn 0.609319 -0.792925 0.000000
vn 0.106501 -0.994313 0.000000
vn 0.609319 -0.792925 0.000000
vn 0.609319 -0.792925 0.000000
vn 0.106501 -0.994313 0.000000
vn 0.106501 -0.994313 0.000000
vn 0.106501 -0.994313 0.000000
vn 0.000000 -1.000000 0.000000
vn 0.000000 -1.000000 0.000000
vn -0.100999 0.994887 0.000000
vn 0.000000 1.000000 0.000000
vn 0.000000 1.000000 0.000000
vn -0.100999 0.994887 0.000000
vn -0.100999 0.994887 0.000000
vn -0.100999 0.994887 0.000000
vn -0.595928 0.803038 0.000000
vn -0.595928 0.803038 0.000000
vn -0.100999 0.994887 0.000000
vn -0.595928 0.803038 0.000000
vn -0.595928 0.803038 0.000000
vn -0.100999 0.994887 0.000000
vn -0.100999 0.994887 0.000000
vn -0.100999 0.994887 0.000000
vn 0.000000 1.000000 0.000000
vn 0.000000 1.000000 0.000000
vn -0.100999 0.994887 0.000000
vn 0.000000 1.000000 0.000000
vn 0.000000 1.000000 0.000000
vn -0.100999 0.994887 0.000000
vn -0.100999 0.994887 0.000000
vn -0.100999 0.994887 0.000000
vn -0.595928 0.803038 0.000000
vn -0.595928 0.803038 0.000000
vn -0.100999 0.994887 0.000000
vn -0.595928 0.803038 0.000000
vn -0.595928 0.803038 0.000000
vn -0.100999 0.994887 0.000000
vn -0.100999 0.994887 0.000000
vn -0.100999 0.994887 0.000000
vn 0.000000 1.000000 0.000000
vn 0.000000 1.000000 0.000000
vn 0.000000 1.000000 0.000000
vn 0.000000 1.000000 0.000000
vn 0.000000 1.000000 0.000000
vn 0.000000 1.000000 0.000000
vn 0.000000 1.000000 0.000000
vn 0.000000 1.000000 0.000000
vn 0.000000 1.000000 0.000000
vn 0.000000 1.000000 0.000000
vn 0.000000 1.000000 0.000000
vn 0.000000 1.000000 0.000000
vn 0.000000 1.000000 0.000000
vn 0.000000 1.000000 0.000000
vn 0.000000 1.000000 0.000000
vn 0.000000 1.000000 0.000000
vn 0.000000 1.000000 0.000000
vn 0.000000 1.000000 0.000000
vn 0.000000 1.000000 0.000000
vn 0.000000 1.000000 0.000000
vn 0.000000 1.000000 0.000000
vn 0.000000 1.000000 0.000000
vn 0.000000 1.000000 0.000000
vn 0.000000 1.000000 0.000000
vn 0.000000 1.000000 0.000000
vn 0.000000 1.000000 0.000000
vn 0.000000 1.000000 0.000000
vn 0.000000 1.000000 0.000000
vn 0.000000 1.000000 0.000000
vn 0.000000 1.000000 0.000000
vn 0.000000 1.000000 0.000000
vn 0.000000 1.000000 0.000000
vn 0.000000 1.000000 0.000000
vn 0.000000 1.000000 0.000000
vn -0.074502 -0.997221 0.000000
vn -0.515613 -0.856822 0.000000
vn -0.515613 -0.856822 0.000000
vn -0.074502 -0.997221 0.000000
vn -0.074502 -0.997221 0.000000
vn -0.074502 -0.997221 0.000000
vn 0.000000 -1.000000 0.000000
vn 0.000000 -1.000000 0.000000
vn -0.074502 -0.997221 0.000000
vn 0.000000 -1.000000 0.000000
vn 0.000000 -1.000000 0.000000
vn -0.074502 -0.997221 0.000000
vn -0.074502 -0.997221 0.000000
vn -0.074502 -0.997221 0.000000
vn -0.515613 -0.856822 0.000000
vn -0.515613 -0.856822 0.000000
vn -0.074502 -0.997221 0.000000
vn -0.515613 -0.856822 0.000000
vn -0.515613 -0.856822 0.000000
vn -0.074502 -0.997221 0.000000
vn -0.074502 -0.997221 0.000000
vn -0.074502 -0.997221 0.000000
vn 0.000000 -1.000000 0.000000
vn 0.000000 -1.000000 0.000000
vn -0.074502 -0.997221 0.000000
vn 0.000000 -1.000000 0.000000
vn 0.000000 -1.000000 0.000000
vn -0.074502 -0.997221 0.000000
vn -0.074502 -0.997221 0.000000
vn -0.074502 -0.997221 0.000000
vn -0.515540 -0.856866 0.000000
vn -0.515613 -0.856822 0.000000
vn 1.000000 0.000000 0.000000
vn 1.000000 0.000000 0.000000
vn 1.000000 0.000000 0.000000
vn 1.000000 0.000000 0.000000
vn 1.000000 0.000000 0.000000
vn 1.000000 0.000000 0.000000
vn 1.000000 0.000000 0.000000
vn 1.000000 0.000000 0.000000
vn 1.000000 0.000000 0.000000
vn 1.000000 0.000000 0.000000
vn 1.000000 0.000000 0.000000
vn 1.000000 0.000000 0.000000
vn 1.000000 0.000000 0.000000
vn 1.000000 0.000000 0.000000
vn 1.000000 0.000000 0.000000
vn 1.000000 0.000000 0.000000
vn 1.000000 0.000000 0.000000
vn 1.000000 0.000000 0.000000
vn 1.000000 0.000000 0.000000
vn 1.000000 0.000000 0.000000
vn 1.000000 0.000000 0.000000
vn 1.000000 0.000000 0.000000
vn 1.000000 0.000000 0.000000
vn 1.000000 0.000000 0.000000
vn 1.000000 0.000000 0.000000
vn 1.000000 0.000000 0.000000
vn 1.000000 0.000000 0.000000
vn 1.000000 0.000000 0.000000
vn 1.000000 0.000000 0.000000
vn 1.000000 0.000000 0.000000
vn 1.000000 0.000000 0.000000
vn 1.000000 0.000000 0.000000
vn 0.972064 -0.234715 0.000000
vn 0.609319 -0.792925 0.000000
vn 0.609319 -0.792925 0.000000
vn 0.972064 -0.234715 0.000000
vn 0.972064 -0.234715 0.000000
vn 0.972064 -0.234715 0.000000
vn 1.000000 0.000000 0.000000
vn 1.000000 0.000000 0.000000
vn 0.972064 -0.234715 0.000000
vn 1.000000 0.000000 0.000000
vn 1.000000 0.000000 0.000000
vn 0.972064 -0.234715 0.000000
vn 0.972064 -0.234715 0.000000
vn 0.972064 -0.234715 0.000000
vn 0.609319 -0.792925 0.000000
vn 0.609319 -0.792925 0.000000
vn 0.972064 -0.234715 0.000000
vn 0.609319 -0.792925 0.000000
vn 0.609319 -0.792925 0.000000
vn 0.972064 -0.234715 0.000000
vn 0.972064 -0.234715 0.000000
vn 0.972064 -0.234715 0.000000
vn 1.000000 0.000000 0.000000
vn 1.000000 0.000000 0.000000
vn 0.972064 -0.234715 0.000000
vn 1.000000 0.000000 0.000000
vn 1.000000 0.000000 0.000000
vn 0.972064 -0.234715 0.000000
vn 0.972064 -0.234715 0.000000
vn 0.972064 -0.234715 0.000000
vn 0.609319 -0.792925 0.000000
vn 0.609319 -0.792925 0.000000
vn 0.143297 0.989680 0.000000
vn 0.681302 0.732002 0.000000
vn 0.681302 0.732002 0.000000
vn 0.143297 0.989680 0.000000
vn 0.143297 0.989680 0.000000
vn 0.143297 0.989680 0.000000
vn 0.000000 1.000000 0.000000
vn 0.000000 1.000000 0.000000
vn 0.143297 0.989680 0.000000
vn 0.000000 1.000000 0.000000
vn 0.000000 1.000000 0.000000
vn 0.143297 0.989680 0.000000
vn 0.143297 0.989680 0.000000
vn 0.143297 0.989680 0.000000
vn 0.681302 0.732002 0.000000
vn 0.681302 0.732002 0.000000
vn 0.143297 0.989680 0.000000
vn 0.681302 0.732002 0.000000
vn 0.681302 0.732002 0.000000
vn 0.143297 0.989680 0.000000
vn 0.143297 0.989680 0.000000
vn 0.143297 0.989680 0.000000
vn 0.000000 1.000000 0.000000
vn 0.000000 1.000000 0.000000
vn 0.143297 0.989680 0.000000
vn 0.000000 1.000000 0.000000
vn 0.000000 1.000000 0.000000
vn 0.143297 0.989680 0.000000
vn 0.143297 0.989680 0.000000
vn 0.143297 0.989680 0.000000
vn 0.681302 0.732002 0.000000
vn 0.681302 0.732002 0.000000
vn 0.000000 -1.000000 0.000000
vn 0.000000 -1.000000 0.000000
vn 0.000000 -1.000000 0.000000
vn 0.000000 -1.000000 0.000000
vn 0.000000 -1.000000 0.000000
vn 0.000000 -1.000000 0.000000
vn 0.000000 -1.000000 0.000000
vn 0.000000 -1.000000 0.000000
vn 0.000000 -1.000000 0.000000
vn 0.000000 -1.000000 0.000000
vn 0.000000 -1.000000 0.000000
vn 0.000000 -1.000000 0.000000
vn 0.000000 -1.000000 0.000000
vn 0.000000 -1.000000 0.000000
vn 0.000000 -1.000000 0.000000
vn 0.000000 -1.000000 0.000000
vn 0.000000 -1.000000 0.000000
vn 0.000000 -1.000000 0.000000
vn 0.000000 -1.000000 0.000000
vn 0.000000 -1.000000 0.000000
vn 0.000000 -1.000000 0.000000
vn 0.000000 -1.000000 0.000000
vn 0.000000 -1.000000 0.000000
vn 0.000000 -1.000000 0.000000
vn 0.000000 -1.000000 0.000000
vn 0.000000 -1.000000 0.000000
vn 0.000000 -1.000000 0.000000
vn 0.000000 -1.000000 0.000000
vn 0.000000 -1.000000 0.000000
vn 0.000000 -1.000000 0.000000
vn 0.000000 -1.000000 0.000000
vn 0.000000 -1.000000 0.000000
vn 0.000000 -1.000000 0.000000
vn 0.000000 -1.000000 0.000000
vn 0.000000 -1.000000 0.000000
vn 0.000000 -1.000000 0.000000
vn 0.000000 -1.000000 0.000000
vn 0.000000 -1.000000 0.000000
vn 0.000000 -1.000000 0.000000
vn 0.000000 -1.000000 0.000000
vn 0.000000 -1.000000 0.000000
vn 0.000000 -1.000000 0.000000
vn 0.000000 -1.000000 0.000000
vn 0.000000 -1.000000 0.000000
vn 0.000000 -1.000000 0.000000
vn 0.000000 -1.000000 0.000000
vn 0.000000 -1.000000 0.000000
vn 0.000000 -1.000000 0.000000
vn 0.000000 -1.000000 0.000000
vn 0.000000 -1.000000 0.000000
vn 0.000000 -1.000000 0.000000
vn 0.000000 -1.000000 0.000000
vn 0.000000 -1.000000 0.000000
vn 0.000000 -1.000000 0.000000
vn 0.000000 -1.000000 0.000000
vn 0.000000 -1.000000 0.000000
vn 0.000000 -1.000000 0.000000
vn 0.000000 -1.000000 0.000000
vn 0.000000 -1.000000 0.000000
vn 0.000000 -1.000000 0.000000
vn 0.000000 -1.000000 0.000000
vn 0.000000 -1.000000 0.000000
vn 0.000000 -1.000000 0.000000
vn 0.000000 -1.000000 0.000000
vn -0.994367 0.000000 0.105996
vn -0.994367 0.000000 0.105996
vn -0.793875 0.000000 0.608081
vn -0.793875 0.000000 0.608081
vn -0.994367 0.000000 0.105996
vn -0.793875 0.000000 0.608081
vn -0.793875 0.000000 0.608081
vn -0.994367 0.000000 0.105996
vn -0.994367 0.000000 0.105996
vn -0.994367 0.000000 0.105996
vn -1.000000 0.000000 0.000000
vn -1.000000 0.000000 0.000000
vn -0.994367 0.000000 0.105996
vn -1.000000 0.000000 0.000000
vn -1.000000 0.000000 0.000000
vn -0.994367 0.000000 0.105996
vn 0.000000 -1.000000 0.000000
vn 0.000000 -1.000000 0.000000
vn 0.000000 -1.000000 0.000000
vn 0.000000 -1.000000 0.000000
vn 0.000000 -1.000000 0.000000
vn 0.000000 -1.000000 0.000000
vn 0.000000 -1.000000 0.000000
vn 0.000000 -1.000000 0.000000
vn 0.000000 -1.000000 0.000000
vn 0.000000 -1.000000 0.000000
vn 0.000000 -1.000000 0.000000
vn 0.000000 -1.000000 0.000000
vn 0.000000 -1.000000 0.000000
vn 0.000000 -1.000000 0.000000
vn 0.000000 -1.000000 0.000000
vn 0.000000 -1.000000 0.000000
vn 0.000000 0.000000 1.000000
vn 0.000000 0.000000 1.000000
vn 0.000000 0.000000 1.000000
vn 0.000000 0.000000 1.000000
vn 0.000000 0.000000 1.000000
vn 0.000000 0.000000 1.000000
vn 0.000000 0.000000 1.000000
vn 0.000000 0.000000 1.000000
vn 0.000000 0.000000 1.000000
vn 0.000000 0.000000 1.000000
vn 0.000000 0.000000 1.000000
vn 0.000000 0.000000 1.000000
vn 0.000000 0.000000 1.000000
vn 0.000000 0.000000 1.000000
vn 0.000000 0.000000 1.000000
vn 0.000000 0.000000 1.000000
vn -1.000000 0.000000 0.000000
vn -1.000000 0.000000 0.000000
vn -1.000000 0.000000 0.000000
vn -1.000000 0.000000 0.000000
vn -1.000000 0.000000 0.000000
vn -1.000000 0.000000 0.000000
vn -1.000000 0.000000 0.000000
vn -1.000000 0.000000 0.000000
vn -1.000000 0.000000 0.000000
vn -1.000000 0.000000 0.000000
vn -1.000000 0.000000 0.000000
vn -1.000000 0.000000 0.000000
vn -1.000000 0.000000 0.000000
vn -1.000000 0.000000 0.000000
vn -1.000000 0.000000 0.000000
vn -1.000000 0.000000 0.000000
vn 0.000000 -1.000000 0.000000
vn 0.000000 -1.000000 0.000000
vn 0.000000 -1.000000 0.000000
vn 0.000000 -1.000000 0.000000
vn 0.000000 -1.000000 0.000000
vn 0.000000 -1.000000 0.000000
vn 0.000000 -1.000000 0.000000
vn 0.000000 -1.000000 0.000000
vn 0.000000 -1.000000 0.000000
vn 0.000000 -1.000000 0.000000
vn 0.000000 -1.000000 0.000000
vn 0.000000 -1.000000 0.000000
vn 0.000000 -1.000000 0.000000
vn 0.000000 -1.000000 0.000000
vn 0.000000 -1.000000 0.000000
vn 0.000000 -1.000000 0.000000
vn 1.000000 0.000000 0.000000
vn 1.000000 0.000000 0.000000
vn 1.000000 0.000000 0.000000
vn 1.000000 0.000000 0.000000
vn 1.000000 0.000000 0.000000
vn 1.000000 0.000000 0.000000
vn 1.000000 0.000000 0.000000
vn 1.000000 0.000000 0.000000
vn 1.000000 0.000000 0.000000
vn 1.000000 0.000000 0.000000
vn 1.000000 0.000000 0.000000
vn 1.000000 0.000000 0.000000
vn 1.000000 0.000000 0.000000
vn 1.000000 0.000000 0.000000
vn 1.000000 0.000000 0.000000
vn 1.000000 0.000000 0.000000
vn 0.000000 1.000000 0.000000
vn 0.000000 1.000000 0.000000
vn 0.000000 1.000000 0.000000
vn 0.000000 1.000000 0.000000
vn 0.000000 1.000000 0.000000
vn 0.000000 1.000000 0.000000
vn 0.000000 1.000000 0.000000
vn 0.000000 1.000000 0.000000
vn 0.000000 1.000000 0.000000
vn 0.000000 1.000000 0.000000
vn 0.000000 1.000000 0.000000
vn 0.000000 1.000000 0.000000
vn 0.000000 1.000000 0.000000
vn 0.000000 1.000000 0.000000
vn 0.000000 1.000000 0.000000
vn 0.000000 1.000000 0.000000
vn 0.000000 1.000000 0.000000
vn 0.000000 1.000000 0.000000
vn 0.000000 1.000000 0.000000
vn 0.000000 1.000000 0.000000
vn 0.000000 1.000000 0.000000
vn 0.000000 1.000000 0.000000
vn 0.000000 1.000000 0.000000
vn 0.000000 1.000000 0.000000
vn 0.000000 1.000000 0.000000
vn 0.000000 1.000000 0.000000
vn 0.000000 1.000000 0.000000
vn 0.000000 1.000000 0.000000
vn 0.000000 1.000000 0.000000
vn 0.000000 1.000000 0.000000
vn 0.000000 1.000000 0.000000
vn 0.000000 1.000000 0.000000
vn -1.000000 0.000000 0.000000
vn -1.000000 0.000000 0.000000
vn -1.000000 0.000000 0.000000
vn -1.000000 0.000000 0.000000
vn -1.000000 0.000000 0.000000
vn -1.000000 0.000000 0.000000
vn -1.000000 0.000000 0.000000
vn -1.000000 0.000000 0.000000
vn -1.000000 0.000000 0.000000
vn -1.000000 0.000000 0.000000
vn -1.000000 0.000000 0.000000
vn -1.000000 0.000000 0.000000
vn -1.000000 0.000000 0.000000
vn -1.000000 0.000000 0.000000
vn -1.000000 0.000000 0.000000
vn -1.000000 0.000000 0.000000
vn 0.000000 1.000000 0.000000
vn 0.000000 1.000000 0.000000
vn 0.000000 1.000000 0.000000
vn 0.000000 1.000000 0.000000
vn 0.000000 1.000000 0.000000
vn 0.000000 1.000000 0.000000
vn 0.000000 1.000000 0.000000
vn 0.000000 1.000000 0.000000
vn 0.000000 1.000000 0.000000
vn 0.000000 1.000000 0.000000
vn 0.000000 1.000000 0.000000
vn 0.000000 1.000000 0.000000
vn 0.000000 1.000000 0.000000
vn 0.000000 1.000000 0.000000
vn 0.000000 1.000000 0.000000
vn 0.000000 1.000000 0.000000
vn 1.000000 0.000000 0.000000
vn 1.000000 0.000000 0.000000
vn 1.000000 0.000000 0.000000
vn 1.000000 0.000000 0.000000
vn 1.000000 0.000000 0.000000
vn 1.000000 0.000000 0.000000
vn 1.000000 0.000000 0.000000
vn 1.000000 0.000000 0.000000
vn 1.000000 0.000000 0.000000
vn 1.000000 0.000000 0.000000
vn 1.000000 0.000000 0.000000
vn 1.000000 0.000000 0.000000
vn 1.000000 0.000000 0.000000
vn 1.000000 0.000000 0.000000
vn 1.000000 0.000000 0.000000
vn 1.000000 0.000000 0.000000
vn 1.000000 0.000000 0.000000
vn 1.000000 0.000000 0.000000
vn 1.000000 0.000000 0.000000
vn 1.000000 0.000000 0.000000
vn 1.000000 0.000000 0.000000
vn 1.000000 0.000000 0.000000
vn 1.000000 0.000000 0.000000
vn 1.000000 0.000000 0.000000
vn 1.000000 0.000000 0.000000
vn 1.000000 0.000000 0.000000
vn 1.000000 0.000000 0.000000
vn 1.000000 0.000000 0.000000
vn 1.000000 0.000000 0.000000
vn 1.000000 0.000000 0.000000
vn 1.000000 0.000000 0.000000
vn 1.000000 0.000000 0.000000
vn 0.000000 1.000000 0.000000
vn 0.000000 1.000000 0.000000
vn 0.000000 1.000000 0.000000
vn 0.000000 1.000000 0.000000
vn 0.000000 1.000000 0.000000
vn 0.000000 1.000000 0.000000
vn 0.000000 1.000000 0.000000
vn 0.000000 1.000000 0.000000
vn 0.000000 1.000000 0.000000
vn 0.000000 1.000000 0.000000
vn 0.000000 1.000000 0.000000
vn 0.000000 1.000000 0.000000
vn 0.000000 1.000000 0.000000
vn 0.000000 1.000000 0.000000
vn 0.000000 1.000000 0.000000
vn 0.000000 1.000000 0.000000
vn -1.000000 0.000000 0.000000
vn -1.000000 0.000000 0.000000
vn -1.000000 0.000000 0.000000
vn -1.000000 0.000000 0.000000
vn -1.000000 0.000000 0.000000
vn -1.000000 0.000000 0.000000
vn -1.000000 0.000000 0.000000
vn -1.000000 0.000000 0.000000
vn -1.000000 0.000000 0.000000
vn -1.000000 0.000000 0.000000
vn -1.000000 0.000000 0.000000
vn -1.000000 0.000000 0.000000
vn -1.000000 0.000000 0.000000
vn -1.000000 0.000000 0.000000
vn -1.000000 0.000000 0.000000
vn -1.000000 0.000000 0.000000
vn -0.969373 0.245593 0.000000
vn -1.000000 0.000000 0.000000
vn -1.000000 0.000000 0.000000
vn -0.969373 0.245593 0.000000
vn -0.969373 0.245593 0.000000
vn -0.969373 0.245593 0.000000
vn -0.595928 0.803038 0.000000
vn -0.595928 0.803038 0.000000
vn -0.969373 0.245593 0.000000
vn -0.595928 0.803038 0.000000
vn -0.595928 0.803038 0.000000
vn -0.969373 0.245593 0.000000
vn -0.969373 0.245593 0.000000
vn -0.969373 0.245593 0.000000
vn -1.000000 0.000000 0.000000
vn -1.000000 0.000000 0.000000
vn -0.969373 0.245593 0.000000
vn -1.000000 0.000000 0.000000
vn -1.000000 0.000000 0.000000
vn -0.969373 0.245593 0.000000
vn -0.969373 0.245593 0.000000
vn -0.969373 0.245593 0.000000
vn -0.595928 0.803038 0.000000
vn -0.595928 0.803038 0.000000
vn -0.969373 0.245593 0.000000
vn -0.595928 0.803038 0.000000
vn -0.595928 0.803038 0.000000
vn -0.969373 0.245593 0.000000
vn -0.969373 0.245593 0.000000
vn -0.969373 0.245593 0.000000
vn -1.000000 0.000000 0.000000
vn -1.000000 0.000000 0.000000
vn -1.000000 0.000000 0.000000
vn -1.000000 0.000000 0.000000
vn -1.000000 0.000000 0.000000
vn -1.000000 0.000000 0.000000
vn -1.000000 0.000000 0.000000
vn -1.000000 0.000000 0.000000
vn -1.000000 0.000000 0.000000
vn -1.000000 0.000000 0.000000
vn -1.000000 0.000000 0.000000
vn -1.000000 0.000000 0.000000
vn -1.000000 0.000000 0.000000
vn -1.000000 0.000000 0.000000
vn -1.000000 0.000000 0.000000
vn -1.000000 0.000000 0.000000
vn -1.000000 0.000000 0.000000
vn -1.000000 0.000000 0.000000
vn -1.000000 0.000000 0.000000
vn -1.000000 0.000000 0.000000
vn -1.000000 0.000000 0.000000
vn -1.000000 0.000000 0.000000
vn -1.000000 0.000000 0.000000
vn -1.000000 0.000000 0.000000
vn -1.000000 0.000000 0.000000
vn -1.000000 0.000000 0.000000
vn -1.000000 0.000000 0.000000
vn -1.000000 0.000000 0.000000
vn -1.000000 0.000000 0.000000
vn -1.000000 0.000000 0.000000
vn -1.000000 0.000000 0.000000
vn -1.000000 0.000000 0.000000
vn -1.000000 0.000000 0.000000
vn -1.000000 0.000000 0.000000
vn -0.949787 -0.312896 0.000000
vn -0.515613 -0.856822 0.000000
vn -0.515613 -0.856822 0.000000
vn -0.949787 -0.312896 0.000000
vn -0.949787 -0.312896 0.000000
vn -0.949787 -0.312896 0.000000
vn -1.000000 0.000000 0.000000
vn -1.000000 0.000000 0.000000
vn -0.949787 -0.312896 0.000000
vn -1.000000 0.000000 0.000000
vn -1.000000 0.000000 0.000000
vn -0.949748 -0.313016 0.000000
vn -0.949787 -0.312896 0.000000
vn -0.949748 -0.313016 0.000000
vn -0.515540 -0.856866 0.000000
vn -0.515613 -0.856822 0.000000
vn -0.949787 -0.312896 0.000000
vn -0.515613 -0.856822 0.000000
vn -0.515540 -0.856866 0.000000
vn -0.949748 -0.313016 0.000000
vn -0.949787 -0.312896 0.000000
vn -0.949748 -0.313016 0.000000
vn -1.000000 0.000000 0.000000
vn -1.000000 0.000000 0.000000
vn -0.949787 -0.312896 0.000000
vn -1.000000 0.000000 0.000000
vn -1.000000 0.000000 0.000000
vn -0.949787 -0.312896 0.000000
vn -0.949787 -0.312896 0.000000
vn -0.949787 -0.312896 0.000000
vn -0.515613 -0.856822 0.000000
vn -0.515613 -0.856822 0.000000
vn 0.974818 -0.204604 -0.088702
vn 0.661147 -0.744753 -0.090706
vn 0.617713 -0.719016 -0.318507
vn 0.793885 -0.273895 -0.542889
vn 0.974818 -0.204604 -0.088702
vn 0.793885 -0.273895 -0.542889
vn 0.835496 0.000000 -0.549497
vn 0.996423 0.000000 -0.084502
vn 0.974818 -0.204604 -0.088702
vn 0.996423 0.000000 -0.084502
vn 1.000000 0.000000 0.000000
vn 0.981470 -0.191614 0.000000
vn 0.974818 -0.204604 -0.088702
vn 0.981470 -0.191614 0.000000
vn 0.664016 -0.747718 0.000000
vn 0.661147 -0.744753 -0.090706
vn -0.981512 -0.191402 0.000000
vn -0.664283 -0.747481 0.000000
vn -0.664227 -0.747531 0.000000
vn -0.981512 -0.191402 0.000000
vn -0.981512 -0.191402 0.000000
vn -0.981512 -0.191402 0.000000
vn -1.000000 0.000000 0.000000
vn -1.000000 0.000000 0.000000
vn -0.981512 -0.191402 0.000000
vn -1.000000 0.000000 0.000000
vn -1.000000 0.000000 0.000000
vn -0.981512 -0.191402 0.000000
vn -0.981512 -0.191402 0.000000
vn -0.981512 -0.191402 0.000000
vn -0.664283 -0.747481 0.000000
vn -0.664283 -0.747481 0.000000
vn -1.000000 0.000000 0.000000
vn -1.000000 0.000000 0.000000
vn -1.000000 0.000000 0.000000
vn -1.000000 0.000000 0.000000
vn -1.000000 0.000000 0.000000
vn -1.000000 0.000000 0.000000
vn -1.000000 0.000000 0.000000
vn -1.000000 0.000000 0.000000
vn -1.000000 0.000000 0.000000
vn -1.000000 0.000000 0.000000
vn -1.000000 0.000000 0.000000
vn -1.000000 0.000000 0.000000
vn -1.000000 0.000000 0.000000
vn -1.000000 0.000000 0.000000
vn -1.000000 0.000000 0.000000
vn -1.000000 0.000000 0.000000
vn 0.996423 0.000000 -0.084502
vn 0.996423 0.000000 -0.084502
vn 0.835496 0.000000 -0.549497
vn 0.835496 0.000000 -0.549497
vn 0.996423 0.000000 -0.084502
vn 0.835496 0.000000 -0.549497
vn 0.835496 0.000000 -0.549497
vn 0.996423 0.000000 -0.084502
vn 0.996423 0.000000 -0.084502
vn 0.996423 0.000000 -0.084502
vn 1.000000 0.000000 0.000000
vn 1.000000 0.000000 0.000000
vn 0.996423 0.000000 -0.084502
vn 1.000000 0.000000 0.000000
vn 1.000000 0.000000 0.000000
vn 0.996423 0.000000 -0.084502
vn -0.266112 0.000000 0.963942
vn -0.266112 0.000000 0.963942
vn 0.000000 0.000000 1.000000
vn 0.000000 0.000000 1.000000
vn -0.266112 0.000000 0.963942
vn 0.000000 0.000000 1.000000
vn 0.000000 0.000000 1.000000
vn -0.266112 0.000000 0.963942
vn -0.266112 0.000000 0.963942
vn -0.266112 0.000000 0.963942
vn -0.820807 0.000000 0.571205
vn -0.820807 0.000000 0.571205
vn -0.266112 0.000000 0.963942
vn -0.820807 0.000000 0.571205
vn -0.820807 0.000000 0.571205
vn -0.266112 0.000000 0.963942
vn 0.000000 0.999405 -0.034500
vn 0.000000 0.999405 -0.034500
vn 0.000000 0.951446 -0.307815
vn 0.000000 0.951446 -0.307815
vn 0.000000 0.999405 -0.034500
vn 0.000000 0.951446 -0.307815
vn 0.000000 0.951446 -0.307815
vn 0.000000 0.999405 -0.034500
vn 0.000000 0.999405 -0.034500
vn 0.000000 0.999405 -0.034500
vn 0.000000 1.000000 0.000000
vn 0.000000 1.000000 0.000000
vn 0.000000 0.999405 -0.034500
vn 0.000000 1.000000 0.000000
vn 0.000000 1.000000 0.000000
vn 0.000000 0.999405 -0.034500
vn 0.265807 0.000000 0.964026
vn 0.265807 0.000000 0.964026
vn 0.820601 0.000000 0.571501
vn 0.820601 0.000000 0.571501
vn 0.265807 0.000000 0.964026
vn 0.820601 0.000000 0.571501
vn 0.820601 0.000000 0.571501
vn 0.265807 0.000000 0.964026
vn 0.265807 0.000000 0.964026
vn 0.265807 0.000000 0.964026
vn 0.000000 0.000000 1.000000
vn 0.000000 0.000000 1.000000
vn 0.265807 0.000000 0.964026
vn 0.000000 0.000000 1.000000
vn 0.000000 0.000000 1.000000
vn 0.265807 0.000000 0.964026
vn 0.000000 0.999405 -0.034500
vn 0.000000 0.999405 -0.034500
vn 0.000000 0.951446 -0.307815
vn 0.000000 0.951446 -0.307815
vn 0.000000 0.999405 -0.034500
vn 0.000000 0.951446 -0.307815
vn 0.000000 0.951446 -0.307815
vn 0.000000 0.999405 -0.034500
vn 0.000000 0.999405 -0.034500
vn 0.000000 0.999405 -0.034500
vn 0.000000 1.000000 0.000000
vn 0.000000 1.000000 0.000000
vn 0.000000 0.999405 -0.034500
vn 0.000000 1.000000 0.000000
vn 0.000000 1.000000 0.000000
vn 0.000000 0.999405 -0.034500
vn -0.284521 0.000000 -0.958670
vn -0.284521 0.000000 -0.958670
vn -0.835694 0.000000 -0.549196
vn -0.835694 0.000000 -0.549196
vn -0.284521 0.000000 -0.958670
vn -0.835694 0.000000 -0.549196
vn -0.835694 0.000000 -0.549196
vn -0.284521 0.000000 -0.958670
vn -0.284521 0.000000 -0.958670
vn -0.284521 0.000000 -0.958670
vn 0.000000 0.000000 -1.000000
vn 0.000000 0.000000 -1.000000
vn -0.284521 0.000000 -0.958670
vn 0.000000 0.000000 -1.000000
vn 0.000000 0.000000 -1.000000
vn -0.284521 0.000000 -0.958670
vn 0.000000 -0.997575 -0.069598
vn 0.000000 -0.997575 -0.069598
vn 0.000000 -0.867695 -0.497097
vn 0.000000 -0.867695 -0.497097
vn 0.000000 -0.997575 -0.069598
vn 0.000000 -0.867695 -0.497097
vn 0.000000 -0.867695 -0.497097
vn 0.000000 -0.997575 -0.069598
vn 0.000000 -0.997575 -0.069598
vn 0.000000 -0.997575 -0.069598
vn 0.000000 -1.000000 0.000000
vn 0.000000 -1.000000 0.000000
vn 0.000000 -0.997575 -0.069598
vn 0.000000 -1.000000 0.000000
vn 0.000000 -1.000000 0.000000
vn 0.000000 -0.997575 -0.069598
vn 0.000000 0.000000 -1.000000
vn 0.000000 0.000000 -1.000000
vn 0.000000 0.000000 -1.000000
vn 0.000000 0.000000 -1.000000
vn 0.000000 0.000000 -1.000000
vn 0.000000 0.000000 -1.000000
vn 0.000000 0.000000 -1.000000
vn 0.000000 0.000000 -1.000000
vn 0.000000 0.000000 -1.000000
vn 0.000000 0.000000 -1.000000
vn 0.000000 0.000000 -1.000000
vn 0.000000 0.000000 -1.000000
vn 0.000000 0.000000 -1.000000
vn 0.000000 0.000000 -1.000000
vn 0.000000 0.000000 -1.000000
vn 0.000000 0.000000 -1.000000
vn 0.000000 -0.997575 -0.069598
vn 0.000000 -0.997575 -0.069598
vn 0.000000 -0.867695 -0.497097
vn 0.000000 -0.867695 -0.497097
vn 0.000000 -0.997575 -0.069598
vn 0.000000 -0.867695 -0.497097
vn 0.000000 -0.867695 -0.497097
vn 0.000000 -0.997575 -0.069598
vn 0.000000 -0.997575 -0.069598
vn 0.000000 -0.997575 -0.069598
vn 0.000000 -1.000000 0.000000
vn 0.000000 -1.000000 0.000000
vn 0.000000 -0.997575 -0.069598
vn 0.000000 -1.000000 0.000000
vn 0.000000 -1.000000 0.000000
vn 0.000000 -0.997575 -0.069598
vn 0.000000 -0.997575 -0.069598
vn 0.000000 -0.997575 -0.069598
vn 0.000000 -0.867695 -0.497097
vn 0.000000 -0.867695 -0.497097
vn 0.000000 -0.997575 -0.069598
vn 0.000000 -0.867695 -0.497097
vn 0.000000 -0.867695 -0.497097
vn 0.000000 -0.997575 -0.069598
vn 0.000000 -0.997575 -0.069598
vn 0.000000 -0.997575 -0.069598
vn 0.000000 -1.000000 0.000000
vn 0.000000 -1.000000 0.000000
vn 0.000000 -0.997575 -0.069598
vn 0.000000 -1.000000 0.000000
vn 0.000000 -1.000000 0.000000
vn 0.000000 -0.997575 -0.069598
vn 0.073300 0.996597 -0.037700
vn 0.481410 0.874419 -0.060301
vn 0.432424 0.879048 -0.200711
vn 0.140801 0.937305 -0.318802
vn 0.073300 0.996597 -0.037700
vn 0.140801 0.937305 -0.318802
vn 0.000000 0.951446 -0.307815
vn 0.000000 0.999405 -0.034500
vn 0.073300 0.996597 -0.037700
vn 0.000000 0.999405 -0.034500
vn 0.000000 1.000000 0.000000
vn 0.067004 0.997753 0.000000
vn 0.073300 0.996597 -0.037700
vn 0.067004 0.997753 0.000000
vn 0.486297 0.873794 0.000000
vn 0.481410 0.874419 -0.060301
vn -0.144106 -0.986739 -0.074703
vn -0.661414 -0.744516 -0.090702
vn -0.618027 -0.718832 -0.318314
vn -0.216498 -0.838591 -0.499894
vn -0.144106 -0.986739 -0.074703
vn -0.216498 -0.838591 -0.499894
vn 0.000000 -0.867695 -0.497097
vn 0.000000 -0.997575 -0.069598
vn -0.144106 -0.986739 -0.074703
vn 0.000000 -0.997575 -0.069598
vn 0.000000 -1.000000 0.000000
vn -0.133297 -0.991076 0.000000
vn -0.144106 -0.986739 -0.074703
vn -0.133297 -0.991076 0.000000
vn -0.664283 -0.747481 0.000000
vn -0.661414 -0.744516 -0.090702
vn 0.000000 0.999405 -0.034500
vn 0.000000 0.999405 -0.034500
vn 0.000000 0.951446 -0.307815
vn 0.000000 0.951446 -0.307815
vn 0.000000 0.999405 -0.034500
vn 0.000000 0.951446 -0.307815
vn 0.000000 0.951446 -0.307815
vn 0.000000 0.999405 -0.034500
vn 0.000000 0.999405 -0.034500
vn 0.000000 0.999405 -0.034500
vn 0.000000 1.000000 0.000000
vn 0.000000 1.000000 0.000000
vn 0.000000 0.999405 -0.034500
vn 0.000000 1.000000 0.000000
vn 0.000000 1.000000 0.000000
vn 0.000000 0.999405 -0.034500
vn -0.073399 0.996590 -0.037700
vn 0.000000 0.999405 -0.034500
vn 0.000000 0.951446 -0.307815
vn -0.140997 0.937279 -0.318793
vn -0.073399 0.996590 -0.037700
vn -0.140997 0.937279 -0.318793
vn -0.432795 0.878891 -0.200598
vn -0.481728 0.874251 -0.060203
vn -0.073399 0.996590 -0.037700
vn -0.481728 0.874251 -0.060203
vn -0.486611 0.873619 0.000000
vn -0.067004 0.997753 0.000000
vn -0.073399 0.996590 -0.037700
vn -0.067004 0.997753 0.000000
vn 0.000000 1.000000 0.000000
vn 0.000000 0.999405 -0.034500
vn 0.144008 -0.986753 -0.074704
vn 0.000000 -0.997575 -0.069598
vn 0.000000 -0.867695 -0.497097
vn 0.216307 -0.838627 -0.499916
vn 0.144008 -0.986753 -0.074704
vn 0.216307 -0.838627 -0.499916
vn 0.617713 -0.719016 -0.318507
vn 0.661147 -0.744753 -0.090706
vn 0.144008 -0.986753 -0.074704
vn 0.661147 -0.744753 -0.090706
vn 0.664016 -0.747718 0.000000
vn 0.133199 -0.991089 0.000000
vn 0.144008 -0.986753 -0.074704
vn 0.133199 -0.991089 0.000000
vn 0.000000 -1.000000 0.000000
vn 0.000000 -0.997575 -0.069598
vn 0.932739 0.350915 -0.082803
vn 0.996423 0.000000 -0.084502
vn 0.835496 0.000000 -0.549497
vn 0.750984 0.412791 -0.515389
vn 0.932739 0.350915 -0.082803
vn 0.750984 0.412791 -0.515389
vn 0.432424 0.879048 -0.200711
vn 0.481410 0.874419 -0.060301
vn 0.932739 0.350915 -0.082803
vn 0.481410 0.874419 -0.060301
vn 0.486297 0.873794 0.000000
vn 0.941248 0.337717 0.000000
vn 0.932739 0.350915 -0.082803
vn 0.941248 0.337717 0.000000
vn 1.000000 0.000000 0.000000
vn 0.996423 0.000000 -0.084502
vn -0.941323 0.337508 0.000000
vn -1.000000 0.000000 0.000000
vn -1.000000 0.000000 0.000000
vn -0.941323 0.337508 0.000000
vn -0.941323 0.337508 0.000000
vn -0.941323 0.337508 0.000000
vn -0.486611 0.873619 0.000000
vn -0.486611 0.873619 0.000000
vn -0.941323 0.337508 0.000000
vn -0.486611 0.873619 0.000000
vn -0.486611 0.873619 0.000000
vn -0.941323 0.337508 0.000000
vn -0.941323 0.337508 0.000000
vn -0.941323 0.337508 0.000000
vn -1.000000 0.000000 0.000000
vn -1.000000 0.000000 0.000000
vn -0.932477 0.349891 0.089798
vn -0.995778 0.000000 0.091798
vn -0.820807 0.000000 0.571205
vn -0.741306 0.404203 0.535804
vn -0.932477 0.349891 0.089798
vn -0.741306 0.404203 0.535804
vn -0.429030 0.875960 0.220515
vn -0.482396 0.873493 0.065599
vn -0.932477 0.349891 0.089798
vn -0.482396 0.873493 0.065599
vn -0.486611 0.873619 0.000000
vn -0.941323 0.337508 0.000000
vn -0.932477 0.349891 0.089798
vn -0.941323 0.337508 0.000000
vn -1.000000 0.000000 0.000000
vn -0.995778 0.000000 0.091798
vn -0.995778 0.000000 0.091798
vn -0.995778 0.000000 0.091798
vn -0.820807 0.000000 0.571205
vn -0.820807 0.000000 0.571205
vn -0.995778 0.000000 0.091798
vn -0.820807 0.000000 0.571205
vn -0.820807 0.000000 0.571205
vn -0.995778 0.000000 0.091798
vn -0.995778 0.000000 0.091798
vn -0.995778 0.000000 0.091798
vn -1.000000 0.000000 0.000000
vn -1.000000 0.000000 0.000000
vn -0.995778 0.000000 0.091798
vn -1.000000 0.000000 0.000000
vn -1.000000 0.000000 0.000000
vn -0.995778 0.000000 0.091798
vn -0.974222 -0.204005 0.096302
vn -0.661115 -0.743817 0.098302
vn -0.611319 -0.712122 0.345211
vn -0.782589 -0.265696 0.562992
vn -0.974222 -0.204005 0.096302
vn -0.782589 -0.265696 0.562992
vn -0.820807 0.000000 0.571205
vn -0.995778 0.000000 0.091798
vn -0.974222 -0.204005 0.096302
vn -0.995778 0.000000 0.091798
vn -1.000000 0.000000 0.000000
vn -0.981512 -0.191402 0.000000
vn -0.974222 -0.204005 0.096302
vn -0.981512 -0.191402 0.000000
vn -0.664283 -0.747481 0.000000
vn -0.661115 -0.743817 0.098302
vn 0.981470 -0.191614 0.000000
vn 0.664016 -0.747718 0.000000
vn 0.664016 -0.747718 0.000000
vn 0.981470 -0.191614 0.000000
vn 0.981470 -0.191614 0.000000
vn 0.981470 -0.191614 0.000000
vn 1.000000 0.000000 0.000000
vn 1.000000 0.000000 0.000000
vn 0.981470 -0.191614 0.000000
vn 1.000000 0.000000 0.000000
vn 1.000000 0.000000 0.000000
vn 0.981470 -0.191614 0.000000
vn 0.981470 -0.191614 0.000000
vn 0.981470 -0.191614 0.000000
vn 0.664016 -0.747718 0.000000
vn 0.664016 -0.747718 0.000000
vn 1.000000 0.000000 0.000000
vn 1.000000 0.000000 0.000000
vn 1.000000 0.000000 0.000000
vn 1.000000 0.000000 0.000000
vn 1.000000 0.000000 0.000000
vn 1.000000 0.000000 0.000000
vn 1.000000 0.000000 0.000000
vn 1.000000 0.000000 0.000000
vn 1.000000 0.000000 0.000000
vn 1.000000 0.000000 0.000000
vn 1.000000 0.000000 0.000000
vn 1.000000 0.000000 0.000000
vn 1.000000 0.000000 0.000000
vn 1.000000 0.000000 0.000000
vn 1.000000 0.000000 0.000000
vn 1.000000 0.000000 0.000000
vn 0.996423 0.000000 -0.084502
vn 0.996423 0.000000 -0.084502
vn 0.835496 0.000000 -0.549497
vn 0.835496 0.000000 -0.549497
vn 0.996423 0.000000 -0.084502
vn 0.835496 0.000000 -0.549497
vn 0.835496 0.000000 -0.549497
vn 0.996423 0.000000 -0.084502
vn 0.996423 0.000000 -0.084502
vn 0.996423 0.000000 -0.084502
vn 1.000000 0.000000 0.000000
vn 1.000000 0.000000 0.000000
vn 0.996423 0.000000 -0.084502
vn 1.000000 0.000000 0.000000
vn 1.000000 0.000000 0.000000
vn 0.996423 0.000000 -0.084502
vn 0.000000 1.000000 0.000000
vn 0.000000 1.000000 0.000000
vn 0.000000 1.000000 0.000000
vn 0.000000 1.000000 0.000000
vn 0.000000 1.000000 0.000000
vn 0.000000 1.000000 0.000000
vn 0.000000 1.000000 0.000000
vn 0.000000 1.000000 0.000000
vn 0.000000 1.000000 0.000000
vn 0.000000 1.000000 0.000000
vn 0.000000 1.000000 0.000000
vn 0.000000 1.000000 0.000000
vn 0.000000 1.000000 0.000000
vn 0.000000 1.000000 0.000000
vn 0.000000 1.000000 0.000000
vn 0.000000 1.000000 0.000000
vn 0.995769 0.000000 0.091897
vn 0.995769 0.000000 0.091897
vn 1.000000 0.000000 0.000000
vn 1.000000 0.000000 0.000000
vn 0.995769 0.000000 0.091897
vn 1.000000 0.000000 0.000000
vn 1.000000 0.000000 0.000000
vn 0.995769 0.000000 0.091897
vn 0.995769 0.000000 0.091897
vn 0.995769 0.000000 0.091897
vn 0.820601 0.000000 0.571501
vn 0.820601 0.000000 0.571501
vn 0.995769 0.000000 0.091897
vn 0.820601 0.000000 0.571501
vn 0.820601 0.000000 0.571501
vn 0.995769 0.000000 0.091897
vn 0.000000 1.000000 0.000000
vn 0.000000 1.000000 0.000000
vn 0.000000 1.000000 0.000000
vn 0.000000 1.000000 0.000000
vn 0.000000 1.000000 0.000000
vn 0.000000 1.000000 0.000000
vn 0.000000 1.000000 0.000000
vn 0.000000 1.000000 0.000000
vn 0.000000 1.000000 0.000000
vn 0.000000 1.000000 0.000000
vn 0.000000 1.000000 0.000000
vn 0.000000 1.000000 0.000000
vn 0.000000 1.000000 0.000000
vn 0.000000 1.000000 0.000000
vn 0.000000 1.000000 0.000000
vn 0.000000 1.000000 0.000000
vn 0.284218 0.000000 -0.958760
vn 0.284218 0.000000 -0.958760
vn 0.000000 0.000000 -1.000000
vn 0.000000 0.000000 -1.000000
vn 0.284218 0.000000 -0.958760
vn 0.000000 0.000000 -1.000000
vn 0.000000 0.000000 -1.000000
vn 0.284218 0.000000 -0.958760
vn 0.284218 0.000000 -0.958760
vn 0.284218 0.000000 -0.958760
vn 0.835496 0.000000 -0.549497
vn 0.835496 0.000000 -0.549497
vn 0.284218 0.000000 -0.958760
vn 0.835496 0.000000 -0.549497
vn 0.835496 0.000000 -0.549497
vn 0.284218 0.000000 -0.958760
vn 0.000000 -1.000000 0.000000
vn 0.000000 -1.000000 0.000000
vn 0.000000 -1.000000 0.000000
vn 0.000000 -1.000000 0.000000
vn 0.000000 -1.000000 0.000000
vn 0.000000 -1.000000 0.000000
vn 0.000000 -1.000000 0.000000
vn 0.000000 -1.000000 0.000000
vn 0.000000 -1.000000 0.000000
vn 0.000000 -1.000000 0.000000
vn 0.000000 -1.000000 0.000000
vn 0.000000 -1.000000 0.000000
vn 0.000000 -1.000000 0.000000
vn 0.000000 -1.000000 0.000000
vn 0.000000 -1.000000 0.000000
vn 0.000000 -1.000000 0.000000
vn 0.000000 0.000000 1.000000
vn 0.000000 0.000000 1.000000
vn 0.000000 0.000000 1.000000
vn 0.000000 0.000000 1.000000
vn 0.000000 0.000000 1.000000
vn 0.000000 0.000000 1.000000
vn 0.000000 0.000000 1.000000
vn 0.000000 0.000000 1.000000
vn 0.000000 0.000000 1.000000
vn 0.000000 0.000000 1.000000
vn 0.000000 0.000000 1.000000
vn 0.000000 0.000000 1.000000
vn 0.000000 0.000000 1.000000
vn 0.000000 0.000000 1.000000
vn 0.000000 0.000000 1.000000
vn 0.000000 0.000000 1.000000
vn 0.000000 -1.000000 0.000000
vn 0.000000 -1.000000 0.000000
vn 0.000000 -1.000000 0.000000
vn 0.000000 -1.000000 0.000000
vn 0.000000 -1.000000 0.000000
vn 0.000000 -1.000000 0.000000
vn 0.000000 -1.000000 0.000000
vn 0.000000 -1.000000 0.000000
vn 0.000000 -1.000000 0.000000
vn 0.000000 -1.000000 0.000000
vn 0.000000 -1.000000 0.000000
vn 0.000000 -1.000000 0.000000
vn 0.000000 -1.000000 0.000000
vn 0.000000 -1.000000 0.000000
vn 0.000000 -1.000000 0.000000
vn 0.000000 -1.000000 0.000000
vn 0.000000 -1.000000 0.000000
vn 0.000000 -1.000000 0.000000
vn 0.000000 -1.000000 0.000000
vn 0.000000 -1.000000 0.000000
vn 0.000000 -1.000000 0.000000
vn 0.000000 -1.000000 0.000000
vn 0.000000 -1.000000 0.000000
vn 0.000000 -1.000000 0.000000
vn 0.000000 -1.000000 0.000000
vn 0.000000 -1.000000 0.000000
vn 0.000000 -1.000000 0.000000
vn 0.000000 -1.000000 0.000000
vn 0.000000 -1.000000 0.000000
vn 0.000000 -1.000000 0.000000
vn 0.000000 -1.000000 0.000000
vn 0.000000 -1.000000 0.000000
vn 0.067004 0.997753 0.000000
vn 0.486297 0.873794 0.000000
vn 0.486339 0.873770 0.000000
vn 0.067004 0.997753 0.000000
vn 0.067004 0.997753 0.000000
vn 0.067004 0.997753 0.000000
vn 0.000000 1.000000 0.000000
vn 0.000000 1.000000 0.000000
vn 0.067004 0.997753 0.000000
vn 0.000000 1.000000 0.000000
vn 0.000000 1.000000 0.000000
vn 0.067004 0.997753 0.000000
vn 0.067004 0.997753 0.000000
vn 0.067004 0.997753 0.000000
vn 0.486297 0.873794 0.000000
vn 0.486297 0.873794 0.000000
vn -0.133297 -0.991076 0.000000
vn -0.664227 -0.747531 0.000000
vn -0.664283 -0.747481 0.000000
vn -0.133297 -0.991076 0.000000
vn -0.133297 -0.991076 0.000000
vn -0.133297 -0.991076 0.000000
vn 0.000000 -1.000000 0.000000
vn 0.000000 -1.000000 0.000000
vn -0.133297 -0.991076 0.000000
vn 0.000000 -1.000000 0.000000
vn 0.000000 -1.000000 0.000000
vn -0.133297 -0.991076 0.000000
vn -0.133297 -0.991076 0.000000
vn -0.133297 -0.991076 0.000000
vn -0.664283 -0.747481 0.000000
vn -0.664227 -0.747531 0.000000
vn 0.000000 1.000000 0.000000
vn 0.000000 1.000000 0.000000
vn 0.000000 1.000000 0.000000
vn 0.000000 1.000000 0.000000
vn 0.000000 1.000000 0.000000
vn 0.000000 1.000000 0.000000
vn 0.000000 1.000000 0.000000
vn 0.000000 1.000000 0.000000
vn 0.000000 1.000000 0.000000
vn 0.000000 1.000000 0.000000
vn 0.000000 1.000000 0.000000
vn 0.000000 1.000000 0.000000
vn 0.000000 1.000000 0.000000
vn 0.000000 1.000000 0.000000
vn 0.000000 1.000000 0.000000
vn 0.000000 1.000000 0.000000
vn -0.067004 0.997753 0.000000
vn 0.000000 1.000000 0.000000
vn 0.000000 1.000000 0.000000
vn -0.067004 0.997753 0.000000
vn -0.067004 0.997753 0.000000
vn -0.067004 0.997753 0.000000
vn -0.486611 0.873619 0.000000
vn -0.486611 0.873619 0.000000
vn -0.067004 0.997753 0.000000
vn -0.486611 0.873619 0.000000
vn -0.486611 0.873619 0.000000
vn -0.067004 0.997753 0.000000
vn -0.067004 0.997753 0.000000
vn -0.067004 0.997753 0.000000
vn 0.000000 1.000000 0.000000
vn 0.000000 1.000000 0.000000
vn 0.133199 -0.991089 0.000000
vn 0.000000 -1.000000 0.000000
vn 0.000000 -1.000000 0.000000
vn 0.133199 -0.991089 0.000000
vn 0.133199 -0.991089 0.000000
vn 0.133199 -0.991089 0.000000
vn 0.664016 -0.747718 0.000000
vn 0.664016 -0.747718 0.000000
vn 0.133199 -0.991089 0.000000
vn 0.664016 -0.747718 0.000000
vn 0.664016 -0.747718 0.000000
vn 0.133199 -0.991089 0.000000
vn 0.133199 -0.991089 0.000000
vn 0.133199 -0.991089 0.000000
vn 0.000000 -1.000000 0.000000
vn 0.000000 -1.000000 0.000000
vn 0.941248 0.337717 0.000000
vn 1.000000 0.000000 0.000000
vn 1.000000 0.000000 0.000000
vn 0.941248 0.337717 0.000000
vn 0.941248 0.337717 0.000000
vn 0.941248 0.337717 0.000000
vn 0.486339 0.873770 0.000000
vn 0.486297 0.873794 0.000000
vn 0.941248 0.337717 0.000000
vn 0.486297 0.873794 0.000000
vn 0.486297 0.873794 0.000000
vn 0.941248 0.337717 0.000000
vn 0.941248 0.337717 0.000000
vn 0.941248 0.337717 0.000000
vn 1.000000 0.000000 0.000000
vn 1.000000 0.000000 0.000000
vn 0.941248 0.337717 0.000000
vn 1.000000 0.000000 0.000000
vn 1.000000 0.000000 0.000000
vn 0.941248 0.337717 0.000000
vn 0.941248 0.337717 0.000000
vn 0.941248 0.337717 0.000000
vn 0.486297 0.873794 0.000000
vn 0.486297 0.873794 0.000000
vn 0.941248 0.337717 0.000000
vn 0.486297 0.873794 0.000000
vn 0.486339 0.873770 0.000000
vn 0.941248 0.337717 0.000000
vn 0.941248 0.337717 0.000000
vn 0.941248 0.337717 0.000000
vn 1.000000 0.000000 0.000000
vn 1.000000 0.000000 0.000000
vn 0.941248 0.337717 0.000000
vn 1.000000 0.000000 0.000000
vn 1.000000 0.000000 0.000000
vn 0.941248 0.337717 0.000000
vn 0.941248 0.337717 0.000000
vn 0.941248 0.337717 0.000000
vn 0.486339 0.873770 0.000000
vn 0.486339 0.873770 0.000000
vn 0.941248 0.337717 0.000000
vn 0.486339 0.873770 0.000000
vn 0.486339 0.873770 0.000000
vn 0.941248 0.337717 0.000000
vn 0.941248 0.337717 0.000000
vn 0.941248 0.337717 0.000000
vn 1.000000 0.000000 0.000000
vn 1.000000 0.000000 0.000000
vn 0.133199 -0.991089 0.000000
vn 0.000000 -1.000000 0.000000
vn 0.000000 -1.000000 0.000000
vn 0.133199 -0.991089 0.000000
vn 0.133199 -0.991089 0.000000
vn 0.133199 -0.991089 0.000000
vn 0.664016 -0.747718 0.000000
vn 0.664016 -0.747718 0.000000
vn 0.133199 -0.991089 0.000000
vn 0.664016 -0.747718 0.000000
vn 0.664016 -0.747718 0.000000
vn 0.133199 -0.991089 0.000000
vn 0.133199 -0.991089 0.000000
vn 0.133199 -0.991089 0.000000
vn 0.000000 -1.000000 0.000000
vn 0.000000 -1.000000 0.000000
vn 0.133199 -0.991089 0.000000
vn 0.000000 -1.000000 0.000000
vn 0.000000 -1.000000 0.000000
vn 0.133199 -0.991089 0.000000
vn 0.133199 -0.991089 0.000000
vn 0.133199 -0.991089 0.000000
vn 0.664016 -0.747718 0.000000
vn 0.664016 -0.747718 0.000000
vn 0.133199 -0.991089 0.000000
vn 0.664016 -0.747718 0.000000
vn 0.664016 -0.747718 0.000000
vn 0.133199 -0.991089 0.000000
vn 0.133199 -0.991089 0.000000
vn 0.133199 -0.991089 0.000000
vn 0.000000 -1.000000 0.000000
vn 0.000000 -1.000000 0.000000
vn -0.067004 0.997753 0.000000
vn 0.000000 1.000000 0.000000
vn 0.000000 1.000000 0.000000
vn -0.067004 0.997753 0.000000
vn -0.067004 0.997753 0.000000
vn -0.067004 0.997753 0.000000
vn -0.486611 0.873619 0.000000
vn -0.486611 0.873619 0.000000
vn -0.067004 0.997753 0.000000
vn -0.486611 0.873619 0.000000
vn -0.486611 0.873619 0.000000
vn -0.067004 0.997753 0.000000
vn -0.067004 0.997753 0.000000
vn -0.067004 0.997753 0.000000
vn 0.000000 1.000000 0.000000
vn 0.000000 1.000000 0.000000
vn -0.067004 0.997753 0.000000
vn 0.000000 1.000000 0.000000
vn 0.000000 1.000000 0.000000
vn -0.067004 0.997753 0.000000
vn -0.067004 0.997753 0.000000
vn -0.067004 0.997753 0.000000
vn -0.486611 0.873619 0.000000
vn -0.486611 0.873619 0.000000
vn -0.067004 0.997753 0.000000
vn -0.486611 0.873619 0.000000
vn -0.486611 0.873619 0.000000
vn -0.067004 0.997753 0.000000
vn -0.067004 0.997753 0.000000
vn -0.067004 0.997753 0.000000
vn 0.000000 1.000000 0.000000
vn 0.000000 1.000000 0.000000
vn 0.000000 1.000000 0.000000
vn 0.000000 1.000000 0.000000
vn 0.000000 1.000000 0.000000
vn 0.000000 1.000000 0.000000
vn 0.000000 1.000000 0.000000
vn 0.000000 1.000000 0.000000
vn 0.000000 1.000000 0.000000
vn 0.000000 1.000000 0.000000
vn 0.000000 1.000000 0.000000
vn 0.000000 1.000000 0.000000
vn 0.000000 1.000000 0.000000
vn 0.000000 1.000000 0.000000
vn 0.000000 1.000000 0.000000
vn 0.000000 1.000000 0.000000
vn 0.000000 1.000000 0.000000
vn 0.000000 1.000000 0.000000
vn 0.000000 1.000000 0.000000
vn 0.000000 1.000000 0.000000
vn 0.000000 1.000000 0.000000
vn 0.000000 1.000000 0.000000
vn 0.000000 1.000000 0.000000
vn 0.000000 1.000000 0.000000
vn 0.000000 1.000000 0.000000
vn 0.000000 1.000000 0.000000
vn 0.000000 1.000000 0.000000
vn 0.000000 1.000000 0.000000
vn 0.000000 1.000000 0.000000
vn 0.000000 1.000000 0.000000
vn 0.000000 1.000000 0.000000
vn 0.000000 1.000000 0.000000
vn 0.000000 1.000000 0.000000
vn 0.000000 1.000000 0.000000
vn -0.133297 -0.991076 0.000000
vn -0.664283 -0.747481 0.000000
vn -0.664283 -0.747481 0.000000
vn -0.133297 -0.991076 0.000000
vn -0.133297 -0.991076 0.000000
vn -0.133297 -0.991076 0.000000
vn 0.000000 -1.000000 0.000000
vn 0.000000 -1.000000 0.000000
vn -0.133297 -0.991076 0.000000
vn 0.000000 -1.000000 0.000000
vn 0.000000 -1.000000 0.000000
vn -0.133297 -0.991076 0.000000
vn -0.133297 -0.991076 0.000000
vn -0.133297 -0.991076 0.000000
vn -0.664227 -0.747531 0.000000
vn -0.664283 -0.747481 0.000000
vn -0.133297 -0.991076 0.000000
vn -0.664283 -0.747481 0.000000
vn -0.664227 -0.747531 0.000000
vn -0.133297 -0.991076 0.000000
vn -0.133297 -0.991076 0.000000
vn -0.133297 -0.991076 0.000000
vn 0.000000 -1.000000 0.000000
vn 0.000000 -1.000000 0.000000
vn -0.133297 -0.991076 0.000000
vn 0.000000 -1.000000 0.000000
vn 0.000000 -1.000000 0.000000
vn -0.133297 -0.991076 0.000000
vn -0.133297 -0.991076 0.000000
vn -0.133297 -0.991076 0.000000
vn -0.664283 -0.747481 0.000000
vn -0.664283 -0.747481 0.000000
vn 0.067004 0.997753 0.000000
vn 0.486297 0.873794 0.000000
vn 0.486297 0.873794 0.000000
vn 0.067004 0.997753 0.000000
vn 0.067004 0.997753 0.000000
vn 0.067004 0.997753 0.000000
vn 0.000000 1.000000 0.000000
vn 0.000000 1.000000 0.000000
vn 0.067004 0.997753 0.000000
vn 0.000000 1.000000 0.000000
vn 0.000000 1.000000 0.000000
vn 0.067004 0.997753 0.000000
vn 0.067004 0.997753 0.000000
vn 0.067004 0.997753 0.000000
vn 0.486339 0.873770 0.000000
vn 0.486297 0.873794 0.000000
vn 0.067004 0.997753 0.000000
vn 0.486339 0.873770 0.000000
vn 0.486339 0.873770 0.000000
vn 0.067004 0.997753 0.000000
vn 0.067004 0.997753 0.000000
vn 0.067004 0.997753 0.000000
vn 0.000000 1.000000 0.000000
vn 0.000000 1.000000 0.000000
vn 0.067004 0.997753 0.000000
vn 0.000000 1.000000 0.000000
vn 0.000000 1.000000 0.000000
vn 0.067004 0.997753 0.000000
vn 0.067004 0.997753 0.000000
vn 0.067004 0.997753 0.000000
vn 0.486339 0.873770 0.000000
vn 0.486339 0.873770 0.000000
vn 0.000000 -1.000000 0.000000
vn 0.000000 -1.000000 0.000000
vn 0.000000 -1.000000 0.000000
vn 0.000000 -1.000000 0.000000
vn 0.000000 -1.000000 0.000000
vn 0.000000 -1.000000 0.000000
vn 0.000000 -1.000000 0.000000
vn 0.000000 -1.000000 0.000000
vn 0.000000 -1.000000 0.000000
vn 0.000000 -1.000000 0.000000
vn 0.000000 -1.000000 0.000000
vn 0.000000 -1.000000 0.000000
vn 0.000000 -1.000000 0.000000
vn 0.000000 -1.000000 0.000000
vn 0.000000 -1.000000 0.000000
vn 0.000000 -1.000000 0.000000
vn 0.000000 -1.000000 0.000000
vn 0.000000 -1.000000 0.000000
vn 0.000000 -1.000000 0.000000
vn 0.000000 -1.000000 0.000000
vn 0.000000 -1.000000 0.000000
vn 0.000000 -1.000000 0.000000
vn 0.000000 -1.000000 0.000000
vn 0.000000 -1.000000 0.000000
vn 0.000000 -1.000000 0.000000
vn 0.000000 -1.000000 0.000000
vn 0.000000 -1.000000 0.000000
vn 0.000000 -1.000000 0.000000
vn 0.000000 -1.000000 0.000000
vn 0.000000 -1.000000 0.000000
vn 0.000000 -1.000000 0.000000
vn 0.000000 -1.000000 0.000000
vn 0.000000 -1.000000 0.000000
vn 0.000000 -1.000000 0.000000
vn 0.000000 -1.000000 0.000000
vn 0.000000 -1.000000 0.000000
vn 0.000000 -1.000000 0.000000
vn 0.000000 -1.000000 0.000000
vn 0.000000 -1.000000 0.000000
vn 0.000000 -1.000000 0.000000
vn 0.000000 -1.000000 0.000000
vn 0.000000 -1.000000 0.000000
vn 0.000000 -1.000000 0.000000
vn 0.000000 -1.000000 0.000000
vn 0.000000 -1.000000 0.000000
vn 0.000000 -1.000000 0.000000
vn 0.000000 -1.000000 0.000000
vn 0.000000 -1.000000 0.000000
vn 0.000000 -1.000000 0.000000
vn 0.000000 -1.000000 0.000000
vn 0.000000 -1.000000 0.000000
vn 0.000000 -1.000000 0.000000
vn 0.000000 -1.000000 0.000000
vn 0.000000 -1.000000 0.000000
vn 0.000000 -1.000000 0.000000
vn 0.000000 -1.000000 0.000000
vn 0.000000 -1.000000 0.000000
vn 0.000000 -1.000000 0.000000
vn 0.000000 -1.000000 0.000000
vn 0.000000 -1.000000 0.000000
vn 0.000000 -1.000000 0.000000
vn 0.000000 -1.000000 0.000000
vn 0.000000 -1.000000 0.000000
vn 0.000000 -1.000000 0.000000
vn -0.995778 0.000000 0.091798
vn -0.995778 0.000000 0.091798
vn -0.820807 0.000000 0.571205
vn -0.820807 0.000000 0.571205
vn -0.995778 0.000000 0.091798
vn -0.820807 0.000000 0.571205
vn -0.820807 0.000000 0.571205
vn -0.995778 0.000000 0.091798
vn -0.995778 0.000000 0.091798
vn -0.995778 0.000000 0.091798
vn -1.000000 0.000000 0.000000
vn -1.000000 0.000000 0.000000
vn -0.995778 0.000000 0.091798
vn -1.000000 0.000000 0.000000
vn -1.000000 0.000000 0.000000
vn -0.995778 0.000000 0.091798
vn 0.000000 -1.000000 0.000000
vn 0.000000 -1.000000 0.000000
vn 0.000000 -1.000000 0.000000
vn 0.000000 -1.000000 0.000000
vn 0.000000 -1.000000 0.000000
vn 0.000000 -1.000000 0.000000
vn 0.000000 -1.000000 0.000000
vn 0.000000 -1.000000 0.000000
vn 0.000000 -1.000000 0.000000
vn 0.000000 -1.000000 0.000000
vn 0.000000 -1.000000 0.000000
vn 0.000000 -1.000000 0.000000
vn 0.000000 -1.000000 0.000000
vn 0.000000 -1.000000 0.000000
vn 0.000000 -1.000000 0.000000
vn 0.000000 -1.000000 0.000000
vn -0.996432 0.000000 -0.084403
vn -0.996432 0.000000 -0.084403
vn -1.000000 0.000000 0.000000
vn -1.000000 0.000000 0.000000
vn -0.996432 0.000000 -0.084403
vn -1.000000 0.000000 0.000000
vn -1.000000 0.000000 0.000000
vn -0.996432 0.000000 -0.084403
vn -0.996432 0.000000 -0.084403
vn -0.996432 0.000000 -0.084403
vn -0.835694 0.000000 -0.549196
vn -0.835694 0.000000 -0.549196
vn -0.996432 0.000000 -0.084403
vn -0.835694 0.000000 -0.549196
vn -0.835694 0.000000 -0.549196
vn -0.996432 0.000000 -0.084403
vn -1.000000 0.000000 0.000000
vn -1.000000 0.000000 0.000000
vn -1.000000 0.000000 0.000000
vn -1.000000 0.000000 0.000000
vn -1.000000 0.000000 0.000000
vn -1.000000 0.000000 0.000000
vn -1.000000 0.000000 0.000000
vn -1.000000 0.000000 0.000000
vn -1.000000 0.000000 0.000000
vn -1.000000 0.000000 0.000000
vn -1.000000 0.000000 0.000000
vn -1.000000 0.000000 0.000000
vn -1.000000 0.000000 0.000000
vn -1.000000 0.000000 0.000000
vn -1.000000 0.000000 0.000000
vn -1.000000 0.000000 0.000000
vn 0.000000 -1.000000 0.000000
vn 0.000000 -1.000000 0.000000
vn 0.000000 -1.000000 0.000000
vn 0.000000 -1.000000 0.000000
vn 0.000000 -1.000000 0.000000
vn 0.000000 -1.000000 0.000000
vn 0.000000 -1.000000 0.000000
vn 0.000000 -1.000000 0.000000
vn 0.000000 -1.000000 0.000000
vn 0.000000 -1.000000 0.000000
vn 0.000000 -1.000000 0.000000
vn 0.000000 -1.000000 0.000000
vn 0.000000 -1.000000 0.000000
vn 0.000000 -1.000000 0.000000
vn 0.000000 -1.000000 0.000000
vn 0.000000 -1.000000 0.000000
vn 1.000000 0.000000 0.000000
vn 1.000000 0.000000 0.000000
vn 1.000000 0.000000 0.000000
vn 1.000000 0.000000 0.000000
vn 1.000000 0.000000 0.000000
vn 1.000000 0.000000 0.000000
vn 1.000000 0.000000 0.000000
vn 1.000000 0.000000 0.000000
vn 1.000000 0.000000 0.000000
vn 1.000000 0.000000 0.000000
vn 1.000000 0.000000 0.000000
vn 1.000000 0.000000 0.000000
vn 1.000000 0.000000 0.000000
vn 1.000000 0.000000 0.000000
vn 1.000000 0.000000 0.000000
vn 1.000000 0.000000 0.000000
vn 0.000000 1.000000 0.000000
vn 0.000000 1.000000 0.000000
vn 0.000000 1.000000 0.000000
vn 0.000000 1.000000 0.000000
vn 0.000000 1.000000 0.000000
vn 0.000000 1.000000 0.000000
vn 0.000000 1.000000 0.000000
vn 0.000000 1.000000 0.000000
vn 0.000000 1.000000 0.000000
vn 0.000000 1.000000 0.000000
vn 0.000000 1.000000 0.000000
vn 0.000000 1.000000 0.000000
vn 0.000000 1.000000 0.000000
vn 0.000000 1.000000 0.000000
vn 0.000000 1.000000 0.000000
vn 0.000000 1.000000 0.000000
vn 0.000000 1.000000 0.000000
vn 0.000000 1.000000 0.000000
vn 0.000000 1.000000 0.000000
vn 0.000000 1.000000 0.000000
vn 0.000000 1.000000 0.000000
vn 0.000000 1.000000 0.000000
vn 0.000000 1.000000 0.000000
vn 0.000000 1.000000 0.000000
vn 0.000000 1.000000 0.000000
vn 0.000000 1.000000 0.000000
vn 0.000000 1.000000 0.000000
vn 0.000000 1.000000 0.000000
vn 0.000000 1.000000 0.000000
vn 0.000000 1.000000 0.000000
vn 0.000000 1.000000 0.000000
vn 0.000000 1.000000 0.000000
vn -1.000000 0.000000 0.000000
vn -1.000000 0.000000 0.000000
vn -1.000000 0.000000 0.000000
vn -1.000000 0.000000 0.000000
vn -1.000000 0.000000 0.000000
vn -1.000000 0.000000 0.000000
vn -1.000000 0.000000 0.000000
vn -1.000000 0.000000 0.000000
vn -1.000000 0.000000 0.000000
vn -1.000000 0.000000 0.000000
vn -1.000000 0.000000 0.000000
vn -1.000000 0.000000 0.000000
vn -1.000000 0.000000 0.000000
vn -1.000000 0.000000 0.000000
vn -1.000000 0.000000 0.000000
vn -1.000000 0.000000 0.000000
vn 0.000000 1.000000 0.000000
vn 0.000000 1.000000 0.000000
vn 0.000000 1.000000 0.000000
vn 0.000000 1.000000 0.000000
vn 0.000000 1.000000 0.000000
vn 0.000000 1.000000 0.000000
vn 0.000000 1.000000 0.000000
vn 0.000000 1.000000 0.000000
vn 0.000000 1.000000 0.000000
vn 0.000000 1.000000 0.000000
vn 0.000000 1.000000 0.000000
vn 0.000000 1.000000 0.000000
vn 0.000000 1.000000 0.000000
vn 0.000000 1.000000 0.000000
vn 0.000000 1.000000 0.000000
vn 0.000000 1.000000 0.000000
vn 1.000000 0.000000 0.000000
vn 1.000000 0.000000 0.000000
vn 1.000000 0.000000 0.000000
vn 1.000000 0.000000 0.000000
vn 1.000000 0.000000 0.000000
vn 1.000000 0.000000 0.000000
vn 1.000000 0.000000 0.000000
vn 1.000000 0.000000 0.000000
vn 1.000000 0.000000 0.000000
vn 1.000000 0.000000 0.000000
vn 1.000000 0.000000 0.000000
vn 1.000000 0.000000 0.000000
vn 1.000000 0.000000 0.000000
vn 1.000000 0.000000 0.000000
vn 1.000000 0.000000 0.000000
vn 1.000000 0.000000 0.000000
vn 1.000000 0.000000 0.000000
vn 1.000000 0.000000 0.000000
vn 1.000000 0.000000 0.000000
vn 1.000000 0.000000 0.000000
vn 1.000000 0.000000 0.000000
vn 1.000000 0.000000 0.000000
vn 1.000000 0.000000 0.000000
vn 1.000000 0.000000 0.000000
vn 1.000000 0.000000 0.000000
vn 1.000000 0.000000 0.000000
vn 1.000000 0.000000 0.000000
vn 1.000000 0.000000 0.000000
vn 1.000000 0.000000 0.000000
vn 1.000000 0.000000 0.000000
vn 1.000000 0.000000 0.000000
vn 1.000000 0.000000 0.000000
vn 0.000000 1.000000 0.000000
vn 0.000000 1.000000 0.000000
vn 0.000000 1.000000 0.000000
vn 0.000000 1.000000 0.000000
vn 0.000000 1.000000 0.000000
vn 0.000000 1.000000 0.000000
vn 0.000000 1.000000 0.000000
vn 0.000000 1.000000 0.000000
vn 0.000000 1.000000 0.000000
vn 0.000000 1.000000 0.000000
vn 0.000000 1.000000 0.000000
vn 0.000000 1.000000 0.000000
vn 0.000000 1.000000 0.000000
vn 0.000000 1.000000 0.000000
vn 0.000000 1.000000 0.000000
vn 0.000000 1.000000 0.000000
vn -1.000000 0.000000 0.000000
vn -1.000000 0.000000 0.000000
vn -1.000000 0.000000 0.000000
vn -1.000000 0.000000 0.000000
vn -1.000000 0.000000 0.000000
vn -1.000000 0.000000 0.000000
vn -1.000000 0.000000 0.000000
vn -1.000000 0.000000 0.000000
vn -1.000000 0.000000 0.000000
vn -1.000000 0.000000 0.000000
vn -1.000000 0.000000 0.000000
vn -1.000000 0.000000 0.000000
vn -1.000000 0.000000 0.000000
vn -1.000000 0.000000 0.000000
vn -1.000000 0.000000 0.000000
vn -1.000000 0.000000 0.000000
vn 1.000000 0.000000 0.000000
vn 1.000000 0.000000 0.000000
vn 1.000000 0.000000 0.000000
vn 1.000000 0.000000 0.000000
vn 1.000000 0.000000 0.000000
vn 1.000000 0.000000 0.000000
vn 1.000000 0.000000 0.000000
vn 1.000000 0.000000 0.000000
vn 1.000000 0.000000 0.000000
vn 1.000000 0.000000 0.000000
vn 1.000000 0.000000 0.000000
vn 1.000000 0.000000 0.000000
vn 1.000000 0.000000 0.000000
vn 1.000000 0.000000 0.000000
vn 1.000000 0.000000 0.000000
vn 1.000000 0.000000 0.000000
vn 1.000000 0.000000 0.000000
vn 1.000000 0.000000 0.000000
vn 1.000000 0.000000 0.000000
vn 1.000000 0.000000 0.000000
vn 1.000000 0.000000 0.000000
vn 1.000000 0.000000 0.000000
vn 1.000000 0.000000 0.000000
vn 1.000000 0.000000 0.000000
vn 1.000000 0.000000 0.000000
vn 1.000000 0.000000 0.000000
vn 1.000000 0.000000 0.000000
vn 1.000000 0.000000 0.000000
vn 1.000000 0.000000 0.000000
vn 1.000000 0.000000 0.000000
vn 1.000000 0.000000 0.000000
vn 1.000000 0.000000 0.000000
vn 0.981470 -0.191614 0.000000
vn 0.664016 -0.747718 0.000000
vn 0.664016 -0.747718 0.000000
vn 0.981470 -0.191614 0.000000
vn 0.981470 -0.191614 0.000000
vn 0.981470 -0.191614 0.000000
vn 1.000000 0.000000 0.000000
vn 1.000000 0.000000 0.000000
vn 0.981470 -0.191614 0.000000
vn 1.000000 0.000000 0.000000
vn 1.000000 0.000000 0.000000
vn 0.981470 -0.191614 0.000000
vn 0.981470 -0.191614 0.000000
vn 0.981470 -0.191614 0.000000
vn 0.664016 -0.747718 0.000000
vn 0.664016 -0.747718 0.000000
vn 0.981470 -0.191614 0.000000
vn 0.664016 -0.747718 0.000000
vn 0.664016 -0.747718 0.000000
vn 0.981470 -0.191614 0.000000
vn 0.981470 -0.191614 0.000000
vn 0.981470 -0.191614 0.000000
vn 1.000000 0.000000 0.000000
vn 1.000000 0.000000 0.000000
vn 0.981470 -0.191614 0.000000
vn 1.000000 0.000000 0.000000
vn 1.000000 0.000000 0.000000
vn 0.981470 -0.191614 0.000000
vn 0.981470 -0.191614 0.000000
vn 0.981470 -0.191614 0.000000
vn 0.664016 -0.747718 0.000000
vn 0.664016 -0.747718 0.000000
vn -0.941323 0.337508 0.000000
vn -1.000000 0.000000 0.000000
vn -1.000000 0.000000 0.000000
vn -0.941323 0.337508 0.000000
vn -0.941323 0.337508 0.000000
vn -0.941323 0.337508 0.000000
vn -0.486611 0.873619 0.000000
vn -0.486611 0.873619 0.000000
vn -0.941323 0.337508 0.000000
vn -0.486611 0.873619 0.000000
vn -0.486611 0.873619 0.000000
vn -0.941323 0.337508 0.000000
vn -0.941323 0.337508 0.000000
vn -0.941323 0.337508 0.000000
vn -1.000000 0.000000 0.000000
vn -1.000000 0.000000 0.000000
vn -0.941323 0.337508 0.000000
vn -1.000000 0.000000 0.000000
vn -1.000000 0.000000 0.000000
vn -0.941323 0.337508 0.000000
vn -0.941323 0.337508 0.000000
vn -0.941323 0.337508 0.000000
vn -0.486611 0.873619 0.000000
vn -0.486611 0.873619 0.000000
vn -0.941323 0.337508 0.000000
vn -0.486611 0.873619 0.000000
vn -0.486611 0.873619 0.000000
vn -0.941323 0.337508 0.000000
vn -0.941323 0.337508 0.000000
vn -0.941323 0.337508 0.000000
vn -1.000000 0.000000 0.000000
vn -1.000000 0.000000 0.000000
vn -1.000000 0.000000 0.000000
vn -1.000000 0.000000 0.000000
vn -1.000000 0.000000 0.000000
vn -1.000000 0.000000 0.000000
vn -1.000000 0.000000 0.000000
vn -1.000000 0.000000 0.000000
vn -1.000000 0.000000 0.000000
vn -1.000000 0.000000 0.000000
vn -1.000000 0.000000 0.000000
vn -1.000000 0.000000 0.000000
vn -1.000000 0.000000 0.000000
vn -1.000000 0.000000 0.000000
vn -1.000000 0.000000 0.000000
vn -1.000000 0.000000 0.000000
vn -1.000000 0.000000 0.000000
vn -1.000000 0.000000 0.000000
vn -1.000000 0.000000 0.000000
vn -1.000000 0.000000 0.000000
vn -1.000000 0.000000 0.000000
vn -1.000000 0.000000 0.000000
vn -1.000000 0.000000 0.000000
vn -1.000000 0.000000 0.000000
vn -1.000000 0.000000 0.000000
vn -1.000000 0.000000 0.000000
vn -1.000000 0.000000 0.000000
vn -1.000000 0.000000 0.000000
vn -1.000000 0.000000 0.000000
vn -1.000000 0.000000 0.000000
vn -1.000000 0.000000 0.000000
vn -1.000000 0.000000 0.000000
vn -1.000000 0.000000 0.000000
vn -1.000000 0.000000 0.000000
vn -0.981512 -0.191402 0.000000
vn -0.664227 -0.747531 0.000000
vn -0.664283 -0.747481 0.000000
vn -0.981512 -0.191402 0.000000
vn -0.981512 -0.191402 0.000000
vn -0.981512 -0.191402 0.000000
vn -1.000000 0.000000 0.000000
vn -1.000000 0.000000 0.000000
vn -0.981512 -0.191402 0.000000
vn -1.000000 0.000000 0.000000
vn -1.000000 0.000000 0.000000
vn -0.981512 -0.191402 0.000000
vn -0.981512 -0.191402 0.000000
vn -0.981512 -0.191402 0.000000
vn -0.664283 -0.747481 0.000000
vn -0.664227 -0.747531 0.000000
vn -0.981512 -0.191402 0.000000
vn -0.664283 -0.747481 0.000000
vn -0.664283 -0.747481 0.000000
vn -0.981512 -0.191402 0.000000
vn -0.981512 -0.191402 0.000000
vn -0.981512 -0.191402 0.000000
vn -1.000000 0.000000 0.000000
vn -1.000000 0.000000 0.000000
vn -0.981512 -0.191402 0.000000
vn -1.000000 0.000000 0.000000
vn -1.000000 0.000000 0.000000
vn -0.981512 -0.191402 0.000000
vn -0.981512 -0.191402 0.000000
vn -0.981512 -0.191402 0.000000
vn -0.664227 -0.747531 0.000000
vn -0.664283 -0.747481 0.000000
vn 0.000000 0.000000 1.000000
vn 0.000000 0.000000 1.000000
vn 0.000000 0.000000 1.000000
vn 0.000000 0.000000 1.000000
vn 0.000000 0.000000 1.000000
vn 0.000000 0.000000 1.000000
vn 0.000000 0.000000 1.000000
vn 0.000000 0.000000 1.000000
vn 0.000000 0.000000 1.000000
vn 0.000000 0.000000 1.000000
vn 0.000000 0.000000 1.000000
vn 0.000000 0.000000 1.000000
vn 0.000000 0.000000 1.000000
vn 0.000000 0.000000 1.000000
vn 0.000000 0.000000 1.000000
vn 0.000000 0.000000 1.000000
vn 0.995749 0.000000 -0.092105
vn 0.995749 0.000000 -0.092105
vn 0.820236 0.000000 -0.572025
vn 0.820236 0.000000 -0.572025
vn 0.995749 0.000000 -0.092105
vn 0.820236 0.000000 -0.572025
vn 0.820236 0.000000 -0.572025
vn 0.995749 0.000000 -0.092105
vn 0.995749 0.000000 -0.092105
vn 0.995749 0.000000 -0.092105
vn 1.000000 0.000000 0.000000
vn 1.000000 0.000000 0.000000
vn 0.995749 0.000000 -0.092105
vn 1.000000 0.000000 0.000000
vn 1.000000 0.000000 0.000000
vn 0.995749 0.000000 -0.092105
vn 0.995749 0.000000 -0.092105
vn 0.995749 0.000000 -0.092105
vn 0.820236 0.000000 -0.572025
vn 0.820236 0.000000 -0.572025
vn 0.995749 0.000000 -0.092105
vn 0.820236 0.000000 -0.572025
vn 0.820236 0.000000 -0.572025
vn 0.995749 0.000000 -0.092105
vn 0.995749 0.000000 -0.092105
vn 0.995749 0.000000 -0.092105
vn 1.000000 0.000000 0.000000
vn 1.000000 0.000000 0.000000
vn 0.995749 0.000000 -0.092105
vn 1.000000 0.000000 0.000000
vn 1.000000 0.000000 0.000000
vn 0.995749 0.000000 -0.092105
vn 0.000000 0.000000 -1.000000
vn 0.000000 0.000000 -1.000000
vn 0.000000 0.000000 -1.000000
vn 0.000000 0.000000 -1.000000
vn 0.000000 0.000000 -1.000000
vn 0.000000 0.000000 -1.000000
vn 0.000000 0.000000 -1.000000
vn 0.000000 0.000000 -1.000000
vn 0.000000 0.000000 -1.000000
vn 0.000000 0.000000 -1.000000
vn 0.000000 0.000000 -1.000000
vn 0.000000 0.000000 -1.000000
vn 0.000000 0.000000 -1.000000
vn 0.000000 0.000000 -1.000000
vn 0.000000 0.000000 -1.000000
vn 0.000000 0.000000 -1.000000
vn -0.993446 0.000000 -0.114305
vn -0.993446 0.000000 -0.114305
vn -0.779100 0.000000 -0.626900
vn -0.779100 0.000000 -0.626900
vn -0.993446 0.000000 -0.114305
vn -0.779100 0.000000 -0.626900
vn -0.779100 0.000000 -0.626900
vn -0.993446 0.000000 -0.114305
vn -0.993446 0.000000 -0.114305
vn -0.993446 0.000000 -0.114305
vn -1.000000 0.000000 0.000000
vn -1.000000 0.000000 0.000000
vn -0.993446 0.000000 -0.114305
vn -1.000000 0.000000 0.000000
vn -1.000000 0.000000 0.000000
vn -0.993446 0.000000 -0.114305
vn 0.247004 0.000000 0.969015
vn 0.247004 0.000000 0.969015
vn 0.804263 0.000000 0.594273
vn 0.804263 0.000000 0.594273
vn 0.247004 0.000000 0.969015
vn 0.804263 0.000000 0.594273
vn 0.804263 0.000000 0.594273
vn 0.247004 0.000000 0.969015
vn 0.247004 0.000000 0.969015
vn 0.247004 0.000000 0.969015
vn 0.000000 0.000000 1.000000
vn 0.000000 0.000000 1.000000
vn 0.247004 0.000000 0.969015
vn 0.000000 0.000000 1.000000
vn 0.000000 0.000000 1.000000
vn 0.247004 0.000000 0.969015
vn -0.993446 0.000000 -0.114305
vn -0.993446 0.000000 -0.114305
vn -0.779100 0.000000 -0.626900
vn -0.779100 0.000000 -0.626900
vn -0.993446 0.000000 -0.114305
vn -0.779100 0.000000 -0.626900
vn -0.779100 0.000000 -0.626900
vn -0.993446 0.000000 -0.114305
vn -0.993446 0.000000 -0.114305
vn -0.993446 0.000000 -0.114305
vn -1.000000 0.000000 0.000000
vn -1.000000 0.000000 0.000000
vn -0.993446 0.000000 -0.114305
vn -1.000000 0.000000 0.000000
vn -1.000000 0.000000 0.000000
vn -0.993446 0.000000 -0.114305
vn -0.993446 0.000000 -0.114305
vn -0.993446 0.000000 -0.114305
vn -0.779100 0.000000 -0.626900
vn -0.779100 0.000000 -0.626900
vn -0.993446 0.000000 -0.114305
vn -0.779100 0.000000 -0.626900
vn -0.779100 0.000000 -0.626900
vn -0.993446 0.000000 -0.114305
vn -0.993446 0.000000 -0.114305
vn -0.993446 0.000000 -0.114305
vn -1.000000 0.000000 0.000000
vn -1.000000 0.000000 0.000000
vn -0.993446 0.000000 -0.114305
vn -1.000000 0.000000 0.000000
vn -1.000000 0.000000 0.000000
vn -0.993446 0.000000 -0.114305
vn 0.989970 -0.100197 -0.099597
vn 0.808196 -0.572397 -0.138499
vn 0.754211 -0.465807 -0.462807
vn 0.809112 -0.139702 -0.570808
vn 0.989970 -0.100197 -0.099597
vn 0.809112 -0.139702 -0.570808
vn 0.820236 0.000000 -0.572025
vn 0.995749 0.000000 -0.092105
vn 0.989970 -0.100197 -0.099597
vn 0.995749 0.000000 -0.092105
vn 1.000000 0.000000 0.000000
vn 0.995694 -0.092699 0.000000
vn 0.989970 -0.100197 -0.099597
vn 0.995694 -0.092699 0.000000
vn 0.819044 -0.573731 0.000000
vn 0.808196 -0.572397 -0.138499
vn -0.227596 -0.959983 -0.163197
vn -0.765821 -0.624217 -0.154504
vn -0.690216 -0.513212 -0.510112
vn -0.240816 -0.687546 -0.685046
vn -0.227596 -0.959983 -0.163197
vn -0.240816 -0.687546 -0.685046
vn 0.000000 -0.708505 -0.705705
vn 0.000000 -0.987245 -0.159207
vn -0.227596 -0.959983 -0.163197
vn 0.000000 -0.987245 -0.159207
vn 0.000000 -1.000000 0.000000
vn -0.219217 -0.975676 0.000000
vn -0.227596 -0.959983 -0.163197
vn -0.219217 -0.975676 0.000000
vn -0.777806 -0.628505 0.000000
vn -0.765821 -0.624217 -0.154504
vn -0.128305 0.991735 0.000000
vn -0.655178 0.755475 0.000000
vn -0.655178 0.755475 0.000000
vn -0.128403 0.991722 0.000000
vn -0.128305 0.991735 0.000000
vn -0.128403 0.991722 0.000000
vn 0.000000 1.000000 0.000000
vn 0.000000 1.000000 0.000000
vn -0.128305 0.991735 0.000000
vn 0.000000 1.000000 0.000000
vn 0.000000 1.000000 0.000000
vn -0.128305 0.991735 0.000000
vn -0.128305 0.991735 0.000000
vn -0.128305 0.991735 0.000000
vn -0.655178 0.755475 0.000000
vn -0.655178 0.755475 0.000000
vn 0.000000 1.000000 0.000000
vn 0.000000 1.000000 0.000000
vn 0.000000 1.000000 0.000000
vn 0.000000 1.000000 0.000000
vn 0.000000 1.000000 0.000000
vn 0.000000 1.000000 0.000000
vn 0.000000 1.000000 0.000000
vn 0.000000 1.000000 0.000000
vn 0.000000 1.000000 0.000000
vn 0.000000 1.000000 0.000000
vn 0.000000 1.000000 0.000000
vn 0.000000 1.000000 0.000000
vn 0.000000 1.000000 0.000000
vn 0.000000 1.000000 0.000000
vn 0.000000 1.000000 0.000000
vn 0.000000 1.000000 0.000000
vn 0.000000 -0.987245 -0.159207
vn 0.000000 -0.987245 -0.159207
vn 0.000000 -0.708505 -0.705705
vn 0.000000 -0.708505 -0.705705
vn 0.000000 -0.987245 -0.159207
vn 0.000000 -0.708505 -0.705705
vn 0.000000 -0.708505 -0.705705
vn 0.000000 -0.987245 -0.159207
vn 0.000000 -0.987245 -0.159207
vn 0.000000 -0.987245 -0.159207
vn 0.000000 -1.000000 0.000000
vn 0.000000 -1.000000 0.000000
vn 0.000000 -0.987245 -0.159207
vn 0.000000 -1.000000 0.000000
vn 0.000000 -1.000000 0.000000
vn 0.000000 -0.987245 -0.159207
vn -0.970465 0.209793 -0.119096
vn -0.651422 0.749325 -0.119004
vn -0.580634 0.701741 -0.412824
vn -0.748088 0.251996 -0.613891
vn -0.970465 0.209793 -0.119096
vn -0.748088 0.251996 -0.613891
vn -0.779100 0.000000 -0.626900
vn -0.993446 0.000000 -0.114305
vn -0.970465 0.209793 -0.119096
vn -0.993446 0.000000 -0.114305
vn -1.000000 0.000000 0.000000
vn -0.980140 0.198308 0.000000
vn -0.970465 0.209793 -0.119096
vn -0.980140 0.198308 0.000000
vn -0.655178 0.755475 0.000000
vn -0.651422 0.749325 -0.119004
vn 0.995749 0.000000 -0.092105
vn 0.995749 0.000000 -0.092105
vn 0.820236 0.000000 -0.572025
vn 0.820236 0.000000 -0.572025
vn 0.995749 0.000000 -0.092105
vn 0.820236 0.000000 -0.572025
vn 0.820236 0.000000 -0.572025
vn 0.995749 0.000000 -0.092105
vn 0.995749 0.000000 -0.092105
vn 0.995749 0.000000 -0.092105
vn 1.000000 0.000000 0.000000
vn 1.000000 0.000000 0.000000
vn 0.995749 0.000000 -0.092105
vn 1.000000 0.000000 0.000000
vn 1.000000 0.000000 0.000000
vn 0.995749 0.000000 -0.092105
vn 0.979965 0.173612 -0.097607
vn 0.995749 0.000000 -0.092105
vn 0.820236 0.000000 -0.572025
vn 0.790487 0.230896 -0.567290
vn 0.979965 0.173612 -0.097607
vn 0.790487 0.230896 -0.567290
vn 0.651419 0.658019 -0.377711
vn 0.700296 0.705696 -0.107599
vn 0.979965 0.173612 -0.097607
vn 0.700296 0.705696 -0.107599
vn 0.704402 0.709802 0.000000
vn 0.986775 0.162096 0.000000
vn 0.979965 0.173612 -0.097607
vn 0.986775 0.162096 0.000000
vn 1.000000 0.000000 0.000000
vn 0.995749 0.000000 -0.092105
vn -0.984780 -0.123298 -0.122498
vn -0.993446 0.000000 -0.114305
vn -0.779100 0.000000 -0.626900
vn -0.766832 -0.155906 -0.622626
vn -0.984780 -0.123298 -0.122498
vn -0.766832 -0.155906 -0.622626
vn -0.690216 -0.513212 -0.510112
vn -0.765821 -0.624217 -0.154504
vn -0.984780 -0.123298 -0.122498
vn -0.765821 -0.624217 -0.154504
vn -0.777806 -0.628505 0.000000
vn -0.993365 -0.115007 0.000000
vn -0.984780 -0.123298 -0.122498
vn -0.993365 -0.115007 0.000000
vn -1.000000 0.000000 0.000000
vn -0.993446 0.000000 -0.114305
vn 0.271609 -0.949031 -0.159905
vn 0.000000 -0.987245 -0.159207
vn 0.000000 -0.708505 -0.705705
vn 0.282593 -0.679484 -0.677084
vn 0.271609 -0.949031 -0.159905
vn 0.282593 -0.679484 -0.677084
vn 0.754211 -0.465807 -0.462807
vn 0.808196 -0.572397 -0.138499
vn 0.271609 -0.949031 -0.159905
vn 0.808196 -0.572397 -0.138499
vn 0.819044 -0.573731 0.000000
vn 0.264006 -0.964521 0.000000
vn 0.271609 -0.949031 -0.159905
vn 0.264006 -0.964521 0.000000
vn 0.000000 -1.000000 0.000000
vn 0.000000 -0.987245 -0.159207
vn 0.158299 0.987391 0.000000
vn 0.000000 1.000000 0.000000
vn 0.000000 1.000000 0.000000
vn 0.158299 0.987391 0.000000
vn 0.158299 0.987391 0.000000
vn 0.158299 0.987391 0.000000
vn 0.704402 0.709802 0.000000
vn 0.704402 0.709802 0.000000
vn 0.158299 0.987391 0.000000
vn 0.704402 0.709802 0.000000
vn 0.704402 0.709802 0.000000
vn 0.158299 0.987391 0.000000
vn 0.158299 0.987391 0.000000
vn 0.158299 0.987391 0.000000
vn 0.000000 1.000000 0.000000
vn 0.000000 1.000000 0.000000
vn 0.170806 0.983132 0.065402
vn 0.000000 0.998119 0.061301
vn 0.000000 0.886884 0.461992
vn 0.261914 0.845447 0.465426
vn 0.170806 0.983132 0.065402
vn 0.261914 0.845447 0.465426
vn 0.680404 0.687004 0.255101
vn 0.702428 0.707928 0.073703
vn 0.170806 0.983132 0.065402
vn 0.702428 0.707928 0.073703
vn 0.704402 0.709802 0.000000
vn 0.158299 0.987391 0.000000
vn 0.170806 0.983132 0.065402
vn 0.158299 0.987391 0.000000
vn 0.000000 1.000000 0.000000
vn 0.000000 0.998119 0.061301
vn 0.000000 0.998119 0.061301
vn 0.000000 0.998119 0.061301
vn 0.000000 0.886884 0.461992
vn 0.000000 0.886884 0.461992
vn 0.000000 0.998119 0.061301
vn 0.000000 0.886884 0.461992
vn 0.000000 0.886884 0.461992
vn 0.000000 0.998119 0.061301
vn 0.000000 0.998119 0.061301
vn 0.000000 0.998119 0.061301
vn 0.000000 1.000000 0.000000
vn 0.000000 1.000000 0.000000
vn 0.000000 0.998119 0.061301
vn 0.000000 1.000000 0.000000
vn 0.000000 1.000000 0.000000
vn 0.000000 0.998119 0.061301
vn -0.139097 0.988077 0.065998
vn -0.652429 0.753433 0.081704
vn -0.614518 0.735621 0.285008
vn -0.219017 0.856467 0.467436
vn -0.139097 0.988077 0.065998
vn -0.219017 0.856467 0.467436
vn 0.000000 0.886884 0.461992
vn 0.000000 0.998119 0.061301
vn -0.139097 0.988077 0.065998
vn 0.000000 0.998119 0.061301
vn 0.000000 1.000000 0.000000
vn -0.128403 0.991722 0.000000
vn -0.139097 0.988077 0.065998
vn -0.128403 0.991722 0.000000
vn -0.655227 0.755432 0.000000
vn -0.652429 0.753433 0.081704
vn 1.000000 0.000000 0.000000
vn 1.000000 0.000000 0.000000
vn 1.000000 0.000000 0.000000
vn 1.000000 0.000000 0.000000
vn 1.000000 0.000000 0.000000
vn 1.000000 0.000000 0.000000
vn 1.000000 0.000000 0.000000
vn 1.000000 0.000000 0.000000
vn 1.000000 0.000000 0.000000
vn 1.000000 0.000000 0.000000
vn 1.000000 0.000000 0.000000
vn 1.000000 0.000000 0.000000
vn 1.000000 0.000000 0.000000
vn 1.000000 0.000000 0.000000
vn 1.000000 0.000000 0.000000
vn 1.000000 0.000000 0.000000
vn 1.000000 0.000000 0.000000
vn 1.000000 0.000000 0.000000
vn 1.000000 0.000000 0.000000
vn 1.000000 0.000000 0.000000
vn 1.000000 0.000000 0.000000
vn 1.000000 0.000000 0.000000
vn 1.000000 0.000000 0.000000
vn 1.000000 0.000000 0.000000
vn 1.000000 0.000000 0.000000
vn 1.000000 0.000000 0.000000
vn 1.000000 0.000000 0.000000
vn 1.000000 0.000000 0.000000
vn 1.000000 0.000000 0.000000
vn 1.000000 0.000000 0.000000
vn 1.000000 0.000000 0.000000
vn 1.000000 0.000000 0.000000
vn 1.000000 0.000000 0.000000
vn 1.000000 0.000000 0.000000
vn 1.000000 0.000000 0.000000
vn 1.000000 0.000000 0.000000
vn 1.000000 0.000000 0.000000
vn 1.000000 0.000000 0.000000
vn 1.000000 0.000000 0.000000
vn 1.000000 0.000000 0.000000
vn 1.000000 0.000000 0.000000
vn 1.000000 0.000000 0.000000
vn 1.000000 0.000000 0.000000
vn 1.000000 0.000000 0.000000
vn 1.000000 0.000000 0.000000
vn 1.000000 0.000000 0.000000
vn 1.000000 0.000000 0.000000
vn 1.000000 0.000000 0.000000
vn 0.000000 0.000000 1.000000
vn 0.000000 0.000000 1.000000
vn 0.000000 0.000000 1.000000
vn 0.000000 0.000000 1.000000
vn 0.000000 0.000000 1.000000
vn 0.000000 0.000000 1.000000
vn 0.000000 0.000000 1.000000
vn 0.000000 0.000000 1.000000
vn 0.000000 0.000000 1.000000
vn 0.000000 0.000000 1.000000
vn 0.000000 0.000000 1.000000
vn 0.000000 0.000000 1.000000
vn 0.000000 0.000000 1.000000
vn 0.000000 0.000000 1.000000
vn 0.000000 0.000000 1.000000
vn 0.000000 0.000000 1.000000
vn -1.000000 0.000000 0.000000
vn -1.000000 0.000000 0.000000
vn -1.000000 0.000000 0.000000
vn -1.000000 0.000000 0.000000
vn -1.000000 0.000000 0.000000
vn -1.000000 0.000000 0.000000
vn -1.000000 0.000000 0.000000
vn -1.000000 0.000000 0.000000
vn -1.000000 0.000000 0.000000
vn -1.000000 0.000000 0.000000
vn -1.000000 0.000000 0.000000
vn -1.000000 0.000000 0.000000
vn -1.000000 0.000000 0.000000
vn -1.000000 0.000000 0.000000
vn -1.000000 0.000000 0.000000
vn -1.000000 0.000000 0.000000
vn -1.000000 0.000000 0.000000
vn -1.000000 0.000000 0.000000
vn -1.000000 0.000000 0.000000
vn -1.000000 0.000000 0.000000
vn -1.000000 0.000000 0.000000
vn -1.000000 0.000000 0.000000
vn -1.000000 0.000000 0.000000
vn -1.000000 0.000000 0.000000
vn -1.000000 0.000000 0.000000
vn -1.000000 0.000000 0.000000
vn -1.000000 0.000000 0.000000
vn -1.000000 0.000000 0.000000
vn -1.000000 0.000000 0.000000
vn -1.000000 0.000000 0.000000
vn -1.000000 0.000000 0.000000
vn -1.000000 0.000000 0.000000
vn -1.000000 0.000000 0.000000
vn -1.000000 0.000000 0.000000
vn -1.000000 0.000000 0.000000
vn -1.000000 0.000000 0.000000
vn -1.000000 0.000000 0.000000
vn -1.000000 0.000000 0.000000
vn -1.000000 0.000000 0.000000
vn -1.000000 0.000000 0.000000
vn -1.000000 0.000000 0.000000
vn -1.000000 0.000000 0.000000
vn -1.000000 0.000000 0.000000
vn -1.000000 0.000000 0.000000
vn -1.000000 0.000000 0.000000
vn -1.000000 0.000000 0.000000
vn -1.000000 0.000000 0.000000
vn -1.000000 0.000000 0.000000
vn 0.995694 -0.092699 0.000000
vn 0.819044 -0.573731 0.000000
vn 0.819044 -0.573731 0.000000
vn 0.995694 -0.092699 0.000000
vn 0.995694 -0.092699 0.000000
vn 0.995694 -0.092699 0.000000
vn 1.000000 0.000000 0.000000
vn 1.000000 0.000000 0.000000
vn 0.995694 -0.092699 0.000000
vn 1.000000 0.000000 0.000000
vn 1.000000 0.000000 0.000000
vn 0.995694 -0.092699 0.000000
vn 0.995694 -0.092699 0.000000
vn 0.995694 -0.092699 0.000000
vn 0.819044 -0.573731 0.000000
vn 0.819044 -0.573731 0.000000
vn -0.219217 -0.975676 0.000000
vn -0.777806 -0.628505 0.000000
vn -0.777806 -0.628505 0.000000
vn -0.219217 -0.975676 0.000000
vn -0.219217 -0.975676 0.000000
vn -0.219217 -0.975676 0.000000
vn 0.000000 -1.000000 0.000000
vn 0.000000 -1.000000 0.000000
vn -0.219217 -0.975676 0.000000
vn 0.000000 -1.000000 0.000000
vn 0.000000 -1.000000 0.000000
vn -0.219217 -0.975676 0.000000
vn -0.219217 -0.975676 0.000000
vn -0.219217 -0.975676 0.000000
vn -0.777806 -0.628505 0.000000
vn -0.777806 -0.628505 0.000000
vn 0.000000 -1.000000 0.000000
vn 0.000000 -1.000000 0.000000
vn 0.000000 -1.000000 0.000000
vn 0.000000 -1.000000 0.000000
vn 0.000000 -1.000000 0.000000
vn 0.000000 -1.000000 0.000000
vn 0.000000 -1.000000 0.000000
vn 0.000000 -1.000000 0.000000
vn 0.000000 -1.000000 0.000000
vn 0.000000 -1.000000 0.000000
vn 0.000000 -1.000000 0.000000
vn 0.000000 -1.000000 0.000000
vn 0.000000 -1.000000 0.000000
vn 0.000000 -1.000000 0.000000
vn 0.000000 -1.000000 0.000000
vn 0.000000 -1.000000 0.000000
vn -0.980140 0.198308 0.000000
vn -0.655227 0.755432 0.000000
vn -0.655178 0.755475 0.000000
vn -0.980140 0.198308 0.000000
vn -0.980140 0.198308 0.000000
vn -0.980140 0.198308 0.000000
vn -1.000000 0.000000 0.000000
vn -1.000000 0.000000 0.000000
vn -0.980140 0.198308 0.000000
vn -1.000000 0.000000 0.000000
vn -1.000000 0.000000 0.000000
vn -0.980140 0.198308 0.000000
vn -0.980140 0.198308 0.000000
vn -0.980140 0.198308 0.000000
vn -0.655227 0.755432 0.000000
vn -0.655227 0.755432 0.000000
vn 1.000000 0.000000 0.000000
vn 1.000000 0.000000 0.000000
vn 1.000000 0.000000 0.000000
vn 1.000000 0.000000 0.000000
vn 1.000000 0.000000 0.000000
vn 1.000000 0.000000 0.000000
vn 1.000000 0.000000 0.000000
vn 1.000000 0.000000 0.000000
vn 1.000000 0.000000 0.000000
vn 1.000000 0.000000 0.000000
vn 1.000000 0.000000 0.000000
vn 1.000000 0.000000 0.000000
vn 1.000000 0.000000 0.000000
vn 1.000000 0.000000 0.000000
vn 1.000000 0.000000 0.000000
vn 1.000000 0.000000 0.000000
vn 0.986775 0.162096 0.000000
vn 1.000000 0.000000 0.000000
vn 1.000000 0.000000 0.000000
vn 0.986775 0.162096 0.000000
vn 0.986775 0.162096 0.000000
vn 0.986775 0.162096 0.000000
vn 0.704402 0.709802 0.000000
vn 0.704402 0.709802 0.000000
vn 0.986775 0.162096 0.000000
vn 0.704402 0.709802 0.000000
vn 0.704402 0.709802 0.000000
vn 0.986775 0.162096 0.000000
vn 0.986775 0.162096 0.000000
vn 0.986775 0.162096 0.000000
vn 1.000000 0.000000 0.000000
vn 1.000000 0.000000 0.000000
vn -0.993365 -0.115007 0.000000
vn -1.000000 0.000000 0.000000
vn -1.000000 0.000000 0.000000
vn -0.993365 -0.115007 0.000000
vn -0.993365 -0.115007 0.000000
vn -0.993365 -0.115007 0.000000
vn -0.777806 -0.628505 0.000000
vn -0.777806 -0.628505 0.000000
vn -0.993365 -0.115007 0.000000
vn -0.777806 -0.628505 0.000000
vn -0.777806 -0.628505 0.000000
vn -0.993365 -0.115007 0.000000
vn -0.993365 -0.115007 0.000000
vn -0.993365 -0.115007 0.000000
vn -1.000000 0.000000 0.000000
vn -1.000000 0.000000 0.000000
vn 0.264006 -0.964521 0.000000
vn 0.000000 -1.000000 0.000000
vn 0.000000 -1.000000 0.000000
vn 0.264006 -0.964521 0.000000
vn 0.264006 -0.964521 0.000000
vn 0.264006 -0.964521 0.000000
vn 0.819044 -0.573731 0.000000
vn 0.819044 -0.573731 0.000000
vn 0.264006 -0.964521 0.000000
vn 0.819044 -0.573731 0.000000
vn 0.819044 -0.573731 0.000000
vn 0.264006 -0.964521 0.000000
vn 0.264006 -0.964521 0.000000
vn 0.264006 -0.964521 0.000000
vn 0.000000 -1.000000 0.000000
vn 0.000000 -1.000000 0.000000
vn 0.264006 -0.964521 0.000000
vn 0.000000 -1.000000 0.000000
vn 0.000000 -1.000000 0.000000
vn 0.264006 -0.964521 0.000000
vn 0.264006 -0.964521 0.000000
vn 0.264006 -0.964521 0.000000
vn 0.819044 -0.573731 0.000000
vn 0.819044 -0.573731 0.000000
vn 0.264006 -0.964521 0.000000
vn 0.819044 -0.573731 0.000000
vn 0.819044 -0.573731 0.000000
vn 0.264006 -0.964521 0.000000
vn 0.264006 -0.964521 0.000000
vn 0.264006 -0.964521 0.000000
vn 0.000000 -1.000000 0.000000
vn 0.000000 -1.000000 0.000000
vn 0.264006 -0.964521 0.000000
vn 0.000000 -1.000000 0.000000
vn 0.000000 -1.000000 0.000000
vn 0.264006 -0.964521 0.000000
vn 0.264006 -0.964521 0.000000
vn 0.264006 -0.964521 0.000000
vn 0.819044 -0.573731 0.000000
vn 0.819044 -0.573731 0.000000
vn 0.264006 -0.964521 0.000000
vn 0.819044 -0.573731 0.000000
vn 0.819044 -0.573731 0.000000
vn 0.264006 -0.964521 0.000000
vn 0.264006 -0.964521 0.000000
vn 0.264006 -0.964521 0.000000
vn 0.000000 -1.000000 0.000000
vn 0.000000 -1.000000 0.000000
vn -0.993365 -0.115007 0.000000
vn -1.000000 0.000000 0.000000
vn -1.000000 0.000000 0.000000
vn -0.993365 -0.115007 0.000000
vn -0.993365 -0.115007 0.000000
vn -0.993365 -0.115007 0.000000
vn -0.777806 -0.628505 0.000000
vn -0.777806 -0.628505 0.000000
vn -0.993365 -0.115007 0.000000
vn -0.777806 -0.628505 0.000000
vn -0.777806 -0.628505 0.000000
vn -0.993365 -0.115007 0.000000
vn -0.993365 -0.115007 0.000000
vn -0.993365 -0.115007 0.000000
vn -1.000000 0.000000 0.000000
vn -1.000000 0.000000 0.000000
vn -0.993365 -0.115007 0.000000
vn -1.000000 0.000000 0.000000
vn -1.000000 0.000000 0.000000
vn -0.993365 -0.115007 0.000000
vn -0.993365 -0.115007 0.000000
vn -0.993365 -0.115007 0.000000
vn -0.777806 -0.628505 0.000000
vn -0.777806 -0.628505 0.000000
vn -0.993365 -0.115007 0.000000
vn -0.777806 -0.628505 0.000000
vn -0.777806 -0.628505 0.000000
vn -0.993365 -0.115007 0.000000
vn -0.993365 -0.115007 0.000000
vn -0.993365 -0.115007 0.000000
vn -1.000000 0.000000 0.000000
vn -1.000000 0.000000 0.000000
vn 0.986775 0.162096 0.000000
vn 1.000000 0.000000 0.000000
vn 1.000000 0.000000 0.000000
vn 0.986775 0.162096 0.000000
vn 0.986775 0.162096 0.000000
vn 0.986775 0.162096 0.000000
vn 0.704402 0.709802 0.000000
vn 0.704402 0.709802 0.000000
vn 0.986775 0.162096 0.000000
vn 0.704402 0.709802 0.000000
vn 0.704402 0.709802 0.000000
vn 0.986775 0.162096 0.000000
vn 0.986775 0.162096 0.000000
vn 0.986775 0.162096 0.000000
vn 1.000000 0.000000 0.000000
vn 1.000000 0.000000 0.000000
vn 0.986775 0.162096 0.000000
vn 1.000000 0.000000 0.000000
vn 1.000000 0.000000 0.000000
vn 0.986775 0.162096 0.000000
vn 0.986775 0.162096 0.000000
vn 0.986775 0.162096 0.000000
vn 0.704402 0.709802 0.000000
vn 0.704402 0.709802 0.000000
vn 0.986775 0.162096 0.000000
vn 0.704402 0.709802 0.000000
vn 0.704402 0.709802 0.000000
vn 0.986775 0.162096 0.000000
vn 0.986775 0.162096 0.000000
vn 0.986775 0.162096 0.000000
vn 1.000000 0.000000 0.000000
vn 1.000000 0.000000 0.000000
vn 1.000000 0.000000 0.000000
vn 1.000000 0.000000 0.000000
vn 1.000000 0.000000 0.000000
vn 1.000000 0.000000 0.000000
vn 1.000000 0.000000 0.000000
vn 1.000000 0.000000 0.000000
vn 1.000000 0.000000 0.000000
vn 1.000000 0.000000 0.000000
vn 1.000000 0.000000 0.000000
vn 1.000000 0.000000 0.000000
vn 1.000000 0.000000 0.000000
vn 1.000000 0.000000 0.000000
vn 1.000000 0.000000 0.000000
vn 1.000000 0.000000 0.000000
vn 1.000000 0.000000 0.000000
vn 1.000000 0.000000 0.000000
vn 1.000000 0.000000 0.000000
vn 1.000000 0.000000 0.000000
vn 1.000000 0.000000 0.000000
vn 1.000000 0.000000 0.000000
vn 1.000000 0.000000 0.000000
vn 1.000000 0.000000 0.000000
vn 1.000000 0.000000 0.000000
vn 1.000000 0.000000 0.000000
vn 1.000000 0.000000 0.000000
vn 1.000000 0.000000 0.000000
vn 1.000000 0.000000 0.000000
vn 1.000000 0.000000 0.000000
vn 1.000000 0.000000 0.000000
vn 1.000000 0.000000 0.000000
vn 1.000000 0.000000 0.000000
vn 1.000000 0.000000 0.000000
vn -0.980140 0.198308 0.000000
vn -0.655178 0.755475 0.000000
vn -0.655178 0.755475 0.000000
vn -0.980140 0.198308 0.000000
vn -0.980140 0.198308 0.000000
vn -0.980140 0.198308 0.000000
vn -1.000000 0.000000 0.000000
vn -1.000000 0.000000 0.000000
vn -0.980140 0.198308 0.000000
vn -1.000000 0.000000 0.000000
vn -1.000000 0.000000 0.000000
vn -0.980140 0.198308 0.000000
vn -0.980140 0.198308 0.000000
vn -0.980140 0.198308 0.000000
vn -0.655178 0.755475 0.000000
vn -0.655178 0.755475 0.000000
vn -0.980140 0.198308 0.000000
vn -0.655178 0.755475 0.000000
vn -0.655178 0.755475 0.000000
vn -0.980140 0.198308 0.000000
vn -0.980140 0.198308 0.000000
vn -0.980140 0.198308 0.000000
vn -1.000000 0.000000 0.000000
vn -1.000000 0.000000 0.000000
vn -0.980140 0.198308 0.000000
vn -1.000000 0.000000 0.000000
vn -1.000000 0.000000 0.000000
vn -0.980140 0.198308 0.000000
vn -0.980140 0.198308 0.000000
vn -0.980140 0.198308 0.000000
vn -0.655178 0.755475 0.000000
vn -0.655178 0.755475 0.000000
vn 0.000000 -1.000000 0.000000
vn 0.000000 -1.000000 0.000000
vn 0.000000 -1.000000 0.000000
vn 0.000000 -1.000000 0.000000
vn 0.000000 -1.000000 0.000000
vn 0.000000 -1.000000 0.000000
vn 0.000000 -1.000000 0.000000
vn 0.000000 -1.000000 0.000000
vn 0.000000 -1.000000 0.000000
vn 0.000000 -1.000000 0.000000
vn 0.000000 -1.000000 0.000000
vn 0.000000 -1.000000 0.000000
vn 0.000000 -1.000000 0.000000
vn 0.000000 -1.000000 0.000000
vn 0.000000 -1.000000 0.000000
vn 0.000000 -1.000000 0.000000
vn 0.000000 -1.000000 0.000000
vn 0.000000 -1.000000 0.000000
vn 0.000000 -1.000000 0.000000
vn 0.000000 -1.000000 0.000000
vn 0.000000 -1.000000 0.000000
vn 0.000000 -1.000000 0.000000
vn 0.000000 -1.000000 0.000000
vn 0.000000 -1.000000 0.000000
vn 0.000000 -1.000000 0.000000
vn 0.000000 -1.000000 0.000000
vn 0.000000 -1.000000 0.000000
vn 0.000000 -1.000000 0.000000
vn 0.000000 -1.000000 0.000000
vn 0.000000 -1.000000 0.000000
vn 0.000000 -1.000000 0.000000
vn 0.000000 -1.000000 0.000000
vn -0.219217 -0.975676 0.000000
vn -0.777806 -0.628505 0.000000
vn -0.777806 -0.628505 0.000000
vn -0.219217 -0.975676 0.000000
vn -0.219217 -0.975676 0.000000
vn -0.219217 -0.975676 0.000000
vn 0.000000 -1.000000 0.000000
vn 0.000000 -1.000000 0.000000
vn -0.219217 -0.975676 0.000000
vn 0.000000 -1.000000 0.000000
vn 0.000000 -1.000000 0.000000
vn -0.219217 -0.975676 0.000000
vn -0.219217 -0.975676 0.000000
vn -0.219217 -0.975676 0.000000
vn -0.777806 -0.628505 0.000000
vn -0.777806 -0.628505 0.000000
vn -0.219217 -0.975676 0.000000
vn -0.777806 -0.628505 0.000000
vn -0.777806 -0.628505 0.000000
vn -0.219217 -0.975676 0.000000
vn -0.219217 -0.975676 0.000000
vn -0.219217 -0.975676 0.000000
vn 0.000000 -1.000000 0.000000
vn 0.000000 -1.000000 0.000000
vn -0.219217 -0.975676 0.000000
vn 0.000000 -1.000000 0.000000
vn 0.000000 -1.000000 0.000000
vn -0.219217 -0.975676 0.000000
vn -0.219217 -0.975676 0.000000
vn -0.219217 -0.975676 0.000000
vn -0.777806 -0.628505 0.000000
vn -0.777806 -0.628505 0.000000
vn 0.995694 -0.092699 0.000000
vn 0.819044 -0.573731 0.000000
vn 0.819044 -0.573731 0.000000
vn 0.995694 -0.092699 0.000000
vn 0.995694 -0.092699 0.000000
vn 0.995694 -0.092699 0.000000
vn 1.000000 0.000000 0.000000
vn 1.000000 0.000000 0.000000
vn 0.995694 -0.092699 0.000000
vn 1.000000 0.000000 0.000000
vn 1.000000 0.000000 0.000000
vn 0.995694 -0.092699 0.000000
vn 0.995694 -0.092699 0.000000
vn 0.995694 -0.092699 0.000000
vn 0.819044 -0.573731 0.000000
vn 0.819044 -0.573731 0.000000
vn 0.995694 -0.092699 0.000000
vn 0.819044 -0.573731 0.000000
vn 0.819044 -0.573731 0.000000
vn 0.995694 -0.092699 0.000000
vn 0.995694 -0.092699 0.000000
vn 0.995694 -0.092699 0.000000
vn 1.000000 0.000000 0.000000
vn 1.000000 0.000000 0.000000
vn 0.995694 -0.092699 0.000000
vn 1.000000 0.000000 0.000000
vn 1.000000 0.000000 0.000000
vn 0.995694 -0.092699 0.000000
vn 0.995694 -0.092699 0.000000
vn 0.995694 -0.092699 0.000000
vn 0.819044 -0.573731 0.000000
vn 0.819044 -0.573731 0.000000
vn -1.000000 0.000000 0.000000
vn -1.000000 0.000000 0.000000
vn -1.000000 0.000000 0.000000
vn -1.000000 0.000000 0.000000
vn -1.000000 0.000000 0.000000
vn -1.000000 0.000000 0.000000
vn -1.000000 0.000000 0.000000
vn -1.000000 0.000000 0.000000
vn -1.000000 0.000000 0.000000
vn -1.000000 0.000000 0.000000
vn -1.000000 0.000000 0.000000
vn -1.000000 0.000000 0.000000
vn -1.000000 0.000000 0.000000
vn -1.000000 0.000000 0.000000
vn -1.000000 0.000000 0.000000
vn -1.000000 0.000000 0.000000
vn -1.000000 0.000000 0.000000
vn -1.000000 0.000000 0.000000
vn -1.000000 0.000000 0.000000
vn -1.000000 0.000000 0.000000
vn -1.000000 0.000000 0.000000
vn -1.000000 0.000000 0.000000
vn -1.000000 0.000000 0.000000
vn -1.000000 0.000000 0.000000
vn -1.000000 0.000000 0.000000
vn -1.000000 0.000000 0.000000
vn -1.000000 0.000000 0.000000
vn -1.000000 0.000000 0.000000
vn -1.000000 0.000000 0.000000
vn -1.000000 0.000000 0.000000
vn -1.000000 0.000000 0.000000
vn -1.000000 0.000000 0.000000
vn -1.000000 0.000000 0.000000
vn -1.000000 0.000000 0.000000
vn -1.000000 0.000000 0.000000
vn -1.000000 0.000000 0.000000
vn -1.000000 0.000000 0.000000
vn -1.000000 0.000000 0.000000
vn -1.000000 0.000000 0.000000
vn -1.000000 0.000000 0.000000
vn -1.000000 0.000000 0.000000
vn -1.000000 0.000000 0.000000
vn -1.000000 0.000000 0.000000
vn -1.000000 0.000000 0.000000
vn -1.000000 0.000000 0.000000
vn -1.000000 0.000000 0.000000
vn -1.000000 0.000000 0.000000
vn -1.000000 0.000000 0.000000
vn -1.000000 0.000000 0.000000
vn -1.000000 0.000000 0.000000
vn -1.000000 0.000000 0.000000
vn -1.000000 0.000000 0.000000
vn -1.000000 0.000000 0.000000
vn -1.000000 0.000000 0.000000
vn -1.000000 0.000000 0.000000
vn -1.000000 0.000000 0.000000
vn -1.000000 0.000000 0.000000
vn -1.000000 0.000000 0.000000
vn -1.000000 0.000000 0.000000
vn -1.000000 0.000000 0.000000
vn -1.000000 0.000000 0.000000
vn -1.000000 0.000000 0.000000
vn -1.000000 0.000000 0.000000
vn -1.000000 0.000000 0.000000
vn 0.995439 0.000000 -0.095404
vn 0.995439 0.000000 -0.095404
vn 0.813740 0.000000 -0.581229
vn 0.813774 0.000000 -0.581181
vn 0.995439 0.000000 -0.095404
vn 0.813774 0.000000 -0.581181
vn 0.813740 0.000000 -0.581229
vn 0.995439 0.000000 -0.095404
vn 0.995439 0.000000 -0.095404
vn 0.995439 0.000000 -0.095404
vn 1.000000 0.000000 0.000000
vn 1.000000 0.000000 0.000000
vn 0.995439 0.000000 -0.095404
vn 1.000000 0.000000 0.000000
vn 1.000000 0.000000 0.000000
vn 0.995439 0.000000 -0.095404
vn -1.000000 0.000000 0.000000
vn -1.000000 0.000000 0.000000
vn -1.000000 0.000000 0.000000
vn -1.000000 0.000000 0.000000
vn -1.000000 0.000000 0.000000
vn -1.000000 0.000000 0.000000
vn -1.000000 0.000000 0.000000
vn -1.000000 0.000000 0.000000
vn -1.000000 0.000000 0.000000
vn -1.000000 0.000000 0.000000
vn -1.000000 0.000000 0.000000
vn -1.000000 0.000000 0.000000
vn -1.000000 0.000000 0.000000
vn -1.000000 0.000000 0.000000
vn -1.000000 0.000000 0.000000
vn -1.000000 0.000000 0.000000
vn 0.000000 0.207411 0.978254
vn 0.000000 0.207411 0.978254
vn 0.000000 0.000000 1.000000
vn 0.000000 0.000000 1.000000
vn 0.000000 0.207411 0.978254
vn 0.000000 0.000000 1.000000
vn 0.000000 0.000000 1.000000
vn 0.000000 0.207411 0.978254
vn 0.000000 0.207411 0.978254
vn 0.000000 0.207411 0.978254
vn 0.000000 0.765469 0.643473
vn 0.000000 0.765518 0.643415
vn 0.000000 0.207411 0.978254
vn 0.000000 0.765518 0.643415
vn 0.000000 0.765518 0.643415
vn 0.000000 0.207411 0.978254
vn -0.999212 0.000000 0.039700
vn -0.999212 0.000000 0.039700
vn -0.939223 0.000000 0.343308
vn -0.939223 0.000000 0.343308
vn -0.999212 0.000000 0.039700
vn -0.939223 0.000000 0.343308
vn -0.939223 0.000000 0.343308
vn -0.999212 0.000000 0.039700
vn -0.999212 0.000000 0.039700
vn -0.999212 0.000000 0.039700
vn -1.000000 0.000000 0.000000
vn -1.000000 0.000000 0.000000
vn -0.999212 0.000000 0.039700
vn -1.000000 0.000000 0.000000
vn -1.000000 0.000000 0.000000
vn -0.999212 0.000000 0.039700
vn -1.000000 0.000000 0.000000
vn -1.000000 0.000000 0.000000
vn -1.000000 0.000000 0.000000
vn -1.000000 0.000000 0.000000
vn -1.000000 0.000000 0.000000
vn -1.000000 0.000000 0.000000
vn -1.000000 0.000000 0.000000
vn -1.000000 0.000000 0.000000
vn -1.000000 0.000000 0.000000
vn -1.000000 0.000000 0.000000
vn -1.000000 0.000000 0.000000
vn -1.000000 0.000000 0.000000
vn -1.000000 0.000000 0.000000
vn -1.000000 0.000000 0.000000
vn -1.000000 0.000000 0.000000
vn -1.000000 0.000000 0.000000
vn -1.000000 0.000000 0.000000
vn -1.000000 0.000000 0.000000
vn -1.000000 0.000000 0.000000
vn -1.000000 0.000000 0.000000
vn -1.000000 0.000000 0.000000
vn -1.000000 0.000000 0.000000
vn -1.000000 0.000000 0.000000
vn -1.000000 0.000000 0.000000
vn -1.000000 0.000000 0.000000
vn -1.000000 0.000000 0.000000
vn -1.000000 0.000000 0.000000
vn -1.000000 0.000000 0.000000
vn -1.000000 0.000000 0.000000
vn -1.000000 0.000000 0.000000
vn -1.000000 0.000000 0.000000
vn -1.000000 0.000000 0.000000
vn 1.000000 0.000000 0.000000
vn 1.000000 0.000000 0.000000
vn 1.000000 0.000000 0.000000
vn 1.000000 0.000000 0.000000
vn 1.000000 0.000000 0.000000
vn 1.000000 0.000000 0.000000
vn 1.000000 0.000000 0.000000
vn 1.000000 0.000000 0.000000
vn 1.000000 0.000000 0.000000
vn 1.000000 0.000000 0.000000
vn 1.000000 0.000000 0.000000
vn 1.000000 0.000000 0.000000
vn 1.000000 0.000000 0.000000
vn 1.000000 0.000000 0.000000
vn 1.000000 0.000000 0.000000
vn 1.000000 0.000000 0.000000
vn 1.000000 0.000000 0.000000
vn 1.000000 0.000000 0.000000
vn 1.000000 0.000000 0.000000
vn 1.000000 0.000000 0.000000
vn 1.000000 0.000000 0.000000
vn 1.000000 0.000000 0.000000
vn 1.000000 0.000000 0.000000
vn 1.000000 0.000000 0.000000
vn 1.000000 0.000000 0.000000
vn 1.000000 0.000000 0.000000
vn 1.000000 0.000000 0.000000
vn 1.000000 0.000000 0.000000
vn 1.000000 0.000000 0.000000
vn 1.000000 0.000000 0.000000
vn 1.000000 0.000000 0.000000
vn 1.000000 0.000000 0.000000
vn 1.000000 0.000000 0.000000
vn 1.000000 0.000000 0.000000
vn 1.000000 0.000000 0.000000
vn 1.000000 0.000000 0.000000
vn 1.000000 0.000000 0.000000
vn 1.000000 0.000000 0.000000
vn 1.000000 0.000000 0.000000
vn 1.000000 0.000000 0.000000
vn 1.000000 0.000000 0.000000
vn 1.000000 0.000000 0.000000
vn 1.000000 0.000000 0.000000
vn 1.000000 0.000000 0.000000
vn 1.000000 0.000000 0.000000
vn 1.000000 0.000000 0.000000
vn 1.000000 0.000000 0.000000
vn 1.000000 0.000000 0.000000
vn 1.000000 0.000000 0.000000
vn 1.000000 0.000000 0.000000
vn 1.000000 0.000000 0.000000
vn 1.000000 0.000000 0.000000
vn 1.000000 0.000000 0.000000
vn 1.000000 0.000000 0.000000
vn 1.000000 0.000000 0.000000
vn 1.000000 0.000000 0.000000
vn 1.000000 0.000000 0.000000
vn 1.000000 0.000000 0.000000
vn 1.000000 0.000000 0.000000
vn 1.000000 0.000000 0.000000
vn 1.000000 0.000000 0.000000
vn 1.000000 0.000000 0.000000
vn 1.000000 0.000000 0.000000
vn 1.000000 0.000000 0.000000
vn -1.000000 0.000000 0.000000
vn -1.000000 0.000000 0.000000
vn -1.000000 0.000000 0.000000
vn -1.000000 0.000000 0.000000
vn -1.000000 0.000000 0.000000
vn -1.000000 0.000000 0.000000
vn -1.000000 0.000000 0.000000
vn -1.000000 0.000000 0.000000
vn -1.000000 0.000000 0.000000
vn -1.000000 0.000000 0.000000
vn -1.000000 0.000000 0.000000
vn -1.000000 0.000000 0.000000
vn -1.000000 0.000000 0.000000
vn -1.000000 0.000000 0.000000
vn -1.000000 0.000000 0.000000
vn -1.000000 0.000000 0.000000
vn -1.000000 0.000000 0.000000
vn -1.000000 0.000000 0.000000
vn -1.000000 0.000000 0.000000
vn -1.000000 0.000000 0.000000
vn -1.000000 0.000000 0.000000
vn -1.000000 0.000000 0.000000
vn -1.000000 0.000000 0.000000
vn -1.000000 0.000000 0.000000
vn -1.000000 0.000000 0.000000
vn -1.000000 0.000000 0.000000
vn -1.000000 0.000000 0.000000
vn -1.000000 0.000000 0.000000
vn -1.000000 0.000000 0.000000
vn -1.000000 0.000000 0.000000
vn -1.000000 0.000000 0.000000
vn -1.000000 0.000000 0.000000
vn 1.000000 0.000000 0.000000
vn 1.000000 0.000000 0.000000
vn 1.000000 0.000000 0.000000
vn 1.000000 0.000000 0.000000
vn 1.000000 0.000000 0.000000
vn 1.000000 0.000000 0.000000
vn 1.000000 0.000000 0.000000
vn 1.000000 0.000000 0.000000
vn 1.000000 0.000000 0.000000
vn 1.000000 0.000000 0.000000
vn 1.000000 0.000000 0.000000
vn 1.000000 0.000000 0.000000
vn 1.000000 0.000000 0.000000
vn 1.000000 0.000000 0.000000
vn 1.000000 0.000000 0.000000
vn 1.000000 0.000000 0.000000
vn 1.000000 0.000000 0.000000
vn 1.000000 0.000000 0.000000
vn 1.000000 0.000000 0.000000
vn 1.000000 0.000000 0.000000
vn 1.000000 0.000000 0.000000
vn 1.000000 0.000000 0.000000
vn 1.000000 0.000000 0.000000
vn 1.000000 0.000000 0.000000
vn 1.000000 0.000000 0.000000
vn 1.000000 0.000000 0.000000
vn 1.000000 0.000000 0.000000
vn 1.000000 0.000000 0.000000
vn 1.000000 0.000000 0.000000
vn 1.000000 0.000000 0.000000
vn 1.000000 0.000000 0.000000
vn 1.000000 0.000000 0.000000
vn 0.158299 0.987391 0.000000
vn 0.000000 1.000000 0.000000
vn 0.000000 1.000000 0.000000
vn 0.158299 0.987391 0.000000
vn 0.158299 0.987391 0.000000
vn 0.158299 0.987391 0.000000
vn 0.704402 0.709802 0.000000
vn 0.704402 0.709802 0.000000
vn 0.158299 0.987391 0.000000
vn 0.704402 0.709802 0.000000
vn 0.704402 0.709802 0.000000
vn 0.158299 0.987391 0.000000
vn 0.158299 0.987391 0.000000
vn 0.158299 0.987391 0.000000
vn 0.000000 1.000000 0.000000
vn 0.000000 1.000000 0.000000
vn 0.158299 0.987391 0.000000
vn 0.000000 1.000000 0.000000
vn 0.000000 1.000000 0.000000
vn 0.158299 0.987391 0.000000
vn 0.158299 0.987391 0.000000
vn 0.158299 0.987391 0.000000
vn 0.704402 0.709802 0.000000
vn 0.704402 0.709802 0.000000
vn 0.158299 0.987391 0.000000
vn 0.704402 0.709802 0.000000
vn 0.704402 0.709802 0.000000
vn 0.158299 0.987391 0.000000
vn 0.158299 0.987391 0.000000
vn 0.158299 0.987391 0.000000
vn 0.000000 1.000000 0.000000
vn 0.000000 1.000000 0.000000
vn 0.000000 1.000000 0.000000
vn 0.000000 1.000000 0.000000
vn 0.000000 1.000000 0.000000
vn 0.000000 1.000000 0.000000
vn 0.000000 1.000000 0.000000
vn 0.000000 1.000000 0.000000
vn 0.000000 1.000000 0.000000
vn 0.000000 1.000000 0.000000
vn 0.000000 1.000000 0.000000
vn 0.000000 1.000000 0.000000
vn 0.000000 1.000000 0.000000
vn 0.000000 1.000000 0.000000
vn 0.000000 1.000000 0.000000
vn 0.000000 1.000000 0.000000
vn 0.000000 1.000000 0.000000
vn 0.000000 1.000000 0.000000
vn 0.000000 1.000000 0.000000
vn 0.000000 1.000000 0.000000
vn 0.000000 1.000000 0.000000
vn 0.000000 1.000000 0.000000
vn 0.000000 1.000000 0.000000
vn 0.000000 1.000000 0.000000
vn 0.000000 1.000000 0.000000
vn 0.000000 1.000000 0.000000
vn 0.000000 1.000000 0.000000
vn 0.000000 1.000000 0.000000
vn 0.000000 1.000000 0.000000
vn 0.000000 1.000000 0.000000
vn 0.000000 1.000000 0.000000
vn 0.000000 1.000000 0.000000
vn 0.000000 1.000000 0.000000
vn 0.000000 1.000000 0.000000
vn -0.128403 0.991722 0.000000
vn -0.655227 0.755432 0.000000
vn -0.655227 0.755432 0.000000
vn -0.128403 0.991722 0.000000
vn -0.128403 0.991722 0.000000
vn -0.128403 0.991722 0.000000
vn 0.000000 1.000000 0.000000
vn 0.000000 1.000000 0.000000
vn -0.128403 0.991722 0.000000
vn 0.000000 1.000000 0.000000
vn 0.000000 1.000000 0.000000
vn -0.128305 0.991735 0.000000
vn -0.128403 0.991722 0.000000
vn -0.128305 0.991735 0.000000
vn -0.655178 0.755475 0.000000
vn -0.655227 0.755432 0.000000
vn -0.128403 0.991722 0.000000
vn -0.655178 0.755475 0.000000
vn -0.655178 0.755475 0.000000
vn -0.128305 0.991735 0.000000
vn -0.128403 0.991722 0.000000
vn -0.128305 0.991735 0.000000
vn 0.000000 1.000000 0.000000
vn 0.000000 1.000000 0.000000
vn -0.128403 0.991722 0.000000
vn 0.000000 1.000000 0.000000
vn 0.000000 1.000000 0.000000
vn -0.128403 0.991722 0.000000
vn -0.128403 0.991722 0.000000
vn -0.128403 0.991722 0.000000
vn -0.655178 0.755475 0.000000
vn -0.655178 0.755475 0.000000
vn 0.000000 1.000000 0.000000
vn 0.000000 1.000000 0.000000
vn 0.000000 1.000000 0.000000
vn 0.000000 1.000000 0.000000
vn 0.000000 1.000000 0.000000
vn 0.000000 1.000000 0.000000
vn 0.000000 1.000000 0.000000
vn 0.000000 1.000000 0.000000
vn 0.000000 1.000000 0.000000
vn 0.000000 1.000000 0.000000
vn 0.000000 1.000000 0.000000
vn 0.000000 1.000000 0.000000
vn 0.000000 1.000000 0.000000
vn 0.000000 1.000000 0.000000
vn 0.000000 1.000000 0.000000
vn 0.000000 1.000000 0.000000
vn 0.000000 0.000000 1.000000
vn 0.000000 0.000000 1.000000
vn 0.000000 0.000000 1.000000
vn 0.000000 0.000000 1.000000
vn 0.000000 0.000000 1.000000
vn 0.000000 0.000000 1.000000
vn 0.000000 0.000000 1.000000
vn 0.000000 0.000000 1.000000
vn 0.000000 0.000000 1.000000
vn 0.000000 0.000000 1.000000
vn 0.000000 0.000000 1.000000
vn 0.000000 0.000000 1.000000
vn 0.000000 0.000000 1.000000
vn 0.000000 0.000000 1.000000
vn 0.000000 0.000000 1.000000
vn 0.000000 0.000000 1.000000
vn 0.000000 1.000000 0.000000
vn 0.000000 1.000000 0.000000
vn 0.000000 1.000000 0.000000
vn 0.000000 1.000000 0.000000
vn 0.000000 1.000000 0.000000
vn 0.000000 1.000000 0.000000
vn 0.000000 1.000000 0.000000
vn 0.000000 1.000000 0.000000
vn 0.000000 1.000000 0.000000
vn 0.000000 1.000000 0.000000
vn 0.000000 1.000000 0.000000
vn 0.000000 1.000000 0.000000
vn 0.000000 1.000000 0.000000
vn 0.000000 1.000000 0.000000
vn 0.000000 1.000000 0.000000
vn 0.000000 1.000000 0.000000
vn 0.000000 -1.000000 0.000000
vn 0.000000 -1.000000 0.000000
vn 0.000000 -1.000000 0.000000
vn 0.000000 -1.000000 0.000000
vn 0.000000 -1.000000 0.000000
vn 0.000000 -1.000000 0.000000
vn 0.000000 -1.000000 0.000000
vn 0.000000 -1.000000 0.000000
vn 0.000000 -1.000000 0.000000
vn 0.000000 -1.000000 0.000000
vn 0.000000 -1.000000 0.000000
vn 0.000000 -1.000000 0.000000
vn 0.000000 -1.000000 0.000000
vn 0.000000 -1.000000 0.000000
vn 0.000000 -1.000000 0.000000
vn 0.000000 -1.000000 0.000000
vn 0.000000 -1.000000 0.000000
vn 0.000000 -1.000000 0.000000
vn 0.000000 -1.000000 0.000000
vn 0.000000 -1.000000 0.000000
vn 0.000000 -1.000000 0.000000
vn 0.000000 -1.000000 0.000000
vn 0.000000 -1.000000 0.000000
vn 0.000000 -1.000000 0.000000
vn 0.000000 -1.000000 0.000000
vn 0.000000 -1.000000 0.000000
vn 0.000000 -1.000000 0.000000
vn 0.000000 -1.000000 0.000000
vn 0.000000 -1.000000 0.000000
vn 0.000000 -1.000000 0.000000
vn 0.000000 -1.000000 0.000000
vn 0.000000 -1.000000 0.000000
vn 0.000000 -1.000000 0.000000
vn 0.000000 -1.000000 0.000000
vn 0.000000 -1.000000 0.000000
vn 0.000000 -1.000000 0.000000
vn 0.000000 -1.000000 0.000000
vn 0.000000 -1.000000 0.000000
vn 0.000000 -1.000000 0.000000
vn 0.000000 -1.000000 0.000000
vn 0.000000 -1.000000 0.000000
vn 0.000000 -1.000000 0.000000
vn 0.000000 -1.000000 0.000000
vn 0.000000 -1.000000 0.000000
vn 0.000000 -1.000000 0.000000
vn 0.000000 -1.000000 0.000000
vn 0.000000 -1.000000 0.000000
vn 0.000000 -1.000000 0.000000
vn 0.127898 0.991787 0.000000
vn 0.654424 0.756128 0.000000
vn 0.654375 0.756171 0.000000
vn 0.127898 0.991787 0.000000
vn 0.127898 0.991787 0.000000
vn 0.127898 0.991787 0.000000
vn 0.000000 1.000000 0.000000
vn 0.000000 1.000000 0.000000
vn 0.127898 0.991787 0.000000
vn 0.000000 1.000000 0.000000
vn 0.000000 1.000000 0.000000
vn 0.127898 0.991787 0.000000
vn 0.127898 0.991787 0.000000
vn 0.127898 0.991787 0.000000
vn 0.654424 0.756128 0.000000
vn 0.654424 0.756128 0.000000
vn 0.972501 -0.232900 0.000000
vn 0.611410 -0.791314 0.000000
vn 0.611410 -0.791314 0.000000
vn 0.972501 -0.232900 0.000000
vn 0.972501 -0.232900 0.000000
vn 0.972501 -0.232900 0.000000
vn 1.000000 0.000000 0.000000
vn 1.000000 0.000000 0.000000
vn 0.972501 -0.232900 0.000000
vn 1.000000 0.000000 0.000000
vn 1.000000 0.000000 0.000000
vn 0.972501 -0.232900 0.000000
vn 0.972501 -0.232900 0.000000
vn 0.972501 -0.232900 0.000000
vn 0.611473 -0.791265 0.000000
vn 0.611410 -0.791314 0.000000
vn -0.993356 -0.106706 0.043102
vn -0.809800 -0.583600 0.060300
vn -0.811118 -0.549112 0.201404
vn -0.913669 -0.195915 0.356127
vn -0.993356 -0.106706 0.043102
vn -0.913669 -0.195915 0.356127
vn -0.939223 0.000000 0.343308
vn -0.999212 0.000000 0.039700
vn -0.993356 -0.106706 0.043102
vn -0.999212 0.000000 0.039700
vn -1.000000 0.000000 0.000000
vn -0.995206 -0.097801 0.000000
vn -0.993356 -0.106706 0.043102
vn -0.995206 -0.097801 0.000000
vn -0.809134 -0.587625 0.000000
vn -0.809800 -0.583600 0.060300
vn -0.999212 0.000000 0.039700
vn -0.999212 0.000000 0.039700
vn -0.939223 0.000000 0.343308
vn -0.939223 0.000000 0.343308
vn -0.999212 0.000000 0.039700
vn -0.939223 0.000000 0.343308
vn -0.939223 0.000000 0.343308
vn -0.999212 0.000000 0.039700
vn -0.999212 0.000000 0.039700
vn -0.999212 0.000000 0.039700
vn -1.000000 0.000000 0.000000
vn -1.000000 0.000000 0.000000
vn -0.999212 0.000000 0.039700
vn -1.000000 0.000000 0.000000
vn -1.000000 0.000000 0.000000
vn -0.999212 0.000000 0.039700
vn 1.000000 0.000000 0.000000
vn 1.000000 0.000000 0.000000
vn 1.000000 0.000000 0.000000
vn 1.000000 0.000000 0.000000
vn 1.000000 0.000000 0.000000
vn 1.000000 0.000000 0.000000
vn 1.000000 0.000000 0.000000
vn 1.000000 0.000000 0.000000
vn 1.000000 0.000000 0.000000
vn 1.000000 0.000000 0.000000
vn 1.000000 0.000000 0.000000
vn 1.000000 0.000000 0.000000
vn 1.000000 0.000000 0.000000
vn 1.000000 0.000000 0.000000
vn 1.000000 0.000000 0.000000
vn 1.000000 0.000000 0.000000
vn -0.252406 -0.967622 0.000000
vn -0.809134 -0.587625 0.000000
vn -0.809134 -0.587625 0.000000
vn -0.252406 -0.967622 0.000000
vn -0.252406 -0.967622 0.000000
vn -0.252406 -0.967622 0.000000
vn 0.000000 -1.000000 0.000000
vn 0.000000 -1.000000 0.000000
vn -0.252406 -0.967622 0.000000
vn 0.000000 -1.000000 0.000000
vn 0.000000 -1.000000 0.000000
vn -0.252406 -0.967622 0.000000
vn -0.252406 -0.967622 0.000000
vn -0.252406 -0.967622 0.000000
vn -0.809134 -0.587625 0.000000
vn -0.809134 -0.587625 0.000000
vn 0.000000 1.000000 0.000000
vn 0.000000 1.000000 0.000000
vn 0.000000 1.000000 0.000000
vn 0.000000 1.000000 0.000000
vn 0.000000 1.000000 0.000000
vn 0.000000 1.000000 0.000000
vn 0.000000 1.000000 0.000000
vn 0.000000 1.000000 0.000000
vn 0.000000 1.000000 0.000000
vn 0.000000 1.000000 0.000000
vn 0.000000 1.000000 0.000000
vn 0.000000 1.000000 0.000000
vn 0.000000 1.000000 0.000000
vn 0.000000 1.000000 0.000000
vn 0.000000 1.000000 0.000000
vn 0.000000 1.000000 0.000000
vn -0.291492 0.956573 0.000000
vn 0.000000 1.000000 0.000000
vn 0.000000 1.000000 0.000000
vn -0.291492 0.956573 0.000000
vn -0.291492 0.956573 0.000000
vn -0.291492 0.956573 0.000000
vn -0.841061 0.540940 0.000000
vn -0.841061 0.540940 0.000000
vn -0.291492 0.956573 0.000000
vn -0.841061 0.540940 0.000000
vn -0.841061 0.540940 0.000000
vn -0.291492 0.956573 0.000000
vn -0.291492 0.956573 0.000000
vn -0.291492 0.956573 0.000000
vn 0.000000 1.000000 0.000000
vn 0.000000 1.000000 0.000000
vn 0.107402 -0.994216 0.000000
vn 0.000000 -1.000000 0.000000
vn 0.000000 -1.000000 0.000000
vn 0.107402 -0.994216 0.000000
vn 0.107402 -0.994216 0.000000
vn 0.107402 -0.994216 0.000000
vn 0.611410 -0.791314 0.000000
vn 0.611410 -0.791314 0.000000
vn 0.107402 -0.994216 0.000000
vn 0.611410 -0.791314 0.000000
vn 0.611473 -0.791265 0.000000
vn 0.107402 -0.994216 0.000000
vn 0.107402 -0.994216 0.000000
vn 0.107402 -0.994216 0.000000
vn 0.000000 -1.000000 0.000000
vn 0.000000 -1.000000 0.000000
vn 0.980000 0.199000 0.000000
vn 1.000000 0.000000 0.000000
vn 1.000000 0.000000 0.000000
vn 0.980000 0.199000 0.000000
vn 0.980000 0.199000 0.000000
vn 0.980000 0.199000 0.000000
vn 0.654375 0.756171 0.000000
vn 0.654424 0.756128 0.000000
vn 0.980000 0.199000 0.000000
vn 0.654424 0.756128 0.000000
vn 0.654424 0.756128 0.000000
vn 0.980000 0.199000 0.000000
vn 0.980000 0.199000 0.000000
vn 0.980000 0.199000 0.000000
vn 1.000000 0.000000 0.000000
vn 1.000000 0.000000 0.000000
vn -0.995058 0.089405 0.043203
vn -0.999212 0.000000 0.039700
vn -0.939223 0.000000 0.343308
vn -0.920229 0.165405 0.354711
vn -0.995058 0.089405 0.043203
vn -0.920229 0.165405 0.354711
vn -0.843327 0.491416 0.217507
vn -0.841343 0.536627 0.064603
vn -0.995058 0.089405 0.043203
vn -0.841343 0.536627 0.064603
vn -0.841061 0.540940 0.000000
vn -0.996640 0.081903 0.000000
vn -0.995058 0.089405 0.043203
vn -0.996640 0.081903 0.000000
vn -1.000000 0.000000 0.000000
vn -0.999212 0.000000 0.039700
vn 0.972260 0.211591 -0.099696
vn 0.995439 0.000000 -0.095404
vn 0.813774 0.000000 -0.581181
vn 0.775017 0.270306 -0.571212
vn 0.972260 0.211591 -0.099696
vn 0.775017 0.270306 -0.571212
vn 0.597910 0.721012 -0.350206
vn 0.651314 0.752216 -0.099802
vn 0.972260 0.211591 -0.099696
vn 0.651314 0.752216 -0.099802
vn 0.654424 0.756128 0.000000
vn 0.980000 0.199000 0.000000
vn 0.972260 0.211591 -0.099696
vn 0.980000 0.199000 0.000000
vn 1.000000 0.000000 0.000000
vn 0.995439 0.000000 -0.095404
vn 0.116604 -0.990834 -0.068202
vn 0.000000 -0.998013 -0.063001
vn 0.000000 -0.882884 -0.469591
vn 0.184813 -0.860562 -0.474634
vn 0.116604 -0.990834 -0.068202
vn 0.184813 -0.860562 -0.474634
vn 0.553914 -0.769819 -0.317108
vn 0.608688 -0.788185 -0.090898
vn 0.116604 -0.990834 -0.068202
vn 0.608688 -0.788185 -0.090898
vn 0.611522 -0.791228 0.000000
vn 0.107402 -0.994216 0.000000
vn 0.116604 -0.990834 -0.068202
vn 0.107402 -0.994216 0.000000
vn 0.000000 -1.000000 0.000000
vn 0.000000 -0.998013 -0.063001
vn -0.306392 0.948875 -0.075898
vn 0.000000 0.997153 -0.075404
vn 0.000000 0.854781 -0.518989
vn -0.386428 0.777256 -0.496536
vn -0.306392 0.948875 -0.075898
vn -0.386428 0.777256 -0.496536
vn -0.845083 0.493690 -0.205196
vn -0.841794 0.536296 -0.061400
vn -0.306392 0.948875 -0.075898
vn -0.841794 0.536296 -0.061400
vn -0.841061 0.540940 0.000000
vn -0.291492 0.956573 0.000000
vn -0.306392 0.948875 -0.075898
vn -0.291492 0.956573 0.000000
vn 0.000000 1.000000 0.000000
vn 0.000000 0.997153 -0.075404
vn 0.000000 0.997153 -0.075404
vn 0.000000 0.997153 -0.075404
vn 0.000000 0.854781 -0.518989
vn 0.000000 0.854781 -0.518989
vn 0.000000 0.997153 -0.075404
vn 0.000000 0.854781 -0.518989
vn 0.000000 0.854781 -0.518989
vn 0.000000 0.997153 -0.075404
vn 0.000000 0.997153 -0.075404
vn 0.000000 0.997153 -0.075404
vn 0.000000 1.000000 0.000000
vn 0.000000 1.000000 0.000000
vn 0.000000 0.997153 -0.075404
vn 0.000000 1.000000 0.000000
vn 0.000000 1.000000 0.000000
vn 0.000000 0.997153 -0.075404
vn -0.268197 -0.961189 -0.064699
vn -0.810140 -0.583429 -0.057303
vn -0.812638 -0.551026 -0.189709
vn -0.368700 -0.808999 -0.457800
vn -0.268197 -0.961189 -0.064699
vn -0.368700 -0.808999 -0.457800
vn 0.000000 -0.882884 -0.469591
vn 0.000000 -0.998013 -0.063001
vn -0.268197 -0.961189 -0.064699
vn 0.000000 -0.998013 -0.063001
vn 0.000000 -1.000000 0.000000
vn -0.252406 -0.967622 0.000000
vn -0.268197 -0.961189 -0.064699
vn -0.252406 -0.967622 0.000000
vn -0.809134 -0.587625 0.000000
vn -0.810140 -0.583429 -0.057303
vn 0.995439 0.000000 -0.095404
vn 0.995439 0.000000 -0.095404
vn 0.813740 0.000000 -0.581229
vn 0.813740 0.000000 -0.581229
vn 0.995439 0.000000 -0.095404
vn 0.813740 0.000000 -0.581229
vn 0.813774 0.000000 -0.581181
vn 0.995439 0.000000 -0.095404
vn 0.995439 0.000000 -0.095404
vn 0.995439 0.000000 -0.095404
vn 1.000000 0.000000 0.000000
vn 1.000000 0.000000 0.000000
vn 0.995439 0.000000 -0.095404
vn 1.000000 0.000000 0.000000
vn 1.000000 0.000000 0.000000
vn 0.995439 0.000000 -0.095404
vn 0.964220 -0.246205 -0.098302
vn 0.608688 -0.788185 -0.090898
vn 0.553914 -0.769819 -0.317108
vn 0.765480 -0.306292 -0.565885
vn 0.964220 -0.246205 -0.098302
vn 0.765480 -0.306292 -0.565885
vn 0.813740 0.000000 -0.581229
vn 0.995439 0.000000 -0.095404
vn 0.964220 -0.246205 -0.098302
vn 0.995439 0.000000 -0.095404
vn 1.000000 0.000000 0.000000
vn 0.972501 -0.232900 0.000000
vn 0.964220 -0.246205 -0.098302
vn 0.972501 -0.232900 0.000000
vn 0.611522 -0.791228 0.000000
vn 0.608688 -0.788185 -0.090898
vn 0.138198 0.987087 -0.080999
vn 0.651314 0.752216 -0.099802
vn 0.597910 0.721012 -0.350206
vn 0.202703 0.829511 -0.520407
vn 0.138198 0.987087 -0.080999
vn 0.202703 0.829511 -0.520407
vn 0.000000 0.854781 -0.518989
vn 0.000000 0.997153 -0.075404
vn 0.138198 0.987087 -0.080999
vn 0.000000 0.997153 -0.075404
vn 0.000000 1.000000 0.000000
vn 0.127898 0.991787 0.000000
vn 0.138198 0.987087 -0.080999
vn 0.127898 0.991787 0.000000
vn 0.654424 0.756128 0.000000
vn 0.651314 0.752216 -0.099802
vn 0.000000 -0.998013 -0.063001
vn 0.000000 -0.998013 -0.063001
vn 0.000000 -0.882884 -0.469591
vn 0.000000 -0.882884 -0.469591
vn 0.000000 -0.998013 -0.063001
vn 0.000000 -0.882884 -0.469591
vn 0.000000 -0.882884 -0.469591
vn 0.000000 -0.998013 -0.063001
vn 0.000000 -0.998013 -0.063001
vn 0.000000 -0.998013 -0.063001
vn 0.000000 -1.000000 0.000000
vn 0.000000 -1.000000 0.000000
vn 0.000000 -0.998013 -0.063001
vn 0.000000 -1.000000 0.000000
vn 0.000000 -1.000000 0.000000
vn 0.000000 -0.998013 -0.063001
vn 0.000000 -0.998013 -0.063001
vn 0.000000 -0.998013 -0.063001
vn 0.000000 -0.882884 -0.469591
vn 0.000000 -0.882884 -0.469591
vn 0.000000 -0.998013 -0.063001
vn 0.000000 -0.882884 -0.469591
vn 0.000000 -0.882884 -0.469591
vn 0.000000 -0.998013 -0.063001
vn 0.000000 -0.998013 -0.063001
vn 0.000000 -0.998013 -0.063001
vn 0.000000 -1.000000 0.000000
vn 0.000000 -1.000000 0.000000
vn 0.000000 -0.998013 -0.063001
vn 0.000000 -1.000000 0.000000
vn 0.000000 -1.000000 0.000000
vn 0.000000 -0.998013 -0.063001
vn 0.000000 -0.998013 -0.063001
vn 0.000000 -0.882884 -0.469591
vn 0.000000 -0.882884 -0.469591
vn 0.000000 -0.998013 -0.063001
vn 0.000000 -0.998013 -0.063001
vn 0.000000 -0.998013 -0.063001
vn 0.000000 -1.000000 0.000000
vn 0.000000 -1.000000 0.000000
vn 0.000000 -0.998013 -0.063001
vn 0.000000 -1.000000 0.000000
vn 0.000000 -1.000000 0.000000
vn 0.000000 -0.998013 -0.063001
vn 0.000000 -0.998013 -0.063001
vn 0.000000 -0.998013 -0.063001
vn 0.000000 -0.882884 -0.469591
vn 0.000000 -0.882884 -0.469591
vn 0.000000 0.000000 -1.000000
vn 0.000000 0.000000 -1.000000
vn 0.000000 0.000000 -1.000000
vn 0.000000 0.000000 -1.000000
vn 0.000000 0.000000 -1.000000
vn 0.000000 0.000000 -1.000000
vn 0.000000 0.000000 -1.000000
vn 0.000000 0.000000 -1.000000
vn 0.000000 0.000000 -1.000000
vn 0.000000 0.000000 -1.000000
vn 0.000000 0.000000 -1.000000
vn 0.000000 0.000000 -1.000000
vn 0.000000 0.000000 -1.000000
vn 0.000000 0.000000 -1.000000
vn 0.000000 0.000000 -1.000000
vn 0.000000 0.000000 -1.000000
vn 0.000000 0.000000 -1.000000
vn 0.000000 0.000000 -1.000000
vn 0.000000 0.000000 -1.000000
vn 0.000000 0.000000 -1.000000
vn 0.000000 0.000000 -1.000000
vn 0.000000 0.000000 -1.000000
vn 0.000000 0.000000 -1.000000
vn 0.000000 0.000000 -1.000000
vn 0.000000 0.000000 -1.000000
vn 0.000000 0.000000 -1.000000
vn 0.000000 0.000000 -1.000000
vn 0.000000 0.000000 -1.000000
vn 0.000000 0.000000 -1.000000
vn 0.000000 0.000000 -1.000000
vn 0.000000 0.000000 -1.000000
vn 0.000000 0.000000 -1.000000
vn 0.000000 0.997153 -0.075404
vn 0.000000 0.997153 -0.075404
vn 0.000000 0.854781 -0.518989
vn 0.000000 0.854781 -0.518989
vn 0.000000 0.997153 -0.075404
vn 0.000000 0.854781 -0.518989
vn 0.000000 0.854781 -0.518989
vn 0.000000 0.997153 -0.075404
vn 0.000000 0.997153 -0.075404
vn 0.000000 0.997153 -0.075404
vn 0.000000 1.000000 0.000000
vn 0.000000 1.000000 0.000000
vn 0.000000 0.997153 -0.075404
vn 0.000000 1.000000 0.000000
vn 0.000000 1.000000 0.000000
vn 0.000000 0.997153 -0.075404
vn 0.000000 0.997153 -0.075404
vn 0.000000 0.854781 -0.518989
vn 0.000000 0.854781 -0.518989
vn 0.000000 0.997153 -0.075404
vn 0.000000 0.997153 -0.075404
vn 0.000000 0.997153 -0.075404
vn 0.000000 1.000000 0.000000
vn 0.000000 1.000000 0.000000
vn 0.000000 0.997153 -0.075404
vn 0.000000 1.000000 0.000000
vn 0.000000 1.000000 0.000000
vn 0.000000 0.997153 -0.075404
vn 0.000000 0.997153 -0.075404
vn 0.000000 0.997153 -0.075404
vn 0.000000 0.854781 -0.518989
vn 0.000000 0.854781 -0.518989
vn 0.000000 -0.994785 -0.101998
vn 0.000000 -0.994785 -0.101998
vn 0.000000 -0.801163 -0.598447
vn 0.000000 -0.801163 -0.598447
vn 0.000000 -0.994785 -0.101998
vn 0.000000 -0.801163 -0.598447
vn 0.000000 -0.801163 -0.598447
vn 0.000000 -0.994785 -0.101998
vn 0.000000 -0.994785 -0.101998
vn 0.000000 -0.994785 -0.101998
vn 0.000000 -1.000000 0.000000
vn 0.000000 -1.000000 0.000000
vn 0.000000 -0.994785 -0.101998
vn 0.000000 -1.000000 0.000000
vn 0.000000 -1.000000 0.000000
vn 0.000000 -0.994785 -0.101998
vn -0.995206 -0.097801 0.000000
vn -0.809134 -0.587625 0.000000
vn -0.809134 -0.587625 0.000000
vn -0.995206 -0.097801 0.000000
vn -0.995206 -0.097801 0.000000
vn -0.995206 -0.097801 0.000000
vn -1.000000 0.000000 0.000000
vn -1.000000 0.000000 0.000000
vn -0.995206 -0.097801 0.000000
vn -1.000000 0.000000 0.000000
vn -1.000000 0.000000 0.000000
vn -0.995206 -0.097801 0.000000
vn -0.995206 -0.097801 0.000000
vn -0.995206 -0.097801 0.000000
vn -0.809134 -0.587625 0.000000
vn -0.809134 -0.587625 0.000000
vn -1.000000 0.000000 0.000000
vn -1.000000 0.000000 0.000000
vn -1.000000 0.000000 0.000000
vn -1.000000 0.000000 0.000000
vn -1.000000 0.000000 0.000000
vn -1.000000 0.000000 0.000000
vn -1.000000 0.000000 0.000000
vn -1.000000 0.000000 0.000000
vn -1.000000 0.000000 0.000000
vn -1.000000 0.000000 0.000000
vn -1.000000 0.000000 0.000000
vn -1.000000 0.000000 0.000000
vn -1.000000 0.000000 0.000000
vn -1.000000 0.000000 0.000000
vn -1.000000 0.000000 0.000000
vn -1.000000 0.000000 0.000000
vn -0.996640 0.081903 0.000000
vn -1.000000 0.000000 0.000000
vn -1.000000 0.000000 0.000000
vn -0.996640 0.081903 0.000000
vn -0.996640 0.081903 0.000000
vn -0.996640 0.081903 0.000000
vn -0.841061 0.540940 0.000000
vn -0.841061 0.540940 0.000000
vn -0.996640 0.081903 0.000000
vn -0.841061 0.540940 0.000000
vn -0.841061 0.540940 0.000000
vn -0.996640 0.081903 0.000000
vn -0.996640 0.081903 0.000000
vn -0.996640 0.081903 0.000000
vn -1.000000 0.000000 0.000000
vn -1.000000 0.000000 0.000000
vn -0.996640 0.081903 0.000000
vn -1.000000 0.000000 0.000000
vn -1.000000 0.000000 0.000000
vn -0.996640 0.081903 0.000000
vn -0.996640 0.081903 0.000000
vn -0.996640 0.081903 0.000000
vn -0.841061 0.540940 0.000000
vn -0.841061 0.540940 0.000000
vn -0.996640 0.081903 0.000000
vn -0.841061 0.540940 0.000000
vn -0.841061 0.540940 0.000000
vn -0.996640 0.081903 0.000000
vn -0.996640 0.081903 0.000000
vn -0.996640 0.081903 0.000000
vn -1.000000 0.000000 0.000000
vn -1.000000 0.000000 0.000000
vn -0.996640 0.081903 0.000000
vn -1.000000 0.000000 0.000000
vn -1.000000 0.000000 0.000000
vn -0.996640 0.081903 0.000000
vn -0.996640 0.081903 0.000000
vn -0.996640 0.081903 0.000000
vn -0.841061 0.540940 0.000000
vn -0.841061 0.540940 0.000000
vn -0.996640 0.081903 0.000000
vn -0.841061 0.540940 0.000000
vn -0.841061 0.540940 0.000000
vn -0.996640 0.081903 0.000000
vn -0.996640 0.081903 0.000000
vn -0.996640 0.081903 0.000000
vn -1.000000 0.000000 0.000000
vn -1.000000 0.000000 0.000000
vn -1.000000 0.000000 0.000000
vn -1.000000 0.000000 0.000000
vn -1.000000 0.000000 0.000000
vn -1.000000 0.000000 0.000000
vn -1.000000 0.000000 0.000000
vn -1.000000 0.000000 0.000000
vn -1.000000 0.000000 0.000000
vn -1.000000 0.000000 0.000000
vn -1.000000 0.000000 0.000000
vn -1.000000 0.000000 0.000000
vn -1.000000 0.000000 0.000000
vn -1.000000 0.000000 0.000000
vn -1.000000 0.000000 0.000000
vn -1.000000 0.000000 0.000000
vn -1.000000 0.000000 0.000000
vn -1.000000 0.000000 0.000000
vn -1.000000 0.000000 0.000000
vn -1.000000 0.000000 0.000000
vn -1.000000 0.000000 0.000000
vn -1.000000 0.000000 0.000000
vn -1.000000 0.000000 0.000000
vn -1.000000 0.000000 0.000000
vn -1.000000 0.000000 0.000000
vn -1.000000 0.000000 0.000000
vn -1.000000 0.000000 0.000000
vn -1.000000 0.000000 0.000000
vn -1.000000 0.000000 0.000000
vn -1.000000 0.000000 0.000000
vn -1.000000 0.000000 0.000000
vn -1.000000 0.000000 0.000000
vn -1.000000 0.000000 0.000000
vn -1.000000 0.000000 0.000000
vn -0.995206 -0.097801 0.000000
vn -0.809134 -0.587625 0.000000
vn -0.809134 -0.587625 0.000000
vn -0.995206 -0.097801 0.000000
vn -0.995206 -0.097801 0.000000
vn -0.995206 -0.097801 0.000000
vn -1.000000 0.000000 0.000000
vn -1.000000 0.000000 0.000000
vn -0.995206 -0.097801 0.000000
vn -1.000000 0.000000 0.000000
vn -1.000000 0.000000 0.000000
vn -0.995206 -0.097801 0.000000
vn -0.995206 -0.097801 0.000000
vn -0.995206 -0.097801 0.000000
vn -0.809134 -0.587625 0.000000
vn -0.809134 -0.587625 0.000000
vn -0.995206 -0.097801 0.000000
vn -0.809134 -0.587625 0.000000
vn -0.809134 -0.587625 0.000000
vn -0.995206 -0.097801 0.000000
vn -0.995206 -0.097801 0.000000
vn -0.995206 -0.097801 0.000000
vn -1.000000 0.000000 0.000000
vn -1.000000 0.000000 0.000000
vn -0.995206 -0.097801 0.000000
vn -1.000000 0.000000 0.000000
vn -1.000000 0.000000 0.000000
vn -0.995206 -0.097801 0.000000
vn -0.995206 -0.097801 0.000000
vn -0.995206 -0.097801 0.000000
vn -0.809134 -0.587625 0.000000
vn -0.809134 -0.587625 0.000000
vn 0.980000 0.199000 0.000000
vn 1.000000 0.000000 0.000000
vn 1.000000 0.000000 0.000000
vn 0.980000 0.199000 0.000000
vn 0.980000 0.199000 0.000000
vn 0.980000 0.199000 0.000000
vn 0.654424 0.756128 0.000000
vn 0.654424 0.756128 0.000000
vn 0.980000 0.199000 0.000000
vn 0.654424 0.756128 0.000000
vn 0.654424 0.756128 0.000000
vn 0.980000 0.199000 0.000000
vn 0.980000 0.199000 0.000000
vn 0.980000 0.199000 0.000000
vn 1.000000 0.000000 0.000000
vn 1.000000 0.000000 0.000000
vn 0.980000 0.199000 0.000000
vn 1.000000 0.000000 0.000000
vn 1.000000 0.000000 0.000000
vn 0.980000 0.199000 0.000000
vn 0.980000 0.199000 0.000000
vn 0.980000 0.199000 0.000000
vn 0.654424 0.756128 0.000000
vn 0.654424 0.756128 0.000000
vn 0.980000 0.199000 0.000000
vn 0.654424 0.756128 0.000000
vn 0.654375 0.756171 0.000000
vn 0.980000 0.199000 0.000000
vn 0.980000 0.199000 0.000000
vn 0.980000 0.199000 0.000000
vn 1.000000 0.000000 0.000000
vn 1.000000 0.000000 0.000000
vn 0.107402 -0.994216 0.000000
vn 0.000000 -1.000000 0.000000
vn 0.000000 -1.000000 0.000000
vn 0.107402 -0.994216 0.000000
vn 0.107402 -0.994216 0.000000
vn 0.107402 -0.994216 0.000000
vn 0.611522 -0.791228 0.000000
vn 0.611473 -0.791265 0.000000
vn 0.107402 -0.994216 0.000000
vn 0.611473 -0.791265 0.000000
vn 0.611473 -0.791265 0.000000
vn 0.107402 -0.994216 0.000000
vn 0.107402 -0.994216 0.000000
vn 0.107402 -0.994216 0.000000
vn 0.000000 -1.000000 0.000000
vn 0.000000 -1.000000 0.000000
vn 0.107402 -0.994216 0.000000
vn 0.000000 -1.000000 0.000000
vn 0.000000 -1.000000 0.000000
vn 0.107402 -0.994216 0.000000
vn 0.107402 -0.994216 0.000000
vn 0.107402 -0.994216 0.000000
vn 0.611473 -0.791265 0.000000
vn 0.611473 -0.791265 0.000000
vn 0.107402 -0.994216 0.000000
vn 0.611473 -0.791265 0.000000
vn 0.611410 -0.791314 0.000000
vn 0.107402 -0.994216 0.000000
vn 0.107402 -0.994216 0.000000
vn 0.107402 -0.994216 0.000000
vn 0.000000 -1.000000 0.000000
vn 0.000000 -1.000000 0.000000
vn -0.291492 0.956573 0.000000
vn 0.000000 1.000000 0.000000
vn 0.000000 1.000000 0.000000
vn -0.291492 0.956573 0.000000
vn -0.291492 0.956573 0.000000
vn -0.291492 0.956573 0.000000
vn -0.841061 0.540940 0.000000
vn -0.841061 0.540940 0.000000
vn -0.291492 0.956573 0.000000
vn -0.841061 0.540940 0.000000
vn -0.841061 0.540940 0.000000
vn -0.291492 0.956573 0.000000
vn -0.291492 0.956573 0.000000
vn -0.291492 0.956573 0.000000
vn 0.000000 1.000000 0.000000
vn 0.000000 1.000000 0.000000
vn -0.291492 0.956573 0.000000
vn 0.000000 1.000000 0.000000
vn 0.000000 1.000000 0.000000
vn -0.291492 0.956573 0.000000
vn -0.291492 0.956573 0.000000
vn -0.291492 0.956573 0.000000
vn -0.841061 0.540940 0.000000
vn -0.841061 0.540940 0.000000
vn -0.291492 0.956573 0.000000
vn -0.841061 0.540940 0.000000
vn -0.841061 0.540940 0.000000
vn -0.291492 0.956573 0.000000
vn -0.291492 0.956573 0.000000
vn -0.291492 0.956573 0.000000
vn 0.000000 1.000000 0.000000
vn 0.000000 1.000000 0.000000
vn 0.000000 1.000000 0.000000
vn 0.000000 1.000000 0.000000
vn 0.000000 1.000000 0.000000
vn 0.000000 1.000000 0.000000
vn 0.000000 1.000000 0.000000
vn 0.000000 1.000000 0.000000
vn 0.000000 1.000000 0.000000
vn 0.000000 1.000000 0.000000
vn 0.000000 1.000000 0.000000
vn 0.000000 1.000000 0.000000
vn 0.000000 1.000000 0.000000
vn 0.000000 1.000000 0.000000
vn 0.000000 1.000000 0.000000
vn 0.000000 1.000000 0.000000
vn 0.000000 1.000000 0.000000
vn 0.000000 1.000000 0.000000
vn 0.000000 1.000000 0.000000
vn 0.000000 1.000000 0.000000
vn 0.000000 1.000000 0.000000
vn 0.000000 1.000000 0.000000
vn 0.000000 1.000000 0.000000
vn 0.000000 1.000000 0.000000
vn 0.000000 1.000000 0.000000
vn 0.000000 1.000000 0.000000
vn 0.000000 1.000000 0.000000
vn 0.000000 1.000000 0.000000
vn 0.000000 1.000000 0.000000
vn 0.000000 1.000000 0.000000
vn 0.000000 1.000000 0.000000
vn 0.000000 1.000000 0.000000
vn 0.000000 1.000000 0.000000
vn 0.000000 1.000000 0.000000
vn -0.252406 -0.967622 0.000000
vn -0.809134 -0.587625 0.000000
vn -0.809134 -0.587625 0.000000
vn -0.252406 -0.967622 0.000000
vn -0.252406 -0.967622 0.000000
vn -0.252406 -0.967622 0.000000
vn 0.000000 -1.000000 0.000000
vn 0.000000 -1.000000 0.000000
vn -0.252406 -0.967622 0.000000
vn 0.000000 -1.000000 0.000000
vn 0.000000 -1.000000 0.000000
vn -0.252406 -0.967622 0.000000
vn -0.252406 -0.967622 0.000000
vn -0.252406 -0.967622 0.000000
vn -0.809134 -0.587625 0.000000
vn -0.809134 -0.587625 0.000000
vn -0.252406 -0.967622 0.000000
vn -0.809134 -0.587625 0.000000
vn -0.809134 -0.587625 0.000000
vn -0.252406 -0.967622 0.000000
vn -0.252406 -0.967622 0.000000
vn -0.252406 -0.967622 0.000000
vn 0.000000 -1.000000 0.000000
vn 0.000000 -1.000000 0.000000
vn -0.252406 -0.967622 0.000000
vn 0.000000 -1.000000 0.000000
vn 0.000000 -1.000000 0.000000
vn -0.252406 -0.967622 0.000000
vn -0.252406 -0.967622 0.000000
vn -0.252406 -0.967622 0.000000
vn -0.809134 -0.587625 0.000000
vn -0.809134 -0.587625 0.000000
vn 1.000000 0.000000 0.000000
vn 1.000000 0.000000 0.000000
vn 1.000000 0.000000 0.000000
vn 1.000000 0.000000 0.000000
vn 1.000000 0.000000 0.000000
vn 1.000000 0.000000 0.000000
vn 1.000000 0.000000 0.000000
vn 1.000000 0.000000 0.000000
vn 1.000000 0.000000 0.000000
vn 1.000000 0.000000 0.000000
vn 1.000000 0.000000 0.000000
vn 1.000000 0.000000 0.000000
vn 1.000000 0.000000 0.000000
vn 1.000000 0.000000 0.000000
vn 1.000000 0.000000 0.000000
vn 1.000000 0.000000 0.000000
vn 1.000000 0.000000 0.000000
vn 1.000000 0.000000 0.000000
vn 1.000000 0.000000 0.000000
vn 1.000000 0.000000 0.000000
vn 1.000000 0.000000 0.000000
vn 1.000000 0.000000 0.000000
vn 1.000000 0.000000 0.000000
vn 1.000000 0.000000 0.000000
vn 1.000000 0.000000 0.000000
vn 1.000000 0.000000 0.000000
vn 1.000000 0.000000 0.000000
vn 1.000000 0.000000 0.000000
vn 1.000000 0.000000 0.000000
vn 1.000000 0.000000 0.000000
vn 1.000000 0.000000 0.000000
vn 1.000000 0.000000 0.000000
vn 0.972501 -0.232900 0.000000
vn 0.611473 -0.791265 0.000000
vn 0.611522 -0.791228 0.000000
vn 0.972501 -0.232900 0.000000
vn 0.972501 -0.232900 0.000000
vn 0.972501 -0.232900 0.000000
vn 1.000000 0.000000 0.000000
vn 1.000000 0.000000 0.000000
vn 0.972501 -0.232900 0.000000
vn 1.000000 0.000000 0.000000
vn 1.000000 0.000000 0.000000
vn 0.972501 -0.232900 0.000000
vn 0.972501 -0.232900 0.000000
vn 0.972501 -0.232900 0.000000
vn 0.611473 -0.791265 0.000000
vn 0.611473 -0.791265 0.000000
vn 0.972501 -0.232900 0.000000
vn 0.611473 -0.791265 0.000000
vn 0.611473 -0.791265 0.000000
vn 0.972501 -0.232900 0.000000
vn 0.972501 -0.232900 0.000000
vn 0.972501 -0.232900 0.000000
vn 1.000000 0.000000 0.000000
vn 1.000000 0.000000 0.000000
vn 0.972501 -0.232900 0.000000
vn 1.000000 0.000000 0.000000
vn 1.000000 0.000000 0.000000
vn 0.972501 -0.232900 0.000000
vn 0.972501 -0.232900 0.000000
vn 0.972501 -0.232900 0.000000
vn 0.611410 -0.791314 0.000000
vn 0.611473 -0.791265 0.000000
vn 0.127898 0.991787 0.000000
vn 0.654424 0.756128 0.000000
vn 0.654424 0.756128 0.000000
vn 0.127898 0.991787 0.000000
vn 0.127898 0.991787 0.000000
vn 0.127898 0.991787 0.000000
vn 0.000000 1.000000 0.000000
vn 0.000000 1.000000 0.000000
vn 0.127898 0.991787 0.000000
vn 0.000000 1.000000 0.000000
vn 0.000000 1.000000 0.000000
vn 0.127898 0.991787 0.000000
vn 0.127898 0.991787 0.000000
vn 0.127898 0.991787 0.000000
vn 0.654424 0.756128 0.000000
vn 0.654424 0.756128 0.000000
vn 0.127898 0.991787 0.000000
vn 0.654424 0.756128 0.000000
vn 0.654424 0.756128 0.000000
vn 0.127898 0.991787 0.000000
vn 0.127898 0.991787 0.000000
vn 0.127898 0.991787 0.000000
vn 0.000000 1.000000 0.000000
vn 0.000000 1.000000 0.000000
vn 0.127898 0.991787 0.000000
vn 0.000000 1.000000 0.000000
vn 0.000000 1.000000 0.000000
vn 0.127898 0.991787 0.000000
vn 0.127898 0.991787 0.000000
vn 0.127898 0.991787 0.000000
vn 0.654375 0.756171 0.000000
vn 0.654424 0.756128 0.000000
vn 0.000000 -1.000000 0.000000
vn 0.000000 -1.000000 0.000000
vn 0.000000 -1.000000 0.000000
vn 0.000000 -1.000000 0.000000
vn 0.000000 -1.000000 0.000000
vn 0.000000 -1.000000 0.000000
vn 0.000000 -1.000000 0.000000
vn 0.000000 -1.000000 0.000000
vn 0.000000 -1.000000 0.000000
vn 0.000000 -1.000000 0.000000
vn 0.000000 -1.000000 0.000000
vn 0.000000 -1.000000 0.000000
vn 0.000000 -1.000000 0.000000
vn 0.000000 -1.000000 0.000000
vn 0.000000 -1.000000 0.000000
vn 0.000000 -1.000000 0.000000
vn 0.000000 -1.000000 0.000000
vn 0.000000 -1.000000 0.000000
vn 0.000000 -1.000000 0.000000
vn 0.000000 -1.000000 0.000000
vn 0.000000 -1.000000 0.000000
vn 0.000000 -1.000000 0.000000
vn 0.000000 -1.000000 0.000000
vn 0.000000 -1.000000 0.000000
vn 0.000000 -1.000000 0.000000
vn 0.000000 -1.000000 0.000000
vn 0.000000 -1.000000 0.000000
vn 0.000000 -1.000000 0.000000
vn 0.000000 -1.000000 0.000000
vn 0.000000 -1.000000 0.000000
vn 0.000000 -1.000000 0.000000
vn 0.000000 -1.000000 0.000000
vn 0.000000 -1.000000 0.000000
vn 0.000000 -1.000000 0.000000
vn 0.000000 -1.000000 0.000000
vn 0.000000 -1.000000 0.000000
vn 0.000000 -1.000000 0.000000
vn 0.000000 -1.000000 0.000000
vn 0.000000 -1.000000 0.000000
vn 0.000000 -1.000000 0.000000
vn 0.000000 -1.000000 0.000000
vn 0.000000 -1.000000 0.000000
vn 0.000000 -1.000000 0.000000
vn 0.000000 -1.000000 0.000000
vn 0.000000 -1.000000 0.000000
vn 0.000000 -1.000000 0.000000
vn 0.000000 -1.000000 0.000000
vn 0.000000 -1.000000 0.000000
vn 0.000000 -1.000000 0.000000
vn 0.000000 -1.000000 0.000000
vn 0.000000 -1.000000 0.000000
vn 0.000000 -1.000000 0.000000
vn 0.000000 -1.000000 0.000000
vn 0.000000 -1.000000 0.000000
vn 0.000000 -1.000000 0.000000
vn 0.000000 -1.000000 0.000000
vn 0.000000 -1.000000 0.000000
vn 0.000000 -1.000000 0.000000
vn 0.000000 -1.000000 0.000000
vn 0.000000 -1.000000 0.000000
vn 0.000000 -1.000000 0.000000
vn 0.000000 -1.000000 0.000000
vn 0.000000 -1.000000 0.000000
vn 0.000000 -1.000000 0.000000
vn 0.000000 0.992505 0.122201
vn 0.000000 0.992505 0.122201
vn 0.000000 0.765518 0.643415
vn 0.000000 0.765518 0.643415
vn 0.000000 0.992505 0.122201
vn 0.000000 0.765518 0.643415
vn 0.000000 0.765469 0.643473
vn 0.000000 0.992493 0.122299
vn 0.000000 0.992505 0.122201
vn 0.000000 0.992493 0.122299
vn 0.000000 1.000000 0.000000
vn 0.000000 1.000000 0.000000
vn 0.000000 0.992505 0.122201
vn 0.000000 1.000000 0.000000
vn 0.000000 1.000000 0.000000
vn 0.000000 0.992505 0.122201
vn 0.000000 -1.000000 0.000000
vn 0.000000 -1.000000 0.000000
vn 0.000000 -1.000000 0.000000
vn 0.000000 -1.000000 0.000000
vn 0.000000 -1.000000 0.000000
vn 0.000000 -1.000000 0.000000
vn 0.000000 -1.000000 0.000000
vn 0.000000 -1.000000 0.000000
vn 0.000000 -1.000000 0.000000
vn 0.000000 -1.000000 0.000000
vn 0.000000 -1.000000 0.000000
vn 0.000000 -1.000000 0.000000
vn 0.000000 -1.000000 0.000000
vn 0.000000 -1.000000 0.000000
vn 0.000000 -1.000000 0.000000
vn 0.000000 -1.000000 0.000000
vn 0.000000 1.000000 0.000000
vn 0.000000 1.000000 0.000000
vn 0.000000 1.000000 0.000000
vn 0.000000 1.000000 0.000000
vn 0.000000 1.000000 0.000000
vn 0.000000 1.000000 0.000000
vn 0.000000 1.000000 0.000000
vn 0.000000 1.000000 0.000000
vn 0.000000 1.000000 0.000000
vn 0.000000 1.000000 0.000000
vn 0.000000 1.000000 0.000000
vn 0.000000 1.000000 0.000000
vn 0.000000 1.000000 0.000000
vn 0.000000 1.000000 0.000000
vn 0.000000 1.000000 0.000000
vn 0.000000 1.000000 0.000000
vn 0.000000 -1.000000 0.000000
vn 0.000000 -1.000000 0.000000
vn 0.000000 -1.000000 0.000000
vn 0.000000 -1.000000 0.000000
vn 0.000000 -1.000000 0.000000
vn 0.000000 -1.000000 0.000000
vn 0.000000 -1.000000 0.000000
vn 0.000000 -1.000000 0.000000
vn 0.000000 -1.000000 0.000000
vn 0.000000 -1.000000 0.000000
vn 0.000000 -1.000000 0.000000
vn 0.000000 -1.000000 0.000000
vn 0.000000 -1.000000 0.000000
vn 0.000000 -1.000000 0.000000
vn 0.000000 -1.000000 0.000000
vn 0.000000 -1.000000 0.000000
vn 0.000000 -1.000000 0.000000
vn 0.000000 -1.000000 0.000000
vn 0.000000 -1.000000 0.000000
vn 0.000000 -1.000000 0.000000
vn 0.000000 -1.000000 0.000000
vn 0.000000 -1.000000 0.000000
vn 0.000000 -1.000000 0.000000
vn 0.000000 -1.000000 0.000000
vn 0.000000 -1.000000 0.000000
vn 0.000000 -1.000000 0.000000
vn 0.000000 -1.000000 0.000000
vn 0.000000 -1.000000 0.000000
vn 0.000000 -1.000000 0.000000
vn 0.000000 -1.000000 0.000000
vn 0.000000 -1.000000 0.000000
vn 0.000000 -1.000000 0.000000
vn 0.000000 1.000000 0.000000
vn 0.000000 1.000000 0.000000
vn 0.000000 1.000000 0.000000
vn 0.000000 1.000000 0.000000
vn 0.000000 1.000000 0.000000
vn 0.000000 1.000000 0.000000
vn 0.000000 1.000000 0.000000
vn 0.000000 1.000000 0.000000
vn 0.000000 1.000000 0.000000
vn 0.000000 1.000000 0.000000
vn 0.000000 1.000000 0.000000
vn 0.000000 1.000000 0.000000
vn 0.000000 1.000000 0.000000
vn 0.000000 1.000000 0.000000
vn 0.000000 1.000000 0.000000
vn 0.000000 1.000000 0.000000
vn 0.000000 1.000000 0.000000
vn 0.000000 1.000000 0.000000
vn 0.000000 1.000000 0.000000
vn 0.000000 1.000000 0.000000
vn 0.000000 1.000000 0.000000
vn 0.000000 1.000000 0.000000
vn 0.000000 1.000000 0.000000
vn 0.000000 1.000000 0.000000
vn 0.000000 1.000000 0.000000
vn 0.000000 1.000000 0.000000
vn 0.000000 1.000000 0.000000
vn 0.000000 1.000000 0.000000
vn 0.000000 1.000000 0.000000
vn 0.000000 1.000000 0.000000
vn 0.000000 1.000000 0.000000
vn 0.000000 1.000000 0.000000
vn 0.000000 1.000000 0.000000
vn 0.000000 1.000000 0.000000
vn 0.000000 1.000000 0.000000
vn 0.000000 1.000000 0.000000
vn 0.000000 1.000000 0.000000
vn 0.000000 1.000000 0.000000
vn 0.000000 1.000000 0.000000
vn 0.000000 1.000000 0.000000
vn 0.000000 1.000000 0.000000
vn 0.000000 1.000000 0.000000
vn 0.000000 1.000000 0.000000
vn 0.000000 1.000000 0.000000
vn 0.000000 1.000000 0.000000
vn 0.000000 1.000000 0.000000
vn 0.000000 1.000000 0.000000
vn 0.000000 1.000000 0.000000
vn 0.000000 1.000000 0.000000
vn 0.000000 1.000000 0.000000
vn 0.000000 1.000000 0.000000
vn 0.000000 1.000000 0.000000
vn 0.000000 1.000000 0.000000
vn 0.000000 1.000000 0.000000
vn 0.000000 1.000000 0.000000
vn 0.000000 1.000000 0.000000
vn 0.000000 1.000000 0.000000
vn 0.000000 1.000000 0.000000
vn 0.000000 1.000000 0.000000
vn 0.000000 1.000000 0.000000
vn 0.000000 1.000000 0.000000
vn 0.000000 1.000000 0.000000
vn 0.000000 1.000000 0.000000
vn 0.000000 1.000000 0.000000
vn 0.000000 -1.000000 0.000000
vn 0.000000 -1.000000 0.000000
vn 0.000000 -1.000000 0.000000
vn 0.000000 -1.000000 0.000000
vn 0.000000 -1.000000 0.000000
vn 0.000000 -1.000000 0.000000
vn 0.000000 -1.000000 0.000000
vn 0.000000 -1.000000 0.000000
vn 0.000000 -1.000000 0.000000
vn 0.000000 -1.000000 0.000000
vn 0.000000 -1.000000 0.000000
vn 0.000000 -1.000000 0.000000
vn 0.000000 -1.000000 0.000000
vn 0.000000 -1.000000 0.000000
vn 0.000000 -1.000000 0.000000
vn 0.000000 -1.000000 0.000000
vn 0.000000 -1.000000 0.000000
vn 0.000000 -1.000000 0.000000
vn 0.000000 -1.000000 0.000000
vn 0.000000 -1.000000 0.000000
vn 0.000000 -1.000000 0.000000
vn 0.000000 -1.000000 0.000000
vn 0.000000 -1.000000 0.000000
vn 0.000000 -1.000000 0.000000
vn 0.000000 -1.000000 0.000000
vn 0.000000 -1.000000 0.000000
vn 0.000000 -1.000000 0.000000
vn 0.000000 -1.000000 0.000000
vn 0.000000 -1.000000 0.000000
vn 0.000000 -1.000000 0.000000
vn 0.000000 -1.000000 0.000000
vn 0.000000 -1.000000 0.000000
vn 0.000000 1.000000 0.000000
vn 0.000000 1.000000 0.000000
vn 0.000000 1.000000 0.000000
vn 0.000000 1.000000 0.000000
vn 0.000000 1.000000 0.000000
vn 0.000000 1.000000 0.000000
vn 0.000000 1.000000 0.000000
vn 0.000000 1.000000 0.000000
vn 0.000000 1.000000 0.000000
vn 0.000000 1.000000 0.000000
vn 0.000000 1.000000 0.000000
vn 0.000000 1.000000 0.000000
vn 0.000000 1.000000 0.000000
vn 0.000000 1.000000 0.000000
vn 0.000000 1.000000 0.000000
vn 0.000000 1.000000 0.000000
vn 0.000000 1.000000 0.000000
vn 0.000000 1.000000 0.000000
vn 0.000000 1.000000 0.000000
vn 0.000000 1.000000 0.000000
vn 0.000000 1.000000 0.000000
vn 0.000000 1.000000 0.000000
vn 0.000000 1.000000 0.000000
vn 0.000000 1.000000 0.000000
vn 0.000000 1.000000 0.000000
vn 0.000000 1.000000 0.000000
vn 0.000000 1.000000 0.000000
vn 0.000000 1.000000 0.000000
vn 0.000000 1.000000 0.000000
vn 0.000000 1.000000 0.000000
vn 0.000000 1.000000 0.000000
vn 0.000000 1.000000 0.000000
vn 0.993730 -0.089203 -0.067402
vn 0.836194 -0.539296 -0.099699
vn 0.816815 -0.463409 -0.343606
vn 0.871612 -0.144202 -0.468506
vn 0.993730 -0.089203 -0.067402
vn 0.871612 -0.144202 -0.468506
vn 0.885516 0.000000 -0.464609
vn 0.998082 0.000000 -0.061899
vn 0.993730 -0.089203 -0.067402
vn 0.998082 0.000000 -0.061899
vn 1.000000 0.000000 0.000000
vn 0.996649 -0.081804 0.000000
vn 0.993730 -0.089203 -0.067402
vn 0.996649 -0.081804 0.000000
vn 0.841061 -0.540940 0.000000
vn 0.836194 -0.539296 -0.099699
vn -0.998492 -0.054900 0.000000
vn -0.902303 -0.431102 0.000000
vn -0.902303 -0.431102 0.000000
vn -0.998492 -0.054900 0.000000
vn -0.998492 -0.054900 0.000000
vn -0.998492 -0.054900 0.000000
vn -1.000000 0.000000 0.000000
vn -1.000000 0.000000 0.000000
vn -0.998492 -0.054900 0.000000
vn -1.000000 0.000000 0.000000
vn -1.000000 0.000000 0.000000
vn -0.998492 -0.054900 0.000000
vn -0.998492 -0.054900 0.000000
vn -0.998492 -0.054900 0.000000
vn -0.902303 -0.431102 0.000000
vn -0.902303 -0.431102 0.000000
vn -1.000000 0.000000 0.000000
vn -1.000000 0.000000 0.000000
vn -1.000000 0.000000 0.000000
vn -1.000000 0.000000 0.000000
vn -1.000000 0.000000 0.000000
vn -1.000000 0.000000 0.000000
vn -1.000000 0.000000 0.000000
vn -1.000000 0.000000 0.000000
vn -1.000000 0.000000 0.000000
vn -1.000000 0.000000 0.000000
vn -1.000000 0.000000 0.000000
vn -1.000000 0.000000 0.000000
vn -1.000000 0.000000 0.000000
vn -1.000000 0.000000 0.000000
vn -1.000000 0.000000 0.000000
vn -1.000000 0.000000 0.000000
vn 0.998082 0.000000 -0.061899
vn 0.998082 0.000000 -0.061899
vn 0.885516 0.000000 -0.464609
vn 0.885516 0.000000 -0.464609
vn 0.998082 0.000000 -0.061899
vn 0.885516 0.000000 -0.464609
vn 0.885516 0.000000 -0.464609
vn 0.998082 0.000000 -0.061899
vn 0.998082 0.000000 -0.061899
vn 0.998082 0.000000 -0.061899
vn 1.000000 0.000000 0.000000
vn 1.000000 0.000000 0.000000
vn 0.998082 0.000000 -0.061899
vn 1.000000 0.000000 0.000000
vn 1.000000 0.000000 0.000000
vn 0.998082 0.000000 -0.061899
vn 0.000000 0.995097 -0.098900
vn 0.000000 0.995097 -0.098900
vn 0.000000 0.806894 -0.590696
vn 0.000000 0.806894 -0.590696
vn 0.000000 0.995097 -0.098900
vn 0.000000 0.806894 -0.590696
vn 0.000000 0.806894 -0.590696
vn 0.000000 0.995097 -0.098900
vn 0.000000 0.995097 -0.098900
vn 0.000000 0.995097 -0.098900
vn 0.000000 1.000000 0.000000
vn 0.000000 1.000000 0.000000
vn 0.000000 0.995097 -0.098900
vn 0.000000 1.000000 0.000000
vn 0.000000 1.000000 0.000000
vn 0.000000 0.995097 -0.098900
vn 0.000000 0.995097 -0.098900
vn 0.000000 0.995097 -0.098900
vn 0.000000 0.806894 -0.590696
vn 0.000000 0.806894 -0.590696
vn 0.000000 0.995097 -0.098900
vn 0.000000 0.806894 -0.590696
vn 0.000000 0.806894 -0.590696
vn 0.000000 0.995097 -0.098900
vn 0.000000 0.995097 -0.098900
vn 0.000000 0.995097 -0.098900
vn 0.000000 1.000000 0.000000
vn 0.000000 1.000000 0.000000
vn 0.000000 0.995097 -0.098900
vn 0.000000 1.000000 0.000000
vn 0.000000 1.000000 0.000000
vn 0.000000 0.995097 -0.098900
vn 0.000000 -0.992443 -0.122705
vn 0.000000 -0.992443 -0.122705
vn 0.000000 -0.764784 -0.644287
vn 0.000000 -0.764784 -0.644287
vn 0.000000 -0.992443 -0.122705
vn 0.000000 -0.764784 -0.644287
vn 0.000000 -0.764784 -0.644287
vn 0.000000 -0.992443 -0.122705
vn 0.000000 -0.992443 -0.122705
vn 0.000000 -0.992443 -0.122705
vn 0.000000 -1.000000 0.000000
vn 0.000000 -1.000000 0.000000
vn 0.000000 -0.992443 -0.122705
vn 0.000000 -1.000000 0.000000
vn 0.000000 -1.000000 0.000000
vn 0.000000 -0.992443 -0.122705
vn 0.000000 -0.992443 -0.122705
vn 0.000000 -0.992443 -0.122705
vn 0.000000 -0.764784 -0.644287
vn 0.000000 -0.764784 -0.644287
vn 0.000000 -0.992443 -0.122705
vn 0.000000 -0.764784 -0.644287
vn 0.000000 -0.764784 -0.644287
vn 0.000000 -0.992443 -0.122705
vn 0.000000 -0.992443 -0.122705
vn 0.000000 -0.992443 -0.122705
vn 0.000000 -1.000000 0.000000
vn 0.000000 -1.000000 0.000000
vn 0.000000 -0.992443 -0.122705
vn 0.000000 -1.000000 0.000000
vn 0.000000 -1.000000 0.000000
vn 0.000000 -0.992443 -0.122705
vn 0.000000 -0.992443 -0.122705
vn 0.000000 -0.992443 -0.122705
vn 0.000000 -0.764784 -0.644287
vn 0.000000 -0.764784 -0.644287
vn 0.000000 -0.992443 -0.122705
vn 0.000000 -0.764784 -0.644287
vn 0.000000 -0.764784 -0.644287
vn 0.000000 -0.992443 -0.122705
vn 0.000000 -0.992443 -0.122705
vn 0.000000 -0.992443 -0.122705
vn 0.000000 -1.000000 0.000000
vn 0.000000 -1.000000 0.000000
vn 0.000000 -0.992443 -0.122705
vn 0.000000 -1.000000 0.000000
vn 0.000000 -1.000000 0.000000
vn 0.000000 -0.992443 -0.122705
vn 0.257206 0.961022 -0.101402
vn 0.798424 0.595118 -0.091403
vn 0.781111 0.537108 -0.318404
vn 0.313608 0.757320 -0.572815
vn 0.257206 0.961022 -0.101402
vn 0.313608 0.757320 -0.572815
vn 0.000000 0.806894 -0.590696
vn 0.000000 0.995097 -0.098900
vn 0.257206 0.961022 -0.101402
vn 0.000000 0.995097 -0.098900
vn 0.000000 1.000000 0.000000
vn 0.244112 0.969747 0.000000
vn 0.257206 0.961022 -0.101402
vn 0.244112 0.969747 0.000000
vn 0.801629 0.597822 0.000000
vn 0.798424 0.595118 -0.091403
vn -0.390804 -0.913110 -0.116201
vn -0.899931 -0.429215 -0.076803
vn -0.895866 -0.360226 -0.260119
vn -0.411114 -0.691724 -0.593720
vn -0.390804 -0.913110 -0.116201
vn -0.411114 -0.691724 -0.593720
vn 0.000000 -0.764784 -0.644287
vn 0.000000 -0.992443 -0.122705
vn -0.390804 -0.913110 -0.116201
vn 0.000000 -0.992443 -0.122705
vn 0.000000 -1.000000 0.000000
vn -0.384424 -0.923157 0.000000
vn -0.390804 -0.913110 -0.116201
vn -0.384424 -0.923157 0.000000
vn -0.902303 -0.431102 0.000000
vn -0.899931 -0.429215 -0.076803
vn 0.000000 0.995097 -0.098900
vn 0.000000 0.995097 -0.098900
vn 0.000000 0.806894 -0.590696
vn 0.000000 0.806894 -0.590696
vn 0.000000 0.995097 -0.098900
vn 0.000000 0.806894 -0.590696
vn 0.000000 0.806894 -0.590696
vn 0.000000 0.995097 -0.098900
vn 0.000000 0.995097 -0.098900
vn 0.000000 0.995097 -0.098900
vn 0.000000 1.000000 0.000000
vn 0.000000 1.000000 0.000000
vn 0.000000 0.995097 -0.098900
vn 0.000000 1.000000 0.000000
vn 0.000000 1.000000 0.000000
vn 0.000000 0.995097 -0.098900
vn -0.344523 0.933763 -0.096907
vn 0.000000 0.995097 -0.098900
vn 0.000000 0.806894 -0.590696
vn -0.392685 0.733271 -0.555078
vn -0.344523 0.933763 -0.096907
vn -0.392685 0.733271 -0.555078
vn -0.869040 0.430720 -0.243411
vn -0.869434 0.488819 -0.071703
vn -0.344523 0.933763 -0.096907
vn -0.869434 0.488819 -0.071703
vn -0.870462 0.492235 0.000000
vn -0.332710 0.943029 0.000000
vn -0.344523 0.933763 -0.096907
vn -0.332710 0.943029 0.000000
vn 0.000000 1.000000 0.000000
vn 0.000000 0.995097 -0.098900
vn 0.302005 -0.945416 -0.122402
vn 0.000000 -0.992443 -0.122705
vn 0.000000 -0.764784 -0.644287
vn 0.334813 -0.714927 -0.613823
vn 0.302005 -0.945416 -0.122402
vn 0.334813 -0.714927 -0.613823
vn 0.816815 -0.463409 -0.343606
vn 0.836194 -0.539296 -0.099699
vn 0.302005 -0.945416 -0.122402
vn 0.836194 -0.539296 -0.099699
vn 0.841061 -0.540940 0.000000
vn 0.291492 -0.956573 0.000000
vn 0.302005 -0.945416 -0.122402
vn 0.291492 -0.956573 0.000000
vn 0.000000 -1.000000 0.000000
vn 0.000000 -0.992443 -0.122705
vn 0.991604 0.110600 -0.067000
vn 0.998082 0.000000 -0.061899
vn 0.885516 0.000000 -0.464609
vn 0.864809 0.176902 -0.469905
vn 0.991604 0.110600 -0.067000
vn 0.864809 0.176902 -0.469905
vn 0.781111 0.537108 -0.318404
vn 0.798424 0.595118 -0.091403
vn 0.991604 0.110600 -0.067000
vn 0.798424 0.595118 -0.091403
vn 0.801629 0.597822 0.000000
vn 0.994815 0.101702 0.000000
vn 0.991604 0.110600 -0.067000
vn 0.994815 0.101702 0.000000
vn 1.000000 0.000000 0.000000
vn 0.998082 0.000000 -0.061899
vn -0.997651 0.068497 0.000000
vn -1.000000 0.000000 0.000000
vn -1.000000 0.000000 0.000000
vn -0.997651 0.068497 0.000000
vn -0.997651 0.068497 0.000000
vn -0.997651 0.068497 0.000000
vn -0.870462 0.492235 0.000000
vn -0.870462 0.492235 0.000000
vn -0.997651 0.068497 0.000000
vn -0.870462 0.492235 0.000000
vn -0.870462 0.492235 0.000000
vn -0.997651 0.068497 0.000000
vn -0.997651 0.068497 0.000000
vn -0.997651 0.068497 0.000000
vn -1.000000 0.000000 0.000000
vn -1.000000 0.000000 0.000000
vn -0.996344 0.075003 0.040902
vn -0.999300 0.000000 0.037400
vn -0.944669 0.000000 0.328024
vn -0.930489 0.140913 0.338132
vn -0.996344 0.075003 0.040902
vn -0.930489 0.140913 0.338132
vn -0.873314 0.435707 0.217903
vn -0.870530 0.487817 0.064902
vn -0.996344 0.075003 0.040902
vn -0.870530 0.487817 0.064902
vn -0.870462 0.492235 0.000000
vn -0.997651 0.068497 0.000000
vn -0.996344 0.075003 0.040902
vn -0.997651 0.068497 0.000000
vn -1.000000 0.000000 0.000000
vn -0.999300 0.000000 0.037400
vn -0.999300 0.000000 0.037400
vn -0.999300 0.000000 0.037400
vn -0.944669 0.000000 0.328024
vn -0.944669 0.000000 0.328024
vn -0.999300 0.000000 0.037400
vn -0.944669 0.000000 0.328024
vn -0.944669 0.000000 0.328024
vn -0.999300 0.000000 0.037400
vn -0.999300 0.000000 0.037400
vn -0.999300 0.000000 0.037400
vn -1.000000 0.000000 0.000000
vn -1.000000 0.000000 0.000000
vn -0.999300 0.000000 0.037400
vn -1.000000 0.000000 0.000000
vn -1.000000 0.000000 0.000000
vn -0.999300 0.000000 0.037400
vn -0.997344 -0.060203 0.041002
vn -0.901108 -0.428004 0.069401
vn -0.900924 -0.365610 0.233806
vn -0.935426 -0.112903 0.335009
vn -0.997344 -0.060203 0.041002
vn -0.935426 -0.112903 0.335009
vn -0.944669 0.000000 0.328024
vn -0.999300 0.000000 0.037400
vn -0.997344 -0.060203 0.041002
vn -0.999300 0.000000 0.037400
vn -1.000000 0.000000 0.000000
vn -0.998492 -0.054900 0.000000
vn -0.997344 -0.060203 0.041002
vn -0.998492 -0.054900 0.000000
vn -0.902342 -0.431020 0.000000
vn -0.901108 -0.428004 0.069401
vn 0.996649 -0.081804 0.000000
vn 0.841091 -0.540894 0.000000
vn 0.841091 -0.540894 0.000000
vn 0.996640 -0.081903 0.000000
vn 0.996649 -0.081804 0.000000
vn 0.996640 -0.081903 0.000000
vn 1.000000 0.000000 0.000000
vn 1.000000 0.000000 0.000000
vn 0.996649 -0.081804 0.000000
vn 1.000000 0.000000 0.000000
vn 1.000000 0.000000 0.000000
vn 0.996649 -0.081804 0.000000
vn 0.996649 -0.081804 0.000000
vn 0.996649 -0.081804 0.000000
vn 0.841091 -0.540894 0.000000
vn 0.841091 -0.540894 0.000000
vn 1.000000 0.000000 0.000000
vn 1.000000 0.000000 0.000000
vn 1.000000 0.000000 0.000000
vn 1.000000 0.000000 0.000000
vn 1.000000 0.000000 0.000000
vn 1.000000 0.000000 0.000000
vn 1.000000 0.000000 0.000000
vn 1.000000 0.000000 0.000000
vn 1.000000 0.000000 0.000000
vn 1.000000 0.000000 0.000000
vn 1.000000 0.000000 0.000000
vn 1.000000 0.000000 0.000000
vn 1.000000 0.000000 0.000000
vn 1.000000 0.000000 0.000000
vn 1.000000 0.000000 0.000000
vn 1.000000 0.000000 0.000000
vn 0.000000 1.000000 0.000000
vn 0.000000 1.000000 0.000000
vn 0.000000 1.000000 0.000000
vn 0.000000 1.000000 0.000000
vn 0.000000 1.000000 0.000000
vn 0.000000 1.000000 0.000000
vn 0.000000 1.000000 0.000000
vn 0.000000 1.000000 0.000000
vn 0.000000 1.000000 0.000000
vn 0.000000 1.000000 0.000000
vn 0.000000 1.000000 0.000000
vn 0.000000 1.000000 0.000000
vn 0.000000 1.000000 0.000000
vn 0.000000 1.000000 0.000000
vn 0.000000 1.000000 0.000000
vn 0.000000 1.000000 0.000000
vn 0.000000 1.000000 0.000000
vn 0.000000 1.000000 0.000000
vn 0.000000 1.000000 0.000000
vn 0.000000 1.000000 0.000000
vn 0.000000 1.000000 0.000000
vn 0.000000 1.000000 0.000000
vn 0.000000 1.000000 0.000000
vn 0.000000 1.000000 0.000000
vn 0.000000 1.000000 0.000000
vn 0.000000 1.000000 0.000000
vn 0.000000 1.000000 0.000000
vn 0.000000 1.000000 0.000000
vn 0.000000 1.000000 0.000000
vn 0.000000 1.000000 0.000000
vn 0.000000 1.000000 0.000000
vn 0.000000 1.000000 0.000000
vn 0.000000 -1.000000 0.000000
vn 0.000000 -1.000000 0.000000
vn 0.000000 -1.000000 0.000000
vn 0.000000 -1.000000 0.000000
vn 0.000000 -1.000000 0.000000
vn 0.000000 -1.000000 0.000000
vn 0.000000 -1.000000 0.000000
vn 0.000000 -1.000000 0.000000
vn 0.000000 -1.000000 0.000000
vn 0.000000 -1.000000 0.000000
vn 0.000000 -1.000000 0.000000
vn 0.000000 -1.000000 0.000000
vn 0.000000 -1.000000 0.000000
vn 0.000000 -1.000000 0.000000
vn 0.000000 -1.000000 0.000000
vn 0.000000 -1.000000 0.000000
vn 0.000000 -1.000000 0.000000
vn 0.000000 -1.000000 0.000000
vn 0.000000 -1.000000 0.000000
vn 0.000000 -1.000000 0.000000
vn 0.000000 -1.000000 0.000000
vn 0.000000 -1.000000 0.000000
vn 0.000000 -1.000000 0.000000
vn 0.000000 -1.000000 0.000000
vn 0.000000 -1.000000 0.000000
vn 0.000000 -1.000000 0.000000
vn 0.000000 -1.000000 0.000000
vn 0.000000 -1.000000 0.000000
vn 0.000000 -1.000000 0.000000
vn 0.000000 -1.000000 0.000000
vn 0.000000 -1.000000 0.000000
vn 0.000000 -1.000000 0.000000
vn 0.000000 -1.000000 0.000000
vn 0.000000 -1.000000 0.000000
vn 0.000000 -1.000000 0.000000
vn 0.000000 -1.000000 0.000000
vn 0.000000 -1.000000 0.000000
vn 0.000000 -1.000000 0.000000
vn 0.000000 -1.000000 0.000000
vn 0.000000 -1.000000 0.000000
vn 0.000000 -1.000000 0.000000
vn 0.000000 -1.000000 0.000000
vn 0.000000 -1.000000 0.000000
vn 0.000000 -1.000000 0.000000
vn 0.000000 -1.000000 0.000000
vn 0.000000 -1.000000 0.000000
vn 0.000000 -1.000000 0.000000
vn 0.000000 -1.000000 0.000000
vn 0.244112 0.969747 0.000000
vn 0.801665 0.597774 0.000000
vn 0.801629 0.597822 0.000000
vn 0.244112 0.969747 0.000000
vn 0.244112 0.969747 0.000000
vn 0.244112 0.969747 0.000000
vn 0.000000 1.000000 0.000000
vn 0.000000 1.000000 0.000000
vn 0.244112 0.969747 0.000000
vn 0.000000 1.000000 0.000000
vn 0.000000 1.000000 0.000000
vn 0.244112 0.969747 0.000000
vn 0.244112 0.969747 0.000000
vn 0.244112 0.969747 0.000000
vn 0.801665 0.597774 0.000000
vn 0.801665 0.597774 0.000000
vn -0.384509 -0.923121 0.000000
vn -0.902303 -0.431102 0.000000
vn -0.902342 -0.431020 0.000000
vn -0.384509 -0.923121 0.000000
vn -0.384509 -0.923121 0.000000
vn -0.384509 -0.923121 0.000000
vn 0.000000 -1.000000 0.000000
vn 0.000000 -1.000000 0.000000
vn -0.384509 -0.923121 0.000000
vn 0.000000 -1.000000 0.000000
vn 0.000000 -1.000000 0.000000
vn -0.384509 -0.923121 0.000000
vn -0.384509 -0.923121 0.000000
vn -0.384509 -0.923121 0.000000
vn -0.902342 -0.431020 0.000000
vn -0.902303 -0.431102 0.000000
vn 0.000000 1.000000 0.000000
vn 0.000000 1.000000 0.000000
vn 0.000000 1.000000 0.000000
vn 0.000000 1.000000 0.000000
vn 0.000000 1.000000 0.000000
vn 0.000000 1.000000 0.000000
vn 0.000000 1.000000 0.000000
vn 0.000000 1.000000 0.000000
vn 0.000000 1.000000 0.000000
vn 0.000000 1.000000 0.000000
vn 0.000000 1.000000 0.000000
vn 0.000000 1.000000 0.000000
vn 0.000000 1.000000 0.000000
vn 0.000000 1.000000 0.000000
vn 0.000000 1.000000 0.000000
vn 0.000000 1.000000 0.000000
vn -0.332799 0.942998 0.000000
vn 0.000000 1.000000 0.000000
vn 0.000000 1.000000 0.000000
vn -0.332799 0.942998 0.000000
vn -0.332799 0.942998 0.000000
vn -0.332799 0.942998 0.000000
vn -0.870486 0.492192 0.000000
vn -0.870462 0.492235 0.000000
vn -0.332799 0.942998 0.000000
vn -0.870462 0.492235 0.000000
vn -0.870462 0.492235 0.000000
vn -0.332799 0.942998 0.000000
vn -0.332799 0.942998 0.000000
vn -0.332799 0.942998 0.000000
vn 0.000000 1.000000 0.000000
vn 0.000000 1.000000 0.000000
vn 0.291520 -0.956565 0.000000
vn 0.000000 -1.000000 0.000000
vn 0.000000 -1.000000 0.000000
vn 0.291492 -0.956573 0.000000
vn 0.291520 -0.956565 0.000000
vn 0.291492 -0.956573 0.000000
vn 0.841091 -0.540894 0.000000
vn 0.841091 -0.540894 0.000000
vn 0.291520 -0.956565 0.000000
vn 0.841091 -0.540894 0.000000
vn 0.841091 -0.540894 0.000000
vn 0.291520 -0.956565 0.000000
vn 0.291520 -0.956565 0.000000
vn 0.291520 -0.956565 0.000000
vn 0.000000 -1.000000 0.000000
vn 0.000000 -1.000000 0.000000
vn 0.994815 0.101702 0.000000
vn 1.000000 0.000000 0.000000
vn 1.000000 0.000000 0.000000
vn 0.994815 0.101702 0.000000
vn 0.994815 0.101702 0.000000
vn 0.994815 0.101702 0.000000
vn 0.801629 0.597822 0.000000
vn 0.801665 0.597774 0.000000
vn 0.994815 0.101702 0.000000
vn 0.801665 0.597774 0.000000
vn 0.801665 0.597774 0.000000
vn 0.994815 0.101702 0.000000
vn 0.994815 0.101702 0.000000
vn 0.994815 0.101702 0.000000
vn 1.000000 0.000000 0.000000
vn 1.000000 0.000000 0.000000
vn 0.994815 0.101702 0.000000
vn 1.000000 0.000000 0.000000
vn 1.000000 0.000000 0.000000
vn 0.994815 0.101702 0.000000
vn 0.994815 0.101702 0.000000
vn 0.994815 0.101702 0.000000
vn 0.801629 0.597822 0.000000
vn 0.801629 0.597822 0.000000
vn 0.994815 0.101702 0.000000
vn 0.801629 0.597822 0.000000
vn 0.801629 0.597822 0.000000
vn 0.994815 0.101702 0.000000
vn 0.994815 0.101702 0.000000
vn 0.994815 0.101702 0.000000
vn 1.000000 0.000000 0.000000
vn 1.000000 0.000000 0.000000
vn 0.994815 0.101702 0.000000
vn 1.000000 0.000000 0.000000
vn 1.000000 0.000000 0.000000
vn 0.994815 0.101702 0.000000
vn 0.994815 0.101702 0.000000
vn 0.994815 0.101702 0.000000
vn 0.801629 0.597822 0.000000
vn 0.801629 0.597822 0.000000
vn 0.994815 0.101702 0.000000
vn 0.801629 0.597822 0.000000
vn 0.801629 0.597822 0.000000
vn 0.994815 0.101702 0.000000
vn 0.994815 0.101702 0.000000
vn 0.994815 0.101702 0.000000
vn 1.000000 0.000000 0.000000
vn 1.000000 0.000000 0.000000
vn 0.291492 -0.956573 0.000000
vn 0.000000 -1.000000 0.000000
vn 0.000000 -1.000000 0.000000
vn 0.291492 -0.956573 0.000000
vn 0.291492 -0.956573 0.000000
vn 0.291492 -0.956573 0.000000
vn 0.841061 -0.540940 0.000000
vn 0.841091 -0.540894 0.000000
vn 0.291492 -0.956573 0.000000
vn 0.841091 -0.540894 0.000000
vn 0.841091 -0.540894 0.000000
vn 0.291492 -0.956573 0.000000
vn 0.291492 -0.956573 0.000000
vn 0.291492 -0.956573 0.000000
vn 0.000000 -1.000000 0.000000
vn 0.000000 -1.000000 0.000000
vn 0.291492 -0.956573 0.000000
vn 0.000000 -1.000000 0.000000
vn 0.000000 -1.000000 0.000000
vn 0.291492 -0.956573 0.000000
vn 0.291492 -0.956573 0.000000
vn 0.291492 -0.956573 0.000000
vn 0.841091 -0.540894 0.000000
vn 0.841061 -0.540940 0.000000
vn 0.291492 -0.956573 0.000000
vn 0.841061 -0.540940 0.000000
vn 0.841091 -0.540894 0.000000
vn 0.291492 -0.956573 0.000000
vn 0.291492 -0.956573 0.000000
vn 0.291492 -0.956573 0.000000
vn 0.000000 -1.000000 0.000000
vn 0.000000 -1.000000 0.000000
vn -0.332799 0.942998 0.000000
vn 0.000000 1.000000 0.000000
vn 0.000000 1.000000 0.000000
vn -0.332710 0.943029 0.000000
vn -0.332799 0.942998 0.000000
vn -0.332710 0.943029 0.000000
vn -0.870462 0.492235 0.000000
vn -0.870462 0.492235 0.000000
vn -0.332799 0.942998 0.000000
vn -0.870462 0.492235 0.000000
vn -0.870462 0.492235 0.000000
vn -0.332799 0.942998 0.000000
vn -0.332799 0.942998 0.000000
vn -0.332799 0.942998 0.000000
vn 0.000000 1.000000 0.000000
vn 0.000000 1.000000 0.000000
vn -0.332799 0.942998 0.000000
vn 0.000000 1.000000 0.000000
vn 0.000000 1.000000 0.000000
vn -0.332799 0.942998 0.000000
vn -0.332799 0.942998 0.000000
vn -0.332799 0.942998 0.000000
vn -0.870462 0.492235 0.000000
vn -0.870462 0.492235 0.000000
vn -0.332799 0.942998 0.000000
vn -0.870462 0.492235 0.000000
vn -0.870486 0.492192 0.000000
vn -0.332799 0.942998 0.000000
vn -0.332799 0.942998 0.000000
vn -0.332799 0.942998 0.000000
vn 0.000000 1.000000 0.000000
vn 0.000000 1.000000 0.000000
vn 0.000000 1.000000 0.000000
vn 0.000000 1.000000 0.000000
vn 0.000000 1.000000 0.000000
vn 0.000000 1.000000 0.000000
vn 0.000000 1.000000 0.000000
vn 0.000000 1.000000 0.000000
vn 0.000000 1.000000 0.000000
vn 0.000000 1.000000 0.000000
vn 0.000000 1.000000 0.000000
vn 0.000000 1.000000 0.000000
vn 0.000000 1.000000 0.000000
vn 0.000000 1.000000 0.000000
vn 0.000000 1.000000 0.000000
vn 0.000000 1.000000 0.000000
vn 0.000000 1.000000 0.000000
vn 0.000000 1.000000 0.000000
vn 0.000000 1.000000 0.000000
vn 0.000000 1.000000 0.000000
vn 0.000000 1.000000 0.000000
vn 0.000000 1.000000 0.000000
vn 0.000000 1.000000 0.000000
vn 0.000000 1.000000 0.000000
vn 0.000000 1.000000 0.000000
vn 0.000000 1.000000 0.000000
vn 0.000000 1.000000 0.000000
vn 0.000000 1.000000 0.000000
vn 0.000000 1.000000 0.000000
vn 0.000000 1.000000 0.000000
vn 0.000000 1.000000 0.000000
vn 0.000000 1.000000 0.000000
vn 0.000000 1.000000 0.000000
vn 0.000000 1.000000 0.000000
vn -0.384424 -0.923157 0.000000
vn -0.902303 -0.431102 0.000000
vn -0.902303 -0.431102 0.000000
vn -0.384424 -0.923157 0.000000
vn -0.384424 -0.923157 0.000000
vn -0.384424 -0.923157 0.000000
vn 0.000000 -1.000000 0.000000
vn 0.000000 -1.000000 0.000000
vn -0.384424 -0.923157 0.000000
vn 0.000000 -1.000000 0.000000
vn 0.000000 -1.000000 0.000000
vn -0.384424 -0.923157 0.000000
vn -0.384424 -0.923157 0.000000
vn -0.384424 -0.923157 0.000000
vn -0.902303 -0.431102 0.000000
vn -0.902303 -0.431102 0.000000
vn -0.384509 -0.923121 0.000000
vn -0.902342 -0.431020 0.000000
vn -0.902303 -0.431102 0.000000
vn -0.384424 -0.923157 0.000000
vn -0.384509 -0.923121 0.000000
vn -0.384424 -0.923157 0.000000
vn 0.000000 -1.000000 0.000000
vn 0.000000 -1.000000 0.000000
vn -0.384509 -0.923121 0.000000
vn 0.000000 -1.000000 0.000000
vn 0.000000 -1.000000 0.000000
vn -0.384509 -0.923121 0.000000
vn -0.384509 -0.923121 0.000000
vn -0.384509 -0.923121 0.000000
vn -0.902342 -0.431020 0.000000
vn -0.902342 -0.431020 0.000000
vn 0.000000 1.000000 0.000000
vn 0.000000 1.000000 0.000000
vn 0.000000 1.000000 0.000000
vn 0.000000 1.000000 0.000000
vn 0.000000 1.000000 0.000000
vn 0.000000 1.000000 0.000000
vn 0.000000 1.000000 0.000000
vn 0.000000 1.000000 0.000000
vn 0.000000 1.000000 0.000000
vn 0.000000 1.000000 0.000000
vn 0.000000 1.000000 0.000000
vn 0.000000 1.000000 0.000000
vn 0.000000 1.000000 0.000000
vn 0.000000 1.000000 0.000000
vn 0.000000 1.000000 0.000000
vn 0.000000 1.000000 0.000000
vn 0.244112 0.969747 0.000000
vn 0.801629 0.597822 0.000000
vn 0.801629 0.597822 0.000000
vn 0.244112 0.969747 0.000000
vn 0.244112 0.969747 0.000000
vn 0.244112 0.969747 0.000000
vn 0.000000 1.000000 0.000000
vn 0.000000 1.000000 0.000000
vn 0.244112 0.969747 0.000000
vn 0.000000 1.000000 0.000000
vn 0.000000 1.000000 0.000000
vn 0.244112 0.969747 0.000000
vn 0.244112 0.969747 0.000000
vn 0.244112 0.969747 0.000000
vn 0.801629 0.597822 0.000000
vn 0.801629 0.597822 0.000000
vn 0.244112 0.969747 0.000000
vn 0.801629 0.597822 0.000000
vn 0.801629 0.597822 0.000000
vn 0.244112 0.969747 0.000000
vn 0.244112 0.969747 0.000000
vn 0.244112 0.969747 0.000000
vn 0.000000 1.000000 0.000000
vn 0.000000 1.000000 0.000000
vn 0.244112 0.969747 0.000000
vn 0.000000 1.000000 0.000000
vn 0.000000 1.000000 0.000000
vn 0.244112 0.969747 0.000000
vn 0.244112 0.969747 0.000000
vn 0.244112 0.969747 0.000000
vn 0.801629 0.597822 0.000000
vn 0.801629 0.597822 0.000000
vn 0.000000 -1.000000 0.000000
vn 0.000000 -1.000000 0.000000
vn 0.000000 -1.000000 0.000000
vn 0.000000 -1.000000 0.000000
vn 0.000000 -1.000000 0.000000
vn 0.000000 -1.000000 0.000000
vn 0.000000 -1.000000 0.000000
vn 0.000000 -1.000000 0.000000
vn 0.000000 -1.000000 0.000000
vn 0.000000 -1.000000 0.000000
vn 0.000000 -1.000000 0.000000
vn 0.000000 -1.000000 0.000000
vn 0.000000 -1.000000 0.000000
vn 0.000000 -1.000000 0.000000
vn 0.000000 -1.000000 0.000000
vn 0.000000 -1.000000 0.000000
vn 0.000000 -1.000000 0.000000
vn 0.000000 -1.000000 0.000000
vn 0.000000 -1.000000 0.000000
vn 0.000000 -1.000000 0.000000
vn 0.000000 -1.000000 0.000000
vn 0.000000 -1.000000 0.000000
vn 0.000000 -1.000000 0.000000
vn 0.000000 -1.000000 0.000000
vn 0.000000 -1.000000 0.000000
vn 0.000000 -1.000000 0.000000
vn 0.000000 -1.000000 0.000000
vn 0.000000 -1.000000 0.000000
vn 0.000000 -1.000000 0.000000
vn 0.000000 -1.000000 0.000000
vn 0.000000 -1.000000 0.000000
vn 0.000000 -1.000000 0.000000
vn 0.000000 -1.000000 0.000000
vn 0.000000 -1.000000 0.000000
vn 0.000000 -1.000000 0.000000
vn 0.000000 -1.000000 0.000000
vn 0.000000 -1.000000 0.000000
vn 0.000000 -1.000000 0.000000
vn 0.000000 -1.000000 0.000000
vn 0.000000 -1.000000 0.000000
vn 0.000000 -1.000000 0.000000
vn 0.000000 -1.000000 0.000000
vn 0.000000 -1.000000 0.000000
vn 0.000000 -1.000000 0.000000
vn 0.000000 -1.000000 0.000000
vn 0.000000 -1.000000 0.000000
vn 0.000000 -1.000000 0.000000
vn 0.000000 -1.000000 0.000000
vn 0.000000 -1.000000 0.000000
vn 0.000000 -1.000000 0.000000
vn 0.000000 -1.000000 0.000000
vn 0.000000 -1.000000 0.000000
vn 0.000000 -1.000000 0.000000
vn 0.000000 -1.000000 0.000000
vn 0.000000 -1.000000 0.000000
vn 0.000000 -1.000000 0.000000
vn 0.000000 -1.000000 0.000000
vn 0.000000 -1.000000 0.000000
vn 0.000000 -1.000000 0.000000
vn 0.000000 -1.000000 0.000000
vn 0.000000 -1.000000 0.000000
vn 0.000000 -1.000000 0.000000
vn 0.000000 -1.000000 0.000000
vn 0.000000 -1.000000 0.000000
vn 0.000000 -1.000000 0.000000
vn 0.000000 -1.000000 0.000000
vn 0.000000 -1.000000 0.000000
vn 0.000000 -1.000000 0.000000
vn 0.000000 -1.000000 0.000000
vn 0.000000 -1.000000 0.000000
vn 0.000000 -1.000000 0.000000
vn 0.000000 -1.000000 0.000000
vn 0.000000 -1.000000 0.000000
vn 0.000000 -1.000000 0.000000
vn 0.000000 -1.000000 0.000000
vn 0.000000 -1.000000 0.000000
vn 0.000000 -1.000000 0.000000
vn 0.000000 -1.000000 0.000000
vn 0.000000 -1.000000 0.000000
vn 0.000000 -1.000000 0.000000
vn 0.000000 1.000000 0.000000
vn 0.000000 1.000000 0.000000
vn 0.000000 1.000000 0.000000
vn 0.000000 1.000000 0.000000
vn 0.000000 1.000000 0.000000
vn 0.000000 1.000000 0.000000
vn 0.000000 1.000000 0.000000
vn 0.000000 1.000000 0.000000
vn 0.000000 1.000000 0.000000
vn 0.000000 1.000000 0.000000
vn 0.000000 1.000000 0.000000
vn 0.000000 1.000000 0.000000
vn 0.000000 1.000000 0.000000
vn 0.000000 1.000000 0.000000
vn 0.000000 1.000000 0.000000
vn 0.000000 1.000000 0.000000
vn 0.000000 1.000000 0.000000
vn 0.000000 1.000000 0.000000
vn 0.000000 1.000000 0.000000
vn 0.000000 1.000000 0.000000
vn 0.000000 1.000000 0.000000
vn 0.000000 1.000000 0.000000
vn 0.000000 1.000000 0.000000
vn 0.000000 1.000000 0.000000
vn 0.000000 1.000000 0.000000
vn 0.000000 1.000000 0.000000
vn 0.000000 1.000000 0.000000
vn 0.000000 1.000000 0.000000
vn 0.000000 1.000000 0.000000
vn 0.000000 1.000000 0.000000
vn 0.000000 1.000000 0.000000
vn 0.000000 1.000000 0.000000
vn 0.000000 1.000000 0.000000
vn 0.000000 1.000000 0.000000
vn 0.000000 1.000000 0.000000
vn 0.000000 1.000000 0.000000
vn 0.000000 1.000000 0.000000
vn 0.000000 1.000000 0.000000
vn 0.000000 1.000000 0.000000
vn 0.000000 1.000000 0.000000
vn 0.000000 1.000000 0.000000
vn 0.000000 1.000000 0.000000
vn 0.000000 1.000000 0.000000
vn 0.000000 1.000000 0.000000
vn 0.000000 1.000000 0.000000
vn 0.000000 1.000000 0.000000
vn 0.000000 1.000000 0.000000
vn 0.000000 1.000000 0.000000
vn 0.000000 -1.000000 0.000000
vn 0.000000 -1.000000 0.000000
vn 0.000000 -1.000000 0.000000
vn 0.000000 -1.000000 0.000000
vn 0.000000 -1.000000 0.000000
vn 0.000000 -1.000000 0.000000
vn 0.000000 -1.000000 0.000000
vn 0.000000 -1.000000 0.000000
vn 0.000000 -1.000000 0.000000
vn 0.000000 -1.000000 0.000000
vn 0.000000 -1.000000 0.000000
vn 0.000000 -1.000000 0.000000
vn 0.000000 -1.000000 0.000000
vn 0.000000 -1.000000 0.000000
vn 0.000000 -1.000000 0.000000
vn 0.000000 -1.000000 0.000000
vn 1.000000 0.000000 0.000000
vn 1.000000 0.000000 0.000000
vn 1.000000 0.000000 0.000000
vn 1.000000 0.000000 0.000000
vn 1.000000 0.000000 0.000000
vn 1.000000 0.000000 0.000000
vn 1.000000 0.000000 0.000000
vn 1.000000 0.000000 0.000000
vn 1.000000 0.000000 0.000000
vn 1.000000 0.000000 0.000000
vn 1.000000 0.000000 0.000000
vn 1.000000 0.000000 0.000000
vn 1.000000 0.000000 0.000000
vn 1.000000 0.000000 0.000000
vn 1.000000 0.000000 0.000000
vn 1.000000 0.000000 0.000000
vn 1.000000 0.000000 0.000000
vn 1.000000 0.000000 0.000000
vn 1.000000 0.000000 0.000000
vn 1.000000 0.000000 0.000000
vn 1.000000 0.000000 0.000000
vn 1.000000 0.000000 0.000000
vn 1.000000 0.000000 0.000000
vn 1.000000 0.000000 0.000000
vn 1.000000 0.000000 0.000000
vn 1.000000 0.000000 0.000000
vn 1.000000 0.000000 0.000000
vn 1.000000 0.000000 0.000000
vn 1.000000 0.000000 0.000000
vn 1.000000 0.000000 0.000000
vn 1.000000 0.000000 0.000000
vn 1.000000 0.000000 0.000000
vn 0.996649 -0.081804 0.000000
vn 0.841091 -0.540894 0.000000
vn 0.841061 -0.540940 0.000000
vn 0.996649 -0.081804 0.000000
vn 0.996649 -0.081804 0.000000
vn 0.996649 -0.081804 0.000000
vn 1.000000 0.000000 0.000000
vn 1.000000 0.000000 0.000000
vn 0.996649 -0.081804 0.000000
vn 1.000000 0.000000 0.000000
vn 1.000000 0.000000 0.000000
vn 0.996649 -0.081804 0.000000
vn 0.996649 -0.081804 0.000000
vn 0.996649 -0.081804 0.000000
vn 0.841091 -0.540894 0.000000
vn 0.841091 -0.540894 0.000000
vn 0.996640 -0.081903 0.000000
vn 0.841061 -0.540940 0.000000
vn 0.841091 -0.540894 0.000000
vn 0.996649 -0.081804 0.000000
vn 0.996640 -0.081903 0.000000
vn 0.996649 -0.081804 0.000000
vn 1.000000 0.000000 0.000000
vn 1.000000 0.000000 0.000000
vn 0.996640 -0.081903 0.000000
vn 1.000000 0.000000 0.000000
vn 1.000000 0.000000 0.000000
vn 0.996640 -0.081903 0.000000
vn 0.996640 -0.081903 0.000000
vn 0.996640 -0.081903 0.000000
vn 0.841091 -0.540894 0.000000
vn 0.841061 -0.540940 0.000000
vn -0.997651 0.068497 0.000000
vn -1.000000 0.000000 0.000000
vn -1.000000 0.000000 0.000000
vn -0.997651 0.068497 0.000000
vn -0.997651 0.068497 0.000000
vn -0.997651 0.068497 0.000000
vn -0.870462 0.492235 0.000000
vn -0.870462 0.492235 0.000000
vn -0.997651 0.068497 0.000000
vn -0.870462 0.492235 0.000000
vn -0.870486 0.492192 0.000000
vn -0.997651 0.068497 0.000000
vn -0.997651 0.068497 0.000000
vn -0.997651 0.068497 0.000000
vn -1.000000 0.000000 0.000000
vn -1.000000 0.000000 0.000000
vn -0.997651 0.068497 0.000000
vn -1.000000 0.000000 0.000000
vn -1.000000 0.000000 0.000000
vn -0.997651 0.068497 0.000000
vn -0.997651 0.068497 0.000000
vn -0.997651 0.068497 0.000000
vn -0.870486 0.492192 0.000000
vn -0.870462 0.492235 0.000000
vn -0.997651 0.068497 0.000000
vn -0.870462 0.492235 0.000000
vn -0.870462 0.492235 0.000000
vn -0.997651 0.068497 0.000000
vn -0.997651 0.068497 0.000000
vn -0.997651 0.068497 0.000000
vn -1.000000 0.000000 0.000000
vn -1.000000 0.000000 0.000000
vn -1.000000 0.000000 0.000000
vn -1.000000 0.000000 0.000000
vn -1.000000 0.000000 0.000000
vn -1.000000 0.000000 0.000000
vn -1.000000 0.000000 0.000000
vn -1.000000 0.000000 0.000000
vn -1.000000 0.000000 0.000000
vn -1.000000 0.000000 0.000000
vn -1.000000 0.000000 0.000000
vn -1.000000 0.000000 0.000000
vn -1.000000 0.000000 0.000000
vn -1.000000 0.000000 0.000000
vn -1.000000 0.000000 0.000000
vn -1.000000 0.000000 0.000000
vn -1.000000 0.000000 0.000000
vn -1.000000 0.000000 0.000000
vn -1.000000 0.000000 0.000000
vn -1.000000 0.000000 0.000000
vn -1.000000 0.000000 0.000000
vn -1.000000 0.000000 0.000000
vn -1.000000 0.000000 0.000000
vn -1.000000 0.000000 0.000000
vn -1.000000 0.000000 0.000000
vn -1.000000 0.000000 0.000000
vn -1.000000 0.000000 0.000000
vn -1.000000 0.000000 0.000000
vn -1.000000 0.000000 0.000000
vn -1.000000 0.000000 0.000000
vn -1.000000 0.000000 0.000000
vn -1.000000 0.000000 0.000000
vn -1.000000 0.000000 0.000000
vn -1.000000 0.000000 0.000000
vn -0.998492 -0.054900 0.000000
vn -0.902303 -0.431102 0.000000
vn -0.902342 -0.431020 0.000000
vn -0.998492 -0.054900 0.000000
vn -0.998492 -0.054900 0.000000
vn -0.998492 -0.054900 0.000000
vn -1.000000 0.000000 0.000000
vn -1.000000 0.000000 0.000000
vn -0.998492 -0.054900 0.000000
vn -1.000000 0.000000 0.000000
vn -1.000000 0.000000 0.000000
vn -0.998492 -0.054900 0.000000
vn -0.998492 -0.054900 0.000000
vn -0.998492 -0.054900 0.000000
vn -0.902342 -0.431020 0.000000
vn -0.902303 -0.431102 0.000000
vn -0.998492 -0.054900 0.000000
vn -0.902342 -0.431020 0.000000
vn -0.902342 -0.431020 0.000000
vn -0.998492 -0.054900 0.000000
vn -0.998492 -0.054900 0.000000
vn -0.998492 -0.054900 0.000000
vn -1.000000 0.000000 0.000000
vn -1.000000 0.000000 0.000000
vn -0.998492 -0.054900 0.000000
vn -1.000000 0.000000 0.000000
vn -1.000000 0.000000 0.000000
vn -0.998492 -0.054900 0.000000
vn -0.998492 -0.054900 0.000000
vn -0.998492 -0.054900 0.000000
vn -0.902303 -0.431102 0.000000
vn -0.902342 -0.431020 0.000000
vn -1.000000 0.000000 0.000000
vn -1.000000 0.000000 0.000000
vn -1.000000 0.000000 0.000000
vn -1.000000 0.000000 0.000000
vn -1.000000 0.000000 0.000000
vn -1.000000 0.000000 0.000000
vn -1.000000 0.000000 0.000000
vn -1.000000 0.000000 0.000000
vn -1.000000 0.000000 0.000000
vn -1.000000 0.000000 0.000000
vn -1.000000 0.000000 0.000000
vn -1.000000 0.000000 0.000000
vn -1.000000 0.000000 0.000000
vn -1.000000 0.000000 0.000000
vn -1.000000 0.000000 0.000000
vn -1.000000 0.000000 0.000000
vn -1.000000 0.000000 0.000000
vn -1.000000 0.000000 0.000000
vn -1.000000 0.000000 0.000000
vn -1.000000 0.000000 0.000000
vn -1.000000 0.000000 0.000000
vn -1.000000 0.000000 0.000000
vn -1.000000 0.000000 0.000000
vn -1.000000 0.000000 0.000000
vn -1.000000 0.000000 0.000000
vn -1.000000 0.000000 0.000000
vn -1.000000 0.000000 0.000000
vn -1.000000 0.000000 0.000000
vn -1.000000 0.000000 0.000000
vn -1.000000 0.000000 0.000000
vn -1.000000 0.000000 0.000000
vn -1.000000 0.000000 0.000000
vn 1.000000 0.000000 0.000000
vn 1.000000 0.000000 0.000000
vn 1.000000 0.000000 0.000000
vn 1.000000 0.000000 0.000000
vn 1.000000 0.000000 0.000000
vn 1.000000 0.000000 0.000000
vn 1.000000 0.000000 0.000000
vn 1.000000 0.000000 0.000000
vn 1.000000 0.000000 0.000000
vn 1.000000 0.000000 0.000000
vn 1.000000 0.000000 0.000000
vn 1.000000 0.000000 0.000000
vn 1.000000 0.000000 0.000000
vn 1.000000 0.000000 0.000000
vn 1.000000 0.000000 0.000000
vn 1.000000 0.000000 0.000000
vn 1.000000 0.000000 0.000000
vn 1.000000 0.000000 0.000000
vn 1.000000 0.000000 0.000000
vn 1.000000 0.000000 0.000000
vn 1.000000 0.000000 0.000000
vn 1.000000 0.000000 0.000000
vn 1.000000 0.000000 0.000000
vn 1.000000 0.000000 0.000000
vn 1.000000 0.000000 0.000000
vn 1.000000 0.000000 0.000000
vn 1.000000 0.000000 0.000000
vn 1.000000 0.000000 0.000000
vn 1.000000 0.000000 0.000000
vn 1.000000 0.000000 0.000000
vn 1.000000 0.000000 0.000000
vn 1.000000 0.000000 0.000000
vn 1.000000 0.000000 0.000000
vn 1.000000 0.000000 0.000000
vn 1.000000 0.000000 0.000000
vn 1.000000 0.000000 0.000000
vn 1.000000 0.000000 0.000000
vn 1.000000 0.000000 0.000000
vn 1.000000 0.000000 0.000000
vn 1.000000 0.000000 0.000000
vn 1.000000 0.000000 0.000000
vn 1.000000 0.000000 0.000000
vn 1.000000 0.000000 0.000000
vn 1.000000 0.000000 0.000000
vn 1.000000 0.000000 0.000000
vn 1.000000 0.000000 0.000000
vn 1.000000 0.000000 0.000000
vn 1.000000 0.000000 0.000000
vn -0.999300 0.000000 0.037400
vn -0.999300 0.000000 0.037400
vn -0.944669 0.000000 0.328024
vn -0.944669 0.000000 0.328024
vn -0.999300 0.000000 0.037400
vn -0.944669 0.000000 0.328024
vn -0.944669 0.000000 0.328024
vn -0.999300 0.000000 0.037400
vn -0.999300 0.000000 0.037400
vn -0.999300 0.000000 0.037400
vn -1.000000 0.000000 0.000000
vn -1.000000 0.000000 0.000000
vn -0.999300 0.000000 0.037400
vn -1.000000 0.000000 0.000000
vn -1.000000 0.000000 0.000000
vn -0.999300 0.000000 0.037400
vn 0.998082 0.000000 -0.061899
vn 0.998082 0.000000 -0.061899
vn 0.885516 0.000000 -0.464609
vn 0.885516 0.000000 -0.464609
vn 0.998082 0.000000 -0.061899
vn 0.885516 0.000000 -0.464609
vn 0.885516 0.000000 -0.464609
vn 0.998082 0.000000 -0.061899
vn 0.998082 0.000000 -0.061899
vn 0.998082 0.000000 -0.061899
vn 1.000000 0.000000 0.000000
vn 1.000000 0.000000 0.000000
vn 0.998082 0.000000 -0.061899
vn 1.000000 0.000000 0.000000
vn 1.000000 0.000000 0.000000
vn 0.998082 0.000000 -0.061899
vn -1.000000 0.000000 0.000000
vn -1.000000 0.000000 0.000000
vn -1.000000 0.000000 0.000000
vn -1.000000 0.000000 0.000000
vn -1.000000 0.000000 0.000000
vn -1.000000 0.000000 0.000000
vn -1.000000 0.000000 0.000000
vn -1.000000 0.000000 0.000000
vn -1.000000 0.000000 0.000000
vn -1.000000 0.000000 0.000000
vn -1.000000 0.000000 0.000000
vn -1.000000 0.000000 0.000000
vn -1.000000 0.000000 0.000000
vn -1.000000 0.000000 0.000000
vn -1.000000 0.000000 0.000000
vn -1.000000 0.000000 0.000000
vn -0.999143 0.000000 -0.041402
vn -0.999143 0.000000 -0.041402
vn -1.000000 0.000000 0.000000
vn -1.000000 0.000000 0.000000
vn -0.999143 0.000000 -0.041402
vn -1.000000 0.000000 0.000000
vn -1.000000 0.000000 0.000000
vn -0.999143 0.000000 -0.041402
vn -0.999143 0.000000 -0.041402
vn -0.999143 0.000000 -0.041402
vn -0.935049 0.000000 -0.354519
vn -0.935049 0.000000 -0.354519
vn -0.999143 0.000000 -0.041402
vn -0.935049 0.000000 -0.354519
vn -0.935049 0.000000 -0.354519
vn -0.999143 0.000000 -0.041402
vn 0.356203 0.000000 -0.934408
vn 0.356203 0.000000 -0.934408
vn 0.000000 0.000000 -1.000000
vn 0.000000 0.000000 -1.000000
vn 0.356203 0.000000 -0.934408
vn 0.000000 0.000000 -1.000000
vn 0.000000 0.000000 -1.000000
vn 0.356116 0.000000 -0.934442
vn 0.356203 0.000000 -0.934408
vn 0.356116 0.000000 -0.934442
vn 0.885516 0.000000 -0.464609
vn 0.885516 0.000000 -0.464609
vn 0.356203 0.000000 -0.934408
vn 0.885516 0.000000 -0.464609
vn 0.885516 0.000000 -0.464609
vn 0.356203 0.000000 -0.934408
vn 0.998436 0.000000 0.055902
vn 0.998436 0.000000 0.055902
vn 1.000000 0.000000 0.000000
vn 1.000000 0.000000 0.000000
vn 0.998436 0.000000 0.055902
vn 1.000000 0.000000 0.000000
vn 1.000000 0.000000 0.000000
vn 0.998436 0.000000 0.055902
vn 0.998436 0.000000 0.055902
vn 0.998436 0.000000 0.055902
vn 0.899703 0.000000 0.436502
vn 0.899703 0.000000 0.436502
vn 0.998436 0.000000 0.055902
vn 0.899703 0.000000 0.436502
vn 0.899703 0.000000 0.436502
vn 0.998436 0.000000 0.055902
vn -0.469394 0.000000 0.882989
vn -0.469394 0.000000 0.882989
vn 0.000000 0.000000 1.000000
vn 0.000000 0.000000 1.000000
vn -0.469394 0.000000 0.882989
vn 0.000000 0.000000 1.000000
vn 0.000000 0.000000 1.000000
vn -0.469394 0.000000 0.882989
vn -0.469394 0.000000 0.882989
vn -0.469394 0.000000 0.882989
vn -0.944669 0.000000 0.328024
vn -0.944669 0.000000 0.328024
vn -0.469394 0.000000 0.882989
vn -0.944669 0.000000 0.328024
vn -0.944669 0.000000 0.328024
vn -0.469394 0.000000 0.882989
vn -0.447934 0.000000 -0.894067
vn -0.447934 0.000000 -0.894067
vn -0.935049 0.000000 -0.354519
vn -0.935049 0.000000 -0.354519
vn -0.447934 0.000000 -0.894067
vn -0.935049 0.000000 -0.354519
vn -0.935049 0.000000 -0.354519
vn -0.447934 0.000000 -0.894067
vn -0.447934 0.000000 -0.894067
vn -0.447934 0.000000 -0.894067
vn 0.000000 0.000000 -1.000000
vn 0.000000 0.000000 -1.000000
vn -0.447934 0.000000 -0.894067
vn 0.000000 0.000000 -1.000000
vn 0.000000 0.000000 -1.000000
vn -0.447934 0.000000 -0.894067
vn 0.379910 0.000000 0.925024
vn 0.379910 0.000000 0.925024
vn 0.899703 0.000000 0.436502
vn 0.899703 0.000000 0.436502
vn 0.379910 0.000000 0.925024
vn 0.899703 0.000000 0.436502
vn 0.899703 0.000000 0.436502
vn 0.379910 0.000000 0.925024
vn 0.379910 0.000000 0.925024
vn 0.379910 0.000000 0.925024
vn 0.000000 0.000000 1.000000
vn 0.000000 0.000000 1.000000
vn 0.379910 0.000000 0.925024
vn 0.000000 0.000000 1.000000
vn 0.000000 0.000000 1.000000
vn 0.379910 0.000000 0.925024
vn 0.000000 0.000000 -1.000000
vn 0.000000 0.000000 -1.000000
vn 0.000000 0.000000 -1.000000
vn 0.000000 0.000000 -1.000000
vn 0.000000 0.000000 -1.000000
vn 0.000000 0.000000 -1.000000
vn 0.000000 0.000000 -1.000000
vn 0.000000 0.000000 -1.000000
vn 0.000000 0.000000 -1.000000
vn 0.000000 0.000000 -1.000000
vn 0.000000 0.000000 -1.000000
vn 0.000000 0.000000 -1.000000
vn 0.000000 0.000000 -1.000000
vn 0.000000 0.000000 -1.000000
vn 0.000000 0.000000 -1.000000
vn 0.000000 0.000000 -1.000000
vn 0.000000 0.000000 -1.000000
vn 0.000000 0.000000 -1.000000
vn 0.000000 0.000000 -1.000000
vn 0.000000 0.000000 -1.000000
vn 0.000000 0.000000 -1.000000
vn 0.000000 0.000000 -1.000000
vn 0.000000 0.000000 -1.000000
vn 0.000000 0.000000 -1.000000
vn 0.000000 0.000000 -1.000000
vn 0.000000 0.000000 -1.000000
vn 0.000000 0.000000 -1.000000
vn 0.000000 0.000000 -1.000000
vn 0.000000 0.000000 -1.000000
vn 0.000000 0.000000 -1.000000
vn 0.000000 0.000000 -1.000000
vn 0.000000 0.000000 -1.000000
vn 0.000000 0.000000 1.000000
vn 0.000000 0.000000 1.000000
vn 0.000000 0.000000 1.000000
vn 0.000000 0.000000 1.000000
vn 0.000000 0.000000 1.000000
vn 0.000000 0.000000 1.000000
vn 0.000000 0.000000 1.000000
vn 0.000000 0.000000 1.000000
vn 0.000000 0.000000 1.000000
vn 0.000000 0.000000 1.000000
vn 0.000000 0.000000 1.000000
vn 0.000000 0.000000 1.000000
vn 0.000000 0.000000 1.000000
vn 0.000000 0.000000 1.000000
vn 0.000000 0.000000 1.000000
vn 0.000000 0.000000 1.000000
vn 0.000000 0.000000 1.000000
vn 0.000000 0.000000 1.000000
vn 0.000000 0.000000 1.000000
vn 0.000000 0.000000 1.000000
vn 0.000000 0.000000 1.000000
vn 0.000000 0.000000 1.000000
vn 0.000000 0.000000 1.000000
vn 0.000000 0.000000 1.000000
vn 0.000000 0.000000 1.000000
vn 0.000000 0.000000 1.000000
vn 0.000000 0.000000 1.000000
vn 0.000000 0.000000 1.000000
vn 0.000000 0.000000 1.000000
vn 0.000000 0.000000 1.000000
vn 0.000000 0.000000 1.000000
vn 0.000000 0.000000 1.000000
vn 0.000000 0.000000 1.000000
vn 0.000000 0.000000 1.000000
vn 0.000000 0.000000 1.000000
vn 0.000000 0.000000 1.000000
vn 0.000000 0.000000 1.000000
vn 0.000000 0.000000 1.000000
vn 0.000000 0.000000 1.000000
vn 0.000000 0.000000 1.000000
vn 0.000000 0.000000 1.000000
vn 0.000000 0.000000 1.000000
vn 0.000000 0.000000 1.000000
vn 0.000000 0.000000 1.000000
vn 0.000000 0.000000 1.000000
vn 0.000000 0.000000 1.000000
vn 0.000000 0.000000 1.000000
vn 0.000000 0.000000 1.000000
vn 0.000000 0.000000 -1.000000
vn 0.000000 0.000000 -1.000000
vn 0.000000 0.000000 -1.000000
vn 0.000000 0.000000 -1.000000
vn 0.000000 0.000000 -1.000000
vn 0.000000 0.000000 -1.000000
vn 0.000000 0.000000 -1.000000
vn 0.000000 0.000000 -1.000000
vn 0.000000 0.000000 -1.000000
vn 0.000000 0.000000 -1.000000
vn 0.000000 0.000000 -1.000000
vn 0.000000 0.000000 -1.000000
vn 0.000000 0.000000 -1.000000
vn 0.000000 0.000000 -1.000000
vn 0.000000 0.000000 -1.000000
vn 0.000000 0.000000 -1.000000
vn 0.000000 0.268098 -0.963392
vn 0.000000 0.268098 -0.963392
vn 0.000000 0.822531 -0.568721
vn 0.000000 0.822531 -0.568721
vn 0.000000 0.268098 -0.963392
vn 0.000000 0.822531 -0.568721
vn 0.000000 0.822484 -0.568789
vn 0.000000 0.268098 -0.963392
vn 0.000000 0.268098 -0.963392
vn 0.000000 0.268098 -0.963392
vn 0.000000 0.000000 -1.000000
vn 0.000000 0.000000 -1.000000
vn 0.000000 0.268098 -0.963392
vn 0.000000 0.000000 -1.000000
vn 0.000000 0.000000 -1.000000
vn 0.000000 0.268098 -0.963392
s off
g shelf_1
usemtl shelf_1_Mat
f 1/1/1 1012/2/2 2832/3/3 1751/4/4
f 1/1/5 1751/4/6 2816/5/7 783/6/8
f 1/1/9 783/6/10 2344/7/11 982/8/12
f 1/1/13 982/8/14 2454/9/15 1012/2/16
f 2/10/17 1011/11/18 2460/12/19 988/13/20
f 2/10/21 988/13/22 2407/14/23 786/15/24
f 2/10/25 786/15/26 2348/16/27 983/17/28
f 2/10/29 983/17/30 2455/18/31 1011/11/32
f 3/19/33 1010/20/34 2849/21/35 1791/22/36
f 3/19/37 1791/22/38 2836/23/39 789/24/40
f 3/19/41 789/24/42 2346/25/43 984/26/44
f 3/19/45 984/26/46 2456/27/47 1010/20/48
f 4/28/49 1009/29/50 2457/30/51 985/31/52
f 4/28/53 985/31/54 2406/32/55 792/33/56
f 4/28/57 792/33/58 2342/34/59 782/35/60
f 4/28/61 782/35/62 2453/36/63 1009/29/64
f 5/37/65 895/38/66 2840/39/67 1790/40/68
f 5/37/69 1790/40/70 2852/41/71 1769/42/72
f 5/37/73 1769/42/74 2345/43/75 791/44/76
f 5/37/77 791/44/78 2408/45/79 895/38/80
f 6/46/81 885/47/82 2837/48/83 1789/49/84
f 6/46/85 1789/49/86 2851/50/87 1768/51/88
f 6/46/89 1768/51/90 2342/34/91 792/33/92
f 6/46/93 792/33/94 2406/32/95 885/47/96
f 7/52/97 956/53/98 3062/54/99 2204/55/100
f 7/52/101 2204/55/102 3050/56/103 795/57/104
f 7/52/105 795/57/106 2352/58/107 934/59/108
f 7/52/109 934/59/110 2430/60/111 956/53/112
f 8/61/113 955/62/114 2436/63/115 940/64/116
f 8/61/117 940/64/118 2393/65/119 798/66/120
f 8/61/121 798/66/122 2356/67/123 935/68/124
f 8/61/125 935/68/126 2431/69/127 955/62/128
f 9/70/129 954/71/130 3075/72/131 2236/73/132
f 9/70/133 2236/73/134 3066/74/135 801/75/136
f 9/70/137 801/75/138 2354/76/139 936/77/140
f 9/70/141 936/77/142 2432/78/143 954/71/144
f 10/79/145 953/80/146 2433/81/147 937/82/148
f 10/79/149 937/82/150 2392/83/151 804/84/152
f 10/79/153 804/84/154 2350/85/155 794/86/156
f 10/79/157 794/86/158 2429/87/159 953/80/160
f 11/88/161 864/89/162 3070/90/163 2235/91/164
f 11/88/165 2235/91/166 3078/92/167 2218/93/168
f 11/88/169 2218/93/170 2353/94/171 803/95/172
f 11/88/173 803/95/174 2394/96/175 864/89/176
f 12/97/177 855/98/178 3067/99/179 2234/100/180
f 12/97/181 2234/100/182 3077/101/183 2217/102/184
f 12/97/185 2217/102/186 2350/85/187 804/84/188
f 12/97/189 804/84/190 2392/83/191 855/98/192
f 13/103/193 1267/104/194 2902/105/195 1905/106/196
f 13/103/197 1905/106/198 2896/107/199 807/108/200
f 13/103/201 807/108/202 2360/109/203 1257/110/204
f 13/103/205 1257/110/206 2588/111/207 1267/104/208
f 14/112/209 1266/113/210 2604/114/211 1295/115/212
f 14/112/213 1295/115/214 2599/116/215 810/117/216
f 14/112/217 810/117/218 2364/118/219 1258/119/220
f 14/112/221 1258/119/222 2589/120/223 1266/113/224
f 15/121/225 1265/122/226 2919/123/227 1943/124/228
f 15/121/229 1943/124/230 2916/125/231 813/126/232
f 15/121/233 813/126/234 2362/127/235 1259/128/236
f 15/121/237 1259/128/238 2590/129/239 1265/122/240
f 16/130/241 1264/131/242 2591/132/243 1260/133/244
f 16/130/245 1260/133/246 2586/134/247 816/135/248
f 16/130/249 816/135/250 2358/136/251 806/137/252
f 16/130/253 806/137/254 2587/138/255 1264/131/256
f 17/139/257 1294/140/258 2922/141/259 1942/142/260
f 17/139/261 1942/142/262 2931/143/263 1923/144/264
f 17/139/265 1923/144/266 2361/145/267 815/146/268
f 17/139/269 815/146/270 2600/147/271 1294/140/272
f 18/148/273 1252/149/274 2917/150/275 1941/151/276
f 18/148/277 1941/151/278 2930/152/279 1922/153/280
f 18/148/281 1922/153/282 2358/136/283 816/135/284
f 18/148/285 816/135/286 2586/134/287 1252/149/288
f 19/154/289 1172/155/290 2994/156/291 2097/157/292
f 19/154/293 2097/157/294 2992/158/295 819/159/296
f 19/154/297 819/159/298 2368/160/299 1162/161/300
f 19/154/301 1162/161/302 2542/162/303 1172/155/304
f 20/163/305 1171/164/306 2558/165/307 1200/166/308
f 20/163/309 1200/166/310 2553/167/311 822/168/312
f 20/163/313 822/168/314 2372/169/315 1163/170/316
f 20/163/317 1163/170/318 2543/171/319 1171/164/320
f 21/172/321 1170/173/322 2980/174/323 2059/175/324
f 21/172/325 2059/175/326 2977/176/327 825/177/328
f 21/172/329 825/177/330 2370/178/331 1164/179/332
f 21/172/333 1164/179/334 2544/180/335 1170/173/336
f 22/181/337 1169/182/338 2545/183/339 1165/184/340
f 22/181/341 1165/184/342 2540/185/343 828/186/344
f 22/181/345 828/186/346 2366/187/347 818/188/348
f 22/181/349 818/188/350 2541/189/351 1169/182/352
f 23/190/353 1199/191/354 2985/192/355 2058/193/356
f 23/190/357 2058/193/358 2976/194/359 2025/195/360
f 23/190/361 2025/195/362 2369/196/363 827/197/364
f 23/190/365 827/197/366 2554/198/367 1199/191/368
f 24/199/369 1157/200/370 2978/201/371 2057/202/372
f 24/199/373 2057/202/374 2975/203/375 2024/204/376
f 24/199/377 2024/204/378 2366/187/379 828/186/380
f 24/199/381 828/186/382 2540/185/383 1157/200/384
f 25/205/385 1064/206/386 2742/207/387 1591/208/388
f 25/205/389 1591/208/390 2736/209/391 831/210/392
f 25/205/393 831/210/394 2376/211/395 1054/212/396
f 25/205/397 1054/212/398 2488/213/399 1064/206/400
f 26/214/401 1063/215/402 2504/216/403 1092/217/404
f 26/214/405 1092/217/406 2499/218/407 834/219/408
f 26/214/409 834/219/410 2380/220/411 1055/221/412
f 26/214/413 1055/221/414 2489/222/415 1063/215/416
f 27/223/417 1062/224/418 2759/225/419 1631/226/420
f 27/223/421 1631/226/422 2756/227/423 837/228/424
f 27/223/425 837/228/426 2378/229/427 1056/230/428
f 27/223/429 1056/230/430 2490/231/431 1062/224/432
f 28/232/433 1061/233/434 2491/234/435 1057/235/436
f 28/232/437 1057/235/438 2486/236/439 840/237/440
f 28/232/441 840/237/442 2374/238/443 830/239/444
f 28/232/445 830/239/446 2487/240/447 1061/233/448
f 29/241/449 1091/242/450 2762/243/451 1630/244/452
f 29/241/453 1630/244/454 2772/245/455 1609/246/456
f 29/241/457 1609/246/458 2377/247/459 839/248/460
f 29/241/461 839/248/462 2500/249/463 1091/242/464
f 30/250/465 1049/251/466 2757/252/467 1629/253/468
f 30/250/469 1629/253/470 2771/254/471 1608/255/472
f 30/250/473 1608/255/474 2374/238/475 840/237/476
f 30/250/477 840/237/478 2486/236/479 1049/251/480
f 31/256/481 1363/257/482 2678/258/483 1455/259/484
f 31/256/485 1455/259/486 2672/260/487 843/261/488
f 31/256/489 843/261/490 2384/262/491 1353/263/492
f 31/256/493 1353/263/494 2636/264/495 1363/257/496
f 32/265/497 1362/266/498 2640/267/499 1357/268/500
f 32/265/501 1357/268/502 2632/269/503 846/270/504
f 32/265/505 846/270/506 2388/271/507 1354/272/508
f 32/265/509 1354/272/510 2637/273/511 1362/266/512
f 33/274/513 1361/275/514 2691/276/515 1487/277/516
f 33/274/517 1487/277/518 2688/278/519 849/279/520
f 33/274/521 849/279/522 2386/280/523 1355/281/524
f 33/274/525 1355/281/526 2638/282/527 1361/275/528
f 34/283/529 1360/284/530 2652/285/531 1391/286/532
f 34/283/533 1391/286/534 2648/287/535 852/288/536
f 34/283/537 852/288/538 2382/289/539 842/290/540
f 34/283/541 842/290/542 2635/291/543 1360/284/544
f 35/292/545 1349/293/546 2690/294/547 1486/295/548
f 35/292/549 1486/295/550 2700/296/551 1469/297/552
f 35/292/553 1469/297/554 2385/298/555 851/299/556
f 35/292/557 851/299/558 2633/300/559 1349/293/560
f 36/301/561 1390/302/562 2694/303/563 1485/304/564
f 36/301/565 1485/304/566 2699/305/567 1468/306/568
f 36/301/569 1468/306/570 2382/289/571 852/288/572
f 36/301/573 852/288/574 2648/287/575 1390/302/576
f 37/307/577 863/308/578 3069/309/579 2233/310/580
f 37/307/581 2233/310/582 3072/311/583 878/312/584
f 37/307/585 878/312/586 2400/313/587 871/314/588
f 37/307/589 871/314/590 2396/315/591 863/308/592
f 38/316/593 793/317/594 3065/318/595 2232/319/596
f 38/316/597 2232/319/598 3068/320/599 856/321/600
f 38/316/601 856/321/602 2391/322/603 854/323/604
f 38/316/605 854/323/606 2349/324/607 793/317/608
f 39/325/609 2231/326/610 3071/327/611 877/328/612
f 39/325/613 877/328/614 2399/329/615 869/330/616
f 39/325/617 869/330/618 2400/313/619 878/312/620
f 39/325/621 878/312/622 3072/311/623 2231/326/624
f 40/331/625 952/332/626 2430/333/627 934/334/628
f 40/331/629 934/334/630 2352/335/631 853/336/632
f 40/331/633 853/336/634 2390/337/635 938/338/636
f 40/331/637 938/338/638 2434/339/639 952/332/640
f 41/340/641 951/341/642 2432/78/643 936/77/644
f 41/340/645 936/77/646 2354/76/647 861/342/648
f 41/340/649 861/342/650 2396/315/651 939/343/652
f 41/340/653 939/343/654 2435/344/655 951/341/656
f 42/345/657 801/346/658 3066/347/659 2230/348/660
f 42/345/661 2230/348/662 3069/309/663 863/308/664
f 42/345/665 863/308/666 2396/315/667 861/342/668
f 42/345/669 861/342/670 2354/76/671 801/346/672
f 43/349/673 856/321/674 3068/320/675 2229/350/676
f 43/349/677 2229/350/678 3073/351/679 929/352/680
f 43/349/681 929/352/682 2427/353/683 880/354/684
f 43/349/685 880/354/686 2391/322/687 856/321/688
f 44/355/689 950/356/690 2434/339/691 938/338/692
f 44/355/693 938/338/694 2390/337/695 868/357/696
f 44/355/697 868/357/698 2398/358/699 943/359/700
f 44/355/701 943/359/702 2439/360/703 950/356/704
f 45/361/705 929/352/706 3073/351/707 2228/362/708
f 45/361/709 2228/362/710 3074/363/711 930/364/712
f 45/361/713 930/364/714 2428/365/715 879/366/716
f 45/361/717 879/366/718 2427/353/719 929/352/720
f 46/367/721 949/368/722 2440/369/723 944/370/724
f 46/367/725 944/370/726 2397/371/727 872/372/728
f 46/367/729 872/372/730 2393/65/731 940/64/732
f 46/367/733 940/64/734 2436/63/735 949/368/736
f 47/373/737 942/374/738 2400/313/739 869/330/740
f 47/373/741 869/330/742 2399/329/743 941/375/744
f 47/373/745 941/375/746 2437/376/747 948/377/748
f 47/373/749 948/377/750 2438/378/751 942/374/752
f 48/379/753 930/364/754 3074/363/755 2227/380/756
f 48/379/757 2227/380/758 3070/90/759 864/89/760
f 48/379/761 864/89/762 2394/96/763 874/381/764
f 48/379/765 874/381/766 2428/365/767 930/364/768
f 49/382/769 947/383/770 2435/344/771 939/343/772
f 49/382/773 939/343/774 2396/315/775 871/314/776
f 49/382/777 871/314/778 2400/313/779 942/374/780
f 49/382/781 942/374/782 2438/378/783 947/383/784
f 50/384/785 946/385/786 2437/376/787 941/375/788
f 50/384/789 941/375/790 2399/329/791 870/386/792
f 50/384/793 870/386/794 2392/83/795 937/82/796
f 50/384/797 937/82/798 2433/81/799 946/385/800
f 51/387/801 877/328/802 3071/327/803 2226/388/804
f 51/387/805 2226/388/806 3067/99/807 855/98/808
f 51/387/809 855/98/810 2392/83/811 870/386/812
f 51/387/813 870/386/814 2399/329/815 877/328/816
f 52/389/817 928/390/818 2848/391/819 1788/392/820
f 52/389/821 1788/392/822 2837/48/823 885/47/824
f 52/389/825 885/47/826 2406/32/827 884/393/828
f 52/389/829 884/393/830 2418/394/831 928/390/832
f 53/395/833 781/396/834 2835/397/835 1787/398/836
f 53/395/837 1787/398/838 2838/399/839 886/400/840
f 53/395/841 886/400/842 2405/401/843 883/402/844
f 53/395/845 883/402/846 2341/403/847 781/396/848
f 54/404/849 1008/405/850 2466/406/851 996/407/852
f 54/404/853 996/407/854 2418/394/855 884/393/856
f 54/404/857 884/393/858 2406/32/859 985/31/860
f 54/404/861 985/31/862 2457/30/863 1008/405/864
f 55/408/865 1007/409/866 2454/410/867 982/411/868
f 55/408/869 982/411/870 2344/412/871 882/413/872
f 55/408/873 882/413/874 2404/414/875 986/415/876
f 55/408/877 986/415/878 2458/416/879 1007/409/880
f 56/417/881 1006/418/882 2456/27/883 984/26/884
f 56/417/885 984/26/886 2346/25/887 892/419/888
f 56/417/889 892/419/890 2410/420/891 987/421/892
f 56/417/893 987/421/894 2459/422/895 1006/418/896
f 57/423/897 789/424/898 2836/425/899 1786/426/900
f 57/423/901 1786/426/902 2839/427/903 894/428/904
f 57/423/905 894/428/906 2410/420/907 892/419/908
f 57/423/909 892/419/910 2346/25/911 789/424/912
f 58/429/913 920/430/914 2844/431/915 1785/432/916
f 58/429/917 1785/432/918 2840/39/919 895/38/920
f 58/429/921 895/38/922 2408/45/923 890/433/924
f 58/429/925 890/433/926 2426/434/927 920/430/928
f 59/435/929 1005/436/930 2463/437/931 992/438/932
f 59/435/933 992/438/934 2422/439/935 889/440/936
f 59/435/937 889/440/938 2407/14/939 988/13/940
f 59/435/941 988/13/942 2460/12/943 1005/436/944
f 60/441/945 1004/442/946 2458/416/947 986/415/948
f 60/441/949 986/415/950 2404/414/951 905/443/952
f 60/441/953 905/443/954 2419/444/955 989/445/956
f 60/441/957 989/445/958 2461/446/959 1004/442/960
f 61/447/961 989/445/962 2419/444/963 908/448/964
f 61/447/965 908/448/966 2422/439/967 992/438/968
f 61/447/969 992/438/970 2463/437/971 1003/449/972
f 61/447/973 1003/449/974 2461/446/975 989/445/976
f 62/450/977 1287/451/978 2595/452/979 1270/453/980
f 62/450/981 1270/453/982 2522/454/983 927/455/984
f 62/450/985 927/455/986 2514/456/987 1291/457/988
f 62/450/989 1291/457/990 2606/458/991 1287/451/992
f 63/459/993 1327/460/994 2627/461/995 1332/462/996
f 63/459/997 1332/462/998 2511/463/999 995/464/1000
f 63/459/1001 995/464/1002 2508/465/1003 1333/466/1004
f 63/459/1005 1333/466/1006 2630/467/1007 1327/460/1008
f 64/468/1009 886/400/1010 2838/399/1011 1784/469/1012
f 64/468/1013 1784/469/1014 2841/470/1015 917/471/1016
f 64/468/1017 917/471/1018 2423/472/1019 909/473/1020
f 64/468/1021 909/473/1022 2405/401/1023 886/400/1024
f 65/474/1025 1783/475/1026 2844/431/1027 920/430/1028
f 65/474/1029 920/430/1030 2426/434/1031 912/476/1032
f 65/474/1033 912/476/1034 2423/472/1035 917/471/1036
f 65/474/1037 917/471/1038 2841/470/1039 1783/475/1040
f 66/477/1041 1278/478/1042 2614/479/1043 1339/480/1044
f 66/477/1045 1339/480/1046 2462/481/1047 915/482/1048
f 66/477/1049 915/482/1050 2519/483/1051 1271/484/1052
f 66/477/1053 1271/484/1054 2596/485/1055 1278/478/1056
f 67/486/1057 1275/487/1058 2605/488/1059 1290/489/1060
f 67/486/1061 1290/489/1062 2515/490/1063 922/491/1064
f 67/486/1065 922/491/1066 2523/492/1067 1269/493/1068
f 67/486/1069 1269/493/1070 2594/494/1071 1275/487/1072
f 68/495/1073 1000/496/1074 2459/422/1075 987/421/1076
f 68/495/1077 987/421/1078 2410/420/1079 901/497/1080
f 68/495/1081 901/497/1082 2415/498/1083 993/499/1084
f 68/495/1085 993/499/1086 2464/500/1087 1000/496/1088
f 69/501/1089 993/499/1090 2415/498/1091 904/502/1092
f 69/501/1093 904/502/1094 2418/394/1095 996/407/1096
f 69/501/1097 996/407/1098 2466/406/1099 999/503/1100
f 69/501/1101 999/503/1102 2464/500/1103 993/499/1104
f 70/504/1105 1044/505/1106 2478/506/1107 1024/507/1108
f 70/504/1109 1024/507/1110 2843/508/1111 1814/509/1112
f 70/504/1113 1814/509/1114 2842/510/1115 1027/511/1116
f 70/504/1117 1027/511/1118 2481/512/1119 1044/505/1120
f 71/513/1121 894/428/1122 2839/427/1123 1780/514/1124
f 71/513/1125 1780/514/1126 2845/515/1127 925/516/1128
f 71/513/1129 925/516/1130 2415/498/1131 901/497/1132
f 71/513/1133 901/497/1134 2410/420/1135 894/428/1136
f 72/517/1137 1779/518/1138 2848/391/1139 928/390/1140
f 72/517/1141 928/390/1142 2418/394/1143 904/502/1144
f 72/517/1145 904/502/1146 2415/498/1147 925/516/1148
f 72/517/1149 925/516/1150 2845/515/1151 1779/518/1152
f 73/519/1153 1274/520/1154 2903/521/1155 1898/522/1156
f 73/519/1157 1898/522/1158 2425/523/1159 923/524/1160
f 73/519/1161 923/524/1162 2526/525/1163 1268/526/1164
f 73/519/1165 1268/526/1166 2593/527/1167 1274/520/1168
f 74/528/1169 1324/529/1170 2597/530/1171 1272/531/1172
f 74/528/1173 1272/531/1174 2518/532/1175 990/533/1176
f 74/528/1177 990/533/1178 2511/463/1179 1332/462/1180
f 74/528/1181 1332/462/1182 2627/461/1183 1324/529/1184
f 75/534/1185 943/359/1186 2398/358/1187 866/535/1188
f 75/534/1189 866/535/1190 2397/371/1191 944/370/1192
f 75/534/1193 944/370/1194 2440/369/1195 945/536/1196
f 75/534/1197 945/536/1198 2439/360/1199 943/359/1200
f 76/537/1201 2340/538/1202 3123/539/1203 2311/540/1204
f 76/537/1205 2311/540/1206 2439/360/1207 945/536/1208
f 76/537/1209 945/536/1210 2440/369/1211 2312/541/1212
f 76/537/1213 2312/541/1214 3124/542/1215 2340/538/1216
f 77/543/1217 2339/544/1218 3121/545/1219 2309/546/1220
f 77/543/1221 2309/546/1222 2437/376/1223 946/385/1224
f 77/543/1225 946/385/1226 2433/81/1227 2305/547/1228
f 77/543/1229 2305/547/1230 3117/548/1231 2339/544/1232
f 78/549/1233 2338/550/1234 3119/551/1235 2307/552/1236
f 78/549/1237 2307/552/1238 2435/344/1239 947/383/1240
f 78/549/1241 947/383/1242 2438/378/1243 2310/553/1244
f 78/549/1245 2310/553/1246 3122/554/1247 2338/550/1248
f 79/555/1249 965/556/1250 3122/554/1251 2337/557/1252
f 79/555/1253 2337/557/1254 3121/545/1255 964/558/1256
f 79/555/1257 964/558/1258 2448/559/1259 977/560/1260
f 79/555/1261 977/560/1262 2449/561/1263 965/556/1264
f 80/562/1265 2336/563/1266 3124/542/1267 2312/541/1268
f 80/562/1269 2312/541/1270 2440/369/1271 949/368/1272
f 80/562/1273 949/368/1274 2436/63/1275 2308/564/1276
f 80/562/1277 2308/564/1278 3120/565/1279 2336/563/1280
f 81/566/1281 2335/567/1282 3118/568/1283 2306/569/1284
f 81/566/1285 2306/569/1286 2434/339/1287 950/356/1288
f 81/566/1289 950/356/1290 2439/360/1291 2311/540/1292
f 81/566/1293 2311/540/1294 3123/539/1295 2335/567/1296
f 82/570/1297 2334/571/1298 3116/572/1299 2304/573/1300
f 82/570/1301 2304/573/1302 2432/78/1303 951/341/1304
f 82/570/1305 951/341/1306 2435/344/1307 2307/552/1308
f 82/570/1309 2307/552/1310 3119/551/1311 2334/571/1312
f 83/574/1313 2333/575/1314 3114/576/1315 2302/577/1316
f 83/574/1317 2302/577/1318 2430/333/1319 952/332/1320
f 83/574/1321 952/332/1322 2434/339/1323 2306/569/1324
f 83/574/1325 2306/569/1326 3118/568/1327 2333/575/1328
f 84/578/1329 2332/579/1330 3117/548/1331 2305/547/1332
f 84/578/1333 2305/547/1334 2433/81/1335 953/80/1336
f 84/578/1337 953/80/1338 2429/87/1339 933/580/1340
f 84/578/1341 933/580/1342 3113/581/1343 2332/579/1344
f 85/582/1345 2331/583/1346 3128/584/1347 2316/585/1348
f 85/582/1349 2316/585/1350 3075/72/1351 954/71/1352
f 85/582/1353 954/71/1354 2432/78/1355 2304/573/1356
f 85/582/1357 2304/573/1358 3116/572/1359 2331/583/1360
f 86/586/1361 2330/587/1362 3120/565/1363 2308/564/1364
f 86/586/1365 2308/564/1366 2436/63/1367 955/62/1368
f 86/586/1369 955/62/1370 2431/69/1371 2303/588/1372
f 86/586/1373 2303/588/1374 3115/589/1375 2330/587/1376
f 87/590/1377 2329/591/1378 3125/592/1379 2313/593/1380
f 87/590/1381 2313/593/1382 3062/54/1383 956/53/1384
f 87/590/1385 956/53/1386 2430/60/1387 2302/594/1388
f 87/590/1389 2302/594/1390 3114/595/1391 2329/591/1392
f 88/596/1393 2173/597/1394 3049/598/1395 2190/599/1396
f 88/596/1397 2190/599/1398 3063/600/1399 969/601/1400
f 88/596/1401 969/601/1402 2441/602/1403 796/603/1404
f 88/596/1405 796/603/1406 2351/604/1407 2173/597/1408
f 89/605/1409 860/606/1410 2395/607/1411 865/608/1412
f 89/605/1413 865/608/1414 2447/609/1415 970/610/1416
f 89/605/1417 970/610/1418 2442/611/1419 799/612/1420
f 89/605/1421 799/612/1422 2355/613/1423 860/606/1424
f 90/614/1425 2218/615/1426 3078/616/1427 2224/617/1428
f 90/614/1429 2224/617/1430 3076/618/1431 971/619/1432
f 90/614/1433 971/619/1434 2443/620/1435 802/621/1436
f 90/614/1437 802/621/1438 2353/94/1439 2218/615/1440
f 91/622/1441 854/323/1442 2391/322/1443 857/623/1444
f 91/622/1445 857/623/1446 2444/624/1447 972/625/1448
f 91/622/1449 972/625/1450 2452/626/1451 968/627/1452
f 91/622/1453 968/627/1454 2349/324/1455 854/323/1456
f 92/628/1457 797/629/1458 2351/630/1459 796/631/1460
f 92/628/1461 796/631/1462 2441/632/1463 973/633/1464
f 92/628/1465 973/633/1466 2445/634/1467 858/635/1468
f 92/628/1469 858/635/1470 2389/636/1471 797/629/1472
f 93/637/1473 803/95/1474 2353/94/1475 802/621/1476
f 93/637/1477 802/621/1478 2443/620/1479 974/638/1480
f 93/637/1481 974/638/1482 2446/639/1483 862/640/1484
f 93/637/1485 862/640/1486 2394/96/1487 803/95/1488
f 94/641/1489 867/642/1490 2389/636/1491 858/635/1492
f 94/641/1493 858/635/1494 2445/634/1495 975/643/1496
f 94/641/1497 975/643/1498 2450/644/1499 931/645/1500
f 94/641/1501 931/645/1502 2401/646/1503 867/642/1504
f 95/647/1505 859/648/1506 2402/649/1507 932/650/1508
f 95/647/1509 932/650/1510 2451/651/1511 976/652/1512
f 95/647/1513 976/652/1514 2447/609/1515 865/608/1516
f 95/647/1517 865/608/1518 2395/607/1519 859/648/1520
f 96/653/1521 876/654/1522 2449/561/1523 977/560/1524
f 96/653/1525 977/560/1526 2448/559/1527 875/655/1528
f 96/653/1529 875/655/1530 2427/353/1531 879/366/1532
f 96/653/1533 879/366/1534 2428/365/1535 876/654/1536
f 97/656/1537 874/381/1538 2394/96/1539 862/640/1540
f 97/656/1541 862/640/1542 2446/639/1543 978/657/1544
f 97/656/1545 978/657/1546 2449/561/1547 876/654/1548
f 97/656/1549 876/654/1550 2428/365/1551 874/381/1552
f 98/658/1553 880/354/1554 2427/353/1555 875/655/1556
f 98/658/1557 875/655/1558 2448/559/1559 979/659/1560
f 98/658/1561 979/659/1562 2444/624/1563 857/623/1564
f 98/658/1565 857/623/1566 2391/322/1567 880/354/1568
f 99/660/1569 931/645/1570 2450/644/1571 980/661/1572
f 99/660/1573 980/661/1574 2451/651/1575 932/650/1576
f 99/660/1577 932/650/1578 2402/649/1579 873/662/1580
f 99/660/1581 873/662/1582 2401/646/1583 931/645/1584
f 100/663/1585 1036/664/1586 2477/665/1587 1023/666/1588
f 100/663/1589 1023/666/1590 2846/667/1591 1822/668/1592
f 100/663/1593 1822/668/1594 2877/669/1595 1019/670/1596
f 100/663/1597 1019/670/1598 2473/671/1599 1036/664/1600
f 101/672/1601 1814/509/1602 2843/508/1603 1781/673/1604
f 101/672/1605 1781/673/1606 2464/500/1607 999/503/1608
f 101/672/1609 999/503/1610 2466/406/1611 1782/674/1612
f 101/672/1613 1782/674/1614 2842/510/1615 1814/509/1616
f 102/675/1617 1041/676/1618 2472/677/1619 1018/678/1620
f 102/675/1621 1018/678/1622 2878/679/1623 1815/680/1624
f 102/675/1625 1815/680/1626 2843/508/1627 1024/507/1628
f 102/675/1629 1024/507/1630 2478/506/1631 1041/676/1632
f 103/681/1633 1815/680/1634 2878/679/1635 1849/682/1636
f 103/681/1637 1849/682/1638 2459/422/1639 1000/496/1640
f 103/681/1641 1000/496/1642 2464/500/1643 1781/673/1644
f 103/681/1645 1781/673/1646 2843/508/1647 1815/680/1648
f 104/683/1649 1040/684/1650 2474/685/1651 1020/686/1652
f 104/683/1653 1020/686/1654 2847/687/1655 1816/688/1656
f 104/683/1657 1816/688/1658 2846/667/1659 1023/666/1660
f 104/683/1661 1023/666/1662 2477/665/1663 1040/684/1664
f 105/689/1665 1816/688/1666 2847/687/1667 1777/690/1668
f 105/689/1669 1777/690/1670 2461/446/1671 1003/449/1672
f 105/689/1673 1003/449/1674 2463/437/1675 1778/691/1676
f 105/689/1677 1778/691/1678 2846/667/1679 1816/688/1680
f 106/692/1681 1308/693/1682 2606/458/1683 1291/457/1684
f 106/692/1685 1291/457/1686 2514/456/1687 1021/694/1688
f 106/692/1689 1021/694/1690 2465/695/1691 1338/696/1692
f 106/692/1693 1338/696/1694 2613/697/1695 1308/693/1696
f 107/698/1697 1817/699/1698 2879/700/1699 1850/701/1700
f 107/698/1701 1850/701/1702 2458/416/1703 1004/442/1704
f 107/698/1705 1004/442/1706 2461/446/1707 1777/690/1708
f 107/698/1709 1777/690/1710 2847/687/1711 1817/699/1712
f 108/702/1713 1822/668/1714 2846/667/1715 1778/691/1716
f 108/702/1717 1778/691/1718 2463/437/1719 1005/436/1720
f 108/702/1721 1005/436/1722 2460/12/1723 1848/703/1724
f 108/702/1725 1848/703/1726 2877/669/1727 1822/668/1728
f 109/704/1729 1823/705/1730 2885/706/1731 1856/707/1732
f 109/704/1733 1856/707/1734 2456/27/1735 1006/418/1736
f 109/704/1737 1006/418/1738 2459/422/1739 1849/682/1740
f 109/704/1741 1849/682/1742 2878/679/1743 1823/705/1744
f 110/708/1745 1824/709/1746 2887/710/1747 1858/711/1748
f 110/708/1749 1858/711/1750 2454/410/1751 1007/409/1752
f 110/708/1753 1007/409/1754 2458/416/1755 1850/701/1756
f 110/708/1757 1850/701/1758 2879/700/1759 1824/709/1760
f 111/712/1761 1825/713/1762 2842/510/1763 1782/674/1764
f 111/712/1765 1782/674/1766 2466/406/1767 1008/405/1768
f 111/712/1769 1008/405/1770 2457/30/1771 1851/714/1772
f 111/712/1773 1851/714/1774 2880/715/1775 1825/713/1776
f 112/716/1777 898/717/1778 2880/715/1779 1851/714/1780
f 112/716/1781 1851/714/1782 2457/30/1783 1009/29/1784
f 112/716/1785 1009/29/1786 2453/36/1787 981/718/1788
f 112/716/1789 981/718/1790 2888/719/1791 898/717/1792
f 113/720/1793 899/721/1794 2824/722/1795 1741/723/1796
f 113/720/1797 1741/723/1798 2849/21/1799 1010/20/1800
f 113/720/1801 1010/20/1802 2456/27/1803 1856/707/1804
f 113/720/1805 1856/707/1806 2885/706/1807 899/721/1808
f 114/724/1809 902/725/1810 2877/669/1811 1848/703/1812
f 114/724/1813 1848/703/1814 2460/12/1815 1011/11/1816
f 114/724/1817 1011/11/1818 2455/18/1819 1857/726/1820
f 114/724/1821 1857/726/1822 2886/727/1823 902/725/1824
f 115/728/1825 903/729/1826 2829/730/1827 1736/731/1828
f 115/728/1829 1736/731/1830 2832/3/1831 1012/2/1832
f 115/728/1833 1012/2/1834 2454/9/1835 1858/732/1836
f 115/728/1837 1858/732/1838 2887/733/1839 903/729/1840
f 116/734/1841 1712/735/1842 2815/736/1843 1733/737/1844
f 116/734/1845 1733/737/1846 2833/738/1847 1029/739/1848
f 116/734/1849 1029/739/1850 2467/740/1851 784/741/1852
f 116/734/1853 784/741/1854 2343/742/1855 1712/735/1856
f 117/743/1857 891/744/1858 2409/745/1859 896/746/1860
f 117/743/1861 896/746/1862 2473/671/1863 1030/747/1864
f 117/743/1865 1030/747/1866 2468/748/1867 787/749/1868
f 117/743/1869 787/749/1870 2347/750/1871 891/744/1872
f 118/751/1873 1769/752/1874 2852/753/1875 1775/754/1876
f 118/751/1877 1775/754/1878 2850/755/1879 1031/756/1880
f 118/751/1881 1031/756/1882 2469/757/1883 790/758/1884
f 118/751/1885 790/758/1886 2345/43/1887 1769/752/1888
f 119/759/1889 883/402/1890 2405/401/1891 887/760/1892
f 119/759/1893 887/760/1894 2470/761/1895 1032/762/1896
f 119/759/1897 1032/762/1898 2482/763/1899 1028/764/1900
f 119/759/1901 1028/764/1902 2341/403/1903 883/402/1904
f 120/765/1905 909/473/1906 2423/472/1907 924/766/1908
f 120/765/1909 924/766/1910 2481/512/1911 1033/767/1912
f 120/765/1913 1033/767/1914 2470/761/1915 887/760/1916
f 120/765/1917 887/760/1918 2405/401/1919 909/473/1920
f 121/768/1921 785/769/1922 2343/770/1923 784/771/1924
f 121/768/1925 784/771/1926 2467/772/1927 1034/773/1928
f 121/768/1929 1034/773/1930 2471/774/1931 888/775/1932
f 121/768/1933 888/775/1934 2403/776/1935 785/769/1936
f 122/777/1937 791/44/1938 2345/43/1939 790/758/1940
f 122/777/1941 790/758/1942 2469/757/1943 1035/778/1944
f 122/777/1945 1035/778/1946 2472/677/1947 893/779/1948
f 122/777/1949 893/779/1950 2408/45/1951 791/44/1952
f 123/780/1953 897/781/1954 2411/782/1955 916/783/1956
f 123/780/1957 916/783/1958 2477/665/1959 1036/664/1960
f 123/780/1961 1036/664/1962 2473/671/1963 896/746/1964
f 123/780/1965 896/746/1966 2409/745/1967 897/781/1968
f 124/784/1969 881/785/1970 2403/776/1971 888/775/1972
f 124/784/1973 888/775/1974 2471/774/1975 1037/786/1976
f 124/784/1977 1037/786/1978 2474/685/1979 913/787/1980
f 124/784/1981 913/787/1982 2414/788/1983 881/785/1984
f 125/789/1985 913/787/1986 2474/685/1987 1040/684/1988
f 125/789/1989 1040/684/1990 2477/665/1991 916/783/1992
f 125/789/1993 916/783/1994 2411/782/1995 900/790/1996
f 125/789/1997 900/790/1998 2414/788/1999 913/787/2000
f 126/791/2001 1277/792/2002 2596/485/2003 1271/484/2004
f 126/791/2005 1271/484/2006 2519/483/2007 918/793/2008
f 126/791/2009 918/793/2010 2527/794/2011 1606/795/2012
f 126/791/2013 1606/795/2014 2598/796/2015 1277/792/2016
f 127/797/2017 890/433/2018 2408/45/2019 893/779/2020
f 127/797/2021 893/779/2022 2472/677/2023 1041/676/2024
f 127/797/2025 1041/676/2026 2478/506/2027 921/798/2028
f 127/797/2029 921/798/2030 2426/434/2031 890/433/2032
f 128/799/2033 921/798/2034 2478/506/2035 1044/505/2036
f 128/799/2037 1044/505/2038 2481/512/2039 924/766/2040
f 128/799/2041 924/766/2042 2423/472/2043 912/476/2044
f 128/799/2045 912/476/2046 2426/434/2047 921/798/2048
f 129/800/2049 1276/801/2050 2920/802/2051 1938/803/2052
f 129/800/2053 1938/803/2054 2420/804/2055 919/805/2056
f 129/800/2057 919/805/2058 2522/454/2059 1270/453/2060
f 129/800/2061 1270/453/2062 2595/452/2063 1276/801/2064
f 130/806/2065 1286/807/2066 2630/467/2067 1333/466/2068
f 130/806/2069 1333/466/2070 2508/465/2071 926/808/2072
f 130/806/2073 926/808/2074 2515/490/2075 1290/489/2076
f 130/806/2077 1290/489/2078 2605/488/2079 1286/807/2080
f 131/809/2081 1152/810/2082 2770/811/2083 1628/812/2084
f 131/809/2085 1628/812/2086 2757/252/2087 1049/251/2088
f 131/809/2089 1049/251/2090 2486/236/2091 1048/813/2092
f 131/809/2093 1048/813/2094 2512/814/2095 1152/810/2096
f 132/815/2097 829/816/2098 2755/817/2099 1627/818/2100
f 132/815/2101 1627/818/2102 2758/819/2103 1050/820/2104
f 132/815/2105 1050/820/2106 2485/821/2107 1047/822/2108
f 132/815/2109 1047/822/2110 2373/823/2111 829/816/2112
f 133/824/2113 1060/825/2114 2516/826/2115 1149/827/2116
f 133/824/2117 1149/827/2118 2512/814/2119 1048/813/2120
f 133/824/2121 1048/813/2122 2486/236/2123 1057/235/2124
f 133/824/2125 1057/235/2126 2491/234/2127 1060/825/2128
f 134/828/2129 1059/829/2130 2488/830/2131 1054/831/2132
f 134/828/2133 1054/831/2134 2376/832/2135 1046/833/2136
f 134/828/2137 1046/833/2138 2484/834/2139 1058/835/2140
f 134/828/2141 1058/835/2142 2492/836/2143 1059/829/2144
f 135/837/2145 1658/838/2146 2811/839/2147 1702/840/2148
f 135/837/2149 1702/840/2150 2488/830/2151 1059/829/2152
f 135/837/2153 1059/829/2154 2492/836/2155 1694/841/2156
f 135/837/2157 1694/841/2158 2803/842/2159 1658/838/2160
f 136/843/2161 1659/844/2162 2764/845/2163 1620/846/2164
f 136/843/2165 1620/846/2166 2516/826/2167 1060/825/2168
f 136/843/2169 1060/825/2170 2491/234/2171 1695/847/2172
f 136/843/2173 1695/847/2174 2804/848/2175 1659/844/2176
f 137/849/2177 1660/850/2178 2804/848/2179 1695/847/2180
f 137/849/2181 1695/847/2182 2491/234/2183 1061/233/2184
f 137/849/2185 1061/233/2186 2487/240/2187 1053/851/2188
f 137/849/2189 1053/851/2190 2812/852/2191 1660/850/2192
f 138/853/2193 1661/854/2194 2748/855/2195 1577/856/2196
f 138/853/2197 1577/856/2198 2759/225/2199 1062/224/2200
f 138/853/2201 1062/224/2202 2490/231/2203 1700/857/2204
f 138/853/2205 1700/857/2206 2809/858/2207 1661/854/2208
f 139/859/2209 1666/860/2210 2802/861/2211 1693/862/2212
f 139/859/2213 1693/862/2214 2504/216/2215 1063/215/2216
f 139/859/2217 1063/215/2218 2489/222/2219 1701/863/2220
f 139/859/2221 1701/863/2222 2810/864/2223 1666/860/2224
f 140/865/2225 1667/866/2226 2753/867/2227 1572/868/2228
f 140/865/2229 1572/868/2230 2742/207/2231 1064/206/2232
f 140/865/2233 1064/206/2234 2488/213/2235 1702/869/2236
f 140/865/2237 1702/869/2238 2811/870/2239 1667/866/2240
f 141/871/2241 1552/872/2242 2735/873/2243 1583/874/2244
f 141/871/2245 1583/874/2246 2743/875/2247 1071/876/2248
f 141/871/2249 1071/876/2250 2493/877/2251 832/878/2252
f 141/871/2253 832/878/2254 2375/879/2255 1552/872/2256
f 142/880/2257 1079/881/2258 2501/882/2259 1086/883/2260
f 142/880/2261 1086/883/2262 2505/884/2263 1072/885/2264
f 142/880/2265 1072/885/2266 2494/886/2267 835/887/2268
f 142/880/2269 835/887/2270 2379/888/2271 1079/881/2272
f 143/889/2273 1609/890/2274 2772/891/2275 1625/892/2276
f 143/889/2277 1625/892/2278 2760/893/2279 1073/894/2280
f 143/889/2281 1073/894/2282 2495/895/2283 838/896/2284
f 143/889/2285 838/896/2286 2377/247/2287 1609/890/2288
f 144/897/2289 1047/822/2290 2485/821/2291 1051/898/2292
f 144/897/2293 1051/898/2294 2496/899/2295 1074/900/2296
f 144/897/2297 1074/900/2298 2498/901/2299 1070/902/2300
f 144/897/2301 1070/902/2302 2373/823/2303 1047/822/2304
f 145/903/2305 1113/904/2306 2525/905/2307 1143/906/2308
f 145/903/2309 1143/906/2310 2520/907/2311 1075/908/2312
f 145/903/2313 1075/908/2314 2496/899/2315 1051/898/2316
f 145/903/2317 1051/898/2318 2485/821/2319 1113/904/2320
f 146/909/2321 833/910/2322 2375/911/2323 832/912/2324
f 146/909/2325 832/912/2326 2493/913/2327 1076/914/2328
f 146/909/2329 1076/914/2330 2497/915/2331 1052/916/2332
f 146/909/2333 1052/916/2334 2483/917/2335 833/910/2336
f 147/918/2337 839/248/2338 2377/247/2339 838/896/2340
f 147/918/2341 838/896/2342 2495/895/2343 1084/919/2344
f 147/918/2345 1084/919/2346 2506/920/2347 1085/921/2348
f 147/918/2349 1085/921/2350 2500/249/2351 839/248/2352
f 148/922/2353 1093/923/2354 2507/924/2355 1140/925/2356
f 148/922/2357 1140/925/2358 2536/926/2359 1083/927/2360
f 148/922/2361 1083/927/2362 2505/884/2363 1086/883/2364
f 148/922/2365 1086/883/2366 2501/882/2367 1093/923/2368
f 149/928/2369 1668/929/2370 2768/930/2371 1616/931/2372
f 149/928/2373 1616/931/2374 2532/932/2375 1082/933/2376
f 149/928/2377 1082/933/2378 2504/216/2379 1693/862/2380
f 149/928/2381 1693/862/2382 2802/861/2383 1668/929/2384
f 150/934/2385 1669/935/2386 2809/858/2387 1700/857/2388
f 150/934/2389 1700/857/2390 2490/231/2391 1081/936/2392
f 150/934/2393 1081/936/2394 2503/937/2395 1692/938/2396
f 150/934/2397 1692/938/2398 2801/939/2399 1669/935/2400
f 151/940/2401 1081/936/2402 2490/231/2403 1056/230/2404
f 151/940/2405 1056/230/2406 2378/229/2407 1080/941/2408
f 151/940/2409 1080/941/2410 2502/942/2411 1089/943/2412
f 151/940/2413 1089/943/2414 2503/937/2415 1081/936/2416
f 152/944/2417 837/945/2418 2756/946/2419 1624/947/2420
f 152/944/2421 1624/947/2422 2761/948/2423 1090/949/2424
f 152/944/2425 1090/949/2426 2502/942/2427 1080/941/2428
f 152/944/2429 1080/941/2430 2378/229/2431 837/945/2432
f 153/950/2433 1132/951/2434 2766/952/2435 1623/953/2436
f 153/950/2437 1623/953/2438 2762/243/2439 1091/242/2440
f 153/950/2441 1091/242/2442 2500/249/2443 1078/954/2444
f 153/950/2445 1078/954/2446 2528/955/2447 1132/951/2448
f 154/956/2449 1082/933/2450 2532/932/2451 1128/957/2452
f 154/956/2453 1128/957/2454 2524/958/2455 1077/959/2456
f 154/956/2457 1077/959/2458 2499/218/2459 1092/217/2460
f 154/956/2461 1092/217/2462 2504/216/2463 1082/933/2464
f 155/960/2465 1117/961/2466 2492/836/2467 1058/835/2468
f 155/960/2469 1058/835/2470 2484/834/2471 1109/962/2472
f 155/960/2473 1109/962/2474 2521/963/2475 1125/964/2476
f 155/960/2477 1125/964/2478 2529/965/2479 1117/961/2480
f 156/966/2481 1125/964/2482 2521/963/2483 1112/967/2484
f 156/966/2485 1112/967/2486 2524/958/2487 1128/957/2488
f 156/966/2489 1128/957/2490 2532/932/2491 1120/968/2492
f 156/966/2493 1120/968/2494 2529/965/2495 1125/964/2496
f 157/969/2497 1311/970/2498 2613/697/2499 1338/696/2500
f 157/969/2501 1338/696/2502 2465/695/2503 1026/971/2504
f 157/969/2505 1026/971/2506 2462/481/2507 1339/480/2508
f 157/969/2509 1339/480/2510 2614/479/2511 1311/970/2512
f 158/972/2513 1050/820/2514 2758/819/2515 1622/973/2516
f 158/972/2517 1622/973/2518 2763/974/2519 1129/975/2520
f 158/972/2521 1129/975/2522 2525/905/2523 1113/904/2524
f 158/972/2525 1113/904/2526 2485/821/2527 1050/820/2528
f 159/976/2529 1621/977/2530 2766/952/2531 1132/951/2532
f 159/976/2533 1132/951/2534 2528/955/2535 1116/978/2536
f 159/976/2537 1116/978/2538 2525/905/2539 1129/975/2540
f 159/976/2541 1129/975/2542 2763/974/2543 1621/977/2544
f 160/979/2545 1183/980/2546 2568/981/2547 1243/982/2548
f 160/979/2549 1243/982/2550 2908/983/2551 1916/984/2552
f 160/979/2553 1916/984/2554 2963/985/2555 1176/986/2556
f 160/979/2557 1176/986/2558 2550/987/2559 1183/980/2560
f 161/988/2561 1880/989/2562 2941/990/2563 2020/991/2564
f 161/988/2565 2020/991/2566 2412/992/2567 1721/993/2568
f 161/988/2569 1721/993/2570 2425/523/2571 1898/522/2572
f 161/988/2573 1898/522/2574 2903/521/2575 1880/989/2576
f 162/994/2577 1094/995/2578 2803/842/2579 1694/841/2580
f 162/994/2581 1694/841/2582 2492/836/2583 1117/961/2584
f 162/994/2585 1117/961/2586 2529/965/2587 1615/996/2588
f 162/994/2589 1615/996/2590 2769/997/2591 1094/995/2592
f 163/998/2593 1133/999/2594 2769/997/2595 1095/1000/2596
f 163/998/2597 1095/1000/2598 2768/930/2599 1136/1001/2600
f 163/998/2601 1136/1001/2602 2536/926/2603 1124/1002/2604
f 163/998/2605 1124/1002/2606 2533/1003/2607 1133/999/2608
f 164/1004/2609 1180/1005/2610 2559/1006/2611 1195/1007/2612
f 164/1004/2613 1195/1007/2614 2961/1008/2615 1970/1009/2616
f 164/1004/2617 1970/1009/2618 2969/1010/2619 1174/1011/2620
f 164/1004/2621 1174/1011/2622 2548/1012/2623 1180/1005/2624
f 165/1013/2625 1925/1014/2626 2598/796/2627 1606/795/2628
f 165/1013/2629 1606/795/2630 2527/794/2631 1725/1015/2632
f 165/1013/2633 1725/1015/2634 2421/1016/2635 1927/1017/2636
f 165/1013/2637 1927/1017/2638 2933/1018/2639 1925/1014/2640
f 166/1019/2641 1045/1020/2642 2483/917/2643 1052/916/2644
f 166/1019/2645 1052/916/2646 2497/915/2647 1121/1021/2648
f 166/1019/2649 1121/1021/2650 2533/1003/2651 1137/1022/2652
f 166/1019/2653 1137/1022/2654 2509/1023/2655 1045/1020/2656
f 167/1024/2657 1137/1022/2658 2533/1003/2659 1124/1002/2660
f 167/1024/2661 1124/1002/2662 2536/926/2663 1140/925/2664
f 167/1024/2665 1140/925/2666 2507/924/2667 1096/1025/2668
f 167/1024/2669 1096/1025/2670 2509/1023/2671 1137/1022/2672
f 168/1026/2673 1881/1027/2674 2594/1028/2675 1269/1029/2676
f 168/1026/2677 1269/1029/2678 2523/1030/2679 1722/1031/2680
f 168/1026/2681 1722/1031/2682 2424/1032/2683 1899/1033/2684
f 168/1026/2685 1899/1033/2686 2904/1034/2687 1881/1027/2688
f 169/1035/2689 1962/1036/2690 2904/1034/2691 1899/1033/2692
f 169/1035/2693 1899/1033/2694 2424/1032/2695 1759/1037/2696
f 169/1035/2697 1759/1037/2698 2417/1038/2699 1993/1039/2700
f 169/1035/2701 1993/1039/2702 2952/1040/2703 1962/1036/2704
f 170/1041/2705 1078/954/2706 2500/249/2707 1085/921/2708
f 170/1041/2709 1085/921/2710 2506/920/2711 1105/1042/2712
f 170/1041/2713 1105/1042/2714 2517/1043/2715 1141/1044/2716
f 170/1041/2717 1141/1044/2718 2528/955/2719 1078/954/2720
f 171/1045/2721 1141/1044/2722 2517/1043/2723 1108/1046/2724
f 171/1045/2725 1108/1046/2726 2520/907/2727 1143/906/2728
f 171/1045/2729 1143/906/2730 2525/905/2731 1116/978/2732
f 171/1045/2733 1116/978/2734 2528/955/2735 1141/1044/2736
f 172/1047/2737 1911/1048/2738 2953/1049/2739 1994/1050/2740
f 172/1047/2741 1994/1050/2742 2416/1051/2743 1726/1052/2744
f 172/1047/2745 1726/1052/2746 2420/804/2747 1938/803/2748
f 172/1047/2749 1938/803/2750 2920/802/2751 1911/1048/2752
f 173/1053/2753 1950/1054/2754 2933/1018/2755 1927/1017/2756
f 173/1053/2757 1927/1017/2758 2421/1016/2759 1763/1055/2760
f 173/1053/2761 1763/1055/2762 2413/1056/2763 2019/1057/2764
f 173/1053/2765 2019/1057/2766 2940/1058/2767 1950/1054/2768
f 174/1059/2769 1098/1060/2770 2801/939/2771 1692/938/2772
f 174/1059/2773 1692/938/2774 2503/937/2775 1101/1061/2776
f 174/1059/2777 1101/1061/2778 2513/1062/2779 1619/1063/2780
f 174/1059/2781 1619/1063/2782 2765/1064/2783 1098/1060/2784
f 175/1065/2785 1144/1066/2786 2765/1064/2787 1099/1067/2788
f 175/1065/2789 1099/1067/2790 2764/845/2791 1146/1068/2792
f 175/1065/2793 1146/1068/2794 2520/907/2795 1108/1046/2796
f 175/1065/2797 1108/1046/2798 2517/1043/2799 1144/1066/2800
f 176/1069/2801 1963/1070/2802 2952/1040/2803 1993/1039/2804
f 176/1069/2805 1993/1039/2806 2417/1038/2807 1760/1071/2808
f 176/1069/2809 1760/1071/2810 2416/1051/2811 1994/1050/2812
f 176/1069/2813 1994/1050/2814 2953/1049/2815 1963/1070/2816
f 177/1072/2817 1076/914/2818 2493/913/2819 1065/1073/2820
f 177/1072/2821 1065/1073/2822 2811/839/2823 1658/838/2824
f 177/1072/2825 1658/838/2826 2803/842/2827 1069/1074/2828
f 177/1072/2829 1069/1074/2830 2497/915/2831 1076/914/2832
f 178/1075/2833 1101/1061/2834 2503/937/2835 1089/943/2836
f 178/1075/2837 1089/943/2838 2502/942/2839 1097/1076/2840
f 178/1075/2841 1097/1076/2842 2510/1077/2843 1147/1078/2844
f 178/1075/2845 1147/1078/2846 2513/1062/2847 1101/1061/2848
f 179/1079/2849 1147/1078/2850 2510/1077/2851 1100/1080/2852
f 179/1079/2853 1100/1080/2854 2512/814/2855 1149/827/2856
f 179/1079/2857 1149/827/2858 2516/826/2859 1104/1081/2860
f 179/1079/2861 1104/1081/2862 2513/1062/2863 1147/1078/2864
f 180/1082/2865 1951/1083/2866 2940/1058/2867 2019/1057/2868
f 180/1082/2869 2019/1057/2870 2413/1056/2871 1764/1084/2872
f 180/1082/2873 1764/1084/2874 2412/992/2875 2020/991/2876
f 180/1082/2877 2020/991/2878 2941/990/2879 1951/1083/2880
f 181/1085/2881 1074/900/2882 2496/899/2883 1068/1086/2884
f 181/1085/2885 1068/1086/2886 2804/848/2887 1660/850/2888
f 181/1085/2889 1660/850/2890 2812/852/2891 1703/1087/2892
f 181/1085/2893 1703/1087/2894 2498/901/2895 1074/900/2896
f 182/1088/2897 1090/949/2898 2761/948/2899 1618/1089/2900
f 182/1088/2901 1618/1089/2902 2767/1090/2903 1150/1091/2904
f 182/1088/2905 1150/1091/2906 2510/1077/2907 1097/1076/2908
f 182/1088/2909 1097/1076/2910 2502/942/2911 1090/949/2912
f 183/1092/2913 1617/1093/2914 2770/811/2915 1152/810/2916
f 183/1092/2917 1152/810/2918 2512/814/2919 1100/1080/2920
f 183/1092/2921 1100/1080/2922 2510/1077/2923 1150/1091/2924
f 183/1092/2925 1150/1091/2926 2767/1090/2927 1617/1093/2928
f 184/1094/2929 1075/908/2930 2520/907/2931 1146/1068/2932
f 184/1094/2933 1146/1068/2934 2764/845/2935 1659/844/2936
f 184/1094/2937 1659/844/2938 2804/848/2939 1068/1086/2940
f 184/1094/2941 1068/1086/2942 2496/899/2943 1075/908/2944
f 185/1095/2945 1072/885/2946 2505/884/2947 1087/1096/2948
f 185/1095/2949 1087/1096/2950 2802/861/2951 1666/860/2952
f 185/1095/2953 1666/860/2954 2810/864/2955 1066/1097/2956
f 185/1095/2957 1066/1097/2958 2494/886/2959 1072/885/2960
f 186/1098/2961 1247/1099/2962 2991/1100/2963 2056/1101/2964
f 186/1098/2965 2056/1101/2966 2978/201/2967 1157/200/2968
f 186/1098/2969 1157/200/2970 2540/185/2971 1156/1102/2972
f 186/1098/2973 1156/1102/2974 2564/1103/2975 1247/1099/2976
f 187/1104/2977 817/1105/2978 2974/1106/2979 2055/1107/2980
f 187/1104/2981 2055/1107/2982 2979/1108/2983 1158/1109/2984
f 187/1104/2985 1158/1109/2986 2539/1110/2987 1155/1111/2988
f 187/1104/2989 1155/1111/2990 2365/1112/2991 817/1105/2992
f 188/1113/2993 1168/1114/2994 2566/1115/2995 1245/1116/2996
f 188/1113/2997 1245/1116/2998 2564/1103/2999 1156/1102/3000
f 188/1113/3001 1156/1102/3002 2540/185/3003 1165/184/3004
f 188/1113/3005 1165/184/3006 2545/183/3007 1168/1114/3008
f 189/1117/3009 1167/1118/3010 2542/1119/3011 1162/1120/3012
f 189/1117/3013 1162/1120/3014 2368/1121/3015 1154/1122/3016
f 189/1117/3017 1154/1122/3018 2538/1123/3019 1166/1124/3020
f 189/1117/3021 1166/1124/3022 2546/1125/3023 1167/1118/3024
f 190/1126/3025 1915/1127/3026 2970/1128/3027 2013/1129/3028
f 190/1126/3029 2013/1129/3030 2542/1119/3031 1167/1118/3032
f 190/1126/3033 1167/1118/3034 2546/1125/3035 2005/1130/3036
f 190/1126/3037 2005/1130/3038 2962/1131/3039 1915/1127/3040
f 191/1132/3041 1916/984/3042 2908/983/3043 1891/1133/3044
f 191/1132/3045 1891/1133/3046 2566/1115/3047 1168/1114/3048
f 191/1132/3049 1168/1114/3050 2545/183/3051 2006/1134/3052
f 191/1132/3053 2006/1134/3054 2963/985/3055 1916/984/3056
f 192/1135/3057 1919/1136/3058 2963/985/3059 2006/1134/3060
f 192/1135/3061 2006/1134/3062 2545/183/3063 1169/182/3064
f 192/1135/3065 1169/182/3066 2541/189/3067 1161/1137/3068
f 192/1135/3069 1161/1137/3070 2971/1138/3071 1919/1136/3072
f 193/1139/3073 1920/1140/3074 2628/1141/3075 1325/1142/3076
f 193/1139/3077 1325/1142/3078 2980/174/3079 1170/173/3080
f 193/1139/3081 1170/173/3082 2544/180/3083 2011/1143/3084
f 193/1139/3085 2011/1143/3086 2968/1144/3087 1920/1140/3088
f 194/1145/3089 1970/1009/3090 2961/1008/3091 2004/1146/3092
f 194/1145/3093 2004/1146/3094 2558/165/3095 1171/164/3096
f 194/1145/3097 1171/164/3098 2543/171/3099 2012/1147/3100
f 194/1145/3101 2012/1147/3102 2969/1010/3103 1970/1009/3104
f 195/1148/3105 1971/1149/3106 2624/1150/3107 1321/1151/3108
f 195/1148/3109 1321/1151/3110 2994/156/3111 1172/155/3112
f 195/1148/3113 1172/155/3114 2542/162/3115 2013/1152/3116
f 195/1148/3117 2013/1152/3118 2970/1153/3119 1971/1149/3120
f 196/1154/3121 2065/1155/3122 2996/1156/3123 2095/1157/3124
f 196/1154/3125 2095/1157/3126 2995/1158/3127 1179/1159/3128
f 196/1154/3129 1179/1159/3130 2547/1160/3131 820/1161/3132
f 196/1154/3133 820/1161/3134 2367/1162/3135 2065/1155/3136
f 197/1163/3137 1187/1164/3138 2555/1165/3139 1194/1166/3140
f 197/1163/3141 1194/1166/3142 2559/1006/3143 1180/1005/3144
f 197/1163/3145 1180/1005/3146 2548/1012/3147 823/1167/3148
f 197/1163/3149 823/1167/3150 2371/1168/3151 1187/1164/3152
f 198/1169/3153 2025/1170/3154 2976/1171/3155 2051/1172/3156
f 198/1169/3157 2051/1172/3158 2983/1173/3159 1181/1174/3160
f 198/1169/3161 1181/1174/3162 2549/1175/3163 826/1176/3164
f 198/1169/3165 826/1176/3166 2369/196/3167 2025/1170/3168
f 199/1177/3169 1155/1111/3170 2539/1110/3171 1159/1178/3172
f 199/1177/3173 1159/1178/3174 2550/987/3175 1182/1179/3176
f 199/1177/3177 1182/1179/3178 2552/1180/3179 1178/1181/3180
f 199/1177/3181 1178/1181/3182 2365/1112/3183 1155/1111/3184
f 200/1182/3185 1220/1183/3186 2571/1184/3187 1241/1185/3188
f 200/1182/3189 1241/1185/3190 2568/981/3191 1183/980/3192
f 200/1182/3193 1183/980/3194 2550/987/3195 1159/1178/3196
f 200/1182/3197 1159/1178/3198 2539/1110/3199 1220/1183/3200
f 201/1186/3201 821/1187/3202 2367/1188/3203 820/1189/3204
f 201/1186/3205 820/1189/3206 2547/1190/3207 1184/1191/3208
f 201/1186/3209 1184/1191/3210 2551/1192/3211 1160/1193/3212
f 201/1186/3213 1160/1193/3214 2537/1194/3215 821/1187/3216
f 202/1195/3217 827/197/3218 2369/196/3219 826/1176/3220
f 202/1195/3221 826/1176/3222 2549/1175/3223 1192/1196/3224
f 202/1195/3225 1192/1196/3226 2560/1197/3227 1193/1198/3228
f 202/1195/3229 1193/1198/3230 2554/198/3231 827/197/3232
f 203/1199/3233 1201/1200/3234 2561/1201/3235 1239/1202/3236
f 203/1199/3237 1239/1202/3238 2582/1203/3239 1191/1204/3240
f 203/1199/3241 1191/1204/3242 2559/1006/3243 1194/1166/3244
f 203/1199/3245 1194/1166/3246 2555/1165/3247 1201/1200/3248
f 204/1205/3249 1972/1206/3250 2924/1207/3251 1932/1208/3252
f 204/1205/3253 1932/1208/3254 2578/1209/3255 1190/1210/3256
f 204/1205/3257 1190/1210/3258 2558/165/3259 2004/1146/3260
f 204/1205/3261 2004/1146/3262 2961/1008/3263 1972/1206/3264
f 205/1211/3265 1973/1212/3266 2968/1144/3267 2011/1143/3268
f 205/1211/3269 2011/1143/3270 2544/180/3271 1189/1213/3272
f 205/1211/3273 1189/1213/3274 2557/1214/3275 2003/1215/3276
f 205/1211/3277 2003/1215/3278 2960/1216/3279 1973/1212/3280
f 206/1217/3281 1189/1213/3282 2544/180/3283 1164/179/3284
f 206/1217/3285 1164/179/3286 2370/178/3287 1188/1218/3288
f 206/1217/3289 1188/1218/3290 2556/1219/3291 1197/1220/3292
f 206/1217/3293 1197/1220/3294 2557/1214/3295 1189/1213/3296
f 207/1221/3297 825/1222/3298 2977/1223/3299 2050/1224/3300
f 207/1221/3301 2050/1224/3302 2984/1225/3303 1198/1226/3304
f 207/1221/3305 1198/1226/3306 2556/1219/3307 1188/1218/3308
f 207/1221/3309 1188/1218/3310 2370/178/3311 825/1222/3312
f 208/1227/3313 1235/1228/3314 2987/1229/3315 2049/1230/3316
f 208/1227/3317 2049/1230/3318 2985/192/3319 1199/191/3320
f 208/1227/3321 1199/191/3322 2554/198/3323 1186/1231/3324
f 208/1227/3325 1186/1231/3326 2574/1232/3327 1235/1228/3328
f 209/1233/3329 1190/1210/3330 2578/1209/3331 1233/1234/3332
f 209/1233/3333 1233/1234/3334 2570/1235/3335 1185/1236/3336
f 209/1233/3337 1185/1236/3338 2553/167/3339 1200/166/3340
f 209/1233/3341 1200/166/3342 2558/165/3343 1190/1210/3344
f 210/1237/3345 1224/1238/3346 2546/1125/3347 1166/1124/3348
f 210/1237/3349 1166/1124/3350 2538/1123/3351 1216/1239/3352
f 210/1237/3353 1216/1239/3354 2569/1240/3355 1232/1241/3356
f 210/1237/3357 1232/1241/3358 2575/1242/3359 1224/1238/3360
f 211/1243/3361 1232/1241/3362 2569/1240/3363 1219/1244/3364
f 211/1243/3365 1219/1244/3366 2570/1235/3367 1233/1234/3368
f 211/1243/3369 1233/1234/3370 2578/1209/3371 1227/1245/3372
f 211/1243/3373 1227/1245/3374 2575/1242/3375 1232/1241/3376
f 212/1246/3377 1158/1109/3378 2979/1108/3379 2048/1247/3380
f 212/1246/3381 2048/1247/3382 2986/1248/3383 1234/1249/3384
f 212/1246/3385 1234/1249/3386 2571/1184/3387 1220/1183/3388
f 212/1246/3389 1220/1183/3390 2539/1110/3391 1158/1109/3392
f 213/1250/3393 2047/1251/3394 2987/1229/3395 1235/1228/3396
f 213/1250/3397 1235/1228/3398 2574/1232/3399 1223/1252/3400
f 213/1250/3401 1223/1252/3402 2571/1184/3403 1234/1249/3404
f 213/1250/3405 1234/1249/3406 2986/1248/3407 2047/1251/3408
f 214/1253/3409 1978/1254/3410 2962/1131/3411 2005/1130/3412
f 214/1253/3413 2005/1130/3414 2546/1125/3415 1224/1238/3416
f 214/1253/3417 1224/1238/3418 2575/1242/3419 1929/1255/3420
f 214/1253/3421 1929/1255/3422 2928/1256/3423 1978/1254/3424
f 215/1257/3425 1383/1258/3426 2641/1259/3427 1364/1260/3428
f 215/1257/3429 1364/1260/3430 3037/1261/3431 2079/1262/3432
f 215/1257/3433 2079/1262/3434 3027/1263/3435 1387/1264/3436
f 215/1257/3437 1387/1264/3438 2654/1265/3439 1383/1258/3440
f 216/1266/3441 1980/1267/3442 2928/1256/3443 1929/1255/3444
f 216/1266/3445 1929/1255/3446 2575/1242/3447 1227/1245/3448
f 216/1266/3449 1227/1245/3450 2578/1209/3451 1932/1208/3452
f 216/1266/3453 1932/1208/3454 2924/1207/3455 1980/1267/3456
f 217/1268/3457 1153/1269/3458 2537/1194/3459 1160/1193/3460
f 217/1268/3461 1160/1193/3462 2551/1192/3463 1228/1270/3464
f 217/1268/3465 1228/1270/3466 2579/1271/3467 1238/1272/3468
f 217/1268/3469 1238/1272/3470 2562/1273/3471 1153/1269/3472
f 218/1274/3473 1238/1272/3474 2579/1271/3475 1231/1275/3476
f 218/1274/3477 1231/1275/3478 2582/1203/3479 1239/1202/3480
f 218/1274/3481 1239/1202/3482 2561/1201/3483 1203/1276/3484
f 218/1274/3485 1203/1276/3486 2562/1273/3487 1238/1272/3488
f 219/1277/3489 1186/1231/3490 2554/198/3491 1193/1198/3492
f 219/1277/3493 1193/1198/3494 2560/1197/3495 1212/1278/3496
f 219/1277/3497 1212/1278/3498 2567/1279/3499 1240/1280/3500
f 219/1277/3501 1240/1280/3502 2574/1232/3503 1186/1231/3504
f 220/1281/3505 1240/1280/3506 2567/1279/3507 1215/1282/3508
f 220/1281/3509 1215/1282/3510 2568/981/3511 1241/1185/3512
f 220/1281/3513 1241/1185/3514 2571/1184/3515 1223/1252/3516
f 220/1281/3517 1223/1252/3518 2574/1232/3519 1240/1280/3520
f 221/1283/3521 1375/1284/3522 2662/1285/3523 1419/1286/3524
f 221/1283/3525 1419/1286/3526 2925/1287/3527 2036/1288/3528
f 221/1283/3529 2036/1288/3530 3029/1289/3531 1368/1290/3532
f 221/1283/3533 1368/1290/3534 2645/1291/3535 1375/1284/3536
f 222/1292/3537 1025/1293/3538 2960/1216/3539 2003/1215/3540
f 222/1292/3541 2003/1215/3542 2557/1214/3543 1208/1294/3544
f 222/1292/3545 1208/1294/3546 2565/1295/3547 1888/1296/3548
f 222/1292/3549 1888/1296/3550 2913/1297/3551 1025/1293/3552
f 223/1298/3553 1370/1299/3554 2679/1300/3555 1448/1301/3556
f 223/1298/3557 1448/1301/3558 2912/1302/3559 2075/1303/3560
f 223/1298/3561 2075/1303/3562 3037/1304/3563 1364/1305/3564
f 223/1298/3565 1364/1305/3566 2641/1306/3567 1370/1299/3568
f 224/1307/3569 991/1308/3570 2913/1297/3571 1888/1296/3572
f 224/1307/3573 1888/1296/3574 2565/1295/3575 1211/1309/3576
f 224/1307/3577 1211/1309/3578 2566/1115/3579 1891/1133/3580
f 224/1307/3581 1891/1133/3582 2908/983/3583 991/1308/3584
f 225/1310/3585 1406/1311/3586 2644/1312/3587 1367/1313/3588
f 225/1310/3589 1367/1313/3590 3030/1314/3591 2116/1315/3592
f 225/1310/3593 2116/1315/3594 3007/1316/3595 1412/1317/3596
f 225/1310/3597 1412/1317/3598 2669/1318/3599 1406/1311/3600
f 226/1319/3601 1208/1294/3602 2557/1214/3603 1197/1220/3604
f 226/1319/3605 1197/1220/3606 2556/1219/3607 1204/1320/3608
f 226/1319/3609 1204/1320/3610 2563/1321/3611 1244/1322/3612
f 226/1319/3613 1244/1322/3614 2565/1295/3615 1208/1294/3616
f 227/1323/3617 1244/1322/3618 2563/1321/3619 1207/1324/3620
f 227/1323/3621 1207/1324/3622 2564/1103/3623 1245/1116/3624
f 227/1323/3625 1245/1116/3626 2566/1115/3627 1211/1309/3628
f 227/1323/3629 1211/1309/3630 2565/1295/3631 1244/1322/3632
f 228/1325/3633 1374/1326/3634 2643/1327/3635 1366/1328/3636
f 228/1325/3637 1366/1328/3638 3035/1329/3639 2037/1330/3640
f 228/1325/3641 2037/1330/3642 3030/1314/3643 1367/1313/3644
f 228/1325/3645 1367/1313/3646 2644/1312/3647 1374/1326/3648
f 229/1331/3649 1371/1332/3650 2645/1291/3651 1368/1290/3652
f 229/1331/3653 1368/1290/3654 3029/1289/3655 2074/1333/3656
f 229/1331/3657 2074/1333/3658 3036/1334/3659 1365/1335/3660
f 229/1331/3661 1365/1335/3662 2642/1336/3663 1371/1332/3664
f 230/1337/3665 1198/1226/3666 2984/1225/3667 2046/1338/3668
f 230/1337/3669 2046/1338/3670 2988/1339/3671 1246/1340/3672
f 230/1337/3673 1246/1340/3674 2563/1321/3675 1204/1320/3676
f 230/1337/3677 1204/1320/3678 2556/1219/3679 1198/1226/3680
f 231/1341/3681 2045/1342/3682 2991/1100/3683 1247/1099/3684
f 231/1341/3685 1247/1099/3686 2564/1103/3687 1207/1324/3688
f 231/1341/3689 1207/1324/3690 2563/1321/3691 1246/1340/3692
f 231/1341/3693 1246/1340/3694 2988/1339/3695 2045/1342/3696
f 232/1343/3697 1372/1344/3698 2692/1345/3699 1482/1346/3700
f 232/1343/3701 1482/1346/3702 2580/1347/3703 2041/1348/3704
f 232/1343/3705 2041/1348/3706 3035/1329/3707 1366/1328/3708
f 232/1343/3709 1366/1328/3710 2643/1327/3711 1372/1344/3712
f 233/1349/3713 1382/1350/3714 2670/1351/3715 1413/1352/3716
f 233/1349/3717 1413/1352/3718 2990/1353/3719 2078/1354/3720
f 233/1349/3721 2078/1354/3722 3028/1355/3723 1386/1356/3724
f 233/1349/3725 1386/1356/3726 2653/1357/3727 1382/1350/3728
f 234/1358/3729 1343/1359/3730 2929/1360/3731 1940/1361/3732
f 234/1358/3733 1940/1361/3734 2917/150/3735 1252/149/3736
f 234/1358/3737 1252/149/3738 2586/134/3739 1251/1362/3740
f 234/1358/3741 1251/1362/3742 2610/1363/3743 1343/1359/3744
f 235/1364/3745 805/1365/3746 2915/1366/3747 1939/1367/3748
f 235/1364/3749 1939/1367/3750 2918/1368/3751 1253/1369/3752
f 235/1364/3753 1253/1369/3754 2585/1370/3755 1250/1371/3756
f 235/1364/3757 1250/1371/3758 2357/1372/3759 805/1365/3760
f 236/1373/3761 1263/1374/3762 2612/1375/3763 1341/1376/3764
f 236/1373/3765 1341/1376/3766 2610/1363/3767 1251/1362/3768
f 236/1373/3769 1251/1362/3770 2586/134/3771 1260/133/3772
f 236/1373/3773 1260/133/3774 2591/132/3775 1263/1374/3776
f 237/1377/3777 1262/1378/3778 2588/1379/3779 1257/1380/3780
f 237/1377/3781 1257/1380/3782 2360/1381/3783 1249/1382/3784
f 237/1377/3785 1249/1382/3786 2584/1383/3787 1261/1384/3788
f 237/1377/3789 1261/1384/3790 2592/1385/3791 1262/1378/3792
f 238/1386/3793 914/1387/3794 2526/1388/3795 1605/1389/3796
f 238/1386/3797 1605/1389/3798 2588/1379/3799 1262/1378/3800
f 238/1386/3801 1262/1378/3802 2592/1385/3803 1569/1390/3804
f 238/1386/3805 1569/1390/3806 2518/532/3807 914/1387/3808
f 239/1391/3809 915/482/3810 2462/481/3811 1142/1392/3812
f 239/1391/3813 1142/1392/3814 2612/1375/3815 1263/1374/3816
f 239/1391/3817 1263/1374/3818 2591/132/3819 1570/1393/3820
f 239/1391/3821 1570/1393/3822 2519/483/3823 915/482/3824
f 240/1394/3825 918/793/3826 2519/483/3827 1570/1393/3828
f 240/1394/3829 1570/1393/3830 2591/132/3831 1264/131/3832
f 240/1394/3833 1264/131/3834 2587/138/3835 1256/1395/3836
f 240/1394/3837 1256/1395/3838 2527/794/3839 918/793/3840
f 241/1396/3841 919/805/3842 2420/804/3843 1134/1397/3844
f 241/1396/3845 1134/1397/3846 2919/123/3847 1265/122/3848
f 241/1396/3849 1265/122/3850 2590/129/3851 1601/1398/3852
f 241/1396/3853 1601/1398/3854 2522/454/3855 919/805/3856
f 242/1399/3857 922/491/3858 2515/490/3859 1566/1400/3860
f 242/1399/3861 1566/1400/3862 2604/114/3863 1266/113/3864
f 242/1399/3865 1266/113/3866 2589/120/3867 1602/1401/3868
f 242/1399/3869 1602/1401/3870 2523/492/3871 922/491/3872
f 243/1402/3873 923/524/3874 2425/523/3875 1139/1403/3876
f 243/1402/3877 1139/1403/3878 2902/105/3879 1267/104/3880
f 243/1402/3881 1267/104/3882 2588/111/3883 1605/1404/3884
f 243/1402/3885 1605/1404/3886 2526/525/3887 923/524/3888
f 244/1405/3889 1872/1406/3890 2895/1407/3891 1897/1408/3892
f 244/1405/3893 1897/1408/3894 2903/521/3895 1274/520/3896
f 244/1405/3897 1274/520/3898 2593/527/3899 808/1409/3900
f 244/1405/3901 808/1409/3902 2359/1410/3903 1872/1406/3904
f 245/1411/3905 1282/1412/3906 2601/1413/3907 1289/1414/3908
f 245/1411/3909 1289/1414/3910 2605/488/3911 1275/487/3912
f 245/1411/3913 1275/487/3914 2594/494/3915 811/1415/3916
f 245/1411/3917 811/1415/3918 2363/1416/3919 1282/1412/3920
f 246/1417/3921 1923/1418/3922 2931/1419/3923 1937/1420/3924
f 246/1417/3925 1937/1420/3926 2920/802/3927 1276/801/3928
f 246/1417/3929 1276/801/3930 2595/452/3931 814/1421/3932
f 246/1417/3933 814/1421/3934 2361/145/3935 1923/1418/3936
f 247/1422/3937 1250/1371/3938 2585/1370/3939 1254/1423/3940
f 247/1422/3941 1254/1423/3942 2596/485/3943 1277/792/3944
f 247/1422/3945 1277/792/3946 2598/796/3947 1273/1424/3948
f 247/1422/3949 1273/1424/3950 2357/1372/3951 1250/1371/3952
f 248/1425/3953 1316/1426/3954 2619/1427/3955 1337/1428/3956
f 248/1425/3957 1337/1428/3958 2614/479/3959 1278/478/3960
f 248/1425/3961 1278/478/3962 2596/485/3963 1254/1423/3964
f 248/1425/3965 1254/1423/3966 2585/1370/3967 1316/1426/3968
f 249/1429/3969 809/1430/3970 2359/1431/3971 808/1432/3972
f 249/1429/3973 808/1432/3974 2593/1433/3975 1279/1434/3976
f 249/1429/3977 1279/1434/3978 2597/530/3979 1255/1435/3980
f 249/1429/3981 1255/1435/3982 2583/1436/3983 809/1430/3984
f 250/1437/3985 815/146/3986 2361/145/3987 814/1421/3988
f 250/1437/3989 814/1421/3990 2595/452/3991 1287/451/3992
f 250/1437/3993 1287/451/3994 2606/458/3995 1288/1438/3996
f 250/1437/3997 1288/1438/3998 2600/147/3999 815/146/4000
f 251/1439/4001 1296/1440/4002 2607/1441/4003 1335/1442/4004
f 251/1439/4005 1335/1442/4006 2630/467/4007 1286/807/4008
f 251/1439/4009 1286/807/4010 2605/488/4011 1289/1414/4012
f 251/1439/4013 1289/1414/4014 2601/1413/4015 1296/1440/4016
f 252/1443/4017 926/808/4018 2508/465/4019 1148/1444/4020
f 252/1443/4021 1148/1444/4022 2626/1445/4023 1285/1446/4024
f 252/1443/4025 1285/1446/4026 2604/114/4027 1566/1400/4028
f 252/1443/4029 1566/1400/4030 2515/490/4031 926/808/4032
f 253/1447/4033 927/455/4034 2522/454/4035 1601/1398/4036
f 253/1447/4037 1601/1398/4038 2590/129/4039 1284/1448/4040
f 253/1447/4041 1284/1448/4042 2603/1449/4043 1565/1450/4044
f 253/1447/4045 1565/1450/4046 2514/456/4047 927/455/4048
f 254/1451/4049 1284/1448/4050 2590/129/4051 1259/128/4052
f 254/1451/4053 1259/128/4054 2362/127/4055 1283/1452/4056
f 254/1451/4057 1283/1452/4058 2602/1453/4059 1292/1454/4060
f 254/1451/4061 1292/1454/4062 2603/1449/4063 1284/1448/4064
f 255/1455/4065 813/1456/4066 2916/1457/4067 1936/1458/4068
f 255/1455/4069 1936/1458/4070 2921/1459/4071 1293/1460/4072
f 255/1455/4073 1293/1460/4074 2602/1453/4075 1283/1452/4076
f 255/1455/4077 1283/1452/4078 2362/127/4079 813/1456/4080
f 256/1461/4081 1331/1462/4082 2926/1463/4083 1935/1464/4084
f 256/1461/4085 1935/1464/4086 2922/141/4087 1294/140/4088
f 256/1461/4089 1294/140/4090 2600/147/4091 1281/1465/4092
f 256/1461/4093 1281/1465/4094 2622/1466/4095 1331/1462/4096
f 257/1467/4097 1285/1446/4098 2626/1445/4099 1329/1468/4100
f 257/1467/4101 1329/1468/4102 2618/1469/4103 1280/1470/4104
f 257/1467/4105 1280/1470/4106 2599/116/4107 1295/115/4108
f 257/1467/4109 1295/115/4110 2604/114/4111 1285/1446/4112
f 258/1471/4113 1320/1472/4114 2592/1385/4115 1261/1384/4116
f 258/1471/4117 1261/1384/4118 2584/1383/4119 1312/1473/4120
f 258/1471/4121 1312/1473/4122 2615/1474/4123 1328/1475/4124
f 258/1471/4125 1328/1475/4126 2623/1476/4127 1320/1472/4128
f 259/1477/4129 1328/1475/4130 2615/1474/4131 1315/1478/4132
f 259/1477/4133 1315/1478/4134 2618/1469/4135 1329/1468/4136
f 259/1477/4137 1329/1468/4138 2626/1445/4139 1323/1479/4140
f 259/1477/4141 1323/1479/4142 2623/1476/4143 1328/1475/4144
f 260/1480/4145 1253/1369/4146 2918/1368/4147 1934/1481/4148
f 260/1480/4149 1934/1481/4150 2923/1482/4151 1330/1483/4152
f 260/1480/4153 1330/1483/4154 2619/1427/4155 1316/1426/4156
f 260/1480/4157 1316/1426/4158 2585/1370/4159 1253/1369/4160
f 261/1484/4161 1933/1485/4162 2926/1463/4163 1331/1462/4164
f 261/1484/4165 1331/1462/4166 2622/1466/4167 1319/1486/4168
f 261/1484/4169 1319/1486/4170 2619/1427/4171 1330/1483/4172
f 261/1484/4173 1330/1483/4174 2923/1482/4175 1933/1485/4176
f 262/1487/4177 990/533/4178 2518/532/4179 1569/1390/4180
f 262/1487/4181 1569/1390/4182 2592/1385/4183 1320/1472/4184
f 262/1487/4185 1320/1472/4186 2623/1476/4187 1151/1488/4188
f 262/1487/4189 1151/1488/4190 2511/463/4191 990/533/4192
f 263/1489/4193 1151/1488/4194 2623/1476/4195 1323/1479/4196
f 263/1489/4197 1323/1479/4198 2626/1445/4199 1148/1444/4200
f 263/1489/4201 1148/1444/4202 2508/465/4203 995/464/4204
f 263/1489/4205 995/464/4206 2511/463/4207 1151/1488/4208
f 264/1490/4209 1248/1491/4210 2583/1436/4211 1255/1435/4212
f 264/1490/4213 1255/1435/4214 2597/530/4215 1324/529/4216
f 264/1490/4217 1324/529/4218 2627/461/4219 1334/1492/4220
f 264/1490/4221 1334/1492/4222 2608/1493/4223 1248/1491/4224
f 265/1494/4225 1334/1492/4226 2627/461/4227 1327/460/4228
f 265/1494/4229 1327/460/4230 2630/467/4231 1335/1442/4232
f 265/1494/4233 1335/1442/4234 2607/1441/4235 1299/1495/4236
f 265/1494/4237 1299/1495/4238 2608/1493/4239 1334/1492/4240
f 266/1496/4241 1184/1191/4242 2547/1190/4243 1173/1497/4244
f 266/1496/4245 1173/1497/4246 2970/1128/4247 1915/1127/4248
f 266/1496/4249 1915/1127/4250 2962/1131/4251 1177/1498/4252
f 266/1496/4253 1177/1498/4254 2551/1192/4255 1184/1191/4256
f 267/1499/4257 1281/1465/4258 2600/147/4259 1288/1438/4260
f 267/1499/4261 1288/1438/4262 2606/458/4263 1308/693/4264
f 267/1499/4265 1308/693/4266 2613/697/4267 1336/1500/4268
f 267/1499/4269 1336/1500/4270 2622/1466/4271 1281/1465/4272
f 268/1501/4273 1336/1500/4274 2613/697/4275 1311/970/4276
f 268/1501/4277 1311/970/4278 2614/479/4279 1337/1428/4280
f 268/1501/4281 1337/1428/4282 2619/1427/4283 1319/1486/4284
f 268/1501/4285 1319/1486/4286 2622/1466/4287 1336/1500/4288
f 269/1502/4289 1182/1179/4290 2550/987/4291 1176/986/4292
f 269/1502/4293 1176/986/4294 2963/985/4295 1919/1136/4296
f 269/1502/4297 1919/1136/4298 2971/1138/4299 2014/1503/4300
f 269/1502/4301 2014/1503/4302 2552/1180/4303 1182/1179/4304
f 270/1504/4305 1021/694/4306 2514/456/4307 1565/1450/4308
f 270/1504/4309 1565/1450/4310 2603/1449/4311 1304/1505/4312
f 270/1504/4313 1304/1505/4314 2611/1506/4315 1145/1507/4316
f 270/1504/4317 1145/1507/4318 2465/695/4319 1021/694/4320
f 271/1508/4321 1145/1507/4322 2611/1506/4323 1307/1509/4324
f 271/1508/4325 1307/1509/4326 2612/1375/4327 1142/1392/4328
f 271/1508/4329 1142/1392/4330 2462/481/4331 1026/971/4332
f 271/1508/4333 1026/971/4334 2465/695/4335 1145/1507/4336
f 272/1510/4337 1304/1505/4338 2603/1449/4339 1292/1454/4340
f 272/1510/4341 1292/1454/4342 2602/1453/4343 1300/1511/4344
f 272/1510/4345 1300/1511/4346 2609/1512/4347 1340/1513/4348
f 272/1510/4349 1340/1513/4350 2611/1506/4351 1304/1505/4352
f 273/1514/4353 1340/1513/4354 2609/1512/4355 1303/1515/4356
f 273/1514/4357 1303/1515/4358 2610/1363/4359 1341/1376/4360
f 273/1514/4361 1341/1376/4362 2612/1375/4363 1307/1509/4364
f 273/1514/4365 1307/1509/4366 2611/1506/4367 1340/1513/4368
f 274/1516/4369 1181/1174/4370 2983/1173/4371 2054/1517/4372
f 274/1516/4373 2054/1517/4374 2628/1141/4375 1920/1140/4376
f 274/1516/4377 1920/1140/4378 2968/1144/4379 1175/1518/4380
f 274/1516/4381 1175/1518/4382 2549/1175/4383 1181/1174/4384
f 275/1519/4385 1191/1204/4386 2582/1203/4387 1237/1520/4388
f 275/1519/4389 1237/1520/4390 2924/1207/4391 1972/1206/4392
f 275/1519/4393 1972/1206/4394 2961/1008/4395 1195/1007/4396
f 275/1519/4397 1195/1007/4398 2559/1006/4399 1191/1204/4400
f 276/1521/4401 1293/1460/4402 2921/1459/4403 1931/1522/4404
f 276/1521/4405 1931/1522/4406 2927/1523/4407 1342/1524/4408
f 276/1521/4409 1342/1524/4410 2609/1512/4411 1300/1511/4412
f 276/1521/4413 1300/1511/4414 2602/1453/4415 1293/1460/4416
f 277/1525/4417 1930/1526/4418 2929/1360/4419 1343/1359/4420
f 277/1525/4421 1343/1359/4422 2610/1363/4423 1303/1515/4424
f 277/1525/4425 1303/1515/4426 2609/1512/4427 1342/1524/4428
f 277/1525/4429 1342/1524/4430 2927/1523/4431 1930/1526/4432
f 278/1527/4433 1179/1159/4434 2995/1158/4435 2096/1528/4436
f 278/1527/4437 2096/1528/4438 2624/1150/4439 1971/1149/4440
f 278/1527/4441 1971/1149/4442 2970/1153/4443 1173/1529/4444
f 278/1527/4445 1173/1529/4446 2547/1160/4447 1179/1159/4448
f 279/1530/4449 1228/1270/4450 2551/1192/4451 1177/1498/4452
f 279/1530/4453 1177/1498/4454 2962/1131/4455 1978/1254/4456
f 279/1530/4457 1978/1254/4458 2928/1256/4459 1236/1531/4460
f 279/1530/4461 1236/1531/4462 2579/1271/4463 1228/1270/4464
f 280/1532/4465 849/1533/4466 2688/1534/4467 1484/1535/4468
f 280/1532/4469 1484/1535/4470 2689/1536/4471 1348/1537/4472
f 280/1532/4473 1348/1537/4474 2634/1538/4475 1347/1539/4476
f 280/1532/4477 1347/1539/4478 2386/280/4479 849/1533/4480
f 281/1540/4481 1423/1541/4482 2698/1542/4483 1483/1543/4484
f 281/1540/4485 1483/1543/4486 2690/294/4487 1349/293/4488
f 281/1540/4489 1349/293/4490 2633/300/4491 1346/1544/4492
f 281/1540/4493 1346/1544/4494 2658/1545/4495 1423/1541/4496
f 282/1546/4497 1359/1547/4498 2638/282/4499 1355/281/4500
f 282/1546/4501 1355/281/4502 2386/280/4503 1347/1539/4504
f 282/1546/4505 1347/1539/4506 2634/1538/4507 1356/1548/4508
f 282/1546/4509 1356/1548/4510 2639/1549/4511 1359/1547/4512
f 283/1550/4513 1358/1551/4514 2660/1552/4515 1421/1553/4516
f 283/1550/4517 1421/1553/4518 2656/1554/4519 1345/1555/4520
f 283/1550/4521 1345/1555/4522 2632/269/4523 1357/268/4524
f 283/1550/4525 1357/268/4526 2640/267/4527 1358/1551/4528
f 284/1556/4529 2036/1288/4530 2925/1287/4531 1979/1557/4532
f 284/1556/4533 1979/1557/4534 2660/1552/4535 1358/1551/4536
f 284/1556/4537 1358/1551/4538 2640/267/4539 2161/1558/4540
f 284/1556/4541 2161/1558/4542 3029/1289/4543 2036/1288/4544
f 285/1559/4545 2037/1330/4546 3035/1329/4547 2167/1560/4548
f 285/1559/4549 2167/1560/4550 2638/282/4551 1359/1547/4552
f 285/1559/4553 1359/1547/4554 2639/1549/4555 2162/1561/4556
f 285/1559/4557 2162/1561/4558 3030/1314/4559 2037/1330/4560
f 286/1562/4561 2040/1563/4562 3028/1355/4563 2160/1564/4564
f 286/1562/4565 2160/1564/4566 2652/285/4567 1360/284/4568
f 286/1562/4569 1360/284/4570 2635/291/4571 1352/1565/4572
f 286/1562/4573 1352/1565/4574 3038/1566/4575 2040/1563/4576
f 287/1567/4577 2041/1348/4578 2580/1347/4579 1229/1568/4580
f 287/1567/4581 1229/1568/4582 2691/276/4583 1361/275/4584
f 287/1567/4585 1361/275/4586 2638/282/4587 2167/1560/4588
f 287/1567/4589 2167/1560/4590 3035/1329/4591 2041/1348/4592
f 288/1569/4593 2074/1333/4594 3029/1289/4595 2161/1558/4596
f 288/1569/4597 2161/1558/4598 2640/267/4599 1362/266/4600
f 288/1569/4601 1362/266/4602 2637/273/4603 2168/1570/4604
f 288/1569/4605 2168/1570/4606 3036/1334/4607 2074/1333/4608
f 289/1571/4609 2075/1303/4610 2912/1302/4611 1022/1572/4612
f 289/1571/4613 1022/1572/4614 2678/258/4615 1363/257/4616
f 289/1571/4617 1363/257/4618 2636/264/4619 2169/1573/4620
f 289/1571/4621 2169/1573/4622 3037/1304/4623 2075/1303/4624
f 290/1574/4625 1424/1575/4626 2671/1576/4627 1447/1577/4628
f 290/1574/4629 1447/1577/4630 2679/1300/4631 1370/1299/4632
f 290/1574/4633 1370/1299/4634 2641/1306/4635 844/1578/4636
f 290/1574/4637 844/1578/4638 2383/1579/4639 1424/1575/4640
f 291/1580/4641 1344/1581/4642 2631/1582/4643 1351/1583/4644
f 291/1580/4645 1351/1583/4646 2645/1291/4647 1371/1332/4648
f 291/1580/4649 1371/1332/4650 2642/1336/4651 847/1584/4652
f 291/1580/4653 847/1584/4654 2387/1585/4655 1344/1581/4656
f 292/1586/4657 1469/1587/4658 2700/1588/4659 1481/1589/4660
f 292/1586/4661 1481/1589/4662 2692/1345/4663 1372/1344/4664
f 292/1586/4665 1372/1344/4666 2643/1327/4667 850/1590/4668
f 292/1586/4669 850/1590/4670 2385/298/4671 1469/1587/4672
f 293/1591/4673 1379/1592/4674 2650/1593/4675 1385/1594/4676
f 293/1591/4677 1385/1594/4678 2653/1357/4679 1373/1595/4680
f 293/1591/4681 1373/1595/4682 2646/1596/4683 1369/1597/4684
f 293/1591/4685 1369/1597/4686 2381/1598/4687 1379/1592/4688
f 294/1599/4689 851/299/4690 2385/298/4691 850/1590/4692
f 294/1599/4693 850/1590/4694 2643/1327/4695 1374/1326/4696
f 294/1599/4697 1374/1326/4698 2644/1312/4699 1350/1600/4700
f 294/1599/4701 1350/1600/4702 2633/300/4703 851/299/4704
f 295/1601/4705 1400/1602/4706 2663/1603/4707 1417/1604/4708
f 295/1601/4709 1417/1604/4710 2662/1285/4711 1375/1284/4712
f 295/1601/4713 1375/1284/4714 2645/1291/4715 1351/1583/4716
f 295/1601/4717 1351/1583/4718 2631/1582/4719 1400/1602/4720
f 296/1605/4721 845/1606/4722 2383/1607/4723 844/1608/4724
f 296/1605/4725 844/1608/4726 2641/1259/4727 1383/1258/4728
f 296/1605/4729 1383/1258/4730 2654/1265/4731 1384/1609/4732
f 296/1605/4733 1384/1609/4734 2647/1610/4735 845/1606/4736
f 297/1611/4737 1394/1612/4738 2657/1613/4739 1415/1614/4740
f 297/1611/4741 1415/1614/4742 2670/1351/4743 1382/1350/4744
f 297/1611/4745 1382/1350/4746 2653/1357/4747 1385/1594/4748
f 297/1611/4749 1385/1594/4750 2650/1593/4751 1394/1612/4752
f 298/1615/4753 2078/1354/4754 2990/1353/4755 2043/1616/4756
f 298/1615/4757 2043/1616/4758 2668/1617/4759 1381/1618/4760
f 298/1615/4761 1381/1618/4762 2652/285/4763 2160/1564/4764
f 298/1615/4765 2160/1564/4766 3028/1355/4767 2078/1354/4768
f 299/1619/4769 2079/1262/4770 3037/1261/4771 2169/1620/4772
f 299/1619/4773 2169/1620/4774 2636/1621/4775 1380/1622/4776
f 299/1619/4777 1380/1622/4778 2651/1623/4779 2159/1624/4780
f 299/1619/4781 2159/1624/4782 3027/1263/4783 2079/1262/4784
f 300/1625/4785 1380/1622/4786 2636/1621/4787 1353/1626/4788
f 300/1625/4789 1353/1626/4790 2384/1627/4791 1378/1628/4792
f 300/1625/4793 1378/1628/4794 2649/1629/4795 1388/1630/4796
f 300/1625/4797 1388/1630/4798 2651/1623/4799 1380/1622/4800
f 301/1631/4801 841/1632/4802 2687/1633/4803 1480/1634/4804
f 301/1631/4805 1480/1634/4806 2693/1635/4807 1389/1636/4808
f 301/1631/4809 1389/1636/4810 2650/1593/4811 1379/1592/4812
f 301/1631/4813 1379/1592/4814 2381/1598/4815 841/1632/4816
f 302/1637/4817 1411/1638/4818 2696/1639/4819 1479/1640/4820
f 302/1637/4821 1479/1640/4822 2694/303/4823 1390/302/4824
f 302/1637/4825 1390/302/4826 2648/287/4827 1377/1641/4828
f 302/1637/4829 1377/1641/4830 2666/1642/4831 1411/1638/4832
f 303/1643/4833 1381/1618/4834 2668/1617/4835 1409/1644/4836
f 303/1643/4837 1409/1644/4838 2666/1642/4839 1377/1641/4840
f 303/1643/4841 1377/1641/4842 2648/287/4843 1391/286/4844
f 303/1643/4845 1391/286/4846 2652/285/4847 1381/1618/4848
f 304/1645/4849 1404/1646/4850 2639/1549/4851 1356/1548/4852
f 304/1645/4853 1356/1548/4854 2634/1538/4855 1402/1647/4856
f 304/1645/4857 1402/1647/4858 2665/1648/4859 1408/1649/4860
f 304/1645/4861 1408/1649/4862 2667/1650/4863 1404/1646/4864
f 305/1651/4865 1408/1649/4866 2665/1648/4867 1403/1652/4868
f 305/1651/4869 1403/1652/4870 2666/1642/4871 1409/1644/4872
f 305/1651/4873 1409/1644/4874 2668/1617/4875 1405/1653/4876
f 305/1651/4877 1405/1653/4878 2667/1650/4879 1408/1649/4880
f 306/1654/4881 1348/1537/4882 2689/1536/4883 1478/1655/4884
f 306/1654/4885 1478/1655/4886 2695/1656/4887 1410/1657/4888
f 306/1654/4889 1410/1657/4890 2665/1648/4891 1402/1647/4892
f 306/1654/4893 1402/1647/4894 2634/1538/4895 1348/1537/4896
f 307/1658/4897 1477/1659/4898 2696/1639/4899 1411/1638/4900
f 307/1658/4901 1411/1638/4902 2666/1642/4903 1403/1652/4904
f 307/1658/4905 1403/1652/4906 2665/1648/4907 1410/1657/4908
f 307/1658/4909 1410/1657/4910 2695/1656/4911 1477/1659/4912
f 308/1660/4913 2116/1315/4914 3030/1314/4915 2162/1561/4916
f 308/1660/4917 2162/1561/4918 2639/1549/4919 1404/1646/4920
f 308/1660/4921 1404/1646/4922 2667/1650/4923 2093/1661/4924
f 308/1660/4925 2093/1661/4926 3007/1316/4927 2116/1315/4928
f 309/1662/4929 2093/1661/4930 2667/1650/4931 1405/1653/4932
f 309/1662/4933 1405/1653/4934 2668/1617/4935 2043/1616/4936
f 309/1662/4937 2043/1616/4938 2990/1353/4939 2121/1663/4940
f 309/1662/4941 2121/1663/4942 3007/1316/4943 2093/1661/4944
f 310/1664/4945 1346/1544/4946 2633/300/4947 1350/1600/4948
f 310/1664/4949 1350/1600/4950 2644/1312/4951 1406/1311/4952
f 310/1664/4953 1406/1311/4954 2669/1318/4955 1414/1665/4956
f 310/1664/4957 1414/1665/4958 2658/1545/4959 1346/1544/4960
f 311/1666/4961 1414/1665/4962 2669/1318/4963 1407/1667/4964
f 311/1666/4965 1407/1667/4966 2670/1351/4967 1415/1614/4968
f 311/1666/4969 1415/1614/4970 2657/1613/4971 1395/1668/4972
f 311/1666/4973 1395/1668/4974 2658/1545/4975 1414/1665/4976
f 312/1669/4977 1376/1670/4978 2647/1610/4979 1384/1609/4980
f 312/1669/4981 1384/1609/4982 2654/1265/4983 1398/1671/4984
f 312/1669/4985 1398/1671/4986 2661/1672/4987 1416/1673/4988
f 312/1669/4989 1416/1673/4990 2664/1674/4991 1376/1670/4992
f 313/1675/4993 1416/1673/4994 2661/1672/4995 1399/1676/4996
f 313/1675/4997 1399/1676/4998 2662/1285/4999 1417/1604/5000
f 313/1675/5001 1417/1604/5002 2663/1603/5003 1401/1677/5004
f 313/1675/5005 1401/1677/5006 2664/1674/5007 1416/1673/5008
f 314/1678/5009 2122/1679/5010 3027/1263/5011 2159/1624/5012
f 314/1678/5013 2159/1624/5014 2651/1623/5015 1396/1680/5016
f 314/1678/5017 1396/1680/5018 2659/1681/5019 2044/1682/5020
f 314/1678/5021 2044/1682/5022 2989/1683/5023 2122/1679/5024
f 315/1684/5025 1202/1685/5026 2989/1683/5027 2044/1682/5028
f 315/1684/5029 2044/1682/5030 2659/1681/5031 1397/1686/5032
f 315/1684/5033 1397/1686/5034 2660/1552/5035 1979/1557/5036
f 315/1684/5037 1979/1557/5038 2925/1287/5039 1202/1685/5040
f 316/1687/5041 1396/1680/5042 2651/1623/5043 1388/1630/5044
f 316/1687/5045 1388/1630/5046 2649/1629/5047 1392/1688/5048
f 316/1687/5049 1392/1688/5050 2655/1689/5051 1420/1690/5052
f 316/1687/5053 1420/1690/5054 2659/1681/5055 1396/1680/5056
f 317/1691/5057 1420/1690/5058 2655/1689/5059 1393/1692/5060
f 317/1691/5061 1393/1692/5062 2656/1554/5063 1421/1553/5064
f 317/1691/5065 1421/1553/5066 2660/1552/5067 1397/1686/5068
f 317/1691/5069 1397/1686/5070 2659/1681/5071 1420/1690/5072
f 318/1693/5073 1389/1636/5074 2693/1635/5075 1476/1694/5076
f 318/1693/5077 1476/1694/5078 2697/1695/5079 1422/1696/5080
f 318/1693/5081 1422/1696/5082 2657/1613/5083 1394/1612/5084
f 318/1693/5085 1394/1612/5086 2650/1593/5087 1389/1636/5088
f 319/1697/5089 1475/1698/5090 2698/1542/5091 1423/1541/5092
f 319/1697/5093 1423/1541/5094 2658/1545/5095 1395/1668/5096
f 319/1697/5097 1395/1668/5098 2657/1613/5099 1422/1696/5100
f 319/1697/5101 1422/1696/5102 2697/1695/5103 1475/1698/5104
f 320/1699/5105 1438/1700/5106 2664/1674/5107 1401/1677/5108
f 320/1699/5109 1401/1677/5110 2663/1603/5111 1439/1701/5112
f 320/1699/5113 1439/1701/5114 2686/1702/5115 1440/1703/5116
f 320/1699/5117 1440/1703/5118 2685/1704/5119 1438/1700/5120
f 321/1705/5121 1434/1706/5122 2647/1610/5123 1376/1670/5124
f 321/1705/5125 1376/1670/5126 2664/1674/5127 1438/1700/5128
f 321/1705/5129 1438/1700/5130 2685/1704/5131 1441/1707/5132
f 321/1705/5133 1441/1707/5134 2681/1708/5135 1434/1706/5136
f 322/1709/5137 1436/1710/5138 2656/1711/5139 1393/1712/5140
f 322/1709/5141 1393/1712/5142 2655/1713/5143 1437/1714/5144
f 322/1709/5145 1437/1714/5146 2684/1715/5147 1442/1716/5148
f 322/1709/5149 1442/1716/5150 2683/1717/5151 1436/1710/5152
f 323/1718/5153 1428/1719/5154 2632/1720/5155 1345/1721/5156
f 323/1718/5157 1345/1721/5158 2656/1711/5159 1436/1710/5160
f 323/1718/5161 1436/1710/5162 2683/1717/5163 1443/1722/5164
f 323/1718/5165 1443/1722/5166 2675/1723/5167 1428/1719/5168
f 324/1724/5169 1437/1714/5170 2655/1713/5171 1392/1725/5172
f 324/1724/5173 1392/1725/5174 2649/1726/5175 1435/1727/5176
f 324/1724/5177 1435/1727/5178 2682/1728/5179 1444/1729/5180
f 324/1724/5181 1444/1729/5182 2684/1715/5183 1437/1714/5184
f 325/1730/5185 1424/1731/5186 2383/1607/5187 845/1606/5188
f 325/1730/5189 845/1606/5190 2647/1610/5191 1434/1706/5192
f 325/1730/5193 1434/1706/5194 2681/1708/5195 1445/1732/5196
f 325/1730/5197 1445/1732/5198 2671/1733/5199 1424/1731/5200
f 326/1734/5201 848/1735/5202 2387/1736/5203 847/1737/5204
f 326/1734/5205 847/1737/5206 2642/1738/5207 1433/1739/5208
f 326/1734/5209 1433/1739/5210 2680/1740/5211 1446/1741/5212
f 326/1734/5213 1446/1741/5214 2673/1742/5215 848/1735/5216
f 327/1743/5217 1496/1744/5218 2711/1745/5219 1551/1746/5220
f 327/1743/5221 1551/1746/5222 2710/1747/5223 1432/1748/5224
f 327/1743/5225 1432/1748/5226 2679/1300/5227 1447/1577/5228
f 327/1743/5229 1447/1577/5230 2671/1576/5231 1496/1744/5232
f 328/1749/5233 1205/1750/5234 2572/1751/5235 1221/1752/5236
f 328/1749/5237 1221/1752/5238 2708/1753/5239 1431/1754/5240
f 328/1749/5241 1431/1754/5242 2678/258/5243 1022/1572/5244
f 328/1749/5245 1022/1572/5246 2912/1302/5247 1205/1750/5248
f 329/1755/5249 1206/1756/5250 3036/1757/5251 2168/1758/5252
f 329/1755/5253 2168/1758/5254 2637/1759/5255 1430/1760/5256
f 329/1755/5257 1430/1760/5258 2677/1761/5259 994/1762/5260
f 329/1755/5261 994/1762/5262 2909/1763/5263 1206/1756/5264
f 330/1764/5265 1439/1701/5266 2663/1603/5267 1400/1602/5268
f 330/1764/5269 1400/1602/5270 2631/1582/5271 1429/1765/5272
f 330/1764/5273 1429/1765/5274 2676/1766/5275 1450/1767/5276
f 330/1764/5277 1450/1767/5278 2686/1702/5279 1439/1701/5280
f 331/1768/5281 1427/1769/5282 2388/1770/5283 846/1771/5284
f 331/1768/5285 846/1771/5286 2632/1720/5287 1428/1719/5288
f 331/1768/5289 1428/1719/5290 2675/1723/5291 1451/1772/5292
f 331/1768/5293 1451/1772/5294 2674/1773/5295 1427/1769/5296
f 332/1774/5297 1435/1727/5298 2649/1726/5299 1378/1775/5300
f 332/1774/5301 1378/1775/5302 2384/1776/5303 843/1777/5304
f 332/1774/5305 843/1777/5306 2672/1778/5307 1452/1779/5308
f 332/1774/5309 1452/1779/5310 2682/1728/5311 1435/1727/5312
f 333/1780/5313 1429/1765/5314 2631/1582/5315 1344/1581/5316
f 333/1780/5317 1344/1581/5318 2387/1585/5319 848/1781/5320
f 333/1780/5321 848/1781/5322 2673/1782/5323 1453/1783/5324
f 333/1780/5325 1453/1783/5326 2676/1766/5327 1429/1765/5328
f 334/1784/5329 1430/1760/5330 2637/1759/5331 1354/1785/5332
f 334/1784/5333 1354/1785/5334 2388/1786/5335 1427/1787/5336
f 334/1784/5337 1427/1787/5338 2674/1788/5339 1454/1789/5340
f 334/1784/5341 1454/1789/5342 2677/1761/5343 1430/1760/5344
f 335/1790/5345 1431/1754/5346 2708/1753/5347 1547/1791/5348
f 335/1790/5349 1547/1791/5350 2704/1792/5351 1425/1793/5352
f 335/1790/5353 1425/1793/5354 2672/260/5355 1455/259/5356
f 335/1790/5357 1455/259/5358 2678/258/5359 1431/1754/5360
f 336/1794/5361 1470/1795/5362 2635/291/5363 842/290/5364
f 336/1794/5365 842/290/5366 2382/289/5367 1468/1796/5368
f 336/1794/5369 1468/1796/5370 2699/1797/5371 1472/1798/5372
f 336/1794/5373 1472/1798/5374 2701/1799/5375 1470/1795/5376
f 337/1800/5377 1209/1801/5378 3038/1566/5379 1352/1565/5380
f 337/1800/5381 1352/1565/5382 2635/291/5383 1470/1795/5384
f 337/1800/5385 1470/1795/5386 2701/1799/5387 1230/1802/5388
f 337/1800/5389 1230/1802/5390 2581/1803/5391 1209/1801/5392
f 338/1804/5393 841/1805/5394 2381/1598/5395 1369/1597/5396
f 338/1804/5397 1369/1597/5398 2646/1596/5399 1471/1806/5400
f 338/1804/5401 1471/1806/5402 2702/1807/5403 1474/1808/5404
f 338/1804/5405 1474/1808/5406 2687/1809/5407 841/1805/5408
f 339/1810/5409 1466/1811/5410 2732/1812/5411 1545/1813/5412
f 339/1810/5413 1545/1813/5414 2734/1814/5415 1467/1815/5416
f 339/1810/5417 1467/1815/5418 2698/1542/5419 1475/1698/5420
f 339/1810/5421 1475/1698/5422 2697/1695/5423 1466/1811/5424
f 340/1816/5425 1462/1817/5426 2724/1818/5427 1543/1819/5428
f 340/1816/5429 1543/1819/5430 2732/1812/5431 1466/1811/5432
f 340/1816/5433 1466/1811/5434 2697/1695/5435 1476/1694/5436
f 340/1816/5437 1476/1694/5438 2693/1635/5439 1462/1817/5440
f 341/1820/5441 1464/1821/5442 2728/1822/5443 1541/1823/5444
f 341/1820/5445 1541/1823/5446 2730/1824/5447 1465/1825/5448
f 341/1820/5449 1465/1825/5450 2696/1639/5451 1477/1659/5452
f 341/1820/5453 1477/1659/5454 2695/1656/5455 1464/1821/5456
f 342/1826/5457 1458/1827/5458 2716/1828/5459 1539/1829/5460
f 342/1826/5461 1539/1829/5462 2728/1822/5463 1464/1821/5464
f 342/1826/5465 1464/1821/5466 2695/1656/5467 1478/1655/5468
f 342/1826/5469 1478/1655/5470 2689/1536/5471 1458/1827/5472
f 343/1830/5473 1465/1825/5474 2730/1824/5475 1537/1831/5476
f 343/1830/5477 1537/1831/5478 2726/1832/5479 1463/1833/5480
f 343/1830/5481 1463/1833/5482 2694/303/5483 1479/1640/5484
f 343/1830/5485 1479/1640/5486 2696/1639/5487 1465/1825/5488
f 344/1834/5489 1456/1835/5490 2712/1836/5491 1535/1837/5492
f 344/1834/5493 1535/1837/5494 2724/1818/5495 1462/1817/5496
f 344/1834/5497 1462/1817/5498 2693/1635/5499 1480/1634/5500
f 344/1834/5501 1480/1634/5502 2687/1633/5503 1456/1835/5504
f 345/1838/5505 1490/1839/5506 2705/1840/5507 1533/1841/5508
f 345/1838/5509 1533/1841/5510 2722/1842/5511 1461/1843/5512
f 345/1838/5513 1461/1843/5514 2692/1345/5515 1481/1589/5516
f 345/1838/5517 1481/1589/5518 2700/1588/5519 1490/1839/5520
f 346/1844/5521 1210/1845/5522 2576/1846/5523 1225/1847/5524
f 346/1844/5525 1225/1847/5526 2720/1848/5527 1460/1849/5528
f 346/1844/5529 1460/1849/5530 2691/276/5531 1229/1568/5532
f 346/1844/5533 1229/1568/5534 2580/1347/5535 1210/1845/5536
f 347/1850/5537 1467/1815/5538 2734/1814/5539 1529/1851/5540
f 347/1850/5541 1529/1851/5542 2718/1852/5543 1459/1853/5544
f 347/1850/5545 1459/1853/5546 2690/294/5547 1483/1543/5548
f 347/1850/5549 1483/1543/5550 2698/1542/5551 1467/1815/5552
f 348/1854/5553 1457/1855/5554 2714/1856/5555 1527/1857/5556
f 348/1854/5557 1527/1857/5558 2716/1828/5559 1458/1827/5560
f 348/1854/5561 1458/1827/5562 2689/1536/5563 1484/1535/5564
f 348/1854/5565 1484/1535/5566 2688/1534/5567 1457/1855/5568
f 349/1858/5569 1463/1833/5570 2726/1832/5571 1525/1859/5572
f 349/1858/5573 1525/1859/5574 2703/1860/5575 1488/1861/5576
f 349/1858/5577 1488/1861/5578 2699/305/5579 1485/304/5580
f 349/1858/5581 1485/304/5582 2694/303/5583 1463/1833/5584
f 350/1862/5585 1459/1853/5586 2718/1852/5587 1523/1863/5588
f 350/1862/5589 1523/1863/5590 2705/1864/5591 1490/1865/5592
f 350/1862/5593 1490/1865/5594 2700/296/5595 1486/295/5596
f 350/1862/5597 1486/295/5598 2690/294/5599 1459/1853/5600
f 351/1866/5601 1460/1849/5602 2720/1848/5603 1521/1867/5604
f 351/1866/5605 1521/1867/5606 2714/1868/5607 1457/1869/5608
f 351/1866/5609 1457/1869/5610 2688/278/5611 1487/277/5612
f 351/1866/5613 1487/277/5614 2691/276/5615 1460/1849/5616
f 352/1870/5617 1504/1871/5618 2677/1761/5619 1454/1789/5620
f 352/1870/5621 1454/1789/5622 2674/1788/5623 1498/1872/5624
f 352/1870/5625 1498/1872/5626 2713/1873/5627 1520/1874/5628
f 352/1870/5629 1520/1874/5630 2719/1875/5631 1504/1871/5632
f 353/1876/5633 1505/1877/5634 2719/1875/5635 1520/1874/5636
f 353/1876/5637 1520/1874/5638 2713/1873/5639 1499/1878/5640
f 353/1876/5641 1499/1878/5642 2714/1868/5643 1521/1867/5644
f 353/1876/5645 1521/1867/5646 2720/1848/5647 1505/1877/5648
f 354/1879/5649 1502/1880/5650 2676/1766/5651 1453/1783/5652
f 354/1879/5653 1453/1783/5654 2673/1782/5655 1426/1881/5656
f 354/1879/5657 1426/1881/5658 2706/1882/5659 1522/1883/5660
f 354/1879/5661 1522/1883/5662 2717/1884/5663 1502/1880/5664
f 355/1885/5665 1503/1886/5666 2717/1884/5667 1522/1883/5668
f 355/1885/5669 1522/1883/5670 2706/1882/5671 1491/1887/5672
f 355/1885/5673 1491/1887/5674 2705/1864/5675 1523/1863/5676
f 355/1885/5677 1523/1863/5678 2718/1852/5679 1503/1886/5680
f 356/1888/5681 1510/1889/5682 2682/1728/5683 1452/1779/5684
f 356/1888/5685 1452/1779/5686 2672/1778/5687 1425/1890/5688
f 356/1888/5689 1425/1890/5690 2704/1891/5691 1524/1892/5692
f 356/1888/5693 1524/1892/5694 2725/1893/5695 1510/1889/5696
f 357/1894/5697 1511/1895/5698 2725/1893/5699 1524/1892/5700
f 357/1894/5701 1524/1892/5702 2704/1891/5703 1489/1896/5704
f 357/1894/5705 1489/1896/5706 2703/1860/5707 1525/1859/5708
f 357/1894/5709 1525/1859/5710 2726/1832/5711 1511/1895/5712
f 358/1897/5713 1498/1898/5714 2674/1773/5715 1451/1772/5716
f 358/1897/5717 1451/1772/5718 2675/1723/5719 1500/1899/5720
f 358/1897/5721 1500/1899/5722 2715/1900/5723 1526/1901/5724
f 358/1897/5725 1526/1901/5726 2713/1902/5727 1498/1898/5728
f 359/1903/5729 1499/1904/5730 2713/1902/5731 1526/1901/5732
f 359/1903/5733 1526/1901/5734 2715/1900/5735 1501/1905/5736
f 359/1903/5737 1501/1905/5738 2716/1828/5739 1527/1857/5740
f 359/1903/5741 1527/1857/5742 2714/1856/5743 1499/1904/5744
f 360/1906/5745 1518/1907/5746 2686/1702/5747 1450/1767/5748
f 360/1906/5749 1450/1767/5750 2676/1766/5751 1502/1880/5752
f 360/1906/5753 1502/1880/5754 2717/1884/5755 1528/1908/5756
f 360/1906/5757 1528/1908/5758 2733/1909/5759 1518/1907/5760
f 361/1910/5761 1519/1911/5762 2733/1909/5763 1528/1908/5764
f 361/1910/5765 1528/1908/5766 2717/1884/5767 1503/1886/5768
f 361/1910/5769 1503/1886/5770 2718/1852/5771 1529/1851/5772
f 361/1910/5773 1529/1851/5774 2734/1814/5775 1519/1911/5776
f 362/1912/5777 1213/1913/5778 2909/1763/5779 994/1762/5780
f 362/1912/5781 994/1762/5782 2677/1761/5783 1504/1871/5784
f 362/1912/5785 1504/1871/5786 2719/1875/5787 1226/1914/5788
f 362/1912/5789 1226/1914/5790 2577/1915/5791 1213/1913/5792
f 363/1916/5793 1214/1917/5794 2577/1915/5795 1226/1914/5796
f 363/1916/5797 1226/1914/5798 2719/1875/5799 1505/1877/5800
f 363/1916/5801 1505/1877/5802 2720/1848/5803 1225/1847/5804
f 363/1916/5805 1225/1847/5806 2576/1846/5807 1214/1917/5808
f 364/1918/5809 1426/1919/5810 2673/1742/5811 1446/1741/5812
f 364/1918/5813 1446/1741/5814 2680/1740/5815 1506/1920/5816
f 364/1918/5817 1506/1920/5818 2721/1921/5819 1532/1922/5820
f 364/1918/5821 1532/1922/5822 2706/1923/5823 1426/1919/5824
f 365/1924/5825 1491/1925/5826 2706/1923/5827 1532/1922/5828
f 365/1924/5829 1532/1922/5830 2721/1921/5831 1507/1926/5832
f 365/1924/5833 1507/1926/5834 2722/1842/5835 1533/1841/5836
f 365/1924/5837 1533/1841/5838 2705/1840/5839 1491/1925/5840
f 366/1927/5841 1496/1928/5842 2671/1733/5843 1445/1732/5844
f 366/1927/5845 1445/1732/5846 2681/1708/5847 1508/1929/5848
f 366/1927/5849 1508/1929/5850 2723/1930/5851 1534/1931/5852
f 366/1927/5853 1534/1931/5854 2711/1932/5855 1496/1928/5856
f 367/1933/5857 1497/1934/5858 2711/1932/5859 1534/1931/5860
f 367/1933/5861 1534/1931/5862 2723/1930/5863 1509/1935/5864
f 367/1933/5865 1509/1935/5866 2724/1818/5867 1535/1837/5868
f 367/1933/5869 1535/1837/5870 2712/1836/5871 1497/1934/5872
f 368/1936/5873 1514/1937/5874 2684/1715/5875 1444/1729/5876
f 368/1936/5877 1444/1729/5878 2682/1728/5879 1510/1889/5880
f 368/1936/5881 1510/1889/5882 2725/1893/5883 1536/1938/5884
f 368/1936/5885 1536/1938/5886 2729/1939/5887 1514/1937/5888
f 369/1940/5889 1515/1941/5890 2729/1939/5891 1536/1938/5892
f 369/1940/5893 1536/1938/5894 2725/1893/5895 1511/1895/5896
f 369/1940/5897 1511/1895/5898 2726/1832/5899 1537/1831/5900
f 369/1940/5901 1537/1831/5902 2730/1824/5903 1515/1941/5904
f 370/1942/5905 1500/1899/5906 2675/1723/5907 1443/1722/5908
f 370/1942/5909 1443/1722/5910 2683/1717/5911 1512/1943/5912
f 370/1942/5913 1512/1943/5914 2727/1944/5915 1538/1945/5916
f 370/1942/5917 1538/1945/5918 2715/1900/5919 1500/1899/5920
f 371/1946/5921 1501/1905/5922 2715/1900/5923 1538/1945/5924
f 371/1946/5925 1538/1945/5926 2727/1944/5927 1513/1947/5928
f 371/1946/5929 1513/1947/5930 2728/1822/5931 1539/1829/5932
f 371/1946/5933 1539/1829/5934 2716/1828/5935 1501/1905/5936
f 372/1948/5937 1442/1716/5938 2684/1715/5939 1514/1937/5940
f 372/1948/5941 1514/1937/5942 2729/1939/5943 1540/1949/5944
f 372/1948/5945 1540/1949/5946 2727/1944/5947 1512/1943/5948
f 372/1948/5949 1512/1943/5950 2683/1717/5951 1442/1716/5952
f 373/1950/5953 1513/1947/5954 2727/1944/5955 1540/1949/5956
f 373/1950/5957 1540/1949/5958 2729/1939/5959 1515/1941/5960
f 373/1950/5961 1515/1941/5962 2730/1824/5963 1541/1823/5964
f 373/1950/5965 1541/1823/5966 2728/1822/5967 1513/1947/5968
f 374/1951/5969 1508/1929/5970 2681/1708/5971 1441/1707/5972
f 374/1951/5973 1441/1707/5974 2685/1704/5975 1516/1952/5976
f 374/1951/5977 1516/1952/5978 2731/1953/5979 1542/1954/5980
f 374/1951/5981 1542/1954/5982 2723/1930/5983 1508/1929/5984
f 375/1955/5985 1509/1935/5986 2723/1930/5987 1542/1954/5988
f 375/1955/5989 1542/1954/5990 2731/1953/5991 1517/1956/5992
f 375/1955/5993 1517/1956/5994 2732/1812/5995 1543/1819/5996
f 375/1955/5997 1543/1819/5998 2724/1818/5999 1509/1935/6000
f 376/1957/6001 1440/1703/6002 2686/1702/6003 1518/1907/6004
f 376/1957/6005 1518/1907/6006 2733/1909/6007 1544/1958/6008
f 376/1957/6009 1544/1958/6010 2731/1953/6011 1516/1952/6012
f 376/1957/6013 1516/1952/6014 2685/1704/6015 1440/1703/6016
f 377/1959/6017 1517/1956/6018 2731/1953/6019 1544/1958/6020
f 377/1959/6021 1544/1958/6022 2733/1909/6023 1519/1911/6024
f 377/1959/6025 1519/1911/6026 2734/1814/6027 1545/1813/6028
f 377/1959/6029 1545/1813/6030 2732/1812/6031 1517/1956/6032
f 378/1960/6033 1492/1961/6034 2701/1799/6035 1472/1798/6036
f 378/1960/6037 1472/1798/6038 2699/1797/6039 1488/1962/6040
f 378/1960/6041 1488/1962/6042 2703/1963/6043 1546/1964/6044
f 378/1960/6045 1546/1964/6046 2707/1965/6047 1492/1961/6048
f 379/1966/6049 1493/1967/6050 2707/1965/6051 1546/1964/6052
f 379/1966/6053 1546/1964/6054 2703/1963/6055 1489/1968/6056
f 379/1966/6057 1489/1968/6058 2704/1792/6059 1547/1791/6060
f 379/1966/6061 1547/1791/6062 2708/1753/6063 1493/1967/6064
f 380/1969/6065 1217/1970/6066 2581/1803/6067 1230/1802/6068
f 380/1969/6069 1230/1802/6070 2701/1799/6071 1492/1961/6072
f 380/1969/6073 1492/1961/6074 2707/1965/6075 1222/1971/6076
f 380/1969/6077 1222/1971/6078 2573/1972/6079 1217/1970/6080
f 381/1973/6081 1218/1974/6082 2573/1972/6083 1222/1971/6084
f 381/1973/6085 1222/1971/6086 2707/1965/6087 1493/1967/6088
f 381/1973/6089 1493/1967/6090 2708/1753/6091 1221/1752/6092
f 381/1973/6093 1221/1752/6094 2572/1751/6095 1218/1974/6096
f 382/1975/6097 1456/1976/6098 2687/1809/6099 1474/1808/6100
f 382/1975/6101 1474/1808/6102 2702/1807/6103 1494/1977/6104
f 382/1975/6105 1494/1977/6106 2709/1978/6107 1550/1979/6108
f 382/1975/6109 1550/1979/6110 2712/1980/6111 1456/1976/6112
f 383/1981/6113 1497/1982/6114 2712/1980/6115 1550/1979/6116
f 383/1981/6117 1550/1979/6118 2709/1978/6119 1495/1983/6120
f 383/1981/6121 1495/1983/6122 2710/1747/6123 1551/1746/6124
f 383/1981/6125 1551/1746/6126 2711/1745/6127 1497/1982/6128
f 384/1984/6129 1121/1021/6130 2497/915/6131 1069/1074/6132
f 384/1984/6133 1069/1074/6134 2803/842/6135 1094/995/6136
f 384/1984/6137 1094/995/6138 2769/997/6139 1133/999/6140
f 384/1984/6141 1133/999/6142 2533/1003/6143 1121/1021/6144
f 385/1985/6145 1568/1986/6146 2524/1987/6147 1112/1988/6148
f 385/1985/6149 1112/1988/6150 2521/1989/6151 1571/1990/6152
f 385/1985/6153 1571/1990/6154 2754/1991/6155 1574/1992/6156
f 385/1985/6157 1574/1992/6158 2751/1993/6159 1568/1986/6160
f 386/1994/6161 1071/876/6162 2743/875/6163 1584/1995/6164
f 386/1994/6165 1584/1995/6166 2753/867/6167 1667/866/6168
f 386/1994/6169 1667/866/6170 2811/870/6171 1065/1996/6172
f 386/1994/6173 1065/1996/6174 2493/877/6175 1071/876/6176
f 387/1997/6177 1562/1998/6178 2499/1999/6179 1077/2000/6180
f 387/1997/6181 1077/2000/6182 2524/1987/6183 1568/1986/6184
f 387/1997/6185 1568/1986/6186 2751/1993/6187 1575/2001/6188
f 387/1997/6189 1575/2001/6190 2745/2002/6191 1562/1998/6192
f 388/2003/6193 1083/927/6194 2536/926/6195 1136/1001/6196
f 388/2003/6197 1136/1001/6198 2768/930/6199 1668/929/6200
f 388/2003/6201 1668/929/6202 2802/861/6203 1087/1096/6204
f 388/2003/6205 1087/1096/6206 2505/884/6207 1083/927/6208
f 389/2004/6209 1564/2005/6210 2509/1023/6211 1096/1025/6212
f 389/2004/6213 1096/1025/6214 2507/924/6215 1567/2006/6216
f 389/2004/6217 1567/2006/6218 2750/2007/6219 1578/2008/6220
f 389/2004/6221 1578/2008/6222 2747/2009/6223 1564/2005/6224
f 390/2010/6225 1073/894/6226 2760/893/6227 1626/2011/6228
f 390/2010/6229 1626/2011/6230 2748/855/6231 1661/854/6232
f 390/2010/6233 1661/854/6234 2809/858/6235 1067/2012/6236
f 390/2010/6237 1067/2012/6238 2495/895/6239 1073/894/6240
f 391/2013/6241 1557/2014/6242 2483/917/6243 1045/1020/6244
f 391/2013/6245 1045/1020/6246 2509/1023/6247 1564/2005/6248
f 391/2013/6249 1564/2005/6250 2747/2009/6251 1579/2015/6252
f 391/2013/6253 1579/2015/6254 2740/2016/6255 1557/2014/6256
f 392/2017/6257 1567/2006/6258 2507/924/6259 1093/923/6260
f 392/2017/6261 1093/923/6262 2501/882/6263 1563/2018/6264
f 392/2017/6265 1563/2018/6266 2746/2019/6267 1580/2020/6268
f 392/2017/6269 1580/2020/6270 2750/2007/6271 1567/2006/6272
f 393/2021/6273 1555/2022/6274 2380/2023/6275 834/2024/6276
f 393/2021/6277 834/2024/6278 2499/1999/6279 1562/1998/6280
f 393/2021/6281 1562/1998/6282 2745/2002/6283 1581/2025/6284
f 393/2021/6285 1581/2025/6286 2738/2026/6287 1555/2022/6288
f 394/2027/6289 836/2028/6290 2379/2029/6291 835/2030/6292
f 394/2027/6293 835/2030/6294 2494/2031/6295 1561/2032/6296
f 394/2027/6297 1561/2032/6298 2744/2033/6299 1582/2034/6300
f 394/2027/6301 1582/2034/6302 2737/2035/6303 836/2028/6304
f 395/2036/6305 1640/2037/6306 2783/2038/6307 1711/2039/6308
f 395/2036/6309 1711/2039/6310 2782/2040/6311 1560/2041/6312
f 395/2036/6313 1560/2041/6314 2743/875/6315 1583/874/6316
f 395/2036/6317 1583/874/6318 2735/873/6319 1640/2037/6320
f 396/2042/6321 1102/2043/6322 2530/2044/6323 1118/2045/6324
f 396/2042/6325 1118/2045/6326 2780/2046/6327 1559/2047/6328
f 396/2042/6329 1559/2047/6330 2742/207/6331 1572/868/6332
f 396/2042/6333 1572/868/6334 2753/867/6335 1102/2043/6336
f 397/2048/6337 1103/2049/6338 2810/2050/6339 1701/2051/6340
f 397/2048/6341 1701/2051/6342 2489/2052/6343 1558/2053/6344
f 397/2048/6345 1558/2053/6346 2741/2054/6347 1573/2055/6348
f 397/2048/6349 1573/2055/6350 2752/2056/6351 1103/2049/6352
f 398/2057/6353 1552/2058/6354 2375/911/6355 833/910/6356
f 398/2057/6357 833/910/6358 2483/917/6359 1557/2014/6360
f 398/2057/6361 1557/2014/6362 2740/2016/6363 1586/2059/6364
f 398/2057/6365 1586/2059/6366 2735/2060/6367 1552/2058/6368
f 399/2061/6369 1571/1990/6370 2521/1989/6371 1109/2062/6372
f 399/2061/6373 1109/2062/6374 2484/2063/6375 1556/2064/6376
f 399/2061/6377 1556/2064/6378 2739/2065/6379 1587/2066/6380
f 399/2061/6381 1587/2066/6382 2754/1991/6383 1571/1990/6384
f 400/2067/6385 1556/2064/6386 2484/2063/6387 1046/2068/6388
f 400/2067/6389 1046/2068/6390 2376/2069/6391 831/2070/6392
f 400/2067/6393 831/2070/6394 2736/2071/6395 1588/2072/6396
f 400/2067/6397 1588/2072/6398 2739/2065/6399 1556/2064/6400
f 401/2073/6401 1563/2018/6402 2501/882/6403 1079/881/6404
f 401/2073/6405 1079/881/6406 2379/888/6407 836/2074/6408
f 401/2073/6409 836/2074/6410 2737/2075/6411 1589/2076/6412
f 401/2073/6413 1589/2076/6414 2746/2019/6415 1563/2018/6416
f 402/2077/6417 1558/2053/6418 2489/2052/6419 1055/2078/6420
f 402/2077/6421 1055/2078/6422 2380/2079/6423 1555/2080/6424
f 402/2077/6425 1555/2080/6426 2738/2081/6427 1590/2082/6428
f 402/2077/6429 1590/2082/6430 2741/2054/6431 1558/2053/6432
f 403/2083/6433 1559/2047/6434 2780/2046/6435 1707/2084/6436
f 403/2083/6437 1707/2084/6438 2776/2085/6439 1553/2086/6440
f 403/2083/6441 1553/2086/6442 2736/209/6443 1591/208/6444
f 403/2083/6445 1591/208/6446 2742/207/6447 1559/2047/6448
f 404/2087/6449 1610/2088/6450 2487/240/6451 830/239/6452
f 404/2087/6453 830/239/6454 2374/238/6455 1608/2089/6456
f 404/2087/6457 1608/2089/6458 2771/2090/6459 1612/2091/6460
f 404/2087/6461 1612/2091/6462 2773/2092/6463 1610/2088/6464
f 405/2093/6465 1106/2094/6466 2812/852/6467 1053/851/6468
f 405/2093/6469 1053/851/6470 2487/240/6471 1610/2088/6472
f 405/2093/6473 1610/2088/6474 2773/2092/6475 1576/2095/6476
f 405/2093/6477 1576/2095/6478 2749/2096/6479 1106/2094/6480
f 406/2097/6481 829/2098/6482 2373/823/6483 1070/902/6484
f 406/2097/6485 1070/902/6486 2498/901/6487 1611/2099/6488
f 406/2097/6489 1611/2099/6490 2774/2100/6491 1614/2101/6492
f 406/2097/6493 1614/2101/6494 2755/2102/6495 829/2098/6496
f 407/2103/6497 1561/2032/6498 2494/2031/6499 1066/2104/6500
f 407/2103/6501 1066/2104/6502 2810/2050/6503 1103/2049/6504
f 407/2103/6505 1103/2049/6506 2752/2056/6507 1585/2105/6508
f 407/2103/6509 1585/2105/6510 2744/2033/6511 1561/2032/6512
f 408/2106/6513 1604/2107/6514 2808/2108/6515 1705/2109/6516
f 408/2106/6517 1705/2109/6518 2814/2110/6519 1607/2111/6520
f 408/2106/6521 1607/2111/6522 2770/811/6523 1617/1093/6524
f 408/2106/6525 1617/1093/6526 2767/1090/6527 1604/2107/6528
f 409/2112/6529 1615/996/6530 2529/965/6531 1120/968/6532
f 409/2112/6533 1120/968/6534 2532/932/6535 1616/931/6536
f 409/2112/6537 1616/931/6538 2768/930/6539 1095/1000/6540
f 409/2112/6541 1095/1000/6542 2769/997/6543 1615/996/6544
f 410/2113/6545 1598/2114/6546 2796/2115/6547 1699/2116/6548
f 410/2113/6549 1699/2116/6550 2808/2108/6551 1604/2107/6552
f 410/2113/6553 1604/2107/6554 2767/1090/6555 1618/1089/6556
f 410/2113/6557 1618/1089/6558 2761/948/6559 1598/2114/6560
f 411/2117/6561 1105/1042/6562 2506/920/6563 1088/2118/6564
f 411/2117/6565 1088/2118/6566 2801/939/6567 1098/1060/6568
f 411/2117/6569 1098/1060/6570 2765/1064/6571 1144/1066/6572
f 411/2117/6573 1144/1066/6574 2517/1043/6575 1105/1042/6576
f 412/2119/6577 1600/2120/6578 2800/2121/6579 1697/2122/6580
f 412/2119/6581 1697/2122/6582 2806/2123/6583 1603/2124/6584
f 412/2119/6585 1603/2124/6586 2766/952/6587 1621/977/6588
f 412/2119/6589 1621/977/6590 2763/974/6591 1600/2120/6592
f 413/2125/6593 1084/919/6594 2495/895/6595 1067/2012/6596
f 413/2125/6597 1067/2012/6598 2809/858/6599 1669/935/6600
f 413/2125/6601 1669/935/6602 2801/939/6603 1088/2118/6604
f 413/2125/6605 1088/2118/6606 2506/920/6607 1084/919/6608
f 414/2126/6609 1595/2127/6610 2790/2128/6611 1691/2129/6612
f 414/2126/6613 1691/2129/6614 2800/2121/6615 1600/2120/6616
f 414/2126/6617 1600/2120/6618 2763/974/6619 1622/973/6620
f 414/2126/6621 1622/973/6622 2758/819/6623 1595/2127/6624
f 415/2130/6625 1603/2124/6626 2806/2123/6627 1689/2131/6628
f 415/2130/6629 1689/2131/6630 2798/2132/6631 1599/2133/6632
f 415/2130/6633 1599/2133/6634 2762/243/6635 1623/953/6636
f 415/2130/6637 1623/953/6638 2766/952/6639 1603/2124/6640
f 416/2134/6641 1593/2135/6642 2786/2136/6643 1687/2137/6644
f 416/2134/6645 1687/2137/6646 2796/2115/6647 1598/2114/6648
f 416/2134/6649 1598/2114/6650 2761/948/6651 1624/947/6652
f 416/2134/6653 1624/947/6654 2756/946/6655 1593/2135/6656
f 417/2138/6657 1634/2139/6658 2777/2140/6659 1685/2141/6660
f 417/2138/6661 1685/2141/6662 2794/2142/6663 1597/2143/6664
f 417/2138/6665 1597/2143/6666 2760/893/6667 1625/892/6668
f 417/2138/6669 1625/892/6670 2772/891/6671 1634/2139/6672
f 418/2144/6673 1107/2145/6674 2534/2146/6675 1122/2147/6676
f 418/2144/6677 1122/2147/6678 2792/2148/6679 1596/2149/6680
f 418/2144/6681 1596/2149/6682 2759/225/6683 1577/856/6684
f 418/2144/6685 1577/856/6686 2748/855/6687 1107/2145/6688
f 419/2150/6689 1592/2151/6690 2784/2152/6691 1681/2153/6692
f 419/2150/6693 1681/2153/6694 2790/2128/6695 1595/2127/6696
f 419/2150/6697 1595/2127/6698 2758/819/6699 1627/818/6700
f 419/2150/6701 1627/818/6702 2755/817/6703 1592/2151/6704
f 420/2154/6705 1607/2111/6706 2814/2110/6707 1679/2155/6708
f 420/2154/6709 1679/2155/6710 2788/2156/6711 1594/2157/6712
f 420/2154/6713 1594/2157/6714 2757/252/6715 1628/812/6716
f 420/2154/6717 1628/812/6718 2770/811/6719 1607/2111/6720
f 421/2158/6721 1594/2157/6722 2788/2156/6723 1677/2159/6724
f 421/2158/6725 1677/2159/6726 2775/2160/6727 1632/2161/6728
f 421/2158/6729 1632/2161/6730 2771/254/6731 1629/253/6732
f 421/2158/6733 1629/253/6734 2757/252/6735 1594/2157/6736
f 422/2162/6737 1599/2133/6738 2798/2132/6739 1675/2163/6740
f 422/2162/6741 1675/2163/6742 2777/2164/6743 1634/2165/6744
f 422/2162/6745 1634/2165/6746 2772/245/6747 1630/244/6748
f 422/2162/6749 1630/244/6750 2762/243/6751 1599/2133/6752
f 423/2166/6753 1596/2149/6754 2792/2148/6755 1673/2167/6756
f 423/2166/6757 1673/2167/6758 2786/2168/6759 1593/2169/6760
f 423/2166/6761 1593/2169/6762 2756/227/6763 1631/226/6764
f 423/2166/6765 1631/226/6766 2759/225/6767 1596/2149/6768
f 424/2170/6769 1648/2171/6770 2741/2054/6771 1590/2082/6772
f 424/2170/6773 1590/2082/6774 2738/2081/6775 1642/2172/6776
f 424/2170/6777 1642/2172/6778 2785/2173/6779 1672/2174/6780
f 424/2170/6781 1672/2174/6782 2791/2175/6783 1648/2171/6784
f 425/2176/6785 1649/2177/6786 2791/2175/6787 1672/2174/6788
f 425/2176/6789 1672/2174/6790 2785/2173/6791 1643/2178/6792
f 425/2176/6793 1643/2178/6794 2786/2168/6795 1673/2167/6796
f 425/2176/6797 1673/2167/6798 2792/2148/6799 1649/2177/6800
f 426/2179/6801 1654/2180/6802 2746/2019/6803 1589/2076/6804
f 426/2179/6805 1589/2076/6806 2737/2075/6807 1554/2181/6808
f 426/2179/6809 1554/2181/6810 2778/2182/6811 1674/2183/6812
f 426/2179/6813 1674/2183/6814 2797/2184/6815 1654/2180/6816
f 427/2185/6817 1655/2186/6818 2797/2184/6819 1674/2183/6820
f 427/2185/6821 1674/2183/6822 2778/2182/6823 1635/2187/6824
f 427/2185/6825 1635/2187/6826 2777/2164/6827 1675/2163/6828
f 427/2185/6829 1675/2163/6830 2798/2132/6831 1655/2186/6832
f 428/2188/6833 1644/2189/6834 2739/2065/6835 1588/2072/6836
f 428/2188/6837 1588/2072/6838 2736/2071/6839 1553/2190/6840
f 428/2188/6841 1553/2190/6842 2776/2191/6843 1676/2192/6844
f 428/2188/6845 1676/2192/6846 2787/2193/6847 1644/2189/6848
f 429/2194/6849 1645/2195/6850 2787/2193/6851 1676/2192/6852
f 429/2194/6853 1676/2192/6854 2776/2191/6855 1633/2196/6856
f 429/2194/6857 1633/2196/6858 2775/2160/6859 1677/2159/6860
f 429/2194/6861 1677/2159/6862 2788/2156/6863 1645/2195/6864
f 430/2197/6865 1670/2198/6866 2754/1991/6867 1587/2066/6868
f 430/2197/6869 1587/2066/6870 2739/2065/6871 1644/2189/6872
f 430/2197/6873 1644/2189/6874 2787/2193/6875 1678/2199/6876
f 430/2197/6877 1678/2199/6878 2813/2200/6879 1670/2198/6880
f 431/2201/6881 1671/2202/6882 2813/2200/6883 1678/2199/6884
f 431/2201/6885 1678/2199/6886 2787/2193/6887 1645/2195/6888
f 431/2201/6889 1645/2195/6890 2788/2156/6891 1679/2155/6892
f 431/2201/6893 1679/2155/6894 2814/2110/6895 1671/2202/6896
f 432/2203/6897 1640/2204/6898 2735/2060/6899 1586/2059/6900
f 432/2203/6901 1586/2059/6902 2740/2016/6903 1646/2205/6904
f 432/2203/6905 1646/2205/6906 2789/2206/6907 1680/2207/6908
f 432/2203/6909 1680/2207/6910 2783/2208/6911 1640/2204/6912
f 433/2209/6913 1641/2210/6914 2783/2208/6915 1680/2207/6916
f 433/2209/6917 1680/2207/6918 2789/2206/6919 1647/2211/6920
f 433/2209/6921 1647/2211/6922 2790/2128/6923 1681/2153/6924
f 433/2209/6925 1681/2153/6926 2784/2152/6927 1641/2210/6928
f 434/2212/6929 1110/2213/6930 2752/2056/6931 1573/2055/6932
f 434/2212/6933 1573/2055/6934 2741/2054/6935 1648/2171/6936
f 434/2212/6937 1648/2171/6938 2791/2175/6939 1123/2214/6940
f 434/2212/6941 1123/2214/6942 2535/2215/6943 1110/2213/6944
f 435/2216/6945 1111/2217/6946 2535/2215/6947 1123/2214/6948
f 435/2216/6949 1123/2214/6950 2791/2175/6951 1649/2177/6952
f 435/2216/6953 1649/2177/6954 2792/2148/6955 1122/2147/6956
f 435/2216/6957 1122/2147/6958 2534/2146/6959 1111/2217/6960
f 436/2218/6961 1554/2219/6962 2737/2035/6963 1582/2034/6964
f 436/2218/6965 1582/2034/6966 2744/2033/6967 1650/2220/6968
f 436/2218/6969 1650/2220/6970 2793/2221/6971 1684/2222/6972
f 436/2218/6973 1684/2222/6974 2778/2223/6975 1554/2219/6976
f 437/2224/6977 1635/2225/6978 2778/2223/6979 1684/2222/6980
f 437/2224/6981 1684/2222/6982 2793/2221/6983 1651/2226/6984
f 437/2224/6985 1651/2226/6986 2794/2142/6987 1685/2141/6988
f 437/2224/6989 1685/2141/6990 2777/2140/6991 1635/2225/6992
f 438/2227/6993 1642/2228/6994 2738/2026/6995 1581/2025/6996
f 438/2227/6997 1581/2025/6998 2745/2002/6999 1652/2229/7000
f 438/2227/7001 1652/2229/7002 2795/2230/7003 1686/2231/7004
f 438/2227/7005 1686/2231/7006 2785/2232/7007 1642/2228/7008
f 439/2233/7009 1643/2234/7010 2785/2232/7011 1686/2231/7012
f 439/2233/7013 1686/2231/7014 2795/2230/7015 1653/2235/7016
f 439/2233/7017 1653/2235/7018 2796/2115/7019 1687/2137/7020
f 439/2233/7021 1687/2137/7022 2786/2136/7023 1643/2234/7024
f 440/2236/7025 1662/2237/7026 2750/2007/7027 1580/2020/7028
f 440/2236/7029 1580/2020/7030 2746/2019/7031 1654/2180/7032
f 440/2236/7033 1654/2180/7034 2797/2184/7035 1688/2238/7036
f 440/2236/7037 1688/2238/7038 2805/2239/7039 1662/2237/7040
f 441/2240/7041 1663/2241/7042 2805/2239/7043 1688/2238/7044
f 441/2240/7045 1688/2238/7046 2797/2184/7047 1655/2186/7048
f 441/2240/7049 1655/2186/7050 2798/2132/7051 1689/2131/7052
f 441/2240/7053 1689/2131/7054 2806/2123/7055 1663/2241/7056
f 442/2242/7057 1646/2205/7058 2740/2016/7059 1579/2015/7060
f 442/2242/7061 1579/2015/7062 2747/2009/7063 1656/2243/7064
f 442/2242/7065 1656/2243/7066 2799/2244/7067 1690/2245/7068
f 442/2242/7069 1690/2245/7070 2789/2206/7071 1646/2205/7072
f 443/2246/7073 1647/2211/7074 2789/2206/7075 1690/2245/7076
f 443/2246/7077 1690/2245/7078 2799/2244/7079 1657/2247/7080
f 443/2246/7081 1657/2247/7082 2800/2121/7083 1691/2129/7084
f 443/2246/7085 1691/2129/7086 2790/2128/7087 1647/2211/7088
f 444/2248/7089 1611/2099/7090 2498/901/7091 1703/1087/7092
f 444/2248/7093 1703/1087/7094 2812/852/7095 1106/2094/7096
f 444/2248/7097 1106/2094/7098 2749/2096/7099 1613/2249/7100
f 444/2248/7101 1613/2249/7102 2774/2100/7103 1611/2099/7104
f 445/2250/7105 1578/2008/7106 2750/2007/7107 1662/2237/7108
f 445/2250/7109 1662/2237/7110 2805/2239/7111 1696/2251/7112
f 445/2250/7113 1696/2251/7114 2799/2244/7115 1656/2243/7116
f 445/2250/7117 1656/2243/7118 2747/2009/7119 1578/2008/7120
f 446/2252/7121 1619/1063/7122 2513/1062/7123 1104/1081/7124
f 446/2252/7125 1104/1081/7126 2516/826/7127 1620/846/7128
f 446/2252/7129 1620/846/7130 2764/845/7131 1099/1067/7132
f 446/2252/7133 1099/1067/7134 2765/1064/7135 1619/1063/7136
f 447/2253/7137 1560/2041/7138 2782/2040/7139 1709/2254/7140
f 447/2253/7141 1709/2254/7142 2530/2044/7143 1102/2043/7144
f 447/2253/7145 1102/2043/7146 2753/867/7147 1584/1995/7148
f 447/2253/7149 1584/1995/7150 2743/875/7151 1560/2041/7152
f 448/2255/7153 1657/2247/7154 2799/2244/7155 1696/2251/7156
f 448/2255/7157 1696/2251/7158 2805/2239/7159 1663/2241/7160
f 448/2255/7161 1663/2241/7162 2806/2123/7163 1697/2122/7164
f 448/2255/7165 1697/2122/7166 2800/2121/7167 1657/2247/7168
f 449/2256/7169 1651/2226/7170 2793/2221/7171 1682/2257/7172
f 449/2256/7173 1682/2257/7174 2535/2215/7175 1111/2217/7176
f 449/2256/7177 1111/2217/7178 2534/2146/7179 1683/2258/7180
f 449/2256/7181 1683/2258/7182 2794/2142/7183 1651/2226/7184
f 450/2259/7185 1652/2229/7186 2745/2002/7187 1575/2001/7188
f 450/2259/7189 1575/2001/7190 2751/1993/7191 1664/2260/7192
f 450/2259/7193 1664/2260/7194 2807/2261/7195 1698/2262/7196
f 450/2259/7197 1698/2262/7198 2795/2230/7199 1652/2229/7200
f 451/2263/7201 1653/2235/7202 2795/2230/7203 1698/2262/7204
f 451/2263/7205 1698/2262/7206 2807/2261/7207 1665/2264/7208
f 451/2263/7209 1665/2264/7210 2808/2108/7211 1699/2116/7212
f 451/2263/7213 1699/2116/7214 2796/2115/7215 1653/2235/7216
f 452/2265/7217 1638/2266/7218 2774/2100/7219 1613/2249/7220
f 452/2265/7221 1613/2249/7222 2749/2096/7223 1114/2267/7224
f 452/2265/7225 1114/2267/7226 2531/2268/7227 1708/2269/7228
f 452/2265/7229 1708/2269/7230 2781/2270/7231 1638/2266/7232
f 453/2271/7233 1574/1992/7234 2754/1991/7235 1670/2198/7236
f 453/2271/7237 1670/2198/7238 2813/2200/7239 1704/2272/7240
f 453/2271/7241 1704/2272/7242 2807/2261/7243 1664/2260/7244
f 453/2271/7245 1664/2260/7246 2751/1993/7247 1574/1992/7248
f 454/2273/7249 1597/2143/7250 2794/2142/7251 1683/2258/7252
f 454/2273/7253 1683/2258/7254 2534/2146/7255 1107/2145/7256
f 454/2273/7257 1107/2145/7258 2748/855/7259 1626/2011/7260
f 454/2273/7261 1626/2011/7262 2760/893/7263 1597/2143/7264
f 455/2274/7265 1650/2220/7266 2744/2033/7267 1585/2105/7268
f 455/2274/7269 1585/2105/7270 2752/2056/7271 1110/2213/7272
f 455/2274/7273 1110/2213/7274 2535/2215/7275 1682/2257/7276
f 455/2274/7277 1682/2257/7278 2793/2221/7279 1650/2220/7280
f 456/2275/7281 1665/2264/7282 2807/2261/7283 1704/2272/7284
f 456/2275/7285 1704/2272/7286 2813/2200/7287 1671/2202/7288
f 456/2275/7289 1671/2202/7290 2814/2110/7291 1705/2109/7292
f 456/2275/7293 1705/2109/7294 2808/2108/7295 1665/2264/7296
f 457/2276/7297 1639/2277/7298 2781/2270/7299 1708/2269/7300
f 457/2276/7301 1708/2269/7302 2531/2268/7303 1115/2278/7304
f 457/2276/7305 1115/2278/7306 2530/2044/7307 1709/2254/7308
f 457/2276/7309 1709/2254/7310 2782/2040/7311 1639/2277/7312
f 458/2279/7313 1636/2280/7314 2773/2092/7315 1612/2091/7316
f 458/2279/7317 1612/2091/7318 2771/2090/7319 1632/2281/7320
f 458/2279/7321 1632/2281/7322 2775/2282/7323 1706/2283/7324
f 458/2279/7325 1706/2283/7326 2779/2284/7327 1636/2280/7328
f 459/2285/7329 1637/2286/7330 2779/2284/7331 1706/2283/7332
f 459/2285/7333 1706/2283/7334 2775/2282/7335 1633/2287/7336
f 459/2285/7337 1633/2287/7338 2776/2085/7339 1707/2084/7340
f 459/2285/7341 1707/2084/7342 2780/2046/7343 1637/2286/7344
f 460/2288/7345 1114/2267/7346 2749/2096/7347 1576/2095/7348
f 460/2288/7349 1576/2095/7350 2773/2092/7351 1636/2280/7352
f 460/2288/7353 1636/2280/7354 2779/2284/7355 1119/2289/7356
f 460/2288/7357 1119/2289/7358 2531/2268/7359 1114/2267/7360
f 461/2290/7361 1115/2278/7362 2531/2268/7363 1119/2289/7364
f 461/2290/7365 1119/2289/7366 2779/2284/7367 1637/2286/7368
f 461/2290/7369 1637/2286/7370 2780/2046/7371 1118/2045/7372
f 461/2290/7373 1118/2045/7374 2530/2044/7375 1115/2278/7376
f 462/2291/7377 1592/2292/7378 2755/2102/7379 1614/2101/7380
f 462/2291/7381 1614/2101/7382 2774/2100/7383 1638/2266/7384
f 462/2291/7385 1638/2266/7386 2781/2270/7387 1710/2293/7388
f 462/2291/7389 1710/2293/7390 2784/2294/7391 1592/2292/7392
f 463/2295/7393 1641/2296/7394 2784/2294/7395 1710/2293/7396
f 463/2295/7397 1710/2293/7398 2781/2270/7399 1639/2277/7400
f 463/2295/7401 1639/2277/7402 2782/2040/7403 1711/2039/7404
f 463/2295/7405 1711/2039/7406 2783/2038/7407 1641/2296/7408
f 464/2297/7409 788/2298/7410 2347/2299/7411 787/2300/7412
f 464/2297/7413 787/2300/7414 2468/2301/7415 1731/2302/7416
f 464/2297/7417 1731/2302/7418 2834/2303/7419 1732/2304/7420
f 464/2297/7421 1732/2304/7422 2817/2305/7423 788/2298/7424
f 465/2306/7425 1800/2307/7426 2863/2308/7427 1871/2309/7428
f 465/2306/7429 1871/2309/7430 2862/2310/7431 1730/2311/7432
f 465/2306/7433 1730/2311/7434 2833/738/7435 1733/737/7436
f 465/2306/7437 1733/737/7438 2815/736/7439 1800/2307/7440
f 466/2312/7441 906/2313/7442 2475/2314/7443 1038/2315/7444
f 466/2312/7445 1038/2315/7446 2860/2316/7447 1729/2317/7448
f 466/2312/7449 1729/2317/7450 2832/3/7451 1736/731/7452
f 466/2312/7453 1736/731/7454 2829/730/7455 906/2313/7456
f 467/2318/7457 907/2319/7458 2886/2320/7459 1857/2321/7460
f 467/2318/7461 1857/2321/7462 2455/2322/7463 1728/2323/7464
f 467/2318/7465 1728/2323/7466 2831/2324/7467 1737/2325/7468
f 467/2318/7469 1737/2325/7470 2828/2326/7471 907/2319/7472
f 468/2327/7473 1032/762/7474 2470/761/7475 1016/2328/7476
f 468/2327/7477 1016/2328/7478 2880/715/7479 898/717/7480
f 468/2327/7481 898/717/7482 2888/719/7483 1859/2329/7484
f 468/2327/7485 1859/2329/7486 2482/763/7487 1032/762/7488
f 469/2330/7489 1724/2331/7490 2422/2332/7491 908/2333/7492
f 469/2330/7493 908/2333/7494 2419/2334/7495 1727/2335/7496
f 469/2330/7497 1727/2335/7498 2830/2336/7499 1738/2337/7500
f 469/2330/7501 1738/2337/7502 2827/2338/7503 1724/2331/7504
f 470/2339/7505 1035/778/7506 2469/757/7507 1015/2340/7508
f 470/2339/7509 1015/2340/7510 2885/706/7511 1823/705/7512
f 470/2339/7513 1823/705/7514 2878/679/7515 1018/678/7516
f 470/2339/7517 1018/678/7518 2472/677/7519 1035/778/7520
f 471/2341/7521 1718/2342/7522 2407/2343/7523 889/2344/7524
f 471/2341/7525 889/2344/7526 2422/2332/7527 1724/2331/7528
f 471/2341/7529 1724/2331/7530 2827/2338/7531 1739/2345/7532
f 471/2341/7533 1739/2345/7534 2821/2346/7535 1718/2342/7536
f 472/2347/7537 1034/773/7538 2467/772/7539 1013/2348/7540
f 472/2347/7541 1013/2348/7542 2887/710/7543 1824/709/7544
f 472/2347/7545 1824/709/7546 2879/700/7547 1017/2349/7548
f 472/2347/7549 1017/2349/7550 2471/774/7551 1034/773/7552
f 473/2350/7553 1720/2351/7554 2414/788/7555 900/790/7556
f 473/2350/7557 900/790/7558 2411/782/7559 1723/2352/7560
f 473/2350/7561 1723/2352/7562 2826/2353/7563 1742/2354/7564
f 473/2350/7565 1742/2354/7566 2823/2355/7567 1720/2351/7568
f 474/2356/7569 1037/786/7570 2471/774/7571 1017/2349/7572
f 474/2356/7573 1017/2349/7574 2879/700/7575 1817/699/7576
f 474/2356/7577 1817/699/7578 2847/687/7579 1020/686/7580
f 474/2356/7581 1020/686/7582 2474/685/7583 1037/786/7584
f 475/2357/7585 1717/2358/7586 2403/776/7587 881/785/7588
f 475/2357/7589 881/785/7590 2414/788/7591 1720/2351/7592
f 475/2357/7593 1720/2351/7594 2823/2355/7595 1743/2359/7596
f 475/2357/7597 1743/2359/7598 2820/2360/7599 1717/2358/7600
f 476/2361/7601 1723/2352/7602 2411/782/7603 897/781/7604
f 476/2361/7605 897/781/7606 2409/745/7607 1719/2362/7608
f 476/2361/7609 1719/2362/7610 2822/2363/7611 1744/2364/7612
f 476/2361/7613 1744/2364/7614 2826/2353/7615 1723/2352/7616
f 477/2365/7617 1715/2366/7618 2348/2367/7619 786/2368/7620
f 477/2365/7621 786/2368/7622 2407/2343/7623 1718/2342/7624
f 477/2365/7625 1718/2342/7626 2821/2346/7627 1745/2369/7628
f 477/2365/7629 1745/2369/7630 2818/2370/7631 1715/2366/7632
f 478/2371/7633 1712/2372/7634 2343/770/7635 785/769/7636
f 478/2371/7637 785/769/7638 2403/776/7639 1717/2358/7640
f 478/2371/7641 1717/2358/7642 2820/2360/7643 1746/2373/7644
f 478/2371/7645 1746/2373/7646 2815/2374/7647 1712/2372/7648
f 479/2375/7649 1727/2335/7650 2419/2334/7651 905/2376/7652
f 479/2375/7653 905/2376/7654 2404/2377/7655 1716/2378/7656
f 479/2375/7657 1716/2378/7658 2819/2379/7659 1747/2380/7660
f 479/2375/7661 1747/2380/7662 2830/2336/7663 1727/2335/7664
f 480/2381/7665 1716/2378/7666 2404/2377/7667 882/2382/7668
f 480/2381/7669 882/2382/7670 2344/2383/7671 783/2384/7672
f 480/2381/7673 783/2384/7674 2816/2385/7675 1748/2386/7676
f 480/2381/7677 1748/2386/7678 2819/2379/7679 1716/2378/7680
f 481/2387/7681 1719/2362/7682 2409/745/7683 891/744/7684
f 481/2387/7685 891/744/7686 2347/750/7687 788/2388/7688
f 481/2387/7689 788/2388/7690 2817/2389/7691 1749/2390/7692
f 481/2387/7693 1749/2390/7694 2822/2363/7695 1719/2362/7696
f 482/2391/7697 1728/2323/7698 2455/2322/7699 983/2392/7700
f 482/2391/7701 983/2392/7702 2348/2393/7703 1715/2394/7704
f 482/2391/7705 1715/2394/7706 2818/2395/7707 1750/2396/7708
f 482/2391/7709 1750/2396/7710 2831/2324/7711 1728/2323/7712
f 483/2397/7713 1729/2317/7714 2860/2316/7715 1867/2398/7716
f 483/2397/7717 1867/2398/7718 2856/2399/7719 1713/2400/7720
f 483/2397/7721 1713/2400/7722 2816/5/7723 1751/4/7724
f 483/2397/7725 1751/4/7726 2832/3/7727 1729/2317/7728
f 484/2401/7729 1770/2402/7730 2453/36/7731 782/35/7732
f 484/2401/7733 782/35/7734 2342/34/7735 1768/2403/7736
f 484/2401/7737 1768/2403/7738 2851/2404/7739 1772/2405/7740
f 484/2401/7741 1772/2405/7742 2853/2406/7743 1770/2402/7744
f 485/2407/7745 910/2408/7746 2888/719/7747 981/718/7748
f 485/2407/7749 981/718/7750 2453/36/7751 1770/2402/7752
f 485/2407/7753 1770/2402/7754 2853/2406/7755 1740/2409/7756
f 485/2407/7757 1740/2409/7758 2825/2410/7759 910/2408/7760
f 486/2411/7761 781/2412/7762 2341/403/7763 1028/764/7764
f 486/2411/7765 1028/764/7766 2482/763/7767 1771/2413/7768
f 486/2411/7769 1771/2413/7770 2854/2414/7771 1774/2415/7772
f 486/2411/7773 1774/2415/7774 2835/2416/7775 781/2412/7776
f 487/2417/7777 1794/2418/7778 2857/2419/7779 1865/2420/7780
f 487/2417/7781 1865/2420/7782 2894/2421/7783 1767/2422/7784
f 487/2417/7785 1767/2422/7786 2850/755/7787 1775/754/7788
f 487/2417/7789 1775/754/7790 2852/753/7791 1794/2418/7792
f 488/2423/7793 911/2424/7794 2479/2425/7795 1042/2426/7796
f 488/2423/7797 1042/2426/7798 2892/2427/7799 1766/2428/7800
f 488/2423/7801 1766/2428/7802 2849/21/7803 1741/723/7804
f 488/2423/7805 1741/723/7806 2824/722/7807 911/2424/7808
f 489/2429/7809 1731/2302/7810 2468/2301/7811 1014/2430/7812
f 489/2429/7813 1014/2430/7814 2886/2320/7815 907/2319/7816
f 489/2429/7817 907/2319/7818 2828/2326/7819 1735/2431/7820
f 489/2429/7821 1735/2431/7822 2834/2303/7823 1731/2302/7824
f 490/2432/7825 1762/2433/7826 2884/2434/7827 1861/2435/7828
f 490/2432/7829 1861/2435/7830 2890/2436/7831 1765/2437/7832
f 490/2432/7833 1765/2437/7834 2848/391/7835 1779/518/7836
f 490/2432/7837 1779/518/7838 2845/515/7839 1762/2433/7840
f 491/2438/7841 1031/756/7842 2850/755/7843 1776/2439/7844
f 491/2438/7845 1776/2439/7846 2824/722/7847 899/721/7848
f 491/2438/7849 899/721/7850 2885/706/7851 1015/2340/7852
f 491/2438/7853 1015/2340/7854 2469/757/7855 1031/756/7856
f 492/2440/7857 1756/2441/7858 2872/2442/7859 1855/2443/7860
f 492/2440/7861 1855/2443/7862 2884/2434/7863 1762/2433/7864
f 492/2440/7865 1762/2433/7866 2845/515/7867 1780/514/7868
f 492/2440/7869 1780/514/7870 2839/427/7871 1756/2441/7872
f 493/2444/7873 1030/747/7874 2473/671/7875 1019/670/7876
f 493/2444/7877 1019/670/7878 2877/669/7879 902/725/7880
f 493/2444/7881 902/725/7882 2886/727/7883 1014/2445/7884
f 493/2444/7885 1014/2445/7886 2468/748/7887 1030/747/7888
f 494/2446/7889 1758/2447/7890 2876/2448/7891 1853/2449/7892
f 494/2446/7893 1853/2449/7894 2882/2450/7895 1761/2451/7896
f 494/2446/7897 1761/2451/7898 2844/431/7899 1783/475/7900
f 494/2446/7901 1783/475/7902 2841/470/7903 1758/2447/7904
f 495/2452/7905 1033/767/7906 2481/512/7907 1027/511/7908
f 495/2452/7909 1027/511/7910 2842/510/7911 1825/713/7912
f 495/2452/7913 1825/713/7914 2880/715/7915 1016/2328/7916
f 495/2452/7917 1016/2328/7918 2470/761/7919 1033/767/7920
f 496/2453/7921 1755/2454/7922 2870/2455/7923 1847/2456/7924
f 496/2453/7925 1847/2456/7926 2876/2448/7927 1758/2447/7928
f 496/2453/7929 1758/2447/7930 2841/470/7931 1784/469/7932
f 496/2453/7933 1784/469/7934 2838/399/7935 1755/2454/7936
f 497/2457/7937 1761/2451/7938 2882/2450/7939 1845/2458/7940
f 497/2457/7941 1845/2458/7942 2874/2459/7943 1757/2460/7944
f 497/2457/7945 1757/2460/7946 2840/39/7947 1785/432/7948
f 497/2457/7949 1785/432/7950 2844/431/7951 1761/2451/7952
f 498/2461/7953 1753/2462/7954 2866/2463/7955 1843/2464/7956
f 498/2461/7957 1843/2464/7958 2872/2442/7959 1756/2441/7960
f 498/2461/7961 1756/2441/7962 2839/427/7963 1786/426/7964
f 498/2461/7965 1786/426/7966 2836/425/7967 1753/2462/7968
f 499/2465/7969 1752/2466/7970 2864/2467/7971 1841/2468/7972
f 499/2465/7973 1841/2468/7974 2870/2455/7975 1755/2454/7976
f 499/2465/7977 1755/2454/7978 2838/399/7979 1787/398/7980
f 499/2465/7981 1787/398/7982 2835/397/7983 1752/2466/7984
f 500/2469/7985 1765/2437/7986 2890/2436/7987 1839/2470/7988
f 500/2469/7989 1839/2470/7990 2868/2471/7991 1754/2472/7992
f 500/2469/7993 1754/2472/7994 2837/48/7995 1788/392/7996
f 500/2469/7997 1788/392/7998 2848/391/7999 1765/2437/8000
f 501/2473/8001 1754/2472/8002 2868/2471/8003 1837/2474/8004
f 501/2473/8005 1837/2474/8006 2855/2475/8007 1792/2476/8008
f 501/2473/8009 1792/2476/8010 2851/50/8011 1789/49/8012
f 501/2473/8013 1789/49/8014 2837/48/8015 1754/2472/8016
f 502/2477/8017 1757/2460/8018 2874/2459/8019 1835/2478/8020
f 502/2477/8021 1835/2478/8022 2857/2479/8023 1794/2480/8024
f 502/2477/8025 1794/2480/8026 2852/41/8027 1790/40/8028
f 502/2477/8029 1790/40/8030 2840/39/8031 1757/2460/8032
f 503/2481/8033 1766/2428/8034 2892/2427/8035 1833/2482/8036
f 503/2481/8037 1833/2482/8038 2866/2483/8039 1753/2484/8040
f 503/2481/8041 1753/2484/8042 2836/23/8043 1791/22/8044
f 503/2481/8045 1791/22/8046 2849/21/8047 1766/2428/8048
f 504/2485/8049 1828/2486/8050 2831/2324/8051 1750/2396/8052
f 504/2485/8053 1750/2396/8054 2818/2395/8055 1802/2487/8056
f 504/2485/8057 1802/2487/8058 2865/2488/8059 1832/2489/8060
f 504/2485/8061 1832/2489/8062 2891/2490/8063 1828/2486/8064
f 505/2491/8065 1829/2492/8066 2891/2490/8067 1832/2489/8068
f 505/2491/8069 1832/2489/8070 2865/2488/8071 1803/2493/8072
f 505/2491/8073 1803/2493/8074 2866/2483/8075 1833/2482/8076
f 505/2491/8077 1833/2482/8078 2892/2427/8079 1829/2492/8080
f 506/2494/8081 1810/2495/8082 2822/2363/8083 1749/2390/8084
f 506/2494/8085 1749/2390/8086 2817/2389/8087 1714/2496/8088
f 506/2494/8089 1714/2496/8090 2858/2497/8091 1834/2498/8092
f 506/2494/8093 1834/2498/8094 2873/2499/8095 1810/2495/8096
f 507/2500/8097 1811/2501/8098 2873/2499/8099 1834/2498/8100
f 507/2500/8101 1834/2498/8102 2858/2497/8103 1795/2502/8104
f 507/2500/8105 1795/2502/8106 2857/2479/8107 1835/2478/8108
f 507/2500/8109 1835/2478/8110 2874/2459/8111 1811/2501/8112
f 508/2503/8113 1804/2504/8114 2819/2379/8115 1748/2386/8116
f 508/2503/8117 1748/2386/8118 2816/2385/8119 1713/2505/8120
f 508/2503/8121 1713/2505/8122 2856/2506/8123 1836/2507/8124
f 508/2503/8125 1836/2507/8126 2867/2508/8127 1804/2504/8128
f 509/2509/8129 1805/2510/8130 2867/2508/8131 1836/2507/8132
f 509/2509/8133 1836/2507/8134 2856/2506/8135 1793/2511/8136
f 509/2509/8137 1793/2511/8138 2855/2475/8139 1837/2474/8140
f 509/2509/8141 1837/2474/8142 2868/2471/8143 1805/2510/8144
f 510/2512/8145 1826/2513/8146 2830/2336/8147 1747/2380/8148
f 510/2512/8149 1747/2380/8150 2819/2379/8151 1804/2504/8152
f 510/2512/8153 1804/2504/8154 2867/2508/8155 1838/2514/8156
f 510/2512/8157 1838/2514/8158 2889/2515/8159 1826/2513/8160
f 511/2516/8161 1827/2517/8162 2889/2515/8163 1838/2514/8164
f 511/2516/8165 1838/2514/8166 2867/2508/8167 1805/2510/8168
f 511/2516/8169 1805/2510/8170 2868/2471/8171 1839/2470/8172
f 511/2516/8173 1839/2470/8174 2890/2436/8175 1827/2517/8176
f 512/2518/8177 1800/2519/8178 2815/2374/8179 1746/2373/8180
f 512/2518/8181 1746/2373/8182 2820/2360/8183 1806/2520/8184
f 512/2518/8185 1806/2520/8186 2869/2521/8187 1840/2522/8188
f 512/2518/8189 1840/2522/8190 2863/2523/8191 1800/2519/8192
f 513/2524/8193 1801/2525/8194 2863/2523/8195 1840/2522/8196
f 513/2524/8197 1840/2522/8198 2869/2521/8199 1807/2526/8200
f 513/2524/8201 1807/2526/8202 2870/2455/8203 1841/2468/8204
f 513/2524/8205 1841/2468/8206 2864/2467/8207 1801/2525/8208
f 514/2527/8209 1802/2528/8210 2818/2370/8211 1745/2369/8212
f 514/2527/8213 1745/2369/8214 2821/2346/8215 1808/2529/8216
f 514/2527/8217 1808/2529/8218 2871/2530/8219 1842/2531/8220
f 514/2527/8221 1842/2531/8222 2865/2532/8223 1802/2528/8224
f 515/2533/8225 1803/2534/8226 2865/2532/8227 1842/2531/8228
f 515/2533/8229 1842/2531/8230 2871/2530/8231 1809/2535/8232
f 515/2533/8233 1809/2535/8234 2872/2442/8235 1843/2464/8236
f 515/2533/8237 1843/2464/8238 2866/2463/8239 1803/2534/8240
f 516/2536/8241 1818/2537/8242 2826/2353/8243 1744/2364/8244
f 516/2536/8245 1744/2364/8246 2822/2363/8247 1810/2495/8248
f 516/2536/8249 1810/2495/8250 2873/2499/8251 1844/2538/8252
f 516/2536/8253 1844/2538/8254 2881/2539/8255 1818/2537/8256
f 517/2540/8257 1819/2541/8258 2881/2539/8259 1844/2538/8260
f 517/2540/8261 1844/2538/8262 2873/2499/8263 1811/2501/8264
f 517/2540/8265 1811/2501/8266 2874/2459/8267 1845/2458/8268
f 517/2540/8269 1845/2458/8270 2882/2450/8271 1819/2541/8272
f 518/2542/8273 1806/2520/8274 2820/2360/8275 1743/2359/8276
f 518/2542/8277 1743/2359/8278 2823/2355/8279 1812/2543/8280
f 518/2542/8281 1812/2543/8282 2875/2544/8283 1846/2545/8284
f 518/2542/8285 1846/2545/8286 2869/2521/8287 1806/2520/8288
f 519/2546/8289 1807/2526/8290 2869/2521/8291 1846/2545/8292
f 519/2546/8293 1846/2545/8294 2875/2544/8295 1813/2547/8296
f 519/2546/8297 1813/2547/8298 2876/2448/8299 1847/2456/8300
f 519/2546/8301 1847/2456/8302 2870/2455/8303 1807/2526/8304
f 520/2548/8305 1771/2413/8306 2482/763/8307 1859/2329/8308
f 520/2548/8309 1859/2329/8310 2888/719/8311 910/2408/8312
f 520/2548/8313 910/2408/8314 2825/2410/8315 1773/2549/8316
f 520/2548/8317 1773/2549/8318 2854/2414/8319 1771/2413/8320
f 521/2550/8321 1742/2354/8322 2826/2353/8323 1818/2537/8324
f 521/2550/8325 1818/2537/8326 2881/2539/8327 1852/2551/8328
f 521/2550/8329 1852/2551/8330 2875/2544/8331 1812/2543/8332
f 521/2550/8333 1812/2543/8334 2823/2355/8335 1742/2354/8336
f 522/2552/8337 1029/739/8338 2833/738/8339 1734/2553/8340
f 522/2552/8341 1734/2553/8342 2829/730/8343 903/729/8344
f 522/2552/8345 903/729/8346 2887/733/8347 1013/2554/8348
f 522/2552/8349 1013/2554/8350 2467/740/8351 1029/739/8352
f 523/2555/8353 1730/2311/8354 2862/2310/8355 1869/2556/8356
f 523/2555/8357 1869/2556/8358 2475/2314/8359 906/2313/8360
f 523/2555/8361 906/2313/8362 2829/730/8363 1734/2553/8364
f 523/2555/8365 1734/2553/8366 2833/738/8367 1730/2311/8368
f 524/2557/8369 1813/2547/8370 2875/2544/8371 1852/2551/8372
f 524/2557/8373 1852/2551/8374 2881/2539/8375 1819/2541/8376
f 524/2557/8377 1819/2541/8378 2882/2450/8379 1853/2449/8380
f 524/2557/8381 1853/2449/8382 2876/2448/8383 1813/2547/8384
f 525/2558/8385 1831/2559/8386 2893/2560/8387 1862/2561/8388
f 525/2558/8389 1862/2561/8390 2480/2562/8391 1001/2563/8392
f 525/2558/8393 1001/2563/8394 2479/2425/8395 1863/2564/8396
f 525/2558/8397 1863/2564/8398 2894/2421/8399 1831/2559/8400
f 526/2565/8401 1808/2529/8402 2821/2346/8403 1739/2345/8404
f 526/2565/8405 1739/2345/8406 2827/2338/8407 1820/2566/8408
f 526/2565/8409 1820/2566/8410 2883/2567/8411 1854/2568/8412
f 526/2565/8413 1854/2568/8414 2871/2530/8415 1808/2529/8416
f 527/2569/8417 1809/2535/8418 2871/2530/8419 1854/2568/8420
f 527/2569/8421 1854/2568/8422 2883/2567/8423 1821/2570/8424
f 527/2569/8425 1821/2570/8426 2884/2434/8427 1855/2443/8428
f 527/2569/8429 1855/2443/8430 2872/2442/8431 1809/2535/8432
f 528/2571/8433 1798/2572/8434 2854/2414/8435 1773/2549/8436
f 528/2571/8437 1773/2549/8438 2825/2410/8439 998/2573/8440
f 528/2571/8441 998/2573/8442 2476/2574/8443 1868/2575/8444
f 528/2571/8445 1868/2575/8446 2861/2576/8447 1798/2572/8448
f 529/2577/8449 1738/2337/8450 2830/2336/8451 1826/2513/8452
f 529/2577/8453 1826/2513/8454 2889/2515/8455 1860/2578/8456
f 529/2577/8457 1860/2578/8458 2883/2567/8459 1820/2566/8460
f 529/2577/8461 1820/2566/8462 2827/2338/8463 1738/2337/8464
f 530/2579/8465 1767/2422/8466 2894/2421/8467 1863/2564/8468
f 530/2579/8469 1863/2564/8470 2479/2425/8471 911/2424/8472
f 530/2579/8473 911/2424/8474 2824/722/8475 1776/2439/8476
f 530/2579/8477 1776/2439/8478 2850/755/8479 1767/2422/8480
f 531/2580/8481 1830/2581/8482 2834/2303/8483 1735/2431/8484
f 531/2580/8485 1735/2431/8486 2828/2326/8487 1002/2582/8488
f 531/2580/8489 1002/2582/8490 2480/2562/8491 1862/2561/8492
f 531/2580/8493 1862/2561/8494 2893/2560/8495 1830/2581/8496
f 532/2583/8497 1821/2570/8498 2883/2567/8499 1860/2578/8500
f 532/2583/8501 1860/2578/8502 2889/2515/8503 1827/2517/8504
f 532/2583/8505 1827/2517/8506 2890/2436/8507 1861/2435/8508
f 532/2583/8509 1861/2435/8510 2884/2434/8511 1821/2570/8512
f 533/2584/8513 1799/2585/8514 2861/2576/8515 1868/2575/8516
f 533/2584/8517 1868/2575/8518 2476/2574/8519 997/2586/8520
f 533/2584/8521 997/2586/8522 2475/2314/8523 1869/2556/8524
f 533/2584/8525 1869/2556/8526 2862/2310/8527 1799/2585/8528
f 534/2587/8529 1002/2582/8530 2828/2326/8531 1737/2325/8532
f 534/2587/8533 1737/2325/8534 2831/2324/8535 1828/2486/8536
f 534/2587/8537 1828/2486/8538 2891/2490/8539 1043/2588/8540
f 534/2587/8541 1043/2588/8542 2480/2562/8543 1002/2582/8544
f 535/2589/8545 1001/2563/8546 2480/2562/8547 1043/2588/8548
f 535/2589/8549 1043/2588/8550 2891/2490/8551 1829/2492/8552
f 535/2589/8553 1829/2492/8554 2892/2427/8555 1042/2426/8556
f 535/2589/8557 1042/2426/8558 2479/2425/8559 1001/2563/8560
f 536/2590/8561 1714/2591/8562 2817/2305/8563 1732/2304/8564
f 536/2590/8565 1732/2304/8566 2834/2303/8567 1830/2581/8568
f 536/2590/8569 1830/2581/8570 2893/2560/8571 1864/2592/8572
f 536/2590/8573 1864/2592/8574 2858/2593/8575 1714/2591/8576
f 537/2594/8577 1795/2595/8578 2858/2593/8579 1864/2592/8580
f 537/2594/8581 1864/2592/8582 2893/2560/8583 1831/2559/8584
f 537/2594/8585 1831/2559/8586 2894/2421/8587 1865/2420/8588
f 537/2594/8589 1865/2420/8590 2857/2419/8591 1795/2595/8592
f 538/2596/8593 1796/2597/8594 2853/2406/8595 1772/2405/8596
f 538/2596/8597 1772/2405/8598 2851/2404/8599 1792/2598/8600
f 538/2596/8601 1792/2598/8602 2855/2599/8603 1866/2600/8604
f 538/2596/8605 1866/2600/8606 2859/2601/8607 1796/2597/8608
f 539/2602/8609 1797/2603/8610 2859/2601/8611 1866/2600/8612
f 539/2602/8613 1866/2600/8614 2855/2599/8615 1793/2604/8616
f 539/2602/8617 1793/2604/8618 2856/2399/8619 1867/2398/8620
f 539/2602/8621 1867/2398/8622 2860/2316/8623 1797/2603/8624
f 540/2605/8625 998/2573/8626 2825/2410/8627 1740/2409/8628
f 540/2605/8629 1740/2409/8630 2853/2406/8631 1796/2597/8632
f 540/2605/8633 1796/2597/8634 2859/2601/8635 1039/2606/8636
f 540/2605/8637 1039/2606/8638 2476/2574/8639 998/2573/8640
f 541/2607/8641 997/2586/8642 2476/2574/8643 1039/2606/8644
f 541/2607/8645 1039/2606/8646 2859/2601/8647 1797/2603/8648
f 541/2607/8649 1797/2603/8650 2860/2316/8651 1038/2315/8652
f 541/2607/8653 1038/2315/8654 2475/2314/8655 997/2586/8656
f 542/2608/8657 1752/2609/8658 2835/2416/8659 1774/2415/8660
f 542/2608/8661 1774/2415/8662 2854/2414/8663 1798/2572/8664
f 542/2608/8665 1798/2572/8666 2861/2576/8667 1870/2610/8668
f 542/2608/8669 1870/2610/8670 2864/2611/8671 1752/2609/8672
f 543/2612/8673 1801/2613/8674 2864/2611/8675 1870/2610/8676
f 543/2612/8677 1870/2610/8678 2861/2576/8679 1799/2585/8680
f 543/2612/8681 1799/2585/8682 2862/2310/8683 1871/2309/8684
f 543/2612/8685 1871/2309/8686 2863/2308/8687 1801/2613/8688
f 544/2614/8689 1212/1278/8690 2560/1197/8691 1196/2615/8692
f 544/2614/8693 1196/2615/8694 2960/1216/8695 1025/1293/8696
f 544/2614/8697 1025/1293/8698 2913/1297/8699 1242/2616/8700
f 544/2614/8701 1242/2616/8702 2567/1279/8703 1212/1278/8704
f 545/2617/8705 1886/2618/8706 2618/2619/8707 1315/2620/8708
f 545/2617/8709 1315/2620/8710 2615/2621/8711 1887/2622/8712
f 545/2617/8713 1887/2622/8714 2914/2623/8715 1889/2624/8716
f 545/2617/8717 1889/2624/8718 2911/2625/8719 1886/2618/8720
f 546/2626/8721 1882/2627/8722 2599/2628/8723 1280/2629/8724
f 546/2626/8725 1280/2629/8726 2618/2619/8727 1886/2618/8728
f 546/2626/8729 1886/2618/8730 2911/2625/8731 1890/2630/8732
f 546/2626/8733 1890/2630/8734 2905/2631/8735 1882/2627/8736
f 547/2632/8737 1231/1275/8738 2579/1271/8739 1236/1531/8740
f 547/2632/8741 1236/1531/8742 2928/1256/8743 1980/1267/8744
f 547/2632/8745 1980/1267/8746 2924/1207/8747 1237/1520/8748
f 547/2632/8749 1237/1520/8750 2582/1203/8751 1231/1275/8752
f 548/2633/8753 1884/2634/8754 2608/1493/8755 1299/1495/8756
f 548/2633/8757 1299/1495/8758 2607/1441/8759 1885/2635/8760
f 548/2633/8761 1885/2635/8762 2910/2636/8763 1892/2637/8764
f 548/2633/8765 1892/2637/8766 2907/2638/8767 1884/2634/8768
f 549/2639/8769 1192/1196/8770 2549/1175/8771 1175/1518/8772
f 549/2639/8773 1175/1518/8774 2968/1144/8775 1973/1212/8776
f 549/2639/8777 1973/1212/8778 2960/1216/8779 1196/2615/8780
f 549/2639/8781 1196/2615/8782 2560/1197/8783 1192/1196/8784
f 550/2640/8785 1877/2641/8786 2583/1436/8787 1248/1491/8788
f 550/2640/8789 1248/1491/8790 2608/1493/8791 1884/2634/8792
f 550/2640/8793 1884/2634/8794 2907/2638/8795 1893/2642/8796
f 550/2640/8797 1893/2642/8798 2900/2643/8799 1877/2641/8800
f 551/2644/8801 1885/2635/8802 2607/1441/8803 1296/1440/8804
f 551/2644/8805 1296/1440/8806 2601/1413/8807 1883/2645/8808
f 551/2644/8809 1883/2645/8810 2906/2646/8811 1894/2647/8812
f 551/2644/8813 1894/2647/8814 2910/2636/8815 1885/2635/8816
f 552/2648/8817 1875/2649/8818 2364/2650/8819 810/2651/8820
f 552/2648/8821 810/2651/8822 2599/2628/8823 1882/2627/8824
f 552/2648/8825 1882/2627/8826 2905/2631/8827 1895/2652/8828
f 552/2648/8829 1895/2652/8830 2898/2653/8831 1875/2649/8832
f 553/2654/8833 812/2655/8834 2363/2656/8835 811/2657/8836
f 553/2654/8837 811/2657/8838 2594/1028/8839 1881/1027/8840
f 553/2654/8841 1881/1027/8842 2904/1034/8843 1896/2658/8844
f 553/2654/8845 1896/2658/8846 2897/2659/8847 812/2655/8848
f 554/2660/8849 1952/2661/8850 2942/2662/8851 2022/2663/8852
f 554/2660/8853 2022/2663/8854 2941/990/8855 1880/989/8856
f 554/2660/8857 1880/989/8858 2903/521/8859 1897/1408/8860
f 554/2660/8861 1897/1408/8862 2895/1407/8863 1952/2661/8864
f 555/2664/8865 1721/993/8866 2412/992/8867 1126/2665/8868
f 555/2664/8869 1126/2665/8870 2939/2666/8871 1879/2667/8872
f 555/2664/8873 1879/2667/8874 2902/105/8875 1139/1403/8876
f 555/2664/8877 1139/1403/8878 2425/523/8879 1721/993/8880
f 556/2668/8881 1722/1031/8882 2523/1030/8883 1602/2669/8884
f 556/2668/8885 1602/2669/8886 2589/2670/8887 1878/2671/8888
f 556/2668/8889 1878/2671/8890 2901/2672/8891 1138/2673/8892
f 556/2668/8893 1138/2673/8894 2424/1032/8895 1722/1031/8896
f 557/2674/8897 1872/2675/8898 2359/1431/8899 809/1430/8900
f 557/2674/8901 809/1430/8902 2583/1436/8903 1877/2641/8904
f 557/2674/8905 1877/2641/8906 2900/2643/8907 1900/2676/8908
f 557/2674/8909 1900/2676/8910 2895/2677/8911 1872/2675/8912
f 558/2678/8913 1887/2622/8914 2615/2621/8915 1312/2679/8916
f 558/2678/8917 1312/2679/8918 2584/2680/8919 1876/2681/8920
f 558/2678/8921 1876/2681/8922 2899/2682/8923 1901/2683/8924
f 558/2678/8925 1901/2683/8926 2914/2623/8927 1887/2622/8928
f 559/2684/8929 1876/2681/8930 2584/2680/8931 1249/2685/8932
f 559/2684/8933 1249/2685/8934 2360/2686/8935 807/2687/8936
f 559/2684/8937 807/2687/8938 2896/2688/8939 1902/2689/8940
f 559/2684/8941 1902/2689/8942 2899/2682/8943 1876/2681/8944
f 560/2690/8945 1883/2645/8946 2601/1413/8947 1282/1412/8948
f 560/2690/8949 1282/1412/8950 2363/1416/8951 812/2691/8952
f 560/2690/8953 812/2691/8954 2897/2692/8955 1903/2693/8956
f 560/2690/8957 1903/2693/8958 2906/2646/8959 1883/2645/8960
f 561/2694/8961 1878/2671/8962 2589/2670/8963 1258/2695/8964
f 561/2694/8965 1258/2695/8966 2364/2696/8967 1875/2697/8968
f 561/2694/8969 1875/2697/8970 2898/2698/8971 1904/2699/8972
f 561/2694/8973 1904/2699/8974 2901/2672/8975 1878/2671/8976
f 562/2700/8977 1879/2667/8978 2939/2666/8979 2018/2701/8980
f 562/2700/8981 2018/2701/8982 2935/2702/8983 1873/2703/8984
f 562/2700/8985 1873/2703/8986 2896/107/8987 1905/106/8988
f 562/2700/8989 1905/106/8990 2902/105/8991 1879/2667/8992
f 563/2704/8993 1924/2705/8994 2587/138/8995 806/137/8996
f 563/2704/8997 806/137/8998 2358/136/8999 1922/2706/9000
f 563/2704/9001 1922/2706/9002 2930/2707/9003 1926/2708/9004
f 563/2704/9005 1926/2708/9006 2932/2709/9007 1924/2705/9008
f 564/2710/9009 1725/1015/9010 2527/794/9011 1256/1395/9012
f 564/2710/9013 1256/1395/9014 2587/138/9015 1924/2705/9016
f 564/2710/9017 1924/2705/9018 2932/2709/9019 1135/2711/9020
f 564/2710/9021 1135/2711/9022 2421/1016/9023 1725/1015/9024
f 565/2712/9025 805/2713/9026 2357/1372/9027 1273/1424/9028
f 565/2712/9029 1273/1424/9030 2598/796/9031 1925/1014/9032
f 565/2712/9033 1925/1014/9034 2933/1018/9035 1928/2714/9036
f 565/2712/9037 1928/2714/9038 2915/2715/9039 805/2713/9040
f 566/2716/9041 2032/2717/9042 3020/2718/9043 2150/2719/9044
f 566/2716/9045 2150/2719/9046 2616/2720/9047 1298/2721/9048
f 566/2716/9049 1298/2721/9050 2628/1141/9051 2054/1517/9052
f 566/2716/9053 2054/1517/9054 2983/1173/9055 2032/2717/9056
f 567/2722/9057 1918/2723/9058 2967/2724/9059 2016/2725/9060
f 567/2722/9061 2016/2725/9062 2973/2726/9063 1921/2727/9064
f 567/2722/9065 1921/2727/9066 2929/1360/9067 1930/1526/9068
f 567/2722/9069 1930/1526/9070 2927/1523/9071 1918/2723/9072
f 568/2728/9073 1912/2729/9074 2955/2730/9075 2010/2731/9076
f 568/2728/9077 2010/2731/9078 2967/2724/9079 1918/2723/9080
f 568/2728/9081 1918/2723/9082 2927/1523/9083 1931/1522/9084
f 568/2728/9085 1931/1522/9086 2921/1459/9087 1912/2729/9088
f 569/2732/9089 1215/1282/9090 2567/1279/9091 1242/2616/9092
f 569/2732/9093 1242/2616/9094 2913/1297/9095 991/1308/9096
f 569/2732/9097 991/1308/9098 2908/983/9099 1243/982/9100
f 569/2732/9101 1243/982/9102 2568/981/9103 1215/1282/9104
f 570/2733/9105 1914/2734/9106 2959/2735/9107 2008/2736/9108
f 570/2733/9109 2008/2736/9110 2965/2737/9111 1917/2738/9112
f 570/2733/9113 1917/2738/9114 2926/1463/9115 1933/1485/9116
f 570/2733/9117 1933/1485/9118 2923/1482/9119 1914/2734/9120
f 571/2739/9121 1909/2740/9122 2949/2741/9123 2002/2742/9124
f 571/2739/9125 2002/2742/9126 2959/2735/9127 1914/2734/9128
f 571/2739/9129 1914/2734/9130 2923/1482/9131 1934/1481/9132
f 571/2739/9133 1934/1481/9134 2918/1368/9135 1909/2740/9136
f 572/2743/9137 1917/2738/9138 2965/2737/9139 2000/2744/9140
f 572/2743/9141 2000/2744/9142 2957/2745/9143 1913/2746/9144
f 572/2743/9145 1913/2746/9146 2922/141/9147 1935/1464/9148
f 572/2743/9149 1935/1464/9150 2926/1463/9151 1917/2738/9152
f 573/2747/9153 1907/2748/9154 2945/2749/9155 1998/2750/9156
f 573/2747/9157 1998/2750/9158 2955/2730/9159 1912/2729/9160
f 573/2747/9161 1912/2729/9162 2921/1459/9163 1936/1458/9164
f 573/2747/9165 1936/1458/9166 2916/1457/9167 1907/2748/9168
f 574/2751/9169 1946/2752/9170 2936/2753/9171 1996/2754/9172
f 574/2751/9173 1996/2754/9174 2953/1049/9175 1911/1048/9176
f 574/2751/9177 1911/1048/9178 2920/802/9179 1937/1420/9180
f 574/2751/9181 1937/1420/9182 2931/1419/9183 1946/2752/9184
f 575/2755/9185 1726/1052/9186 2416/1051/9187 1130/2756/9188
f 575/2755/9189 1130/2756/9190 2951/2757/9191 1910/2758/9192
f 575/2755/9193 1910/2758/9194 2919/123/9195 1134/1397/9196
f 575/2755/9197 1134/1397/9198 2420/804/9199 1726/1052/9200
f 576/2759/9201 1906/2760/9202 2943/2761/9203 1992/2762/9204
f 576/2759/9205 1992/2762/9206 2949/2741/9207 1909/2740/9208
f 576/2759/9209 1909/2740/9210 2918/1368/9211 1939/1367/9212
f 576/2759/9213 1939/1367/9214 2915/1366/9215 1906/2760/9216
f 577/2763/9217 1921/2727/9218 2973/2726/9219 1990/2764/9220
f 577/2763/9221 1990/2764/9222 2947/2765/9223 1908/2766/9224
f 577/2763/9225 1908/2766/9226 2917/150/9227 1940/1361/9228
f 577/2763/9229 1940/1361/9230 2929/1360/9231 1921/2727/9232
f 578/2767/9233 1908/2766/9234 2947/2765/9235 1988/2768/9236
f 578/2767/9237 1988/2768/9238 2934/2769/9239 1944/2770/9240
f 578/2767/9241 1944/2770/9242 2930/152/9243 1941/151/9244
f 578/2767/9245 1941/151/9246 2917/150/9247 1908/2766/9248
f 579/2771/9249 1913/2746/9250 2957/2745/9251 1986/2772/9252
f 579/2771/9253 1986/2772/9254 2936/2773/9255 1946/2774/9256
f 579/2771/9257 1946/2774/9258 2931/143/9259 1942/142/9260
f 579/2771/9261 1942/142/9262 2922/141/9263 1913/2746/9264
f 580/2775/9265 1910/2758/9266 2951/2757/9267 1984/2776/9268
f 580/2775/9269 1984/2776/9270 2945/2777/9271 1907/2778/9272
f 580/2775/9273 1907/2778/9274 2916/125/9275 1943/124/9276
f 580/2775/9277 1943/124/9278 2919/123/9279 1910/2758/9280
f 581/2779/9281 1960/2780/9282 2901/2672/9283 1904/2699/9284
f 581/2779/9285 1904/2699/9286 2898/2698/9287 1954/2781/9288
f 581/2779/9289 1954/2781/9290 2944/2782/9291 1983/2783/9292
f 581/2779/9293 1983/2783/9294 2950/2784/9295 1960/2780/9296
f 582/2785/9297 1961/2786/9298 2950/2784/9299 1983/2783/9300
f 582/2785/9301 1983/2783/9302 2944/2782/9303 1955/2787/9304
f 582/2785/9305 1955/2787/9306 2945/2777/9307 1984/2776/9308
f 582/2785/9309 1984/2776/9310 2951/2757/9311 1961/2786/9312
f 583/2788/9313 1966/2789/9314 2906/2646/9315 1903/2693/9316
f 583/2788/9317 1903/2693/9318 2897/2692/9319 1874/2790/9320
f 583/2788/9321 1874/2790/9322 2937/2791/9323 1985/2792/9324
f 583/2788/9325 1985/2792/9326 2956/2793/9327 1966/2789/9328
f 584/2794/9329 1967/2795/9330 2956/2793/9331 1985/2792/9332
f 584/2794/9333 1985/2792/9334 2937/2791/9335 1947/2796/9336
f 584/2794/9337 1947/2796/9338 2936/2773/9339 1986/2772/9340
f 584/2794/9341 1986/2772/9342 2957/2745/9343 1967/2795/9344
f 585/2797/9345 1956/2798/9346 2899/2682/9347 1902/2689/9348
f 585/2797/9349 1902/2689/9350 2896/2688/9351 1873/2799/9352
f 585/2797/9353 1873/2799/9354 2935/2800/9355 1987/2801/9356
f 585/2797/9357 1987/2801/9358 2946/2802/9359 1956/2798/9360
f 586/2803/9361 1957/2804/9362 2946/2802/9363 1987/2801/9364
f 586/2803/9365 1987/2801/9366 2935/2800/9367 1945/2805/9368
f 586/2803/9369 1945/2805/9370 2934/2769/9371 1988/2768/9372
f 586/2803/9373 1988/2768/9374 2947/2765/9375 1957/2804/9376
f 587/2806/9377 1981/2807/9378 2914/2623/9379 1901/2683/9380
f 587/2806/9381 1901/2683/9382 2899/2682/9383 1956/2798/9384
f 587/2806/9385 1956/2798/9386 2946/2802/9387 1989/2808/9388
f 587/2806/9389 1989/2808/9390 2972/2809/9391 1981/2807/9392
f 588/2810/9393 1982/2811/9394 2972/2809/9395 1989/2808/9396
f 588/2810/9397 1989/2808/9398 2946/2802/9399 1957/2804/9400
f 588/2810/9401 1957/2804/9402 2947/2765/9403 1990/2764/9404
f 588/2810/9405 1990/2764/9406 2973/2726/9407 1982/2811/9408
f 589/2812/9409 1952/2813/9410 2895/2677/9411 1900/2676/9412
f 589/2812/9413 1900/2676/9414 2900/2643/9415 1958/2814/9416
f 589/2812/9417 1958/2814/9418 2948/2815/9419 1991/2816/9420
f 589/2812/9421 1991/2816/9422 2942/2817/9423 1952/2813/9424
f 590/2818/9425 1953/2819/9426 2942/2817/9427 1991/2816/9428
f 590/2818/9429 1991/2816/9430 2948/2815/9431 1959/2820/9432
f 590/2818/9433 1959/2820/9434 2949/2741/9435 1992/2762/9436
f 590/2818/9437 1992/2762/9438 2943/2761/9439 1953/2819/9440
f 591/2821/9441 1759/1037/9442 2424/1032/9443 1138/2673/9444
f 591/2821/9445 1138/2673/9446 2901/2672/9447 1960/2780/9448
f 591/2821/9449 1960/2780/9450 2950/2784/9451 1131/2822/9452
f 591/2821/9453 1131/2822/9454 2417/1038/9455 1759/1037/9456
f 592/2823/9457 1760/1071/9458 2417/1038/9459 1131/2822/9460
f 592/2823/9461 1131/2822/9462 2950/2784/9463 1961/2786/9464
f 592/2823/9465 1961/2786/9466 2951/2757/9467 1130/2756/9468
f 592/2823/9469 1130/2756/9470 2416/1051/9471 1760/1071/9472
f 593/2824/9473 1874/2825/9474 2897/2659/9475 1896/2658/9476
f 593/2824/9477 1896/2658/9478 2904/1034/9479 1962/1036/9480
f 593/2824/9481 1962/1036/9482 2952/1040/9483 1995/2826/9484
f 593/2824/9485 1995/2826/9486 2937/2827/9487 1874/2825/9488
f 594/2828/9489 1947/2829/9490 2937/2827/9491 1995/2826/9492
f 594/2828/9493 1995/2826/9494 2952/1040/9495 1963/1070/9496
f 594/2828/9497 1963/1070/9498 2953/1049/9499 1996/2754/9500
f 594/2828/9501 1996/2754/9502 2936/2753/9503 1947/2829/9504
f 595/2830/9505 1954/2831/9506 2898/2653/9507 1895/2652/9508
f 595/2830/9509 1895/2652/9510 2905/2631/9511 1964/2832/9512
f 595/2830/9513 1964/2832/9514 2954/2833/9515 1997/2834/9516
f 595/2830/9517 1997/2834/9518 2944/2835/9519 1954/2831/9520
f 596/2836/9521 1955/2837/9522 2944/2835/9523 1997/2834/9524
f 596/2836/9525 1997/2834/9526 2954/2833/9527 1965/2838/9528
f 596/2836/9529 1965/2838/9530 2955/2730/9531 1998/2750/9532
f 596/2836/9533 1998/2750/9534 2945/2749/9535 1955/2837/9536
f 597/2839/9537 1974/2840/9538 2910/2636/9539 1894/2647/9540
f 597/2839/9541 1894/2647/9542 2906/2646/9543 1966/2789/9544
f 597/2839/9545 1966/2789/9546 2956/2793/9547 1999/2841/9548
f 597/2839/9549 1999/2841/9550 2964/2842/9551 1974/2840/9552
f 598/2843/9553 1975/2844/9554 2964/2842/9555 1999/2841/9556
f 598/2843/9557 1999/2841/9558 2956/2793/9559 1967/2795/9560
f 598/2843/9561 1967/2795/9562 2957/2745/9563 2000/2744/9564
f 598/2843/9565 2000/2744/9566 2965/2737/9567 1975/2844/9568
f 599/2845/9569 1958/2814/9570 2900/2643/9571 1893/2642/9572
f 599/2845/9573 1893/2642/9574 2907/2638/9575 1968/2846/9576
f 599/2845/9577 1968/2846/9578 2958/2847/9579 2001/2848/9580
f 599/2845/9581 2001/2848/9582 2948/2815/9583 1958/2814/9584
f 600/2849/9585 1959/2820/9586 2948/2815/9587 2001/2848/9588
f 600/2849/9589 2001/2848/9590 2958/2847/9591 1969/2850/9592
f 600/2849/9593 1969/2850/9594 2959/2735/9595 2002/2742/9596
f 600/2849/9597 2002/2742/9598 2949/2741/9599 1959/2820/9600
f 601/2851/9601 2070/2852/9602 2548/2853/9603 1174/2854/9604
f 601/2851/9605 1174/2854/9606 2969/2855/9607 1301/2856/9608
f 601/2851/9609 1301/2856/9610 2625/2857/9611 2086/2858/9612
f 601/2851/9613 2086/2858/9614 3001/2859/9615 2070/2852/9616
f 602/2860/9617 1892/2637/9618 2910/2636/9619 1974/2840/9620
f 602/2860/9621 1974/2840/9622 2964/2842/9623 2007/2861/9624
f 602/2860/9625 2007/2861/9626 2958/2847/9627 1968/2846/9628
f 602/2860/9629 1968/2846/9630 2907/2638/9631 1892/2637/9632
f 603/2862/9633 1373/1595/9634 2653/1357/9635 1386/1356/9636
f 603/2862/9637 1386/1356/9638 3028/1355/9639 2040/1563/9640
f 603/2862/9641 2040/1563/9642 3038/1566/9643 2170/2863/9644
f 603/2862/9645 2170/2863/9646 2646/1596/9647 1373/1595/9648
f 604/2864/9649 2031/2865/9650 2552/1180/9651 2014/1503/9652
f 604/2864/9653 2014/1503/9654 2971/1138/9655 1297/2866/9656
f 604/2864/9657 1297/2866/9658 2629/2867/9659 2053/2868/9660
f 604/2864/9661 2053/2868/9662 2982/2869/9663 2031/2865/9664
f 605/2870/9665 1969/2850/9666 2958/2847/9667 2007/2861/9668
f 605/2870/9669 2007/2861/9670 2964/2842/9671 1975/2844/9672
f 605/2870/9673 1975/2844/9674 2965/2737/9675 2008/2736/9676
f 605/2870/9677 2008/2736/9678 2959/2735/9679 1969/2850/9680
f 606/2871/9681 2132/2872/9682 3047/2873/9683 2135/2874/9684
f 606/2871/9685 2135/2874/9686 2621/2875/9687 1306/2876/9688
f 606/2871/9689 1306/2876/9690 2620/2877/9691 2136/2878/9692
f 606/2871/9693 2136/2878/9694 3048/2879/9695 2132/2872/9696
f 607/2880/9697 1964/2832/9698 2905/2631/9699 1890/2630/9700
f 607/2880/9701 1890/2630/9702 2911/2625/9703 1976/2881/9704
f 607/2880/9705 1976/2881/9706 2966/2882/9707 2009/2883/9708
f 607/2880/9709 2009/2883/9710 2954/2833/9711 1964/2832/9712
f 608/2884/9713 1965/2838/9714 2954/2833/9715 2009/2883/9716
f 608/2884/9717 2009/2883/9718 2966/2882/9719 1977/2885/9720
f 608/2884/9721 1977/2885/9722 2967/2724/9723 2010/2731/9724
f 608/2884/9725 2010/2731/9726 2955/2730/9727 1965/2838/9728
f 609/2886/9729 2108/2887/9730 3001/2859/9731 2086/2858/9732
f 609/2886/9733 2086/2858/9734 2625/2857/9735 1309/2888/9736
f 609/2886/9737 1309/2888/9738 2617/2889/9739 2149/2890/9740
f 609/2886/9741 2149/2890/9742 3019/2891/9743 2108/2887/9744
f 610/2892/9745 1889/2624/9746 2914/2623/9747 1981/2807/9748
f 610/2892/9749 1981/2807/9750 2972/2809/9751 2015/2893/9752
f 610/2892/9753 2015/2893/9754 2966/2882/9755 1976/2881/9756
f 610/2892/9757 1976/2881/9758 2911/2625/9759 1889/2624/9760
f 611/2894/9761 2064/2895/9762 3048/2879/9763 2136/2878/9764
f 611/2894/9765 2136/2878/9766 2620/2877/9767 1302/2896/9768
f 611/2894/9769 1302/2896/9770 2624/1150/9771 2096/1528/9772
f 611/2894/9773 2096/1528/9774 2995/1158/9775 2064/2895/9776
f 612/2897/9777 2131/2898/9778 2982/2869/9779 2053/2868/9780
f 612/2897/9781 2053/2868/9782 2629/2867/9783 1305/2899/9784
f 612/2897/9785 1305/2899/9786 2621/2875/9787 2135/2874/9788
f 612/2897/9789 2135/2874/9790 3047/2873/9791 2131/2898/9792
f 613/2900/9793 1977/2885/9794 2966/2882/9795 2015/2893/9796
f 613/2900/9797 2015/2893/9798 2972/2809/9799 1982/2811/9800
f 613/2900/9801 1982/2811/9802 2973/2726/9803 2016/2725/9804
f 613/2900/9805 2016/2725/9806 2967/2724/9807 1977/2885/9808
f 614/2901/9809 2109/2902/9810 3019/2891/9811 2149/2890/9812
f 614/2901/9813 2149/2890/9814 2617/2889/9815 1310/2903/9816
f 614/2901/9817 1310/2903/9818 2616/2720/9819 2150/2719/9820
f 614/2901/9821 2150/2719/9822 3020/2718/9823 2109/2902/9824
f 615/2904/9825 1948/2905/9826 2932/2709/9827 1926/2708/9828
f 615/2904/9829 1926/2708/9830 2930/2707/9831 1944/2906/9832
f 615/2904/9833 1944/2906/9834 2934/2907/9835 2017/2908/9836
f 615/2904/9837 2017/2908/9838 2938/2909/9839 1948/2905/9840
f 616/2910/9841 1949/2911/9842 2938/2909/9843 2017/2908/9844
f 616/2910/9845 2017/2908/9846 2934/2907/9847 1945/2912/9848
f 616/2910/9849 1945/2912/9850 2935/2702/9851 2018/2701/9852
f 616/2910/9853 2018/2701/9854 2939/2666/9855 1949/2911/9856
f 617/2913/9857 1763/1055/9858 2421/1016/9859 1135/2711/9860
f 617/2913/9861 1135/2711/9862 2932/2709/9863 1948/2905/9864
f 617/2913/9865 1948/2905/9866 2938/2909/9867 1127/2914/9868
f 617/2913/9869 1127/2914/9870 2413/1056/9871 1763/1055/9872
f 618/2915/9873 1764/1084/9874 2413/1056/9875 1127/2914/9876
f 618/2915/9877 1127/2914/9878 2938/2909/9879 1949/2911/9880
f 618/2915/9881 1949/2911/9882 2939/2666/9883 1126/2665/9884
f 618/2915/9885 1126/2665/9886 2412/992/9887 1764/1084/9888
f 619/2916/9889 1906/2917/9890 2915/2715/9891 1928/2714/9892
f 619/2916/9893 1928/2714/9894 2933/1018/9895 1950/1054/9896
f 619/2916/9897 1950/1054/9898 2940/1058/9899 2021/2918/9900
f 619/2916/9901 2021/2918/9902 2943/2919/9903 1906/2917/9904
f 620/2920/9905 1953/2921/9906 2943/2919/9907 2021/2918/9908
f 620/2920/9909 2021/2918/9910 2940/1058/9911 1951/1083/9912
f 620/2920/9913 1951/1083/9914 2941/990/9915 2022/2663/9916
f 620/2920/9917 2022/2663/9918 2942/2662/9919 1953/2921/9920
f 621/2922/9921 2039/2923/9922 3034/2924/9923 2172/2925/9924
f 621/2922/9925 2172/2925/9926 3040/2926/9927 2042/2927/9928
f 621/2922/9929 2042/2927/9930 2991/1100/9931 2045/1342/9932
f 621/2922/9933 2045/1342/9934 2988/1339/9935 2039/2923/9936
f 622/2928/9937 1407/1667/9938 2669/1318/9939 1412/1317/9940
f 622/2928/9941 1412/1317/9942 3007/1316/9943 2121/1663/9944
f 622/2928/9945 2121/1663/9946 2990/1353/9947 1413/1352/9948
f 622/2928/9949 1413/1352/9950 2670/1351/9951 1407/1667/9952
f 623/2929/9953 2033/2930/9954 3022/2931/9955 2166/2932/9956
f 623/2929/9957 2166/2932/9958 3034/2924/9959 2039/2923/9960
f 623/2929/9961 2039/2923/9962 2988/1339/9963 2046/1338/9964
f 623/2929/9965 2046/1338/9966 2984/1225/9967 2033/2930/9968
f 624/2933/9969 2035/2934/9970 3026/2935/9971 2164/2936/9972
f 624/2933/9973 2164/2936/9974 3032/2937/9975 2038/2938/9976
f 624/2933/9977 2038/2938/9978 2987/1229/9979 2047/1251/9980
f 624/2933/9981 2047/1251/9982 2986/1248/9983 2035/2934/9984
f 625/2939/9985 2028/2940/9986 3016/2941/9987 2158/2942/9988
f 625/2939/9989 2158/2942/9990 3026/2935/9991 2035/2934/9992
f 625/2939/9993 2035/2934/9994 2986/1248/9995 2048/1247/9996
f 625/2939/9997 2048/1247/9998 2979/1108/9999 2028/2940/10000
f 626/2943/10001 2038/2938/10002 3032/2937/10003 2156/2944/10004
f 626/2943/10005 2156/2944/10006 3024/2945/10007 2034/2946/10008
f 626/2943/10009 2034/2946/10010 2985/192/10011 2049/1230/10012
f 626/2943/10013 2049/1230/10014 2987/1229/10015 2038/2938/10016
f 627/2947/10017 2026/2948/10018 3012/2949/10019 2154/2950/10020
f 627/2947/10021 2154/2950/10022 3022/2931/10023 2033/2930/10024
f 627/2947/10025 2033/2930/10026 2984/1225/10027 2050/1224/10028
f 627/2947/10029 2050/1224/10030 2977/1223/10031 2026/2948/10032
f 628/2951/10033 2127/2952/10034 3043/2953/10035 2152/2954/10036
f 628/2951/10037 2152/2954/10038 3020/2718/10039 2032/2717/10040
f 628/2951/10041 2032/2717/10042 2983/1173/10043 2051/1172/10044
f 628/2951/10045 2051/1172/10046 2976/1171/10047 2127/2952/10048
f 629/2955/10049 817/2956/10050 2365/1112/10051 1178/1181/10052
f 629/2955/10053 1178/1181/10054 2552/1180/10055 2031/2865/10056
f 629/2955/10057 2031/2865/10058 2982/2869/10059 2052/2957/10060
f 629/2955/10061 2052/2957/10062 2974/2958/10063 817/2956/10064
f 630/2959/10065 1297/2866/10066 2971/1138/10067 1161/1137/10068
f 630/2959/10069 1161/1137/10070 2541/189/10071 2030/2960/10072
f 630/2959/10073 2030/2960/10074 2981/2961/10075 1326/2962/10076
f 630/2959/10077 1326/2962/10078 2629/2867/10079 1297/2866/10080
f 631/2963/10081 1298/2721/10082 2616/2720/10083 1313/2964/10084
f 631/2963/10085 1313/2964/10086 3018/2965/10087 2029/2966/10088
f 631/2963/10089 2029/2966/10090 2980/174/10091 1325/1142/10092
f 631/2963/10093 1325/1142/10094 2628/1141/10095 1298/2721/10096
f 632/2967/10097 2023/2968/10098 3010/2969/10099 2148/2970/10100
f 632/2967/10101 2148/2970/10102 3016/2941/10103 2028/2940/10104
f 632/2967/10105 2028/2940/10106 2979/1108/10107 2055/1107/10108
f 632/2967/10109 2055/1107/10110 2974/1106/10111 2023/2968/10112
f 633/2971/10113 2042/2927/10114 3040/2926/10115 2146/2972/10116
f 633/2971/10117 2146/2972/10118 3014/2973/10119 2027/2974/10120
f 633/2971/10121 2027/2974/10122 2978/201/10123 2056/1101/10124
f 633/2971/10125 2056/1101/10126 2991/1100/10127 2042/2927/10128
f 634/2975/10129 2027/2974/10130 3014/2973/10131 2144/2976/10132
f 634/2975/10133 2144/2976/10134 3041/2977/10135 2125/2978/10136
f 634/2975/10137 2125/2978/10138 2975/203/10139 2057/202/10140
f 634/2975/10141 2057/202/10142 2978/201/10143 2027/2974/10144
f 635/2979/10145 2034/2946/10146 3024/2945/10147 2142/2980/10148
f 635/2979/10149 2142/2980/10150 3043/2981/10151 2127/2982/10152
f 635/2979/10153 2127/2982/10154 2976/194/10155 2058/193/10156
f 635/2979/10157 2058/193/10158 2985/192/10159 2034/2946/10160
f 636/2983/10161 2029/2966/10162 3018/2965/10163 2140/2984/10164
f 636/2983/10165 2140/2984/10166 3012/2985/10167 2026/2986/10168
f 636/2983/10169 2026/2986/10170 2977/176/10171 2059/175/10172
f 636/2983/10173 2059/175/10174 2980/174/10175 2029/2966/10176
f 637/2987/10177 2030/2960/10178 2541/189/10179 818/188/10180
f 637/2987/10181 818/188/10182 2366/187/10183 2024/2988/10184
f 637/2987/10185 2024/2988/10186 2975/2989/10187 2060/2990/10188
f 637/2987/10189 2060/2990/10190 2981/2961/10191 2030/2960/10192
f 638/2991/10193 2069/2992/10194 2543/2993/10195 1163/2994/10196
f 638/2991/10197 1163/2994/10198 2372/2995/10199 2066/2996/10200
f 638/2991/10201 2066/2996/10202 2997/2997/10203 2081/2998/10204
f 638/2991/10205 2081/2998/10206 3000/2999/10207 2069/2992/10208
f 639/3000/10209 2072/3001/10210 2555/1165/10211 1187/1164/10212
f 639/3000/10213 1187/1164/10214 2371/1168/10215 824/3002/10216
f 639/3000/10217 824/3002/10218 2993/3003/10219 2082/3004/10220
f 639/3000/10221 2082/3004/10222 3003/3005/10223 2072/3001/10224
f 640/3006/10225 2067/3007/10226 2538/3008/10227 1154/3009/10228
f 640/3006/10229 1154/3009/10230 2368/3010/10231 819/3011/10232
f 640/3006/10233 819/3011/10234 2992/3012/10235 2083/3013/10236
f 640/3006/10237 2083/3013/10238 2998/3014/10239 2067/3007/10240
f 641/3015/10241 2080/3016/10242 2569/3017/10243 1216/3018/10244
f 641/3015/10245 1216/3018/10246 2538/3008/10247 2067/3007/10248
f 641/3015/10249 2067/3007/10250 2998/3014/10251 2084/3019/10252
f 641/3015/10253 2084/3019/10254 3008/3020/10255 2080/3016/10256
f 642/3021/10257 2065/3022/10258 2367/1188/10259 821/1187/10260
f 642/3021/10261 821/1187/10262 2537/1194/10263 2068/3023/10264
f 642/3021/10265 2068/3023/10266 2999/3024/10267 2085/3025/10268
f 642/3021/10269 2085/3025/10270 2996/3026/10271 2065/3022/10272
f 643/3027/10273 1301/2856/10274 2969/2855/10275 2012/3028/10276
f 643/3027/10277 2012/3028/10278 2543/2993/10279 2069/2992/10280
f 643/3027/10281 2069/2992/10282 3000/2999/10283 1322/3029/10284
f 643/3027/10285 1322/3029/10286 2625/2857/10287 1301/2856/10288
f 644/3030/10289 824/3031/10290 2371/3032/10291 823/3033/10292
f 644/3030/10293 823/3033/10294 2548/2853/10295 2070/2852/10296
f 644/3030/10297 2070/2852/10298 3001/2859/10299 2087/3034/10300
f 644/3030/10301 2087/3034/10302 2993/3035/10303 824/3031/10304
f 645/3036/10305 2066/3037/10306 2372/3038/10307 822/3039/10308
f 645/3036/10309 822/3039/10310 2553/3040/10311 2071/3041/10312
f 645/3036/10313 2071/3041/10314 3002/3042/10315 2088/3043/10316
f 645/3036/10317 2088/3043/10318 2997/3044/10319 2066/3037/10320
f 646/3045/10321 2076/3046/10322 2561/1201/10323 1201/1200/10324
f 646/3045/10325 1201/1200/10326 2555/1165/10327 2072/3001/10328
f 646/3045/10329 2072/3001/10330 3003/3005/10331 2089/3047/10332
f 646/3045/10333 2089/3047/10334 3005/3048/10335 2076/3046/10336
f 647/3049/10337 2068/3023/10338 2537/1194/10339 1153/1269/10340
f 647/3049/10341 1153/1269/10342 2562/1273/10343 2073/3050/10344
f 647/3049/10345 2073/3050/10346 3004/3051/10347 2090/3052/10348
f 647/3049/10349 2090/3052/10350 2999/3024/10351 2068/3023/10352
f 648/3053/10353 1203/1276/10354 2561/1201/10355 2076/3046/10356
f 648/3053/10357 2076/3046/10358 3005/3048/10359 2091/3054/10360
f 648/3053/10361 2091/3054/10362 3004/3051/10363 2073/3050/10364
f 648/3053/10365 2073/3050/10366 2562/1273/10367 1203/1276/10368
f 649/3055/10369 1398/1671/10370 2654/1265/10371 1387/1264/10372
f 649/3055/10373 1387/1264/10374 3027/1263/10375 2122/1679/10376
f 649/3055/10377 2122/1679/10378 2989/1683/10379 1418/3056/10380
f 649/3055/10381 1418/3056/10382 2661/1672/10383 1398/1671/10384
f 650/3057/10385 1399/1676/10386 2661/1672/10387 1418/3056/10388
f 650/3057/10389 1418/3056/10390 2989/1683/10391 1202/1685/10392
f 650/3057/10393 1202/1685/10394 2925/1287/10395 1419/1286/10396
f 650/3057/10397 1419/1286/10398 2662/1285/10399 1399/1676/10400
f 651/3058/10401 2071/3041/10402 2553/3040/10403 1185/3059/10404
f 651/3058/10405 1185/3059/10406 2570/3060/10407 2077/3061/10408
f 651/3058/10409 2077/3061/10410 3006/3062/10411 2092/3063/10412
f 651/3058/10413 2092/3063/10414 3002/3042/10415 2071/3041/10416
f 652/3064/10417 1219/3065/10418 2569/3017/10419 2080/3016/10420
f 652/3064/10421 2080/3016/10422 3008/3020/10423 2094/3066/10424
f 652/3064/10425 2094/3066/10426 3006/3062/10427 2077/3061/10428
f 652/3064/10429 2077/3061/10430 2570/3060/10431 1219/3065/10432
f 653/3067/10433 1433/1739/10434 2642/1738/10435 1365/3068/10436
f 653/3067/10437 1365/3068/10438 3036/1757/10439 1206/1756/10440
f 653/3067/10441 1206/1756/10442 2909/1763/10443 1449/3069/10444
f 653/3067/10445 1449/3069/10446 2680/1740/10447 1433/1739/10448
f 654/3070/10449 2098/3071/10450 3009/3072/10451 2138/3073/10452
f 654/3070/10453 2138/3073/10454 3048/2879/10455 2064/2895/10456
f 654/3070/10457 2064/2895/10458 2995/1158/10459 2095/1157/10460
f 654/3070/10461 2095/1157/10462 2996/1156/10463 2098/3071/10464
f 655/3074/10465 1302/2896/10466 2620/2877/10467 1317/3075/10468
f 655/3074/10469 1317/3075/10470 3046/3076/10471 2063/3077/10472
f 655/3074/10473 2063/3077/10474 2994/156/10475 1321/1151/10476
f 655/3074/10477 1321/1151/10478 2624/1150/10479 1302/2896/10480
f 656/3078/10481 2063/3077/10482 3046/3076/10483 2134/3079/10484
f 656/3078/10485 2134/3079/10486 3042/3080/10487 2061/3081/10488
f 656/3078/10489 2061/3081/10490 2992/158/10491 2097/157/10492
f 656/3078/10493 2097/157/10494 2994/156/10495 2063/3077/10496
f 657/3082/10497 2129/3083/10498 2981/2961/10499 2060/2990/10500
f 657/3082/10501 2060/2990/10502 2975/2989/10503 2125/3084/10504
f 657/3082/10505 2125/3084/10506 3041/3085/10507 2133/3086/10508
f 657/3082/10509 2133/3086/10510 3045/3087/10511 2129/3083/10512
f 658/3088/10513 2130/3089/10514 3045/3087/10515 2133/3086/10516
f 658/3088/10517 2133/3086/10518 3041/3085/10519 2126/3090/10520
f 658/3088/10521 2126/3090/10522 3042/3080/10523 2134/3079/10524
f 658/3088/10525 2134/3079/10526 3046/3076/10527 2130/3089/10528
f 659/3091/10529 1305/2899/10530 2629/2867/10531 1326/2962/10532
f 659/3091/10533 1326/2962/10534 2981/2961/10535 2129/3083/10536
f 659/3091/10537 2129/3083/10538 3045/3087/10539 1318/3092/10540
f 659/3091/10541 1318/3092/10542 2621/2875/10543 1305/2899/10544
f 660/3093/10545 1306/2876/10546 2621/2875/10547 1318/3092/10548
f 660/3093/10549 1318/3092/10550 3045/3087/10551 2130/3089/10552
f 660/3093/10553 2130/3089/10554 3046/3076/10555 1317/3075/10556
f 660/3093/10557 1317/3075/10558 2620/2877/10559 1306/2876/10560
f 661/3094/10561 2023/3095/10562 2974/2958/10563 2052/2957/10564
f 661/3094/10565 2052/2957/10566 2982/2869/10567 2131/2898/10568
f 661/3094/10569 2131/2898/10570 3047/2873/10571 2137/3096/10572
f 661/3094/10573 2137/3096/10574 3010/3097/10575 2023/3095/10576
f 662/3098/10577 2099/3099/10578 3010/3097/10579 2137/3096/10580
f 662/3098/10581 2137/3096/10582 3047/2873/10583 2132/2872/10584
f 662/3098/10585 2132/2872/10586 3048/2879/10587 2138/3073/10588
f 662/3098/10589 2138/3073/10590 3009/3072/10591 2099/3099/10592
f 663/3100/10593 2106/3101/10594 3000/2999/10595 2081/2998/10596
f 663/3100/10597 2081/2998/10598 2997/2997/10599 2100/3102/10600
f 663/3100/10601 2100/3102/10602 3011/3103/10603 2139/3104/10604
f 663/3100/10605 2139/3104/10606 3017/3105/10607 2106/3101/10608
f 664/3106/10609 2107/3107/10610 3017/3105/10611 2139/3104/10612
f 664/3106/10613 2139/3104/10614 3011/3103/10615 2101/3108/10616
f 664/3106/10617 2101/3108/10618 3012/2985/10619 2140/2984/10620
f 664/3106/10621 2140/2984/10622 3018/2965/10623 2107/3107/10624
f 665/3109/10625 2112/3110/10626 3003/3005/10627 2082/3004/10628
f 665/3109/10629 2082/3004/10630 2993/3003/10631 2062/3111/10632
f 665/3109/10633 2062/3111/10634 3044/3112/10635 2141/3113/10636
f 665/3109/10637 2141/3113/10638 3023/3114/10639 2112/3110/10640
f 666/3115/10641 2113/3116/10642 3023/3114/10643 2141/3113/10644
f 666/3115/10645 2141/3113/10646 3044/3112/10647 2128/3117/10648
f 666/3115/10649 2128/3117/10650 3043/2981/10651 2142/2980/10652
f 666/3115/10653 2142/2980/10654 3024/2945/10655 2113/3116/10656
f 667/3118/10657 2102/3119/10658 2998/3014/10659 2083/3013/10660
f 667/3118/10661 2083/3013/10662 2992/3012/10663 2061/3120/10664
f 667/3118/10665 2061/3120/10666 3042/3121/10667 2143/3122/10668
f 667/3118/10669 2143/3122/10670 3013/3123/10671 2102/3119/10672
f 668/3124/10673 2103/3125/10674 3013/3123/10675 2143/3122/10676
f 668/3124/10677 2143/3122/10678 3042/3121/10679 2126/3126/10680
f 668/3124/10681 2126/3126/10682 3041/2977/10683 2144/2976/10684
f 668/3124/10685 2144/2976/10686 3014/2973/10687 2103/3125/10688
f 669/3127/10689 2123/3128/10690 3008/3020/10691 2084/3019/10692
f 669/3127/10693 2084/3019/10694 2998/3014/10695 2102/3119/10696
f 669/3127/10697 2102/3119/10698 3013/3123/10699 2145/3129/10700
f 669/3127/10701 2145/3129/10702 3039/3130/10703 2123/3128/10704
f 670/3131/10705 2124/3132/10706 3039/3130/10707 2145/3129/10708
f 670/3131/10709 2145/3129/10710 3013/3123/10711 2103/3125/10712
f 670/3131/10713 2103/3125/10714 3014/2973/10715 2146/2972/10716
f 670/3131/10717 2146/2972/10718 3040/2926/10719 2124/3132/10720
f 671/3133/10721 2098/3134/10722 2996/3026/10723 2085/3025/10724
f 671/3133/10725 2085/3025/10726 2999/3024/10727 2104/3135/10728
f 671/3133/10729 2104/3135/10730 3015/3136/10731 2147/3137/10732
f 671/3133/10733 2147/3137/10734 3009/3138/10735 2098/3134/10736
f 672/3139/10737 2099/3140/10738 3009/3138/10739 2147/3137/10740
f 672/3139/10741 2147/3137/10742 3015/3136/10743 2105/3141/10744
f 672/3139/10745 2105/3141/10746 3016/2941/10747 2148/2970/10748
f 672/3139/10749 2148/2970/10750 3010/2969/10751 2099/3140/10752
f 673/3142/10753 1309/2888/10754 2625/2857/10755 1322/3029/10756
f 673/3142/10757 1322/3029/10758 3000/2999/10759 2106/3101/10760
f 673/3142/10761 2106/3101/10762 3017/3105/10763 1314/3143/10764
f 673/3142/10765 1314/3143/10766 2617/2889/10767 1309/2888/10768
f 674/3144/10769 1310/2903/10770 2617/2889/10771 1314/3143/10772
f 674/3144/10773 1314/3143/10774 3017/3105/10775 2107/3107/10776
f 674/3144/10777 2107/3107/10778 3018/2965/10779 1313/2964/10780
f 674/3144/10781 1313/2964/10782 2616/2720/10783 1310/2903/10784
f 675/3145/10785 2062/3146/10786 2993/3035/10787 2087/3034/10788
f 675/3145/10789 2087/3034/10790 3001/2859/10791 2108/2887/10792
f 675/3145/10793 2108/2887/10794 3019/2891/10795 2151/3147/10796
f 675/3145/10797 2151/3147/10798 3044/3148/10799 2062/3146/10800
f 676/3149/10801 2128/3150/10802 3044/3148/10803 2151/3147/10804
f 676/3149/10805 2151/3147/10806 3019/2891/10807 2109/2902/10808
f 676/3149/10809 2109/2902/10810 3020/2718/10811 2152/2954/10812
f 676/3149/10813 2152/2954/10814 3043/2953/10815 2128/3150/10816
f 677/3151/10817 2100/3152/10818 2997/3044/10819 2088/3043/10820
f 677/3151/10821 2088/3043/10822 3002/3042/10823 2110/3153/10824
f 677/3151/10825 2110/3153/10826 3021/3154/10827 2153/3155/10828
f 677/3151/10829 2153/3155/10830 3011/3156/10831 2100/3152/10832
f 678/3157/10833 2101/3158/10834 3011/3156/10835 2153/3155/10836
f 678/3157/10837 2153/3155/10838 3021/3154/10839 2111/3159/10840
f 678/3157/10841 2111/3159/10842 3022/2931/10843 2154/2950/10844
f 678/3157/10845 2154/2950/10846 3012/2949/10847 2101/3158/10848
f 679/3160/10849 2117/3161/10850 3005/3048/10851 2089/3047/10852
f 679/3160/10853 2089/3047/10854 3003/3005/10855 2112/3110/10856
f 679/3160/10857 2112/3110/10858 3023/3114/10859 2155/3162/10860
f 679/3160/10861 2155/3162/10862 3031/3163/10863 2117/3161/10864
f 680/3164/10865 2118/3165/10866 3031/3163/10867 2155/3162/10868
f 680/3164/10869 2155/3162/10870 3023/3114/10871 2113/3116/10872
f 680/3164/10873 2113/3116/10874 3024/2945/10875 2156/2944/10876
f 680/3164/10877 2156/2944/10878 3032/2937/10879 2118/3165/10880
f 681/3166/10881 2104/3135/10882 2999/3024/10883 2090/3052/10884
f 681/3166/10885 2090/3052/10886 3004/3051/10887 2114/3167/10888
f 681/3166/10889 2114/3167/10890 3025/3168/10891 2157/3169/10892
f 681/3166/10893 2157/3169/10894 3015/3136/10895 2104/3135/10896
f 682/3170/10897 2105/3141/10898 3015/3136/10899 2157/3169/10900
f 682/3170/10901 2157/3169/10902 3025/3168/10903 2115/3171/10904
f 682/3170/10905 2115/3171/10906 3026/2935/10907 2158/2942/10908
f 682/3170/10909 2158/2942/10910 3016/2941/10911 2105/3141/10912
f 683/3172/10913 1471/1806/10914 2646/1596/10915 2170/2863/10916
f 683/3172/10917 2170/2863/10918 3038/1566/10919 1209/1801/10920
f 683/3172/10921 1209/1801/10922 2581/1803/10923 1473/3173/10924
f 683/3172/10925 1473/3173/10926 2702/1807/10927 1471/1806/10928
f 684/3174/10929 2114/3167/10930 3004/3051/10931 2091/3054/10932
f 684/3174/10933 2091/3054/10934 3005/3048/10935 2117/3161/10936
f 684/3174/10937 2117/3161/10938 3031/3163/10939 2163/3175/10940
f 684/3174/10941 2163/3175/10942 3025/3168/10943 2114/3167/10944
f 685/3176/10945 1432/1748/10946 2710/1747/10947 1549/3177/10948
f 685/3176/10949 1549/3177/10950 2572/1751/10951 1205/1750/10952
f 685/3176/10953 1205/1750/10954 2912/1302/10955 1448/1301/10956
f 685/3176/10957 1448/1301/10958 2679/1300/10959 1432/1748/10960
f 686/3178/10961 2115/3171/10962 3025/3168/10963 2163/3175/10964
f 686/3178/10965 2163/3175/10966 3031/3163/10967 2118/3165/10968
f 686/3178/10969 2118/3165/10970 3032/2937/10971 2164/2936/10972
f 686/3178/10973 2164/2936/10974 3026/2935/10975 2115/3171/10976
f 687/3179/10977 1507/1926/10978 2721/1921/10979 1530/3180/10980
f 687/3179/10981 1530/3180/10982 2577/1915/10983 1214/1917/10984
f 687/3179/10985 1214/1917/10986 2576/1846/10987 1531/3181/10988
f 687/3179/10989 1531/3181/10990 2722/1842/10991 1507/1926/10992
f 688/3182/10993 2110/3153/10994 3002/3042/10995 2092/3063/10996
f 688/3182/10997 2092/3063/10998 3006/3062/10999 2119/3183/11000
f 688/3182/11001 2119/3183/11002 3033/3184/11003 2165/3185/11004
f 688/3182/11005 2165/3185/11006 3021/3154/11007 2110/3153/11008
f 689/3186/11009 2111/3159/11010 3021/3154/11011 2165/3185/11012
f 689/3186/11013 2165/3185/11014 3033/3184/11015 2120/3187/11016
f 689/3186/11017 2120/3187/11018 3034/2924/11019 2166/2932/11020
f 689/3186/11021 2166/2932/11022 3022/2931/11023 2111/3159/11024
f 690/3188/11025 1494/1977/11026 2702/1807/11027 1473/3173/11028
f 690/3188/11029 1473/3173/11030 2581/1803/11031 1217/1970/11032
f 690/3188/11033 1217/1970/11034 2573/1972/11035 1548/3189/11036
f 690/3188/11037 1548/3189/11038 2709/1978/11039 1494/1977/11040
f 691/3190/11041 2119/3183/11042 3006/3062/11043 2094/3066/11044
f 691/3190/11045 2094/3066/11046 3008/3020/11047 2123/3128/11048
f 691/3190/11049 2123/3128/11050 3039/3130/11051 2171/3191/11052
f 691/3190/11053 2171/3191/11054 3033/3184/11055 2119/3183/11056
f 692/3192/11057 1461/1843/11058 2722/1842/11059 1531/3181/11060
f 692/3192/11061 1531/3181/11062 2576/1846/11063 1210/1845/11064
f 692/3192/11065 1210/1845/11066 2580/1347/11067 1482/1346/11068
f 692/3192/11069 1482/1346/11070 2692/1345/11071 1461/1843/11072
f 693/3193/11073 1506/1920/11074 2680/1740/11075 1449/3069/11076
f 693/3193/11077 1449/3069/11078 2909/1763/11079 1213/1913/11080
f 693/3193/11081 1213/1913/11082 2577/1915/11083 1530/3180/11084
f 693/3193/11085 1530/3180/11086 2721/1921/11087 1506/1920/11088
f 694/3194/11089 2120/3187/11090 3033/3184/11091 2171/3191/11092
f 694/3194/11093 2171/3191/11094 3039/3130/11095 2124/3132/11096
f 694/3194/11097 2124/3132/11098 3040/2926/11099 2172/2925/11100
f 694/3194/11101 2172/2925/11102 3034/2924/11103 2120/3187/11104
f 695/3195/11105 1495/1983/11106 2709/1978/11107 1548/3189/11108
f 695/3195/11109 1548/3189/11110 2573/1972/11111 1218/1974/11112
f 695/3195/11113 1218/1974/11114 2572/1751/11115 1549/3177/11116
f 695/3195/11117 1549/3177/11118 2710/1747/11119 1495/1983/11120
f 696/3196/11121 800/3197/11122 2355/3198/11123 799/3199/11124
f 696/3196/11125 799/3199/11126 2442/3200/11127 2188/3201/11128
f 696/3196/11129 2188/3201/11130 3064/3202/11131 2189/3203/11132
f 696/3196/11133 2189/3203/11134 3051/3204/11135 800/3197/11136
f 697/3205/11137 2245/3206/11138 3089/3207/11139 2300/3208/11140
f 697/3205/11141 2300/3208/11142 3088/3209/11143 2187/3210/11144
f 697/3205/11145 2187/3210/11146 3063/600/11147 2190/599/11148
f 697/3205/11149 2190/599/11150 3049/598/11151 2245/3206/11152
f 698/3211/11153 2328/3212/11154 3132/3213/11155 2320/3214/11156
f 698/3211/11157 2320/3214/11158 3086/3215/11159 2186/3216/11160
f 698/3211/11161 2186/3216/11162 3062/54/11163 2313/593/11164
f 698/3211/11165 2313/593/11166 3125/592/11167 2328/3212/11168
f 699/3217/11169 2327/3218/11170 3115/3219/11171 2303/3220/11172
f 699/3217/11173 2303/3220/11174 2431/3221/11175 2185/3222/11176
f 699/3217/11177 2185/3222/11178 3061/3223/11179 2314/3224/11180
f 699/3217/11181 2314/3224/11182 3126/3225/11183 2327/3218/11184
f 700/3226/11185 2181/3227/11186 2398/3228/11187 868/3229/11188
f 700/3226/11189 868/3229/11190 2390/3230/11191 2177/3231/11192
f 700/3226/11193 2177/3231/11194 3053/3232/11195 2193/3233/11196
f 700/3226/11197 2193/3233/11198 3057/3234/11199 2181/3227/11200
f 701/3235/11201 2182/3236/11202 2397/3237/11203 866/3238/11204
f 701/3235/11205 866/3238/11206 2398/3228/11207 2181/3227/11208
f 701/3235/11209 2181/3227/11210 3057/3234/11211 2198/3239/11212
f 701/3235/11213 2198/3239/11214 3058/3240/11215 2182/3236/11216
f 702/3241/11217 2184/3242/11218 2402/649/11219 859/648/11220
f 702/3241/11221 859/648/11222 2395/607/11223 2180/3243/11224
f 702/3241/11225 2180/3243/11226 3056/3244/11227 2194/3245/11228
f 702/3241/11229 2194/3245/11230 3060/3246/11231 2184/3242/11232
f 703/3247/11233 2183/3248/11234 2401/646/11235 873/662/11236
f 703/3247/11237 873/662/11238 2402/649/11239 2184/3242/11240
f 703/3247/11241 2184/3242/11242 3060/3246/11243 2195/3249/11244
f 703/3247/11245 2195/3249/11246 3059/3250/11247 2183/3248/11248
f 704/3251/11249 2178/3252/11250 2389/636/11251 867/642/11252
f 704/3251/11253 867/642/11254 2401/646/11255 2183/3248/11256
f 704/3251/11257 2183/3248/11258 3059/3250/11259 2196/3253/11260
f 704/3251/11261 2196/3253/11262 3054/3254/11263 2178/3252/11264
f 705/3255/11265 2176/3256/11266 2356/3257/11267 798/3258/11268
f 705/3255/11269 798/3258/11270 2393/3259/11271 2179/3260/11272
f 705/3255/11273 2179/3260/11274 3055/3261/11275 2197/3262/11276
f 705/3255/11277 2197/3262/11278 3052/3263/11279 2176/3256/11280
f 706/3264/11281 2173/3265/11282 2351/630/11283 797/629/11284
f 706/3264/11285 797/629/11286 2389/636/11287 2178/3252/11288
f 706/3264/11289 2178/3252/11290 3054/3254/11291 2199/3266/11292
f 706/3264/11293 2199/3266/11294 3049/3267/11295 2173/3265/11296
f 707/3268/11297 2179/3260/11298 2393/3259/11299 872/3269/11300
f 707/3268/11301 872/3269/11302 2397/3237/11303 2182/3236/11304
f 707/3268/11305 2182/3236/11306 3058/3240/11307 2200/3270/11308
f 707/3268/11309 2200/3270/11310 3055/3261/11311 2179/3260/11312
f 708/3271/11313 2177/3231/11314 2390/3230/11315 853/3272/11316
f 708/3271/11317 853/3272/11318 2352/3273/11319 795/3274/11320
f 708/3271/11321 795/3274/11322 3050/3275/11323 2201/3276/11324
f 708/3271/11325 2201/3276/11326 3053/3232/11327 2177/3231/11328
f 709/3277/11329 2180/3243/11330 2395/607/11331 860/606/11332
f 709/3277/11333 860/606/11334 2355/613/11335 800/3278/11336
f 709/3277/11337 800/3278/11338 3051/3279/11339 2202/3280/11340
f 709/3277/11341 2202/3280/11342 3056/3244/11343 2180/3243/11344
f 710/3281/11345 2185/3222/11346 2431/3221/11347 935/3282/11348
f 710/3281/11349 935/3282/11350 2356/3283/11351 2176/3284/11352
f 710/3281/11353 2176/3284/11354 3052/3285/11355 2203/3286/11356
f 710/3281/11357 2203/3286/11358 3061/3223/11359 2185/3222/11360
f 711/3287/11361 2186/3216/11362 3086/3215/11363 2296/3288/11364
f 711/3287/11365 2296/3288/11366 3082/3289/11367 2174/3290/11368
f 711/3287/11369 2174/3290/11370 3050/56/11371 2204/55/11372
f 711/3287/11373 2204/55/11374 3062/54/11375 2186/3216/11376
f 712/3291/11377 2219/3292/11378 2429/87/11379 794/86/11380
f 712/3291/11381 794/86/11382 2350/85/11383 2217/3293/11384
f 712/3291/11385 2217/3293/11386 3077/3294/11387 2221/3295/11388
f 712/3291/11389 2221/3295/11390 3079/3296/11391 2219/3292/11392
f 713/3297/11393 2326/3298/11394 3113/581/11395 933/580/11396
f 713/3297/11397 933/580/11398 2429/87/11399 2219/3292/11400
f 713/3297/11401 2219/3292/11402 3079/3296/11403 2315/3299/11404
f 713/3297/11405 2315/3299/11406 3127/3300/11407 2326/3298/11408
f 714/3301/11409 793/3302/11410 2349/324/11411 968/627/11412
f 714/3301/11413 968/627/11414 2452/626/11415 2220/3303/11416
f 714/3301/11417 2220/3303/11418 3080/3304/11419 2223/3305/11420
f 714/3301/11421 2223/3305/11422 3065/3306/11423 793/3302/11424
f 715/3307/11425 2239/3308/11426 3083/3309/11427 2294/3310/11428
f 715/3307/11429 2294/3310/11430 3112/3311/11431 2216/3312/11432
f 715/3307/11433 2216/3312/11434 3076/618/11435 2224/617/11436
f 715/3307/11437 2224/617/11438 3078/616/11439 2239/3308/11440
f 716/3313/11441 2325/3314/11442 3130/3315/11443 2318/3316/11444
f 716/3313/11445 2318/3316/11446 3110/3317/11447 2215/3318/11448
f 716/3313/11449 2215/3318/11450 3075/72/11451 2316/585/11452
f 716/3313/11453 2316/585/11454 3128/584/11455 2325/3314/11456
f 717/3319/11457 2211/3320/11458 3102/3321/11459 2290/3322/11460
f 717/3319/11461 2290/3322/11462 3094/3323/11463 2207/3324/11464
f 717/3319/11465 2207/3324/11466 3067/99/11467 2226/388/11468
f 717/3319/11469 2226/388/11470 3071/327/11471 2211/3320/11472
f 718/3325/11473 2212/3326/11474 3104/3327/11475 2288/3328/11476
f 718/3325/11477 2288/3328/11478 3102/3321/11479 2211/3320/11480
f 718/3325/11481 2211/3320/11482 3071/327/11483 2231/326/11484
f 718/3325/11485 2231/326/11486 3072/311/11487 2212/3326/11488
f 719/3329/11489 2214/3330/11490 3108/3331/11491 2286/3332/11492
f 719/3329/11493 2286/3332/11494 3100/3333/11495 2210/3334/11496
f 719/3329/11497 2210/3334/11498 3070/90/11499 2227/380/11500
f 719/3329/11501 2227/380/11502 3074/363/11503 2214/3330/11504
f 720/3335/11505 2284/3336/11506 3108/3331/11507 2214/3330/11508
f 720/3335/11509 2214/3330/11510 3074/363/11511 2228/362/11512
f 720/3335/11513 2228/362/11514 3073/351/11515 2213/3337/11516
f 720/3335/11517 2213/3337/11518 3106/3338/11519 2284/3336/11520
f 721/3339/11521 2208/3340/11522 3096/3341/11523 2282/3342/11524
f 721/3339/11525 2282/3342/11526 3106/3338/11527 2213/3337/11528
f 721/3339/11529 2213/3337/11530 3073/351/11531 2229/350/11532
f 721/3339/11533 2229/350/11534 3068/320/11535 2208/3340/11536
f 722/3343/11537 2206/3344/11538 3092/3345/11539 2280/3346/11540
f 722/3343/11541 2280/3346/11542 3098/3347/11543 2209/3348/11544
f 722/3343/11545 2209/3348/11546 3069/309/11547 2230/348/11548
f 722/3343/11549 2230/348/11550 3066/347/11551 2206/3344/11552
f 723/3349/11553 2205/3350/11554 3090/3351/11555 2278/3352/11556
f 723/3349/11557 2278/3352/11558 3096/3341/11559 2208/3340/11560
f 723/3349/11561 2208/3340/11562 3068/320/11563 2232/319/11564
f 723/3349/11565 2232/319/11566 3065/318/11567 2205/3350/11568
f 724/3353/11569 2209/3348/11570 3098/3347/11571 2276/3354/11572
f 724/3353/11573 2276/3354/11574 3104/3327/11575 2212/3326/11576
f 724/3353/11577 2212/3326/11578 3072/311/11579 2233/310/11580
f 724/3353/11581 2233/310/11582 3069/309/11583 2209/3348/11584
f 725/3355/11585 2207/3324/11586 3094/3323/11587 2274/3356/11588
f 725/3355/11589 2274/3356/11590 3081/3357/11591 2237/3358/11592
f 725/3355/11593 2237/3358/11594 3077/101/11595 2234/100/11596
f 725/3355/11597 2234/100/11598 3067/99/11599 2207/3324/11600
f 726/3359/11601 2210/3334/11602 3100/3333/11603 2272/3360/11604
f 726/3359/11605 2272/3360/11606 3083/3361/11607 2239/3362/11608
f 726/3359/11609 2239/3362/11610 3078/92/11611 2235/91/11612
f 726/3359/11613 2235/91/11614 3070/90/11615 2210/3334/11616
f 727/3363/11617 2215/3318/11618 3110/3317/11619 2270/3364/11620
f 727/3363/11621 2270/3364/11622 3092/3365/11623 2206/3366/11624
f 727/3363/11625 2206/3366/11626 3066/74/11627 2236/73/11628
f 727/3363/11629 2236/73/11630 3075/72/11631 2215/3318/11632
f 728/3367/11633 2265/3368/11634 3061/3223/11635 2203/3286/11636
f 728/3367/11637 2203/3286/11638 3052/3285/11639 2247/3369/11640
f 728/3367/11641 2247/3369/11642 3091/3370/11643 2269/3371/11644
f 728/3367/11645 2269/3371/11646 3109/3372/11647 2265/3368/11648
f 729/3373/11649 2266/3374/11650 3109/3372/11651 2269/3371/11652
f 729/3373/11653 2269/3371/11654 3091/3370/11655 2248/3375/11656
f 729/3373/11657 2248/3375/11658 3092/3365/11659 2270/3364/11660
f 729/3373/11661 2270/3364/11662 3110/3317/11663 2266/3374/11664
f 730/3376/11665 2255/3377/11666 3056/3244/11667 2202/3280/11668
f 730/3376/11669 2202/3280/11670 3051/3279/11671 2175/3378/11672
f 730/3376/11673 2175/3378/11674 3084/3379/11675 2271/3380/11676
f 730/3376/11677 2271/3380/11678 3099/3381/11679 2255/3377/11680
f 731/3382/11681 2256/3383/11682 3099/3381/11683 2271/3380/11684
f 731/3382/11685 2271/3380/11686 3084/3379/11687 2240/3384/11688
f 731/3382/11689 2240/3384/11690 3083/3361/11691 2272/3360/11692
f 731/3382/11693 2272/3360/11694 3100/3333/11695 2256/3383/11696
f 732/3385/11697 2249/3386/11698 3053/3232/11699 2201/3276/11700
f 732/3385/11701 2201/3276/11702 3050/3275/11703 2174/3387/11704
f 732/3385/11705 2174/3387/11706 3082/3388/11707 2273/3389/11708
f 732/3385/11709 2273/3389/11710 3093/3390/11711 2249/3386/11712
f 733/3391/11713 2250/3392/11714 3093/3390/11715 2273/3389/11716
f 733/3391/11717 2273/3389/11718 3082/3388/11719 2238/3393/11720
f 733/3391/11721 2238/3393/11722 3081/3357/11723 2274/3356/11724
f 733/3391/11725 2274/3356/11726 3094/3323/11727 2250/3392/11728
f 734/3394/11729 2253/3395/11730 3055/3261/11731 2200/3270/11732
f 734/3394/11733 2200/3270/11734 3058/3240/11735 2259/3396/11736
f 734/3394/11737 2259/3396/11738 3103/3397/11739 2275/3398/11740
f 734/3394/11741 2275/3398/11742 3097/3399/11743 2253/3395/11744
f 735/3400/11745 2254/3401/11746 3097/3399/11747 2275/3398/11748
f 735/3400/11749 2275/3398/11750 3103/3397/11751 2260/3402/11752
f 735/3400/11753 2260/3402/11754 3104/3327/11755 2276/3354/11756
f 735/3400/11757 2276/3354/11758 3098/3347/11759 2254/3401/11760
f 736/3403/11761 2245/3404/11762 3049/3267/11763 2199/3266/11764
f 736/3403/11765 2199/3266/11766 3054/3254/11767 2251/3405/11768
f 736/3403/11769 2251/3405/11770 3095/3406/11771 2277/3407/11772
f 736/3403/11773 2277/3407/11774 3089/3408/11775 2245/3404/11776
f 737/3409/11777 2246/3410/11778 3089/3408/11779 2277/3407/11780
f 737/3409/11781 2277/3407/11782 3095/3406/11783 2252/3411/11784
f 737/3409/11785 2252/3411/11786 3096/3341/11787 2278/3352/11788
f 737/3409/11789 2278/3352/11790 3090/3351/11791 2246/3410/11792
f 738/3412/11793 2198/3239/11794 3057/3234/11795 2257/3413/11796
f 738/3412/11797 2257/3413/11798 3101/3414/11799 2287/3415/11800
f 738/3412/11801 2287/3415/11802 3103/3397/11803 2259/3396/11804
f 738/3412/11805 2259/3396/11806 3058/3240/11807 2198/3239/11808
f 739/3416/11809 2247/3417/11810 3052/3263/11811 2197/3262/11812
f 739/3416/11813 2197/3262/11814 3055/3261/11815 2253/3395/11816
f 739/3416/11817 2253/3395/11818 3097/3399/11819 2279/3418/11820
f 739/3416/11821 2279/3418/11822 3091/3419/11823 2247/3417/11824
f 740/3420/11825 2248/3421/11826 3091/3419/11827 2279/3418/11828
f 740/3420/11829 2279/3418/11830 3097/3399/11831 2254/3401/11832
f 740/3420/11833 2254/3401/11834 3098/3347/11835 2280/3346/11836
f 740/3420/11837 2280/3346/11838 3092/3345/11839 2248/3421/11840
f 741/3422/11841 2251/3405/11842 3054/3254/11843 2196/3253/11844
f 741/3422/11845 2196/3253/11846 3059/3250/11847 2261/3423/11848
f 741/3422/11849 2261/3423/11850 3105/3424/11851 2281/3425/11852
f 741/3422/11853 2281/3425/11854 3095/3406/11855 2251/3405/11856
f 742/3426/11857 2252/3411/11858 3095/3406/11859 2281/3425/11860
f 742/3426/11861 2281/3425/11862 3105/3424/11863 2262/3427/11864
f 742/3426/11865 2262/3427/11866 3106/3338/11867 2282/3342/11868
f 742/3426/11869 2282/3342/11870 3096/3341/11871 2252/3411/11872
f 743/3428/11873 2261/3423/11874 3059/3250/11875 2195/3249/11876
f 743/3428/11877 2195/3249/11878 3060/3246/11879 2263/3429/11880
f 743/3428/11881 2263/3429/11882 3107/3430/11883 2283/3431/11884
f 743/3428/11885 2283/3431/11886 3105/3424/11887 2261/3423/11888
f 744/3432/11889 2263/3429/11890 3060/3246/11891 2194/3245/11892
f 744/3432/11893 2194/3245/11894 3056/3244/11895 2255/3377/11896
f 744/3432/11897 2255/3377/11898 3099/3381/11899 2285/3433/11900
f 744/3432/11901 2285/3433/11902 3107/3430/11903 2263/3429/11904
f 745/3434/11905 2264/3435/11906 3107/3430/11907 2285/3433/11908
f 745/3434/11909 2285/3433/11910 3099/3381/11911 2256/3383/11912
f 745/3434/11913 2256/3383/11914 3100/3333/11915 2286/3332/11916
f 745/3434/11917 2286/3332/11918 3108/3331/11919 2264/3435/11920
f 746/3436/11921 2260/3402/11922 3103/3397/11923 2287/3415/11924
f 746/3436/11925 2287/3415/11926 3101/3414/11927 2258/3437/11928
f 746/3436/11929 2258/3437/11930 3102/3321/11931 2288/3328/11932
f 746/3436/11933 2288/3328/11934 3104/3327/11935 2260/3402/11936
f 747/3438/11937 2257/3413/11938 3057/3234/11939 2193/3233/11940
f 747/3438/11941 2193/3233/11942 3053/3232/11943 2249/3386/11944
f 747/3438/11945 2249/3386/11946 3093/3390/11947 2289/3439/11948
f 747/3438/11949 2289/3439/11950 3101/3414/11951 2257/3413/11952
f 748/3440/11953 2258/3437/11954 3101/3414/11955 2289/3439/11956
f 748/3440/11957 2289/3439/11958 3093/3390/11959 2250/3392/11960
f 748/3440/11961 2250/3392/11962 3094/3323/11963 2290/3322/11964
f 748/3440/11965 2290/3322/11966 3102/3321/11967 2258/3437/11968
f 749/3441/11969 2262/3427/11970 3105/3424/11971 2283/3431/11972
f 749/3441/11973 2283/3431/11974 3107/3430/11975 2264/3435/11976
f 749/3441/11977 2264/3435/11978 3108/3331/11979 2284/3336/11980
f 749/3441/11981 2284/3336/11982 3106/3338/11983 2262/3427/11984
f 750/3442/11985 2324/3443/11986 3126/3225/11987 2314/3224/11988
f 750/3442/11989 2314/3224/11990 3061/3223/11991 2265/3368/11992
f 750/3442/11993 2265/3368/11994 3109/3372/11995 2317/3444/11996
f 750/3442/11997 2317/3444/11998 3129/3445/11999 2324/3443/12000
f 751/3446/12001 2323/3447/12002 3129/3445/12003 2317/3444/12004
f 751/3446/12005 2317/3444/12006 3109/3372/12007 2266/3374/12008
f 751/3446/12009 2266/3374/12010 3110/3317/12011 2318/3316/12012
f 751/3446/12013 2318/3316/12014 3130/3315/12015 2323/3447/12016
f 752/3448/12017 2175/3449/12018 3051/3204/12019 2189/3203/12020
f 752/3448/12021 2189/3203/12022 3064/3202/12023 2267/3450/12024
f 752/3448/12025 2267/3450/12026 3111/3451/12027 2293/3452/12028
f 752/3448/12029 2293/3452/12030 3084/3453/12031 2175/3449/12032
f 753/3454/12033 2240/3455/12034 3084/3453/12035 2293/3452/12036
f 753/3454/12037 2293/3452/12038 3111/3451/12039 2268/3456/12040
f 753/3454/12041 2268/3456/12042 3112/3311/12043 2294/3310/12044
f 753/3454/12045 2294/3310/12046 3083/3309/12047 2240/3455/12048
f 754/3457/12049 2241/3458/12050 3079/3296/12051 2221/3295/12052
f 754/3457/12053 2221/3295/12054 3077/3294/12055 2237/3459/12056
f 754/3457/12057 2237/3459/12058 3081/3460/12059 2295/3461/12060
f 754/3457/12061 2295/3461/12062 3085/3462/12063 2241/3458/12064
f 755/3463/12065 2242/3464/12066 3085/3462/12067 2295/3461/12068
f 755/3463/12069 2295/3461/12070 3081/3460/12071 2238/3465/12072
f 755/3463/12073 2238/3465/12074 3082/3289/12075 2296/3288/12076
f 755/3463/12077 2296/3288/12078 3086/3215/12079 2242/3464/12080
f 756/3466/12081 2322/3467/12082 3127/3300/12083 2315/3299/12084
f 756/3466/12085 2315/3299/12086 3079/3296/12087 2241/3458/12088
f 756/3466/12089 2241/3458/12090 3085/3462/12091 2319/3468/12092
f 756/3466/12093 2319/3468/12094 3131/3469/12095 2322/3467/12096
f 757/3470/12097 2321/3471/12098 3131/3469/12099 2319/3468/12100
f 757/3470/12101 2319/3468/12102 3085/3462/12103 2242/3464/12104
f 757/3470/12105 2242/3464/12106 3086/3215/12107 2320/3214/12108
f 757/3470/12109 2320/3214/12110 3132/3213/12111 2321/3471/12112
f 758/3472/12113 2205/3473/12114 3065/3306/12115 2223/3305/12116
f 758/3472/12117 2223/3305/12118 3080/3304/12119 2243/3474/12120
f 758/3472/12121 2243/3474/12122 3087/3475/12123 2299/3476/12124
f 758/3472/12125 2299/3476/12126 3090/3477/12127 2205/3473/12128
f 759/3478/12129 2246/3479/12130 3090/3477/12131 2299/3476/12132
f 759/3478/12133 2299/3476/12134 3087/3475/12135 2244/3480/12136
f 759/3478/12137 2244/3480/12138 3088/3209/12139 2300/3208/12140
f 759/3478/12141 2300/3208/12142 3089/3207/12143 2246/3479/12144
f 760/3481/12145 2244/3480/12146 3087/3475/12147 2297/3482/12148
f 760/3481/12149 2297/3482/12150 3131/3469/12151 2321/3471/12152
f 760/3481/12153 2321/3471/12154 3132/3213/12155 2298/3483/12156
f 760/3481/12157 2298/3483/12158 3088/3209/12159 2244/3480/12160
f 761/3484/12161 2243/3474/12162 3080/3304/12163 2222/3485/12164
f 761/3484/12165 2222/3485/12166 3127/3300/12167 2322/3467/12168
f 761/3484/12169 2322/3467/12170 3131/3469/12171 2297/3482/12172
f 761/3484/12173 2297/3482/12174 3087/3475/12175 2243/3474/12176
f 762/3486/12177 2268/3456/12178 3111/3451/12179 2291/3487/12180
f 762/3486/12181 2291/3487/12182 3129/3445/12183 2323/3447/12184
f 762/3486/12185 2323/3447/12186 3130/3315/12187 2292/3488/12188
f 762/3486/12189 2292/3488/12190 3112/3311/12191 2268/3456/12192
f 763/3489/12193 2267/3450/12194 3064/3202/12195 2192/3490/12196
f 763/3489/12197 2192/3490/12198 3126/3225/12199 2324/3443/12200
f 763/3489/12201 2324/3443/12202 3129/3445/12203 2291/3487/12204
f 763/3489/12205 2291/3487/12206 3111/3451/12207 2267/3450/12208
f 764/3491/12209 2216/3312/12210 3112/3311/12211 2292/3488/12212
f 764/3491/12213 2292/3488/12214 3130/3315/12215 2325/3314/12216
f 764/3491/12217 2325/3314/12218 3128/584/12219 2225/3492/12220
f 764/3491/12221 2225/3492/12222 3076/618/12223 2216/3312/12224
f 765/3493/12225 2220/3303/12226 2452/626/12227 2301/3494/12228
f 765/3493/12229 2301/3494/12230 3113/581/12231 2326/3298/12232
f 765/3493/12233 2326/3298/12234 3127/3300/12235 2222/3485/12236
f 765/3493/12237 2222/3485/12238 3080/3304/12239 2220/3303/12240
f 766/3495/12241 2188/3201/12242 2442/3200/12243 958/3496/12244
f 766/3495/12245 958/3496/12246 3115/3219/12247 2327/3218/12248
f 766/3495/12249 2327/3218/12250 3126/3225/12251 2192/3490/12252
f 766/3495/12253 2192/3490/12254 3064/3202/12255 2188/3201/12256
f 767/3497/12257 2187/3210/12258 3088/3209/12259 2298/3483/12260
f 767/3497/12261 2298/3483/12262 3132/3213/12263 2328/3212/12264
f 767/3497/12265 2328/3212/12266 3125/592/12267 2191/3498/12268
f 767/3497/12269 2191/3498/12270 3063/600/12271 2187/3210/12272
f 768/3499/12273 969/601/12274 3063/600/12275 2191/3498/12276
f 768/3499/12277 2191/3498/12278 3125/592/12279 2329/591/12280
f 768/3499/12281 2329/591/12282 3114/595/12283 957/3500/12284
f 768/3499/12285 957/3500/12286 2441/602/12287 969/601/12288
f 769/3501/12289 970/610/12290 2447/609/12291 963/3502/12292
f 769/3501/12293 963/3502/12294 3120/565/12295 2330/587/12296
f 769/3501/12297 2330/587/12298 3115/589/12299 958/3503/12300
f 769/3501/12301 958/3503/12302 2442/611/12303 970/610/12304
f 770/3504/12305 971/619/12306 3076/618/12307 2225/3492/12308
f 770/3504/12309 2225/3492/12310 3128/584/12311 2331/583/12312
f 770/3504/12313 2331/583/12314 3116/572/12315 959/3505/12316
f 770/3504/12317 959/3505/12318 2443/620/12319 971/619/12320
f 771/3506/12321 972/625/12322 2444/624/12323 960/3507/12324
f 771/3506/12325 960/3507/12326 3117/548/12327 2332/579/12328
f 771/3506/12329 2332/579/12330 3113/581/12331 2301/3494/12332
f 771/3506/12333 2301/3494/12334 2452/626/12335 972/625/12336
f 772/3508/12337 973/633/12338 2441/632/12339 957/3509/12340
f 772/3508/12341 957/3509/12342 3114/576/12343 2333/575/12344
f 772/3508/12345 2333/575/12346 3118/568/12347 961/3510/12348
f 772/3508/12349 961/3510/12350 2445/634/12351 973/633/12352
f 773/3511/12353 974/638/12354 2443/620/12355 959/3505/12356
f 773/3511/12357 959/3505/12358 3116/572/12359 2334/571/12360
f 773/3511/12361 2334/571/12362 3119/551/12363 962/3512/12364
f 773/3511/12365 962/3512/12366 2446/639/12367 974/638/12368
f 774/3513/12369 975/643/12370 2445/634/12371 961/3510/12372
f 774/3513/12373 961/3510/12374 3118/568/12375 2335/567/12376
f 774/3513/12377 2335/567/12378 3123/539/12379 966/3514/12380
f 774/3513/12381 966/3514/12382 2450/644/12383 975/643/12384
f 775/3515/12385 976/652/12386 2451/651/12387 967/3516/12388
f 775/3515/12389 967/3516/12390 3124/542/12391 2336/563/12392
f 775/3515/12393 2336/563/12394 3120/565/12395 963/3502/12396
f 775/3515/12397 963/3502/12398 2447/609/12399 976/652/12400
f 776/3517/12401 2310/553/12402 2438/378/12403 948/377/12404
f 776/3517/12405 948/377/12406 2437/376/12407 2309/546/12408
f 776/3517/12409 2309/546/12410 3121/545/12411 2337/557/12412
f 776/3517/12413 2337/557/12414 3122/554/12415 2310/553/12416
f 777/3518/12417 978/657/12418 2446/639/12419 962/3512/12420
f 777/3518/12421 962/3512/12422 3119/551/12423 2338/550/12424
f 777/3518/12425 2338/550/12426 3122/554/12427 965/556/12428
f 777/3518/12429 965/556/12430 2449/561/12431 978/657/12432
f 778/3519/12433 979/659/12434 2448/559/12435 964/558/12436
f 778/3519/12437 964/558/12438 3121/545/12439 2339/544/12440
f 778/3519/12441 2339/544/12442 3117/548/12443 960/3507/12444
f 778/3519/12445 960/3507/12446 2444/624/12447 979/659/12448
f 779/3520/12449 980/661/12450 2450/644/12451 966/3514/12452
f 779/3520/12453 966/3514/12454 3123/539/12455 2340/538/12456
f 779/3520/12457 2340/538/12458 3124/542/12459 967/3516/12460
f 779/3520/12461 967/3516/12462 2451/651/12463 980/661/12464
f 780/3521/12465 1279/1434/12466 2593/1433/12467 1268/3522/12468
f 780/3521/12469 1268/3522/12470 2526/1388/12471 914/1387/12472
f 780/3521/12473 914/1387/12474 2518/532/12475 1272/531/12476
f 780/3521/12477 1272/531/12478 2597/530/12479 1279/1434/12480
